candidate_id,accession,component,source_term,count,evidence,reuse_class,variation_axis
FC-01-1999_488,1999.488,front leg,,2,VISIBLE,parameterized recipe reuse,overall length; taper ratio; flute count on the shaft; profile of the carved vase collar under the seat corner; length of the terminal toe. Same lathe recipe drives the rear legs.
FC-01-1999_488,1999.488,rear leg/stile,,2,PARTIALLY VISIBLE,parameterized recipe reuse,"rake angle of the upper stile; length below seat; width and depth of the recessed matte-gilt field in the stile face. NOTE: the turned portion below the seat and the broad raked flat stile above it are aligned in profile, but the junction is masked by the seat rail and gilding, so continuity (the baseline's defining trait) is asserted only as plausible, not seen."
FC-01-1999_488,1999.488,post,,2,VISIBLE,parameterized recipe reuse,"height; facet count on the shaft; presence/absence of the incised lozenge and drilled-dot carving. This is the heavier faceted column at the rear end of each arm arcade, standing on the seat rail and carrying the arm rail."
FC-01-1999_488,1999.488,rail,side seat rail,2,VISIBLE,parameterized recipe reuse,length; depth; whether the lower edge is left straight or cut to the scalloped apron profile; bead run on the top arris.
FC-01-1999_488,1999.488,rail,front seat rail (upholstered over),1,PARTIALLY VISIBLE,parameterized recipe reuse,"length only. Its top and bottom edges are readable from the silk wrap and the gimp/fringe attachment line, but the member itself is never exposed — unlike the side rails it carries no gilt face and no apron."
FC-01-1999_488,1999.488,rail,rear seat rail,NOT DETERMINABLE,NOT DETERMINABLE,parameterized recipe reuse,"No rear or underside view exists in the published set. A rear rail must exist for the seat to be framed, but nothing about its depth, exposure, or shaping can be stated."
FC-01-1999_488,1999.488,rail,arcaded arm rail,2,VISIBLE,assembly-grammar reuse,"length, which drives arch count in lockstep with spindle count (5 arch openings over 4 spindles + 1 post per side here); arch springing height; whether the top face is padded or left as bare gilt. This is the single most transplantable assembly on the object."
FC-01-1999_488,1999.488,turned spindle,,8 (4 per arm; both arms photographed),VISIBLE,exact accepted donor reuse,"height and diameter scaling of one lathe profile (bulbous vase foot, ring collar, tapered shaft, small capital). Already instanced 8x within this object with no visible profile variation — the strongest donor part here."
FC-01-1999_488,1999.488,apron,,2 visible (side rails); front and rear NOT DETERMINABLE,VISIBLE,shared profile or curve reuse,"the scalloped drop curve: ogee step at each end plus a central semicircular pendant. Depth of drop and number of pendants are the axes. Unlike the baseline this apron is SOLID, not pierced, and it may be the shaped lower edge of the seat rail itself rather than an applied board — gilding hides any glue line."
FC-01-1999_488,1999.488,bracket,carved beast-head arm console,2,VISIBLE,genuinely bespoke component,"only the S-curve of the console body is parameterizable (sweep length, scroll tightness of the volute return). The lion/grotesque head with hanging dewlap that terminates it is a sculpt, not a recipe."
FC-01-1999_488,1999.488,brace,"arch-pierced gusset, arm rail to rear stile",2,VISIBLE,shared profile or curve reuse,"triangle proportions and the radius of the single arched piercing. Reads as a flat board gusset, arch cut through, gilded to match."
FC-01-1999_488,1999.488,panel frame,back frame,1,VISIBLE,assembly-grammar reuse,"width, height, rake angle. Two raked stiles plus a rolled crest; the frame is fully exposed gilt on its outer edges and the field is upholstered on BOTH faces. The frame floats clear of the seat — there is an open gap between the bottom of the back and the seat cushion, seen through in the three-quarter view."
FC-01-1999_488,1999.488,floating panel,upholstered back field (not a wooden panel),1,VISIBLE,parameterized recipe reuse,"field size and crown of the padding. Maps to the baseline's framed upper panel slot but the fill is textile, not marquetry — a clean demonstration that the frame and the field are separable slots."
FC-01-1999_488,1999.488,crest/cornice,rolled crest with volute terminals,1,VISIBLE,shared profile or curve reuse,roll radius and the tightness of the spiral at each end. The crest rolls backward over the top of the back and terminates in a carved spiral at both corners.
FC-01-1999_488,1999.488,moulding run,,at least 4 visible (bead/fillet on the top arris of each side seat rail; raised border framing the recessed field of each rear stile),VISIBLE,exact accepted donor reuse,path length only; the swept section is constant. Directly reusable as a generic sweep profile across the whole library.
FC-01-1999_488,1999.488,plinth,arcade base course on the seat rail,2 runs (1 per arm); subdivision into individual blocks NOT DETERMINABLE,PARTIALLY VISIBLE,assembly-grammar reuse,"a low band of raised blocks alternating with recesses along the top of each side seat rail, on which the spindles stand. Block count follows spindle count; block height and recess depth are the axes."
FC-01-1999_488,1999.488,repeated ornament master,carved lion/grotesque head,2,VISIBLE,genuinely bespoke component,"mirror only. One master, instanced left and right. Scale is the only credible variation axis; the modelling must be hand-authored."
FC-01-1999_488,1999.488,repeated ornament master,spiral volute,"at least 6 visible (2 crest terminals, 2 arm-console returns, and the corner volutes at both ends of the photographed side seat rail)",VISIBLE,exact accepted donor reuse,scale and turn count of one spiral. The single highest-frequency ornament on the object and the cheapest to instance across the library.
FC-01-1999_488,1999.488,upholstery webbing,"""original underupholstery materials"" (Met medium line — TEXT, not a view)",NOT DETERMINABLE,INFERRED FROM TYPE,parameterized recipe reuse,"strap count and spacing. Asserted because an over-upholstered seat of this period requires a webbing foundation, NOT because it was seen — there is no underside view and no undressed shot."
FC-01-1999_488,1999.488,padding mass,,"4 (seat, inside back, 2 arm bolsters)",VISIBLE,parameterized recipe reuse,"crown height and edge roll. The seat is a domed fixed over-upholstery, not a loose squab; the arm pads are half-round bolsters. A thin outside-back pad is implied by the profile but its thickness is not readable."
FC-01-1999_488,1999.488,cover shell,,"2 materials over 5 areas visible (figured/brocaded silk on seat, inside back, outside back and front rail; blue silk velvet on the 2 arm bolsters)",VISIBLE,parameterized recipe reuse,"pattern swap and per-area assignment. The two-material split (patterned body, plain contrast on the touch surfaces) is itself a reusable rule."
FC-01-1999_488,1999.488,trim path,gimp / chainette braid,at least 8 discrete runs (every silk-to-wood and silk-to-velvet junction),VISIBLE,exact accepted donor reuse,path length and colourway. One woven section swept along every upholstery boundary — the cheapest possible way to make any upholstered asset read as period.
FC-01-1999_488,1999.488,trim path,knotted-net tassel fringe,"1 run, across the front seat rail only; individual tassel count NOT DETERMINABLE with confidence",VISIBLE,parameterized recipe reuse,"drop length, net-header row count, tassel pitch, colour mix. Note it is deployed on the FRONT ONLY — the sides are exposed gilt rail and apron. That asymmetry is a construction fact, not a photographic accident: the profile view shows the fringe stopping at the front corner."
FC-01-1999_488,1999.488,foot,turned toe,4,VISIBLE,exact accepted donor reuse,"length of the peg-like tip and the ring above it. All four tips are photographed and all four are plain turned toes — there are no castors, castor cups or sockets."
FC-01-2012_216,2012.216,front leg,,2,VISIBLE,parameterized recipe reuse,"Short ring-and-vase turned gilt leg with a bead-and-reel collar ring above a stepped cylinder. Variation: overall height, collar bead count and bead diameter, number and depth of ring cuts, shaft taper, whether the collar is beaded or plain reeded."
FC-01-2012_216,2012.216,rear leg/stile,,2,VISIBLE,parameterized recipe reuse,"IMPORTANT DIVERGENCE FROM BASELINE: the rear support here is NOT continuous with the back stile. It is a short turned leg of the same family as the front leg, applied under a concealed seat frame; the show-wood back stile stops at arm level and never reaches the floor. Variation: same turning parameters as the front leg, plus rake angle and whether the rear pair is shortened relative to the front "
FC-01-2012_216,2012.216,castor,,4,VISIBLE,exact accepted donor reuse,"Brass cup castor: turned cup socket over the leg toe, swivel yoke, single wide wheel. Wheels are turned outward at differing angles in the photograph, confirming live swivels. Variation: cup diameter and depth, wheel diameter and material (brass vs leather vs ceramic), yoke offset, plain vs plate-mounted."
FC-01-2012_216,2012.216,rail,arm rail,2,VISIBLE,shared profile or curve reuse,"The swept show-wood arm rail: a single continuous curved member that rises from the front terminal, dips into a shallow scoop under the elbow, and turns up into the back stile without a joint break. Variation: sweep radius, scoop depth, section width, and whether the top face is plain rounded (as here) or carries a moulding run."
FC-01-2012_216,2012.216,post,back stile (show-wood),2,VISIBLE,shared profile or curve reuse,"Curved gilt stile forming the outer edge of the back frame, continuous with the arm rail below and the crest above. Variation: curvature, height, section, and whether the inner face carries the reeded-and-inlaid band (it does on the inside face only)."
FC-01-2012_216,2012.216,crest/cornice,,1,VISIBLE,shared profile or curve reuse,"Moulded gilt top rail wrapping the back in a flattened D-curve with rounded corners; plain and unornamented on the outside face, reeded and disc-inlaid on the inside face. Variation: corner radius, crown height, arc width, and the outside/inside ornament asymmetry (which is a strong reusable rule in itself)."
FC-01-2012_216,2012.216,panel frame,arm support / sub-arm panel,2,VISIBLE,assembly-grammar reuse,"One per arm. The frame is arm rail above, moulded lower rail below, and a winged monopodium bracket at each end; the pierced lattice fills the field between. This four-sided grammar (rail / rail / bracket / bracket enclosing a pierced field) is the single most transferable assembly rule on the object. Variation: field length, field height, end-bracket type."
FC-01-2012_216,2012.216,apron,,2,VISIBLE,shared profile or curve reuse,"The moulded lower rail closing the pierced arm panel, running as a shallow ogee curve and carrying the pendant drops. Variation: moulding profile, curve sag, drop spacing."
FC-01-2012_216,2012.216,lattice upright,,NOT DETERMINABLE,VISIBLE,parameterized recipe reuse,"Slim reeded gilt vertical bars dividing the arm panel into cells; three rows are clearly readable, but the column count cannot be established because the carved wings overlap the top row at both ends and the central cartouche masks the middle columns. Variation: bar width, reed count per bar, column pitch, panel depth."
FC-01-2012_216,2012.216,lattice bridge,,NOT DETERMINABLE,VISIBLE,parameterized recipe reuse,"Horizontal members crossing the uprights; each cell intersection is closed by a raised circular ring bezel. Three horizontal courses are visible. Variation: row pitch, bridge section, ring bezel diameter and relief height."
FC-01-2012_216,2012.216,repeated ornament master,mother-of-pearl,NOT DETERMINABLE,VISIBLE,exact accepted donor reuse,"THE KEY MASTER: a flat circular mother-of-pearl disc seated in a raised gilt ring bezel. It appears at two scales — large in every cell of both arm lattices, small along the whole inside crest and stile run. Total count is not determinable (wings and cartouche mask cells; the crest run continues past the frame of every published view). Variation: disc diameter, bezel wall height, disc material (na"
FC-01-2012_216,2012.216,inlay path,,1 continuous path (inside face of back frame only),VISIBLE,parameterized recipe reuse,"An evenly arc-length-spaced run of the disc-in-bezel master travelling up one stile, across the crest and down the other stile, set into a reeded ground. Absent from the outside face of the same frame. Variation: path curve, spacing pitch, disc size, and the inside/outside asymmetry rule."
FC-01-2012_216,2012.216,moulding run,reeded band,2 (inside crest band; arm panel lower rail),VISIBLE,shared profile or curve reuse,"Multi-fluted reeded hollow, dark-glazed against the burnished gilt, carrying the inlay path. Variation: reed count, reed depth, band width, glaze contrast, and whether it hosts an inlay path or runs plain."
FC-01-2012_216,2012.216,bracket,winged monopodium / griffin terminal,4,VISIBLE,assembly-grammar reuse,"Carved snarling lion/griffin head above a pair of swept feathered wings that taper down into a scrolled foot; two per arm, one at each end of the pierced panel, mirrored. Acts structurally as the end post of the panel frame. Variation: head species and expression, wing sweep angle and feather row count, shaft length and taper, scroll terminal size."
FC-01-2012_216,2012.216,repeated ornament master,anthemion / palmette cartouche,2,PARTIALLY VISIBLE,exact accepted donor reuse,"Central carved palmette cartouche with a fluted crown and four flanking S-scroll tendrils, straddling the middle of each arm lattice. Directly seen on one arm only; the second is asserted from the object's bilateral symmetry, not observed. Variation: cartouche height, tendril count and curl tightness, flute count in the crown."
FC-01-2012_216,2012.216,finial,pendant drop,NOT DETERMINABLE,VISIBLE,exact accepted donor reuse,"Small turned ball drops hanging from the lower rail of each pierced arm panel at regular intervals; roughly six are readable on the near arm but the run is cut off by the cartouche and the frame edge, so no honest total. Variation: drop diameter, stem length, pitch along the rail."
FC-01-2012_216,2012.216,strap/band,,4,VISIBLE,exact accepted donor reuse,"A carved double band wrapping each monopodium shaft where the wings meet the panel frame, reading as a binding strap. One per bracket. Variation: band count (single/double/triple), band width, wrap angle."
FC-01-2012_216,2012.216,floating panel,,3,VISIBLE,assembly-grammar reuse,"The inside back, the outside back, and the seat each read as a discrete field set within a show-wood lip — but on this chair the field is upholstery, not wood: a padded volume dropped into the frame rebate. Variation: field crown/loft, edge radius, and the substitution of a wood panel for the padded one (the frame grammar is identical either way)."
FC-01-2012_216,2012.216,padding mass,original underupholstery,"5 distinct padded regions visible (seat, inside back, outside back, 2 side/arm pads); internal layering NOT DETERMINABLE",PARTIALLY VISIBLE,parameterized recipe reuse,"Loose horsehair is exposed at losses along the seat-to-arm seam, confirming a hair-over-foundation build; the loft is a soft crowned dome on the back and a firmer rolled front edge on the seat. Depth, spring layer, and stitched edge rolls are not observable. Variation: crown height, edge-roll radius, firmness, tufting (this example is untufted — a smooth-lofted variant)."
FC-01-2012_216,2012.216,cover shell,original silk velvet,5 (matching the padded regions) plus the seat-rail skirt,VISIBLE,parameterized recipe reuse,"Figured silk velvet, crimson pile on an olive-gold ground, in a repeating medallion / framed-square / fret pattern that is deliberately centred on each face. Variation: this is a texture master, not geometry — pattern scale, pile colour, ground colour, and how the repeat is registered to each panel's centre."
FC-01-2012_216,2012.216,trim path,galloon; netted fringe,"3 distinct trim runs (edge gimp, seat-rail border band, fringe skirt)",VISIBLE,parameterized recipe reuse,"(1) A narrow twisted gimp following every upholstery-to-show-wood seam; (2) a wide woven border band of velvet dots ringing the seat rail; (3) a deep knotted-net fringe hung from a woven header, with a pompom course and long cut-thread tails, skirting the entire seat and hiding all four rails. Variation: fringe drop length, net mesh size, pompom pitch, header width, gimp diameter."
FC-01-2012_216,2012.216,rail,seat rails,NOT DETERMINABLE,INFERRED FROM TYPE,parameterized recipe reuse,"Asserted because a castored over-upholstered chair must have a closed seat frame to tack to and to receive the leg dowels — NOT observed. The fringe skirt covers the rails completely in every published view and there is no underside image. Variation: rail depth, curvature (this seat is barrel-plan, so the rails are almost certainly shaped or segmented rather than straight)."
FC-01-2012_216,2012.216,upholstery webbing,,NOT DETERMINABLE,INFERRED FROM TYPE,parameterized recipe reuse,"Asserted from type only. No underside view exists, so strand count, direction, interlace and tacking are entirely unobserved. Variation: strand width and pitch, interlaced vs parallel, sag."
FC-01-2012_216,2012.216,brace,corner blocks,NOT DETERMINABLE,NOT DETERMINABLE,parameterized recipe reuse,"Corner blocking is normal at the leg/rail junctions of a castored chair but nothing at all is visible; not even inferred with confidence, because the barrel plan may use a laminated curved rail instead of blocked corners."
FC-01-2012_216,2012.216,stretcher,,0,VISIBLE,genuinely bespoke component,"RECORDED AS ABSENT, and the absence is legible: the leg crop shows clear air between all four legs. The baseline chair's lower stretchers have no counterpart here — castors and short legs replace the braced understructure entirely. Worth keeping as an explicit 'no-stretcher' variant flag on the chair recipe."
FC-02-67_230,67.230,front leg,,4,VISIBLE,parameterized recipe reuse,"Shaft length, shaft diameter, flute/reed count and depth, degree of entasis or taper, collar ring count and spacing at each end of the shaft. All four legs are identical, so one recipe with a single length parameter retargets from footstool (30.5 cm overall) to bench, table, or plinth height."
FC-02-67_230,67.230,finial,carved lotus-bud capital block at the leg head (museum supplies no term),4,VISIBLE,parameterized recipe reuse,"Bell profile (campaniform, inverted from the shaft), petal count and overlap, carving depth, and critically the square-top-to-round-bottom transition width, which must match the rail box section above and the shaft diameter below. Retargeting to a wider rail simply widens the square top."
FC-02-67_230,67.230,foot,,4,VISIBLE,parameterized recipe reuse,"Ovoid/bullet toe fullness, height of the chevron band, number of incised triangles in the band, and the turned collar above it. Whether the foot is integral to the shaft turning or a separate glued turning is not resolvable from these views."
FC-02-67_230,67.230,rail,,4,PARTIALLY VISIBLE,assembly-grammar reuse,"Four flat boards mitred into a closed rectangular box, no visible break for a separate apron member. Long front rail and both short rails are visible; the rear long rail is never shown in any published view and is inferred by symmetry. Variation: rail height, plan aspect ratio (here 15.5 x 12 in.), and ornament assignment per face (long faces carry the relief, short faces carry the painted row)."
FC-02-67_230,67.230,brace,"corner glue block behind the mitre, joining rail box to leg head",NOT DETERMINABLE,INFERRED FROM TYPE,assembly-grammar reuse,Present because a mitred four-board box on four columns cannot stand without internal corner reinforcement or a leg dowel running up into the corner. Nothing in any published view shows the inside of the frame. Variation axis is block section and whether the leg is dowelled or tenoned.
FC-02-67_230,67.230,repeated ornament master,"winged sun disk with flanking uraei, carved in low relief and polychromed",1 visible on the front long rail; total NOT DETERMINABLE because the rear long rail is never shown,VISIBLE,exact accepted donor reuse,"Wingspan scales to rail length; feather-row count and disk diameter scale with it. This is the single highest-value donor element in the object: it drops unchanged onto any long horizontal ground (cabinet frieze, door head, chest front, cornice). Whether it is carved integral to the rail or is an applied plaque is not resolvable, though a shrinkage split in the black ground appears to stop at the "
FC-02-67_230,67.230,repeated ornament master,"painted lotus blossom alternating with pointed bud, in a row along the short rails",4 blossom-plus-bud units on the visible short rail; other faces NOT DETERMINABLE,VISIBLE,parameterized recipe reuse,"Unit pitch and repeat count along the run, blossom-to-bud ratio, and whether the row is painted flat (as here) or carved. Density is the main knob for retargeting to longer runs."
FC-02-67_230,67.230,repeated ornament master,carved overlapping lotus petal on the capital bell,NOT DETERMINABLE (petals wrap the bell; only the near faces are visible),PARTIALLY VISIBLE,shared profile or curve reuse,"Petal count around the bell, petal length relative to bell height, tip sharpness. The same petal profile is the generative unit for the capital and could be re-swept onto vase turnings, urn bases, or column feet."
FC-02-67_230,67.230,inlay path,"painted line, zigzag and dot banding (painted, NOT inlaid)","NOT DETERMINABLE (multiple discrete runs; framing lines on rails, a zigzag band on each short rail, a triangle band on each capital top and each foot)",VISIBLE,parameterized recipe reuse,"Line weight, colour pair, zigzag amplitude and wavelength, triangle count per band. This is the baseline's linear-inlay slot executed as paint rather than inlay, so the path generator is shared and only the surface shader differs."
FC-02-67_230,67.230,trim path,woven gimp braid,"2 continuous runs (one at the pad's lower edge, one at the rail's bottom edge)",VISIBLE,exact accepted donor reuse,"Braid width, weave pitch, colour sequence. Path is a closed loop around a rectangular perimeter, so it retargets to any frame outline by re-lofting."
FC-02-67_230,67.230,trim path,bullion / twisted worsted fringe with scalloped hang,1 continuous run around the lower gimp,VISIBLE,parameterized recipe reuse,"Cord length, twist pitch, cords per unit length, scallop depth at the corners. Note this run is PRESENT in the colour view and one B&W view but ABSENT in the other B&W view, which documents two different trim states for the same frame."
FC-02-67_230,67.230,cover shell,velvet / plush upholstery cover,1,VISIBLE,parameterized recipe reuse,"Cover material and pile direction, corner-gather treatment, and the overhang past the rail face. Two visibly different covers are documented across the three views (a plain pile and a finely ribbed one), which proves the cover is a swappable slot over an unchanged frame."
FC-02-67_230,67.230,padding mass,,1,PARTIALLY VISIBLE,parameterized recipe reuse,"Dome height, edge roll radius, and plan overhang past the rail. The silhouette is fully readable through the cover; the internal stuffing is not visible in any view."
FC-02-67_230,67.230,upholstery webbing,,NOT DETERMINABLE,INFERRED FROM TYPE,assembly-grammar reuse,"Asserted because an overstuffed pad of this dome must bear on either webbing or a solid platform across the rail box. No underside view exists, so which of the two is used is unknown. Variation axis is strand count and spacing, or platform thickness if it is a board."
FC-03-2011_3,2011.3,rear leg/stile,,2,VISIBLE,exact accepted donor reuse,"height, square section width, front-face ornament (the applied pendant palmette can be swapped or dropped); the member itself is a plain unmoulded square post and retargets to bed posts, dais posts, pew ends, balustrade newels without change"
FC-03-2011_3,2011.3,foot,,2,VISIBLE,parameterized recipe reuse,"turned compressed bun applied under each rear post; radius, height, and squash ratio. Note the two FRONT feet are NOT separate parts - they are the integral turned ovoid toe terminating the front leg turning, so a bun-foot recipe only serves the rear pair"
FC-03-2011_3,2011.3,front leg,,2,VISIBLE,parameterized recipe reuse,"single lathe profile in four zones - scale/pinecone-carved bulb at top, plain tapering cone, short stiff-leaf and flute collar, turned ovoid toe. Retarget by changing overall length, taper angle, and whether the top bulb carries scale carving or is left plain"
FC-03-2011_3,2011.3,rail,seat rail,4,VISIBLE,exact accepted donor reuse,"front, two side and rear seat rails, tenoned into the posts and leg blocks. Front and side rails are gilt show faces carrying paterae; the rear rail is left in bare wood (seen in alt4/alt8). Vary by length, depth of the band, and paterae pitch"
FC-03-2011_3,2011.3,rail,back frame rail,2,VISIBLE,assembly-grammar reuse,top and bottom rails bounding the upholstered back opening between the two rear posts; visible only from behind. Vary by opening height and by bay count (see post)
FC-03-2011_3,2011.3,rail,carved frieze / anthemion band,1,VISIBLE,parameterized recipe reuse,the wide back top rail whose front face is carved with the palmette frieze. Length drives the repeat count; the same rail with the ornament stripped is a plain crest rail
FC-03-2011_3,2011.3,rail,arm,2,VISIBLE,parameterized recipe reuse,"reeded cylindrical rod running fore-aft, one per side, ram's-head terminal at the front, dying into a carved bracket at the rear post. Vary by length, reed count, and terminal (ram head / lion head / plain volute)"
FC-03-2011_3,2011.3,crest/cornice,pediment,1,VISIBLE,parameterized recipe reuse,"a single shaped board forming a low triangular pediment, carved in relief on the FRONT ONLY - the rear views prove the back face is a plain sawn board with a screw and peg line where it fixes to the top rail. Vary by pitch angle, span, and the relief content (here twin paterae flanked by mirrored S-scroll rinceau with an apex shell)"
FC-03-2011_3,2011.3,panel frame,,2,VISIBLE,exact accepted donor reuse,"moulded, mitred rectangular frame per side, carrying the spindle gallery on its top edge and the seat rail beneath. Vary by aspect ratio and moulding profile"
FC-03-2011_3,2011.3,floating panel,,2,VISIBLE,parameterized recipe reuse,"carved rinceau field (scrolling foliate stems around a central patera) on the show face; the inner face is a plain UNGILDED board with a visible horizontal glue joint (main.jpg arm crop). Vary by field content - rinceau, guilloche, plain - independently of the frame"
FC-03-2011_3,2011.3,post,back muntin,1,VISIBLE,assembly-grammar reuse,"central vertical member dividing the upholstered back into two webbing bays; visible only in alt4 with the outer cover off. Bay count is the variation axis - a chair takes 0, this settee 1, a longer sofa 2 or 3"
FC-03-2011_3,2011.3,gallery,,2,VISIBLE,assembly-grammar reuse,"the spindle run between the panel frame top edge and the underside of the arm rail, one per side. Grammar = (rail above) + (n spindles) + (rail below); vary n with run length"
FC-03-2011_3,2011.3,turned spindle,,14,VISIBLE,exact accepted donor reuse,"7 per side, counted in three independent views (main.jpg arm crop, alt1 crop, alt9 crop). Ball-topped baluster on a small collar and plinth, doweled top and bottom. Vary by height, ball diameter, and count per run"
FC-03-2011_3,2011.3,bracket,,4,VISIBLE,shared profile or curve reuse,"two types, mirrored: (a) 2 FRONT arm supports - a scrolled acanthus volute over the panel front stile, capped by a gadrooned turned capital under the ram head; (b) 2 REAR arm brackets - a carved anthemion block with scrolled corners applied to the rear post face where the arm rail lands. Both are the same S-curve family at different scales"
FC-03-2011_3,2011.3,finial,,2,VISIBLE,exact accepted donor reuse,"carved pinecone on a gadrooned petal collar, doweled to the flat top of each rear post. Vary by scale-row count, overall height, and collar profile; retargets directly to bed posts, gate piers, railing standards"
FC-03-2011_3,2011.3,repeated ornament master,paterae / rosettes,26,VISIBLE,exact accepted donor reuse,"circular rosette paterae applied to the seat rails - 12 on the front rail, 7 on each side rail, none on the rear rail. One master disc, instanced along a path; vary by disc diameter, petal count, and pitch"
FC-03-2011_3,2011.3,repeated ornament master,anthemion / palmette,10,VISIBLE,exact accepted donor reuse,"palmettes along the front face of the frieze rail, alternating with a narrower paired lotus-bud element; counted at a measured ~71px pitch across the frieze span in alt6. Vary by pitch and by whether the alternating filler is present"
FC-03-2011_3,2011.3,repeated ornament master,pendant palmette,2,VISIBLE,exact accepted donor reuse,a single heart-shaped palmette-and-scroll drop applied to the front face of each rear post. Vary by length to suit post height
FC-03-2011_3,2011.3,moulding run,wave scroll,1,VISIBLE,exact accepted donor reuse,running Vitruvian wave-scroll band along the bottom edge of the frieze rail. A pure profile-along-path run - length is the only parameter
FC-03-2011_3,2011.3,upholstery webbing,,3,VISIBLE,parameterized recipe reuse,"back foundation only, exposed in alt4: one vertical strap per bay (2) plus one horizontal run crossing both bays (1, interrupted by the central post). Vary by strap count and spacing. SEAT webbing count is not determinable - no underside view exists"
FC-03-2011_3,2011.3,upholstery webbing,,NOT DETERMINABLE,INFERRED FROM TYPE,parameterized recipe reuse,"the seat platform must be webbed to the rails in the same manner as the back, but no underside or seat-frame view is published, so neither count nor direction can be stated"
FC-03-2011_3,2011.3,textile support,scrim / hessian,1,VISIBLE,parameterized recipe reuse,"coarse linen sheet stretched over the back webbing and tacked to the frame, with the twine ends of the stuffing ties still standing proud of the surface. Vary by weave scale and tie density"
FC-03-2011_3,2011.3,padding mass,,2,PARTIALLY VISIBLE,parameterized recipe reuse,"back pad (thickness readable in profile in alt1/alt2) and seat squab (boxed edge readable in alt4). Materials and internal build are not visible. Vary by thickness, crown, and edge treatment - here both are flat-topped with a square boxed edge, not a stuffed-over roll"
FC-03-2011_3,2011.3,cover shell,,3,VISIBLE,parameterized recipe reuse,"back pad show cover, seat squab cover (boxed, seamed at the edge), and the outer back cover tacked across the rear of the frame. Two schemes are documented in the same set of views - red wool (main/alt0-4) and purple with a black-and-gold galloon (alt5-9) - so colour and trim are demonstrably a swappable layer over an unchanged frame"
FC-03-2011_3,2011.3,trim path,galloon / gimp,3,VISIBLE,exact accepted donor reuse,"applied woven tape: a full rectangular circuit framing the back pad, a second circuit on the seat squab top, and a run along the squab front edge. Pure path-with-profile; vary by tape width and the woven motif"
FC-03-2011_3,2011.3,trim path,fringe,1,PARTIALLY VISIBLE,parameterized recipe reuse,"a netted bullion fringe hung continuously from the underside of the front and both side seat rails - a diamond-net heading over pendant covered moulds, unmistakably textile in the alt5-9 crops (black moulds with gold thread bows). Number of drops is not determinable. Vary by drop length, mould shape, and net gauge. This is the part most likely to be mistaken for carved gilt-wood in the gilt-scheme"
FC-03-2011_3,2011.3,strap/band,cushion tape / tab,2,VISIBLE,parameterized recipe reuse,"pale woven leaf-patterned tapes at the two rear corners of the seat squab, visible only with the outer back cover removed. Equivalent to the baseline's corner tabs. Vary by width and count per edge"
FC-03-2011_3,2011.3,back board,,0,VISIBLE,genuinely bespoke component,"RECORDED AS ABSENT and confirmed absent, not merely unseen: alt3/alt4/alt8 show the back is an open upholstered frame closed by a stretched textile cover, with no wooden back board. Relevant because the baseline chair's framed upper panel would suggest one"
FC-03-2011_3,2011.3,stretcher,,0,VISIBLE,genuinely bespoke component,"RECORDED AS ABSENT and confirmed by the rear views, which look straight through an entirely open under-frame. The baseline chair has lower stretchers; this object carries its rigidity in deep seat rails and heavy posts instead"
FC-03-2011_3,2011.3,inlay path,,0,VISIBLE,genuinely bespoke component,RECORDED AS ABSENT. All ornament here is carved in the solid and water-gilt; there is no linear or circular inlay and no marquetry anywhere on the object. The paterae that read as the baseline's circular inlay are carved discs
FC-03-2011_3,2011.3,castor,,0,VISIBLE,genuinely bespoke component,"RECORDED AS ABSENT - all four feet meet the floor directly, with no castor cup, socket, or plate visible on any foot in any view"
FC-03-30_120_59,30.120.59,front leg,,3,VISIBLE,parameterized recipe reuse,"Cabriole S-curve: knee projection, ankle diameter, total length, rake. Knee ornament density is a separate dial (all three are carved here; a plain-knee variant is the same recipe with ornament off). Leg COUNT is itself the length parameter — a 57 in. two-bay settee gets 3 front legs; a longer bench gets one per added bay."
FC-03-30_120_59,30.120.59,rear leg/stile,,3,VISIBLE,parameterized recipe reuse,"The two END members read continuous from crest height down through the seat frame to the floor (one stick doing stile + leg), exactly the baseline pattern; the CENTRE rear leg is a separate raked member joined to the rear rail. Axes: rake angle, taper rate, square-vs-chamfered section, and whether the member is continuous or split at the seat line."
FC-03-30_120_59,30.120.59,post,arm support / back post,5,VISIBLE,parameterized recipe reuse,"Four arm posts (two per end: a tapered front cone-stump rising off the side seat rail, and a wide flat rear post tying the arm to the back frame) plus one central back post from crest to rear seat rail. Axes: height, taper, section width, and how many intermediate back posts a given width needs (1 here; 2-3 for a longer bench)."
FC-03-30_120_59,30.120.59,rail,seat rails,4,VISIBLE,exact accepted donor reuse,"Front, rear and two side seat rails forming a closed rectangle; plain rectangular section in secondary wood, joints pinned with visible round pegs. Axes: length, depth of rail (this one is deep because the cover wraps over it), and whether the front edge is straight or serpentine in plan."
FC-03-30_120_59,30.120.59,rail,shaped arm board / out-scrolled arm,2,VISIBLE,shared profile or curve reuse,"Each arm is one sawn, compound-curved board: it sweeps down from the back frame, out over the arm posts, and terminates in a cyma scroll flaring away from the seat. Axes: scroll tightness, flare angle, board thickness, arm height above seat. Mirror-symmetric pair from one profile."
FC-03-30_120_59,30.120.59,rail,medial back rail,1,VISIBLE,exact accepted donor reuse,"Horizontal rail across the back frame at roughly lumbar height, lapped past the central back post; purely a tacking ground for the inside-back cover. Axes: length, height on the back frame, count (add rails as the back gets taller)."
FC-03-30_120_59,30.120.59,crest/cornice,serpentine (camel-back) crest rail,1,VISIBLE,shared profile or curve reuse,"One sawn rail carrying a double-ogee 'camel' silhouette with a central hump flanked by two lower lobes, sweeping down into the ends. Axes: number of lobes (scales with seat count), lobe amplitude, end sweep. The top-edge curve is the single most transferable spline in the object."
FC-03-30_120_59,30.120.59,brace,seat cross braces / medial rail,"NOT DETERMINABLE (at least 4 separate front-to-back braces visible across 243751 and 243752, plus one longitudinal medial rail)",VISIBLE,assembly-grammar reuse,"An internal grid inside the seat rectangle: one longitudinal member running the length of the seat below the rail tops, crossed by front-to-back sticks (some straight, at least two sawn with a shallow arc). Grammar axis: brace spacing / count as a function of seat length; straight-vs-arced stick; lapped over or tenoned into the rails."
FC-03-30_120_59,30.120.59,brace,corner glue blocks,NOT DETERMINABLE,PARTIALLY VISIBLE,exact accepted donor reuse,"Triangular/quarter blocks glued into the inside seat-rail corners; one is clearly visible at the rear-corner junction in 243752 and another at a front corner in 243753, but the full set is obscured by the frame members in every available angle. Axes: block section, leg-length, chamfer."
FC-03-30_120_59,30.120.59,brace,pegged reinforcing plate over rear-leg joint,"1 clearly visible (rear-leg-to-rail junction, 243753); total NOT DETERMINABLE",VISIBLE,exact accepted donor reuse,"A flat rectangular plate laid over the outside of the rear rail where a rear leg tenons in, fixed with four round pegs at its corners — a shop-level reinforcement/repair. Axes: plate outline, peg count/pattern. Extremely valuable as a 'this frame has been repaired' decal for aged furniture variants."
FC-03-30_120_59,30.120.59,bracket,knee bracket / knee return,NOT DETERMINABLE,PARTIALLY VISIBLE,shared profile or curve reuse,"The carved acanthus knee spreads laterally onto the underside of the seat rail; the returns flanking each cabriole leg are visible in silhouette in 243751 and 81378 but no view resolves whether they are integral to the leg blank or applied blocks. Axes: return length, curve, ornament carry-over."
FC-03-30_120_59,30.120.59,foot,claw-and-ball foot,3,VISIBLE,exact accepted donor reuse,"Ball gripped by four talons, on all three front legs only; the three rear legs simply taper to a chamfered end with no distinct foot. Axes: uniform scale, talon spread, ball diameter relative to ankle. This is a fixed donor mesh, not a recipe — swap it whole for pad foot, spade foot, or trifid."
FC-03-30_120_59,30.120.59,repeated ornament master,carved acanthus / rocaille knee ornament,2 masters — acanthus knee cartouche and claw-and-ball foot — each instanced 3 times,VISIBLE,exact accepted donor reuse,"The knee master is an acanthus-and-shell cartouche filling the knee face and returning onto the rail; it is repeated identically on left, centre and right front legs. Axes: instance scale, mirroring, density (a plainer bench drops it entirely). Directly analogous to the baseline's repeated botanical marquetry elements, but carved in relief rather than inlaid."
FC-03-30_120_59,30.120.59,upholstery webbing,,NOT DETERMINABLE,INFERRED FROM TYPE,assembly-grammar reuse,"The frame photographs show the object STRIPPED — no webbing survives in any view. Dense tack-hole scarring along the top and outer faces of the seat rails, crest, arm boards and back posts proves a tacked foundation was repeatedly applied. Asserted, not seen. Axes: strap count and spacing over the seat rectangle, single- vs double-layer weave."
FC-03-30_120_59,30.120.59,padding mass,,"4 (seat, back, and two arm/wing pads)",PARTIALLY VISIBLE,parameterized recipe reuse,"Read as swelled volume under the cover in DT11618/81378 and confirmed by the void the stripped frame leaves. Axes: crown height over the seat, roll radius at the front edge and arm tops, back-pad thickness. The seat mass is a single continuous bench pad, not per-seat cushions — that is the settee-vs-chair parameter."
FC-03-30_120_59,30.120.59,cover shell,,1 assembly; panel count NOT DETERMINABLE,VISIBLE,parameterized recipe reuse,"Two entirely different campaigns are documented in the same record — a figured damask in the 1931 photographs (81333, 81378) and the present yellow silk in DT11618/ADA3863. Vertical seams divide the inside back into loom-width panels. Axes: cloth pattern, seam positions, panel count. Proves the cover is a swappable skin over an unchanged frame."
FC-03-30_120_59,30.120.59,trim path,brass nailhead trim,"NOT DETERMINABLE (continuous runs along the crest and outer back edge, both arm scrolls, and the lower seat rail)",VISIBLE,shared profile or curve reuse,"Closely spaced domed brass nails following every exposed cover edge, including the double return down each arm scroll. ABSENT in the 1931 photographs and present in the modern ones, so it belongs to the cover campaign, not the frame. Axes: nail pitch, head diameter, single-vs-double run, which edges receive it."
FC-04-1972_47,1972.47,top slab,,1,VISIBLE,parameterized recipe reuse,"length, width, corner radius, thickness, board count (three board seams read in the plan view); the inlay program is a separate layer and can be stripped for a plain slab"
FC-04-1972_47,1972.47,moulding run,,"2 continuous runs VISIBLE (top-edge band; shelf-edge anthemion band) plus repeated short runs at each of the 4 capital blocks (bead-and-reel, rope-twist, vertical fluting) and 2 plinth surrounds",VISIBLE,shared profile or curve reuse,"profile section swap (anthemion / bead-and-reel / rope-twist / flute), repeat pitch, run length, mitre vs stopped ends"
FC-04-1972_47,1972.47,inlay path,"brass, mother-of-pearl and abalone inlay","NOT DETERMINABLE (unbounded); at least 6 distinct path families VISIBLE - brass strapwork loop band on top edge, MOP disc band, MOP teardrop band, globe meridian/parallel grid, radiating sunburst rays, ribbon outline)",VISIBLE,parameterized recipe reuse,"path length, node spacing, disc diameter, material assignment (brass line vs shell fill), density; the same band generator serves the top edge, the drawer rails and the capital rail"
FC-04-1972_47,1972.47,repeated ornament master,,"6 masters identified: MOP star (approx 120+ instances across top slab plus approx 30 per end panel), MOP circular disc, carved rosette/patera, carved flower-in-linked-chain, abalone rectangular plaque, carved palmette. Exact instance totals NOT DETERMINABLE",VISIBLE,exact accepted donor reuse,"scale (stars run at 4+ sizes on the top alone), scatter density, material, relief depth (flat inlay vs carved boss)"
FC-04-1972_47,1972.47,rail,,"3 VISIBLE per long face (drawer-band top rail, drawer-band bottom rail, capital under-rail); totals for the unseen long face NOT DETERMINABLE",VISIBLE,parameterized recipe reuse,"length, height, inlay band assignment; the capital under-rail is the same stock as the drawer bottom rail with a different inlay path"
FC-04-1972_47,1972.47,drawer front,,4 VISIBLE on the one long face shown; opposite long face NOT DETERMINABLE (no rear elevation supplied),VISIBLE,exact accepted donor reuse,"width, plaque count per front (here narrow-wide-narrow), handle position, plaque aspect; joints between fronts fall between paired narrow plaques so the front is a repeatable tile"
FC-04-1972_47,1972.47,handle,brass ring pull with shell-form backplate,4 VISIBLE (one per drawer front),VISIBLE,exact accepted donor reuse,"ring diameter, backplate motif (shell / palmette / rosette), metal finish; drop-ring pivot geometry is unchanged"
FC-04-1972_47,1972.47,drawer side,,NOT DETERMINABLE (8 if 4 two-sided drawers),INFERRED FROM TYPE,parameterized recipe reuse,"depth, height, dovetail pitch; asserted because drawer fronts are present, not observed"
FC-04-1972_47,1972.47,drawer bottom,,NOT DETERMINABLE,INFERRED FROM TYPE,parameterized recipe reuse,"panel area, grain direction, groove setback; asserted from type only"
FC-04-1972_47,1972.47,runner,,NOT DETERMINABLE,INFERRED FROM TYPE,parameterized recipe reuse,"length matched to case depth; asserted from type only, no drawer was opened in any view"
FC-04-1972_47,1972.47,guide,,NOT DETERMINABLE,INFERRED FROM TYPE,parameterized recipe reuse,"length, cross-section; asserted from type only"
FC-04-1972_47,1972.47,fixed stop,,NOT DETERMINABLE,INFERRED FROM TYPE,parameterized recipe reuse,"setback distance; asserted from type only - drawer fronts sit flush with the rails, which requires stops, but none were seen"
FC-04-1972_47,1972.47,lock/escutcheon,,NOT DETERMINABLE,NOT DETERMINABLE,parameterized recipe reuse,no keyhole is visible on any drawer front in the macro views; a lock may be concealed behind the shell backplate or absent entirely
FC-04-1972_47,1972.47,post,trestle standard,"4 VISIBLE (2 per trestle end, splayed, carved outer faces)",VISIBLE,parameterized recipe reuse,"height, splay angle, board width, taper; the carved palmette and swag are applied layers and can be removed to give a plain trestle standard"
FC-04-1972_47,1972.47,post,pier / pedestal under the drawer carcase,"2 VISIBLE (central piers standing on the shelf, one under each long face, joined by a cross rail); whether 2 further piers exist is NOT DETERMINABLE",PARTIALLY VISIBLE,assembly-grammar reuse,"pier count along the span (drives arch count), pier section, height above shelf; this is the load-bearing midspan support for a 60 in. drawer carcase"
FC-04-1972_47,1972.47,turned spindle,engaged fluted colonnette,"2 clearly VISIBLE (engaged fluted colonnettes with moulded base ring and moulded cap, one on each central pier); a third dark shaft is PARTIALLY VISIBLE behind, total NOT DETERMINABLE",PARTIALLY VISIBLE,parameterized recipe reuse,"shaft length, diameter, flute count, base/cap profile, engaged vs free-standing"
FC-04-1972_47,1972.47,stretcher,,3 VISIBLE (1 across each trestle-end base between the two posts; 1 central cross rail running front-to-back between the two shelf-borne piers),VISIBLE,exact accepted donor reuse,length only - all three are the same recipe: a flat rail board carrying a round bolster with three carved collars. Retargeting is a single length parameter
FC-04-1972_47,1972.47,strap/band,carved acanthus binding / fasces-style collar,9 VISIBLE (3 carved leaf-and-bead collars strapped over each of the 3 bolster stretchers),VISIBLE,exact accepted donor reuse,"collar count per bar, spacing, leaf-tail length below the bar, wrap depth"
FC-04-1972_47,1972.47,trim path,"carved rope swag, tasselled fringe","4 carved rope festoon runs VISIBLE (2 per trestle end, springing from patera bosses), plus a continuous tasselled fringe run along the lower edge of each end apron (2) and 2 carved tassel drops at the central piers",VISIBLE,shared profile or curve reuse,"catenary sag depth, rope twist pitch, tassel count and spacing, fringe tooth pitch; this is a curve-plus-section sweep, retargetable to any span"
FC-04-1972_47,1972.47,panel frame,,"2 VISIBLE (one per trestle end, the stiles carried by the posts and headed by the capital under-rail)",VISIBLE,parameterized recipe reuse,"opening width and height, stile width, whether the stile carries the rosette-in-chain band"
FC-04-1972_47,1972.47,floating panel,,"2 VISIBLE (Eastern-hemisphere globe at one end, Western-hemisphere globe at the other - mirrored variants of one recipe)",VISIBLE,parameterized recipe reuse,"panel area, and the inlay program on it (globe hemisphere, star ring count, drapery swag count) is a wholly separate parameter set from the panel blank"
FC-04-1972_47,1972.47,apron,carved swag/valance,"2 VISIBLE (carved drapery valance beneath each end panel: rosette band, guilloche band, tasselled fringe)",VISIBLE,parameterized recipe reuse,"arc radius and depth of the swag, rosette count in the band, fringe pitch; scales directly with the end width"
FC-04-1972_47,1972.47,apron,cusped openwork arch / arcade,2 VISIBLE on the one long face shown (pierced cusped arches springing from the central pier toward each trestle end); the matching pair on the unseen long face is INFERRED FROM TYPE,PARTIALLY VISIBLE,parameterized recipe reuse,"span, rise, cusp (scallop) count on the soffit, archivolt flute count, pierced vs solid spandrel - the single highest-leverage part in the object for retargeting to architecture"
FC-04-1972_47,1972.47,bracket,console volute / scroll capital,"4 VISIBLE (corner capital blocks: a coiled-rope spiral volute disc on the end face, a reeded bolster roll on the long face, over a fluted pilaster block)",VISIBLE,exact accepted donor reuse,"volute disc diameter, coil turn count, bolster length, pilaster flute count; the block is a two-faced corner terminal and can be dropped on any post head"
FC-04-1972_47,1972.47,bracket,carved palmette,"4 VISIBLE (large carved palmette/anthemion brackets on the outer face of each trestle post, 2 per end)",VISIBLE,shared profile or curve reuse,"height, lobe count, curl radius of the terminal scrolls, relief depth"
FC-04-1972_47,1972.47,plinth,,"2 VISIBLE (one per trestle end, a framed board between the two posts carrying two applied patera bosses)",VISIBLE,parameterized recipe reuse,"length, height, framed-panel inset depth, patera count"
FC-04-1972_47,1972.47,foot,paw foot,"4 VISIBLE (carved hairy paw with acanthus knuckle and side scroll boss, each seated on a flat circular disc pad)",VISIBLE,exact accepted donor reuse,"scale, toe count, disc pad diameter and thickness, forward rake; the disc pad is separable from the paw and reusable alone"
FC-04-1972_47,1972.47,shelf,,"1 VISIBLE (full-length medial slab spanning between the two trestles, edged with an anthemion moulding run over a plain rail)",VISIBLE,parameterized recipe reuse,"length, width, thickness, edge moulding profile, height above floor; carries the central piers so it is structural, not decorative"
FC-04-1972_47,1972.47,brace,,NOT DETERMINABLE,INFERRED FROM TYPE,parameterized recipe reuse,glue blocks / corner braces inside the frieze carcase are asserted from type; no underside view exists to confirm any
FC-04-1972_47,1972.47,back board,,NOT DETERMINABLE,NOT DETERMINABLE,parameterized recipe reuse,the recess behind each end apron reads dark and may be open through or closed by a board; no view resolves it
FC-04-1972_47,1972.47,castor,,NOT DETERMINABLE,NOT DETERMINABLE,parameterized recipe reuse,the paws sit on flat circular disc pads and no castor is visible in the close foot view; a concealed castor cannot be ruled out without an underside view
FC-04-1969_262,"1969.262 (Cleveland Museum of Art) — ""Game Table,"" style of George Hepplewhite, Baltimore, Maryland, c. 1800; mahogany with inlays of various woods; overall 73.8 x 99.7 x 49.1 cm; CC0; 13 views (primary + alt0–alt11), including two undersides, a square rear elevation, closed and open states, and one raking rear-corner detail.",top slab,folding top / leaves,2,VISIBLE,parameterized recipe reuse,"Outline curve (serpentine front with quadrant-rounded ends), board thickness, edge profile, and whether the pair is mirror-matched veneer. alt2 shows the two leaves opened flat as a single mirrored field; alt0/alt1 show their undersides are plain secondary-wood boards with no lining, no dust board and no cleats."
FC-04-1969_262,"1969.262 (Cleveland Museum of Art) — ""Game Table,"" style of George Hepplewhite, Baltimore, Maryland, c. 1800; mahogany with inlays of various woods; overall 73.8 x 99.7 x 49.1 cm; CC0; 13 views (primary + alt0–alt11), including two undersides, a square rear elevation, closed and open states, and one raking rear-corner detail.",front leg,square tapered leg,2,VISIBLE,parameterized recipe reuse,"Overall length, post-block height above the taper start, top-to-foot taper ratio, and which of the four faces carry inlay. Two adjacent show faces are inlaid; the inner faces are plain (alt8, alt10)."
FC-04-1969_262,"1969.262 (Cleveland Museum of Art) — ""Game Table,"" style of George Hepplewhite, Baltimore, Maryland, c. 1800; mahogany with inlays of various woods; overall 73.8 x 99.7 x 49.1 cm; CC0; 13 views (primary + alt0–alt11), including two undersides, a square rear elevation, closed and open states, and one raking rear-corner detail.",rear leg/stile,square tapered leg,2,VISIBLE,exact accepted donor reuse,"Identical blank to the front leg with the inlay recipe suppressed — the rear elevation (alt8, alt10) shows the rear legs completely undecorated. The only axis is which faces receive the stringing pass."
FC-04-1969_262,"1969.262 (Cleveland Museum of Art) — ""Game Table,"" style of George Hepplewhite, Baltimore, Maryland, c. 1800; mahogany with inlays of various woods; overall 73.8 x 99.7 x 49.1 cm; CC0; 13 views (primary + alt0–alt11), including two undersides, a square rear elevation, closed and open states, and one raking rear-corner detail.",post,swing leg / fly leg,1,VISIBLE,exact accepted donor reuse,Same leg blank with an extended unfinished upper post. The high-res rear crop shows the upper ~15 cm of this post left raw and saw-marked because it is concealed when closed — a reusable 'concealed extension' parameter for any moving member.
FC-04-1969_262,"1969.262 (Cleveland Museum of Art) — ""Game Table,"" style of George Hepplewhite, Baltimore, Maryland, c. 1800; mahogany with inlays of various woods; overall 73.8 x 99.7 x 49.1 cm; CC0; 13 views (primary + alt0–alt11), including two undersides, a square rear elevation, closed and open states, and one raking rear-corner detail.",rail,rear rail,1,VISIBLE,parameterized recipe reuse,"Length, depth, and finish grade. This member is a plain unveneered secondary-wood board — the single clearest demonstration in the object that decoration is a per-face flag, not a property of the part."
FC-04-1969_262,"1969.262 (Cleveland Museum of Art) — ""Game Table,"" style of George Hepplewhite, Baltimore, Maryland, c. 1800; mahogany with inlays of various woods; overall 73.8 x 99.7 x 49.1 cm; CC0; 13 views (primary + alt0–alt11), including two undersides, a square rear elevation, closed and open states, and one raking rear-corner detail.",rail,fly rail / swing rail,1,VISIBLE,parameterized recipe reuse,"Swing length (how far the leg travels), depth, and pivot offset from the rail end. alt7 shows it fully extended at 90 degrees carrying the swing leg at its outboard end; alt11 and alt10 show it closed and nested against the rear rail."
FC-04-1969_262,"1969.262 (Cleveland Museum of Art) — ""Game Table,"" style of George Hepplewhite, Baltimore, Maryland, c. 1800; mahogany with inlays of various woods; overall 73.8 x 99.7 x 49.1 cm; CC0; 13 views (primary + alt0–alt11), including two undersides, a square rear elevation, closed and open states, and one raking rear-corner detail.",apron,skirt,3 runs read between the corner posts (two curved end runs plus one serpentine front run); whether these are separate members or one continuous sawn band is NOT DETERMINABLE,PARTIALLY VISIBLE,shared profile or curve reuse,"The apron plan curve is the SAME curve that drives the top slab outline, offset inward — one curve parameter retargets both. Further axes: apron depth, veneer figure, and the number of stringing fields the run is divided into (here 5)."
FC-04-1969_262,"1969.262 (Cleveland Museum of Art) — ""Game Table,"" style of George Hepplewhite, Baltimore, Maryland, c. 1800; mahogany with inlays of various woods; overall 73.8 x 99.7 x 49.1 cm; CC0; 13 views (primary + alt0–alt11), including two undersides, a square rear elevation, closed and open states, and one raking rear-corner detail.",brace,corner glue block,2 visible at the rear corners in alt0 and the alt0 high-res crop; the front corners are obscured by the leaf underside and are NOT DETERMINABLE,PARTIALLY VISIBLE,parameterized recipe reuse,"Block depth and the two mating face angles. One face here mates to a CURVED end apron rather than a flat rail, so the recipe needs a 'seat against a swept surface' parameter — directly reusable for any curved-case object."
FC-04-1969_262,"1969.262 (Cleveland Museum of Art) — ""Game Table,"" style of George Hepplewhite, Baltimore, Maryland, c. 1800; mahogany with inlays of various woods; overall 73.8 x 99.7 x 49.1 cm; CC0; 13 views (primary + alt0–alt11), including two undersides, a square rear elevation, closed and open states, and one raking rear-corner detail.",hinge leaf,card-table hinge,"4 (2 hinges x 2 leaves), visible at both ends of the leaf joint in alt2 and in full detail at the rear corner in alt11",VISIBLE,exact accepted donor reuse,"Plate length, screw count (3 per leaf here), and let-in depth. The hinge is mortised into the mating EDGES of the two boards, not surface-mounted — that mortise recipe is the reusable part."
FC-04-1969_262,"1969.262 (Cleveland Museum of Art) — ""Game Table,"" style of George Hepplewhite, Baltimore, Maryland, c. 1800; mahogany with inlays of various woods; overall 73.8 x 99.7 x 49.1 cm; CC0; 13 views (primary + alt0–alt11), including two undersides, a square rear elevation, closed and open states, and one raking rear-corner detail.",pintle,fly-rail pivot,1,VISIBLE,exact accepted donor reuse,"A dark metal round-ended pivot plate with a central pin, mounted on a projecting wood boss at the inner end of the fly rail — clearest in the alt1 underside crop and again in the alt0 crop. Axes: boss projection, pin diameter, plate radius. Note this may be an early repair to an original wooden knuckle; the geometry above the plate is not resolved."
FC-04-1969_262,"1969.262 (Cleveland Museum of Art) — ""Game Table,"" style of George Hepplewhite, Baltimore, Maryland, c. 1800; mahogany with inlays of various woods; overall 73.8 x 99.7 x 49.1 cm; CC0; 13 views (primary + alt0–alt11), including two undersides, a square rear elevation, closed and open states, and one raking rear-corner detail.",fixed stop,,NOT DETERMINABLE,INFERRED FROM TYPE,assembly-grammar reuse,"A fly rail must be arrested at 90 degrees or the opened leaf collapses; alt7 shows it stopped square. I am asserting a stop exists because the mechanism requires one, not because I saw a discrete stop block — the rail shoulder butting the case may serve. A metal tab with a bright screw head is visible on the underside near the pivot in the alt0 crop but I cannot say it is the stop rather than a re"
FC-04-1969_262,"1969.262 (Cleveland Museum of Art) — ""Game Table,"" style of George Hepplewhite, Baltimore, Maryland, c. 1800; mahogany with inlays of various woods; overall 73.8 x 99.7 x 49.1 cm; CC0; 13 views (primary + alt0–alt11), including two undersides, a square rear elevation, closed and open states, and one raking rear-corner detail.",inlay path,stringing / line inlay,"5 distinct figure types (round-headed leg panel, corner-post rectangle, apron end oval, serpentine-front elongated oval, continuous band under the top edge); total instance count NOT DETERMINABLE because the left-side and inner faces are not squarely photographed",VISIBLE,shared profile or curve reuse,"Line width, contrast wood, corner radius, and inset distance from the part edge. Every figure here is a single-width light line offsetting the silhouette of the face it sits on — an offset-inset generator, not drawn art. Density is the main dial: rear faces get zero passes, show faces get one to two."
FC-04-1969_262,"1969.262 (Cleveland Museum of Art) — ""Game Table,"" style of George Hepplewhite, Baltimore, Maryland, c. 1800; mahogany with inlays of various woods; overall 73.8 x 99.7 x 49.1 cm; CC0; 13 views (primary + alt0–alt11), including two undersides, a square rear elevation, closed and open states, and one raking rear-corner detail.",repeated ornament master,,2 masters (round-headed panel outline on leg faces; flattened oval panel outline on apron fields),VISIBLE,shared profile or curve reuse,"Aspect ratio and end-cap radius. IMPORTANT DIVERGENCE FROM BASELINE: there is no figural or botanical marquetry element anywhere on this object — the repeated masters are pure closed line-figures, so they retarget by stretching rather than by re-cutting."
FC-04-1969_262,"1969.262 (Cleveland Museum of Art) — ""Game Table,"" style of George Hepplewhite, Baltimore, Maryland, c. 1800; mahogany with inlays of various woods; overall 73.8 x 99.7 x 49.1 cm; CC0; 13 views (primary + alt0–alt11), including two undersides, a square rear elevation, closed and open states, and one raking rear-corner detail.",moulding run,crossbanded / moulded top edge,2 leaf-edge runs; an apron top bead is PARTIALLY VISIBLE in alt5 and the alt4 apron crop,PARTIALLY VISIBLE,shared profile or curve reuse,Section profile swept along the same serpentine plan curve as the top slab and apron. alt5 shows three or four stacked lines at the closed edge but the individual section is not resolved at any available resolution.
FC-04-1969_262,"1969.262 (Cleveland Museum of Art) — ""Game Table,"" style of George Hepplewhite, Baltimore, Maryland, c. 1800; mahogany with inlays of various woods; overall 73.8 x 99.7 x 49.1 cm; CC0; 13 views (primary + alt0–alt11), including two undersides, a square rear elevation, closed and open states, and one raking rear-corner detail.",foot,,5,PARTIALLY VISIBLE,exact accepted donor reuse,"Plain rectangular termination with a slight pad flare. A horizontal seam crosses each leg roughly 12 cm above the floor (alt5 crop) where the stringing also stops — I cannot tell whether this is an original cuff line or a spliced repair, so the axis is 'banded vs. unbanded foot'."
FC-05-69_146_3,69.146.3,top slab,top,1,VISIBLE,parameterized recipe reuse,"length, depth, thickness, overhang amount, edge profile (here a shallow ovolo/chamfer over a small fillet); ebonized finish is a material swap, not a geometry change"
FC-05-69_146_3,69.146.3,crest/cornice,cornice moulding under the top,1,VISIBLE,shared profile or curve reuse,projection depth and profile height; returns on the two visible sides so the sweep path is a simple 3-sided or 4-sided rectangle loop — path length is the only other variable
FC-05-69_146_3,69.146.3,post,front corner stile / pilaster,2,VISIBLE,parameterized recipe reuse,"height, width, reed count (5 fine vertical reeds visible), and the number/spacing of carved roundel blocks interrupting the reeding (4 roundels in the upper block, 3 in the block below, per front stile)"
FC-05-69_146_3,69.146.3,rear leg/stile,rear stile,2,PARTIALLY VISIBLE,parameterized recipe reuse,"height and section; plain square, undecorated, running unbroken from cornice to floor and terminating in its own square foot rather than a turned one. Left rear stile is visible in both overall views; right rear is inferred by symmetry"
FC-05-69_146_3,69.146.3,foot,turned bun foot,2,VISIBLE,exact accepted donor reuse,"turning profile only — here a stack of three narrow rings over a compressed bun with a flat pad. Diameter and height scale independently; drop-in donor for any case piece, table, or chest in the library"
FC-05-69_146_3,69.146.3,plinth,base moulding / base rail,1,VISIBLE,parameterized recipe reuse,"height and profile; runs across the front under the bottom drawer and returns down both sides, tying the case to the feet"
FC-05-69_146_3,69.146.3,rail,drawer divider rail,6 visible on the front face; side and rear rails NOT DETERMINABLE,VISIBLE,parameterized recipe reuse,"count (drives drawer count), height, and the reeded face treatment — each divider carries a run of fine parallel reeds. The rail below the fall front additionally carries a brass keeper plate"
FC-05-69_146_3,69.146.3,panel frame,framed side / framed fall front,"3 (one per side, one on the fall front); left side and fall front seen, right side inferred by symmetry",PARTIALLY VISIBLE,assembly-grammar reuse,"number of panel openings per frame (3 stacked openings per side here: short upper, tall middle, long lower), stile/rail widths, and moulding profile of the frame lip. The grammar retargets directly to a wardrobe side, a door leaf, or a chest end"
FC-05-69_146_3,69.146.3,floating panel,recessed panel,"7 (3 per side, 1 on the fall front); 4 seen, 3 inferred by symmetry",PARTIALLY VISIBLE,parameterized recipe reuse,"panel aspect ratio, recess depth, and whether the field is left plain (all six side panels) or carries marquetry (the fall front panel only). Same panel primitive, two decoration states"
FC-05-69_146_3,69.146.3,lid,fall front / drop-front writing flap,1,VISIBLE,parameterized recipe reuse,"leaf width and depth, frame moulding depth, hinge edge (bottom-hinged here), and open angle stop. Both the closed and open states are documented, which is what makes this part worth taking"
FC-05-69_146_3,69.146.3,hinge leaf,,NOT DETERMINABLE,INFERRED FROM TYPE,exact accepted donor reuse,"A bottom-hinged fall front must pivot on something, but no knuckle, leaf, screw, or pintle is visible in any of the six views — the pivot line is concealed behind the fall's lower moulding even in the fully open view. Leaf size and count would vary with leaf width"
FC-05-69_146_3,69.146.3,brace,brass quadrant stay / lopper arm,2,VISIBLE,shared profile or curve reuse,"arc radius and chord length (set by fall depth), strap width, and whether the upper end slides in a slot in the carcass stile (as here) or is pinned. One per side, mirrored"
FC-05-69_146_3,69.146.3,drawer front,drawer front,"7 (5 exterior, 2 interior)",VISIBLE,parameterized recipe reuse,"height (the five exterior fronts are near-identical shallow bands), width, moulded surround profile, and ornament state: exterior fronts carry a full-width marquetry band, the two interior fronts are plain mahogany. Drawer count is the single biggest retargeting lever on this object"
FC-05-69_146_3,69.146.3,drawer side,,14 inferred (2 per drawer × 7 drawers),INFERRED FROM TYPE,parameterized recipe reuse,"length (case depth), height, and joinery at the front corner. No drawer is withdrawn in any view, so dovetail form, side thickness, and secondary wood are all unverified"
FC-05-69_146_3,69.146.3,drawer bottom,,7 inferred (1 per drawer),INFERRED FROM TYPE,parameterized recipe reuse,panel size and whether it is grooved into the sides or slip-supported. Not visible in any view
FC-05-69_146_3,69.146.3,runner,,NOT DETERMINABLE,INFERRED FROM TYPE,exact accepted donor reuse,"length equals case depth; section is a constant strip. Asserted because five full-width exterior drawers must ride on something, not because any runner is visible"
FC-05-69_146_3,69.146.3,guide,,NOT DETERMINABLE,INFERRED FROM TYPE,exact accepted donor reuse,length and standoff from the case side; kickers over the wide drawers are equally inferred. Nothing is visible
FC-05-69_146_3,69.146.3,fixed stop,,NOT DETERMINABLE,INFERRED FROM TYPE,exact accepted donor reuse,"position along the runner sets the closed flush depth. The exterior drawers do sit flush within their moulded surrounds, which requires stops, but none is visible"
FC-05-69_146_3,69.146.3,lattice upright,pigeonhole divider / partition,7 free-standing vertical division boards visible in the interior nest; total NOT DETERMINABLE,VISIBLE,assembly-grammar reuse,"Same upright-and-bridge grammar as the baseline chair's back screen, but with solid rather than pierced bays. Variation is board count and spacing: the left bank runs 3 closely spaced uprights making 4 narrow letter slots, the right bank runs 1 upright making 2 columns, and 2 tall uprights bound the centre bay. Board thickness and depth are shared constants"
FC-05-69_146_3,69.146.3,lattice bridge,pigeonhole shelf,7 horizontal division boards visible in the interior nest; total NOT DETERMINABLE,VISIBLE,assembly-grammar reuse,"row count and pitch. The right bank uses 2 rows of 2 cubbies; the left bank uses one bridge under the letter slots and one under its small drawer. Bridge span is set by the upright spacing, so the whole nest is one 2D grid recipe with a per-bay density parameter"
FC-05-69_146_3,69.146.3,shelf,,1 (the centre-bay shelf),VISIBLE,shared profile or curve reuse,"The centre bay's single shelf has a deliberately bowed, serpentine front edge — the only curved wooden edge on the whole object. Variation is the sagitta of the bow and the shelf span; the curve itself is a reusable profile for desk and cabinet interiors"
FC-05-69_146_3,69.146.3,handle,brass bail handle with quatrefoil rosette backplates,10 (2 on each of the 5 exterior drawer fronts),VISIBLE,exact accepted donor reuse,"bail width, and the ring-turned banding on the bail bar (three reeded collars visible in the macro view). Each bail hangs from 2 screwed quatrefoil rosette plates, so 20 rosette plates in all. Strongest single donor part on the object — reuseable on any drawer, chest, or door in the library"
FC-05-69_146_3,69.146.3,handle,brass drop pull,2 (1 on each interior small drawer),VISIBLE,exact accepted donor reuse,"A completely different, smaller pull type: a flat tapered brass loop with reeded flanks hanging from a small stepped boss. Variation is loop length and taper. Gives the library a second scale of pull for interior and small-case work"
FC-05-69_146_3,69.146.3,lock/escutcheon,escutcheon / keyhole plate,"6 visible brass fittings (5 escutcheon plates: top drawer, fall front, and the upper 3 of the 4 lower drawers; plus 1 slotted keeper plate on the rail below the fall). The bottom drawer has no keyhole",VISIBLE,exact accepted donor reuse,"plate outline (a small stepped-and-toothed square here, 4 screws), keyhole size, and whether the plate is set inside an inlaid cartouche or bare. The lock bodies themselves are behind the fronts and NOT DETERMINABLE"
FC-05-69_146_3,69.146.3,cover shell,writing-surface lining,1,VISIBLE,parameterized recipe reuse,"A pale patterned lining laid into the inner face of the fall front, framed by a thin wooden lip. Pattern is a fine diagonal diamond lattice with red accents. Variation is field size and the tile pattern itself — a texture-and-inset recipe rather than a geometry part"
FC-05-69_146_3,69.146.3,moulding run,,"NOT DETERMINABLE (at least 12 distinct runs visible: cornice, plinth, 6 drawer-front surrounds, the fall front's stepped frame, reeded divider rails, and the pilaster reeding)",VISIBLE,shared profile or curve reuse,"profile section (three recur: a fine multi-reed run, a stepped ogee frame, and a plain ovolo lip) crossed with path length. Sectioning the profiles once and sweeping them along arbitrary rectangles covers essentially all of this object's linear detail"
FC-05-69_146_3,69.146.3,inlay path,line inlay / stringing,"6 bordered fields visible (5 drawer bands + the fall front panel), each edged by a continuous light stringing line",VISIBLE,parameterized recipe reuse,rectangle dimensions and inset from the field edge; single-line here rather than the baseline's paired linear-plus-circular inlay. Trivially retargeted to any panel or band
FC-05-69_146_3,69.146.3,repeated ornament master,marquetry blossom and leaf,NOT DETERMINABLE (dozens of instances of a small set of masters across 6 marquetry fields),VISIBLE,exact accepted donor reuse,"The scrolling field is built from roughly 3 masters: a many-petalled rose/peony blossom, a serrated leaf with an engraved midrib and red dot accents, and a connecting stem. Variation is instance rotation, scale, and packing density — the same masters fill both the narrow drawer bands and the tall fall front panel. This is the highest-leverage decoration asset on the object"
FC-05-69_146_3,69.146.3,repeated ornament master,carved roundel,"14 visible (4 in the upper block and 3 in the lower block, on each of the 2 front pilasters); rear stiles NOT DETERMINABLE",VISIBLE,exact accepted donor reuse,"A carved disc-within-a-ring set in a squarish block, repeated in vertical strings to interrupt the pilaster reeding. Variation is diameter and the count per string, which is what tunes the block length"
FC-05-69_146_3,69.146.3,repeated ornament master,ribbon lock cartouche,4 visible (top drawer plus the upper 3 lower drawers),VISIBLE,exact accepted donor reuse,An inlaid trefoil ribbon knot that frames each keyhole. Identical at all four positions. Variation is scale and whether it wraps a brass plate or a bare keyhole — a ready-made 'this opens' visual marker for any drawer asset
FC-05-69_146_3,69.146.3,repeated ornament master,inlaid urn; inlaid arcade,"2 (1 urn on the fall front panel, 1 arcade on the bottom drawer)",VISIBLE,genuinely bespoke component,"Both are one-off centrepiece masters: a fluted, footed urn from which the whole blossom field springs, and a low colonnaded arcade on a plinth used in place of a keyhole on the bottom drawer. Only real variation is scale; they are signature marks, not kit parts"
FC-05-69_146_3,69.146.3,back board,,NOT DETERMINABLE,NOT DETERMINABLE,parameterized recipe reuse,"No rear view exists in the record. Whether the back is a framed-and-panelled assembly matching the sides, tongue-and-groove boarding, or a plain flush board is entirely unresolved — this is the single largest evidence gap"
FC-06-69_146_2,69.146.2,top slab,marble top,1,VISIBLE,parameterized recipe reuse,"length, depth, thickness, overhang, edge profile (here a plain square arris, no moulded edge), material swap (marble/slate/wood)"
FC-06-69_146_2,69.146.2,crest/cornice,top moulding under the marble,"1 continuous run around front and both sides (front + left return VISIBLE, right return inferred by symmetry)",VISIBLE,shared profile or curve reuse,"run length, projection, profile section (here a shallow cavetto/ogee); the same swept section retargets to any case top"
FC-06-69_146_2,69.146.2,post,reeded corner pilaster/stile,"4 corner posts (2 front VISIBLE full height, 2 rear NOT DETERMINABLE)",PARTIALLY VISIBLE,parameterized recipe reuse,"height, square section, reed count and depth on the two exposed faces, position of the lower chamfer/taper where the square section transitions into the turned foot"
FC-06-69_146_2,69.146.2,post,interior vertical partition between drawer banks,"2 (1 VISIBLE in the drawers-out carcass view, 1 inferred by symmetry)",PARTIALLY VISIBLE,parameterized recipe reuse,"board width (case depth), height, offset from the case end - this offset alone sets the narrow-drawer bank width and is the single most retargetable parameter in the object"
FC-06-69_146_2,69.146.2,foot,turned foot,"4 (2 front VISIBLE, 2 rear NOT DETERMINABLE)",PARTIALLY VISIBLE,parameterized recipe reuse,"lathe profile - here a collar of fine ring-turnings over a flaring trumpet/bell and a disc pad; height, max diameter, ring count and pitch are all curve parameters"
FC-06-69_146_2,69.146.2,rail,drawer divider rail / front rail,4 full-width ebonized front rails VISIBLE (below the frieze drawer and below each of the three tiers); short intermediate rails behind them NOT DETERMINABLE,VISIBLE,parameterized recipe reuse,"length, height, and the reeded/moulded front edge profile; rails are tenoned into the corner posts and the interior partitions"
FC-06-69_146_2,69.146.2,moulding run,applied drawer-front surround and reeding,"NOT DETERMINABLE as discrete pieces - a stepped moulded surround frames every one of the 10 drawer fronts, and fine reeding runs on the posts, rails and plinth",VISIBLE,shared profile or curve reuse,"section profile and mitred run length; one profile serves drawer surrounds, side-panel frames and the plinth at different scales"
FC-06-69_146_2,69.146.2,plinth,base rail below the bottom drawer,"1 run across the front (left return VISIBLE, right and rear NOT DETERMINABLE)",PARTIALLY VISIBLE,parameterized recipe reuse,"height, setback, number of incised reed lines; scales directly with case width"
FC-06-69_146_2,69.146.2,panel frame,frame-and-panel case side / case back,"2 case-side frames (left VISIBLE outside and inside, right inferred by symmetry) + 1 case-back frame with at least one vertical muntin (VISIBLE from inside)",VISIBLE,assembly-grammar reuse,"stile/rail widths, number of muntins and therefore number of panel openings, groove depth; the grammar (stiles + rails + muntins + captured panels) is the reusable object, not the specific frame"
FC-06-69_146_2,69.146.2,floating panel,recessed panel,"1 per case side (left VISIBLE, right inferred) + at least 2 in the back (VISIBLE from inside); total NOT DETERMINABLE",VISIBLE,parameterized recipe reuse,"panel width/height driven by the frame opening; exterior side panels are moulded-edge and ebonized, interior/back panels are plain flat secondary wood - same solid, two finishes"
FC-06-69_146_2,69.146.2,back board,backboards,"1 assembly, frame-and-panel rather than butted boards; panel count NOT DETERMINABLE (at least 2 visible)",PARTIALLY VISIBLE,assembly-grammar reuse,"panel count across the width; the back is visible only from inside the empty carcass, never from outside"
FC-06-69_146_2,69.146.2,drawer front,drawer front,"10 - 1 full-width shallow frieze drawer, plus 3 tiers of (narrow left + wide centre + narrow right)",VISIBLE,parameterized recipe reuse,"width and height only; the narrow and wide fronts are the SAME recipe at two widths, with ornament that reflows rather than a different part"
FC-06-69_146_2,69.146.2,drawer side,drawer side,"20 inferred (2 per drawer); 2 VISIBLE on the removed frieze drawer, joined to the drawer back with through dovetails",PARTIALLY VISIBLE,parameterized recipe reuse,"length (case depth), height (drawer depth), dovetail pin count and spacing along the height"
FC-06-69_146_2,69.146.2,drawer bottom,drawer bottom,"10 inferred (1 per drawer); 1 VISIBLE on the removed frieze drawer, made of several boards running front-to-back",PARTIALLY VISIBLE,parameterized recipe reuse,"board count across the width, thickness, edge treatment where it enters the side groove"
FC-06-69_146_2,69.146.2,side board,drawer compartment divider,3 in the removed frieze drawer - 1 low longitudinal divider running the full drawer length plus 2 shaped transverse partitions notched to straddle it; other drawers NOT DETERMINABLE,VISIBLE,shared profile or curve reuse,the stepped/notched silhouette of the transverse partitions is a 2D profile that can be swept to any height; partition count and spacing along the longitudinal divider are free
FC-06-69_146_2,69.146.2,runner,drawer runner,"at least 6 VISIBLE (quarter-sawn strips screwed to the case sides and to both faces of the interior partition, one per drawer side per level); 20 inferred overall",VISIBLE,parameterized recipe reuse,"length (case depth), section, and the fixing pitch; note the runner strips are screwed on, not housed, so the recipe is a strip plus a screw pattern"
FC-06-69_146_2,69.146.2,guide,,"NOT DETERMINABLE - a second, thinner companion strip sits behind/above each runner at several levels but its function is not fully resolved in the available views",PARTIALLY VISIBLE,parameterized recipe reuse,length and standing height above the runner
FC-06-69_146_2,69.146.2,fixed stop,drawer stop,at least 2 VISIBLE (small stepped blocks glued to the top rear face of the front rails); 1 or 2 per drawer inferred,VISIBLE,parameterized recipe reuse,"block footprint and standing height - the height is what sets how proud the drawer front sits, so this is a tuning knob rather than a shape"
FC-06-69_146_2,69.146.2,handle,brass bail handle,"14 VISIBLE - 2 on the frieze drawer, 2 on each of the 3 wide drawers, 1 on each of the 6 narrow drawers",VISIBLE,exact accepted donor reuse,one master only: an angular squared bail on two trefoil/rosette posts. Bail width and post spacing are the only variables; the same hardware is used at every position including the narrow drawers
FC-06-69_146_2,69.146.2,lock/escutcheon,escutcheon and lock,"4 escutcheon plates VISIBLE (frieze drawer plus each of the 3 wide drawers); 1 lock body VISIBLE, half-mortised to the inside face of the removed drawer front; the 6 narrow drawers have no escutcheon",VISIBLE,exact accepted donor reuse,plate size - the frieze escutcheon is smaller than the three wide-drawer escutcheons; each sits inside an inlaid ring-and-bow cartouche that is itself a separate ornament master
FC-06-69_146_2,69.146.2,bracket,dentilled capital block at the pilaster head,"at least 3 VISIBLE (front face of both front corner posts, plus a return on the left side face); total NOT DETERMINABLE",PARTIALLY VISIBLE,parameterized recipe reuse,"number of stacked oval dentils, block height and projection; a single carved unit tiled vertically"
FC-06-69_146_2,69.146.2,inlay path,line inlay border,NOT DETERMINABLE as discrete paths - a fine double-line inlay band frames the marquetry field of every drawer front and the side frieze,VISIBLE,parameterized recipe reuse,"path length and corner radius; strictly rectangular here, unlike the baseline chair which also carries circular inlay"
FC-06-69_146_2,69.146.2,repeated ornament master,marquetry,"NOT DETERMINABLE as instances - a small closed set of masters (a flat rosette/chrysanthemum flower, a smaller bud, a pointed leaf, a curling tendril, a fleur-like base knot, and a ring-and-bow cartouche around each escutcheon) is scattered and mirrored across every field",VISIBLE,exact accepted donor reuse,"scatter density, mirror axis, and field aspect ratio - the narrow drawers use the same masters at lower count, so ornament retargets by re-scattering rather than by new art"
FC-06-69_146_2,69.146.2,shelf,case bottom board,"1 (VISIBLE as the floor of the empty carcass, boards running side to side); NOTE there are NO dust boards between drawer tiers - the back panels are continuous through the openings",VISIBLE,parameterized recipe reuse,"board count, width, depth"
FC-07-1999_79,1999.79,front leg,,4,VISIBLE,parameterized recipe reuse,"Square section, tapering to a small foot; each carries a reeded ankle cuff and a gilt toe block. Retarget by length, taper rate, cuff height, number of reeds, and whether the taper is on two faces or four. Confirmed in the leg-zone crops of DT4380, ADA3733 and ADA3036: exactly four front legs, at the two outer corners and at the two junctions where the end sections meet the centre section — the ce"
FC-07-1999_79,1999.79,rear leg/stile,,4 front corner stiles VISIBLE; rear members NOT DETERMINABLE,PARTIALLY VISIBLE,exact accepted donor reuse,"This is the baseline's continuous leg-and-stile grammar moved to the front plane: in the oblique view (ADA3036) the outer upright runs unbroken from the tapered foot, past the drawer, up to the acanthus capital under the cornice. Faces are reeded with a punched-dot band at each end. Retarget by total height, section, reed count, and where the capital block lands. No view shows the back of the case"
FC-07-1999_79,1999.79,post,,4,VISIBLE,parameterized recipe reuse,"Slender square-section sticks, one under each cantilevered étagère shelf (two per end bay), landing on the shelf below rather than on the carcass. This is the single most transferable idea in the object: a staggered shelf held by one thin stick. Retarget by stick section, length, and the horizontal offset of the shelf it carries."
FC-07-1999_79,1999.79,rail,,at least 8 VISIBLE on the front plane; total NOT DETERMINABLE,PARTIALLY VISIBLE,assembly-grammar reuse,"Countable on the front: two arched frieze rails (one per end bay), two rails above and two below the drawers, and the top and bottom rails of the centre section. Retarget by span, depth and whether the lower edge is straight, arched or scalloped. Side and rear rails are never shown."
FC-07-1999_79,1999.79,apron,,3 front spans VISIBLE; side returns PARTIALLY VISIBLE,VISIBLE,parameterized recipe reuse,"A scalloped lower rail carrying an applied gilt garland; the detail plates 265790 and APS2435 show the scallop edge is itself a pierced woven/basket band behind the swags. Retarget by span, scallop count and depth, and garland density. In the oblique view the garland turns the corner onto the end, so the recipe must support returns."
FC-07-1999_79,1999.79,panel frame,,"6 VISIBLE (2 lower panelled door leaves, 2 drawer fronts, 2 lower glazed door leaves) plus 3 upper glazed door frames",VISIBLE,exact accepted donor reuse,"Every framed front is the same idea: concentric stepped-and-reeded margins shrinking inward to a flat field. Retarget by number of concentric steps, reed pitch, and aspect ratio of the field. This one recipe dresses drawers and doors alike."
FC-07-1999_79,1999.79,floating panel,,"4 VISIBLE (2 lower door fields, 2 drawer front fields)",VISIBLE,parameterized recipe reuse,"Flat, flush, unornamented fields sitting inside the reeded margins; the paint/gilt speckle is the only surface event. Retarget by size and by whether the field is flat, fielded or glazed — swapping this one slot converts a blind door into a vitrine door."
FC-07-1999_79,1999.79,lattice bridge,glazing bar / muntin,4 VISIBLE (2 per narrow upper door),VISIBLE,shared profile or curve reuse,Detail crop z_hinge2 resolves this clearly: the narrow upper doors are NOT open shelving behind glass — each is a single leaf whose glass is divided by horizontal bars into three stacked bevelled panes. The bar is the same cross-member role as the baseline chair's lattice bridge. Retarget by number of divisions and by adding vertical members for a true lattice.
FC-07-1999_79,1999.79,door leaf,,"7 VISIBLE (3 upper glazed, 2 lower glazed, 2 lower panelled); 1 further glazed crest front whose opening action is NOT DETERMINABLE",VISIBLE,assembly-grammar reuse,"Three widths in play: wide single-pane bevelled (centre upper), narrow multi-pane bevelled (flanking upper and lower centre), and solid panelled (lower outer). Retarget by width, glazing/blind state, and hand of swing. The crest case carries a lock at the centre of its bottom rail, so its long glazed front is an opening leaf too, but no view shows how it is hung."
FC-07-1999_79,1999.79,lock/escutcheon,,"8 VISIBLE (1 crest front, 3 upper glazed doors, 4 lower doors)",VISIBLE,exact accepted donor reuse,"Small rectangular brass plate with a keyhole, screwed to the door stile — see z_hinge (two side by side at the upper left junction), z_lock2 and z_crestlock. One plate master, instanced eight times. Retarget by plate size and keyhole shape only. Every opening on this object is lockable, which is unusually useful."
FC-07-1999_79,1999.79,handle,,2,VISIBLE,exact accepted donor reuse,"Cast brass ring pull hanging from a fan/palmette backplate with a central boss (265790, APS2435, z_endbay). One per drawer. Retarget by ring diameter, backplate spread, and boss profile; the ring can swing, so it is also an animated part."
FC-07-1999_79,1999.79,drawer front,,2,VISIBLE,parameterized recipe reuse,"One long shallow drawer in each end section, directly under the open bay. Retarget by width and height; the reeded margin count scales with the front."
FC-07-1999_79,1999.79,drawer side,,NOT DETERMINABLE,INFERRED FROM TYPE,parameterized recipe reuse,Asserted because there are drawer fronts; no view shows a drawer open or removed. Retarget by depth and height.
FC-07-1999_79,1999.79,drawer bottom,,NOT DETERMINABLE,INFERRED FROM TYPE,parameterized recipe reuse,"Asserted, not seen. Retarget by panel size and thickness."
FC-07-1999_79,1999.79,runner,,NOT DETERMINABLE,INFERRED FROM TYPE,parameterized recipe reuse,Asserted because the drawers must slide; nothing in any view shows the carcass interior. Retarget by length and by side-hung vs bottom-run.
FC-07-1999_79,1999.79,guide,,NOT DETERMINABLE,INFERRED FROM TYPE,parameterized recipe reuse,"Asserted, not seen. Retarget by length."
FC-07-1999_79,1999.79,hinge leaf,,NOT DETERMINABLE,INFERRED FROM TYPE,exact accepted donor reuse,"Eight leaves are lockable and therefore hinged, but not one hinge is visible in any of the ten views — the brass plates flanking the door junctions are all keyhole escutcheons, not hinges. Hinges are presumably butt hinges on the inner face. Retarget by leaf size and knuckle count."
FC-07-1999_79,1999.79,shelf,,6 VISIBLE (2 cantilevered plus 1 fixed bay deck per end bay),VISIBLE,parameterized recipe reuse,"Thin slabs with a rounded front edge, set at staggered heights and staggered depths so the two bays mirror each other. Retarget by depth, width, height stagger and left/right hand. NOTE: no shelf is visible inside any glazed compartment — what reads as shelving in the narrow upper doors is glazing bars."
FC-07-1999_79,1999.79,crest/cornice,superstructure,2 cornice runs and 2 swept crest wings VISIBLE,VISIBLE,parameterized recipe reuse,"The main cornice runs the full 180 cm with a dentil course; above it sits a separate raised case with its own smaller cornice and dentil course, flanked by two mirrored ogee-swept shaped boards with reeded edge-lines following the curve. Retarget by the ogee control points, cornice projection and dentil pitch. This silhouette alone will carry a whole furniture family."
FC-07-1999_79,1999.79,moulding run,,"NOT DETERMINABLE (present on every framed opening, both cornices, and around every glass pane)",VISIBLE,shared profile or curve reuse,"Three distinct profiles resolve in the detail plates: a stepped multi-reed margin, a fine gilt astragal bead around glass, and the cornice bed mouldings. Retarget by sweeping the same profile along any path — this is the highest-leverage reuse in the object."
FC-07-1999_79,1999.79,bracket,arched spandrel,2 VISIBLE (one arched spandrel head per end bay),PARTIALLY VISIBLE,shared profile or curve reuse,"Plates 265791 and APS2434 show a semicircular arch cut into the flat frieze board below the cornice, with a small hollow at the springing where it dies into the pilaster capital. Whether it is cut from the solid or applied cannot be seen. Retarget by arch radius, springing height and opening width."
FC-07-1999_79,1999.79,repeated ornament master,carved and gilded festoon / anthemion / dentil,4 acanthus capitals VISIBLE; garland swag repeated approximately 10 times across the front; dentil blocks over 100; punched-dot bands on every stile,VISIBLE,exact accepted donor reuse,"Four master ornaments: (a) upright acanthus/anthemion capital, (b) husk-and-laurel swag with an anthemion drop at each junction, (c) dentil block, (d) drilled dot. All are instanced along paths. Retarget by instance pitch, scale ramp along the run, and swag sag depth. This is the direct analogue of the baseline chair's repeated botanical marquetry element, executed in carving rather than veneer."
FC-07-1999_79,1999.79,inlay path,"painted and gilded line-work — the medium field states painted and gilded surface, not inlay","NOT DETERMINABLE (runs on every stile, margin and cornice)",VISIBLE,shared profile or curve reuse,"The linear decorative paths of the baseline chair reappear here as painted/gilt striping and reeding rather than let-in stringing. Geometrically identical slot: a curve plus a width plus a material. Retarget by path, stripe width and gap. No circular inlay of the baseline kind appears anywhere on this object."
FC-07-1999_79,1999.79,cover shell,silk velvet,NOT DETERMINABLE (lines every case interior seen),VISIBLE,parameterized recipe reuse,"Deep red silk velvet lining the crest case, the three upper glazed compartments, the two lower glazed compartments and the backs of both open end bays. Flat lining — there is no padding mass, no webbing and no trim path anywhere, so the baseline chair's upholstery stack collapses here to a single cover layer over a board. Retarget by colour, sheen and which faces get lined."
FC-07-1999_79,1999.79,back board,,NOT DETERMINABLE,PARTIALLY VISIBLE,parameterized recipe reuse,Only the velvet face of the backing is visible; the board behind it is asserted. Retarget by panel size and by whether it is a single board or framed. No rear view exists to show how the back is built or fixed.
FC-07-1999_79,1999.79,side board,,NOT DETERMINABLE,NOT DETERMINABLE,parameterized recipe reuse,"The oblique view ADA3036 is still nearly frontal, and it cannot be resolved whether the open end bays are closed, open or glazed at their outer sides, nor how the crest case's glazed ends are framed. This is the single biggest hole in the evidence."
FC-07-1999_79,1999.79,top slab,,NOT DETERMINABLE,PARTIALLY VISIBLE,parameterized recipe reuse,"The main cornice presents a flat top ledge to left and right of the raised crest case, and the crest case has its own top; neither top surface is photographed from above. Retarget by overhang and edge profile."
FC-07-1999_79,1999.79,foot,,4,VISIBLE,exact accepted donor reuse,"A short gilt block below a reeded cuff at the bottom of each tapered leg (z_bottom, APS2435). No castors are present. Retarget by block height and cuff reed count."
FC-07-1999_79,1999.79,brace,,NOT DETERMINABLE,INFERRED FROM TYPE,parameterized recipe reuse,"A 180 cm wide case standing on four unstretchered tapered legs needs corner blocking behind the leg-stiles; none is visible. Asserted only. Note that no stretcher of any kind appears in any view — the lower frame is entirely unstretchered, unlike the baseline chair."
FC-08-69_140ab,"69.140a, b",post,,4,VISIBLE,parameterized recipe reuse,"Height, square-section width, flute count on the face (3 here), presence/diameter of the carved roundel at the head, and whether the post projects above the cornice. One continuous ebonized member runs from the finial cap to the floor at every corner - confirmed in the rear view where the same black post is unbroken past both case seams."
FC-08-69_140ab,"69.140a, b",foot,,4,VISIBLE,parameterized recipe reuse,"Splay angle, length below the plinth, toe radius. This is the lower terminal of the post, not a separate turned or bracket foot: plain, slightly canted outward, with a rounded pad toe. Rear feet show floor wear. Whether it is glued-on or integral is not resolvable under the ebonizing."
FC-08-69_140ab,"69.140a, b",bracket,,"6 (2 on the front, 2 on each side, 0 at the rear)",VISIBLE,exact accepted donor reuse,"One shaped ogee spur master, mirrored. Varies only by mirroring and by the height of the plinth it springs to. The rear face deliberately omits them - a cheap, honest asymmetry worth preserving."
FC-08-69_140ab,"69.140a, b",bracket,brass garment hook (our descriptor; the record does not name it),4,VISIBLE,shared profile or curve reuse,"Two distinct hook types are present: a double-scroll forward-projecting hook on each interior side board (2), and a flatter vertical hook on each back muntin (2). Varies by arm count, projection, and backplate size."
FC-08-69_140ab,"69.140a, b",crest/cornice,cornice,1 (a single run mitred around front and both sides),VISIBLE,parameterized recipe reuse,"Stack depth and fillet count of the moulding, and overall projection. Here it is a shallow stepped fillet stack sitting directly on the frieze rail and dying into the posts."
FC-08-69_140ab,"69.140a, b",rail,,"9 visible (3 frieze rails - front and two sides; 1 rail above the drawers; 3 plinth rails; 2 back-frame rails, top and bottom). Internal dust/drawer rails NOT DETERMINABLE",VISIBLE,parameterized recipe reuse,"Length, height, and which decorative treatment is applied to the face - the frieze rails carry marquetry, the plinth rails carry a reeded band, the back rails are plain secondary cherry."
FC-08-69_140ab,"69.140a, b",panel frame,,"7 visible (2 door frames, 2 upper side surrounds, 2 lower side surrounds, 1 back frame)",PARTIALLY VISIBLE,parameterized recipe reuse,"Aperture proportion, moulding profile on the inner edge, and number of divisions. The back frame divides into three; the show frames into one. Whether the case sides are true frame-and-panel or solid boards with applied mouldings cannot be settled - the interior faces read as flat boards."
FC-08-69_140ab,"69.140a, b",floating panel,,"9 visible (2 door panels, 2 upper side panels, 2 lower side panels, 3 back panels)",VISIBLE,parameterized recipe reuse,"This is the single highest-leverage part. The show-panel recipe is one thing repeated: an arched (round-shouldered) head defined by an applied astragal with small carved spandrel leaves, a fine stringing border tracing the whole field, two reeded cross-bands dividing the field into three zones, and a graded blossom scatter. Varies by field width/height, arch radius, number and position of the reed"
FC-08-69_140ab,"69.140a, b",moulding run,,5 distinct profiles visible; total run count NOT DETERMINABLE,VISIBLE,shared profile or curve reuse,"Profiles seen: (1) stepped cornice fillet stack; (2) post fluting, 3 flutes; (3) a reeded band of 4-5 parallel grooves reused on the plinth, above and below each drawer front, and as the cross-bands inside every show panel; (4) the door/side frame ovolo-and-cove step; (5) the panel astragal with the arched head. Varies by groove count, groove pitch, and run length only."
FC-08-69_140ab,"69.140a, b",door leaf,,2,VISIBLE,assembly-grammar reuse,"Leaf width, hand (left/right), and which leaf carries the lock. The right leaf takes the escutcheon; the left carries the meeting astragal. Both faces are worked - the arched field is legible from the inside as well, so the leaf is not a one-sided slab."
FC-08-69_140ab,"69.140a, b",drawer front,,2,VISIBLE,parameterized recipe reuse,"Width, and handle count (2 each here). Layer stack is fixed: reeded band top, inlaid field with a single stringing border and a dense blossom scatter, reeded band bottom. Set flush in the opening, separated by a reeded divider stile."
FC-08-69_140ab,"69.140a, b",drawer side,,"NOT DETERMINABLE (4 inferred, 2 per drawer)",INFERRED FROM TYPE,parameterized recipe reuse,"Length, height, and joint type at the front. No drawer was removed for any of the ten views, so dovetail form and secondary wood are unrecorded."
FC-08-69_140ab,"69.140a, b",drawer bottom,,NOT DETERMINABLE (2 inferred),INFERRED FROM TYPE,parameterized recipe reuse,"Panel size, grain direction, and whether it is a single board or two with a muntin."
FC-08-69_140ab,"69.140a, b",runner,,NOT DETERMINABLE,INFERRED FROM TYPE,parameterized recipe reuse,Length and section. Asserted because the drawers are full-width and must ride on something; nothing in any view shows them.
FC-08-69_140ab,"69.140a, b",guide,,NOT DETERMINABLE,INFERRED FROM TYPE,parameterized recipe reuse,"Length and section; a centre guide is likely given the reeded divider between the two drawers, but that is inference on inference."
FC-08-69_140ab,"69.140a, b",fixed stop,,NOT DETERMINABLE,INFERRED FROM TYPE,parameterized recipe reuse,Position and thickness. Required because both drawer fronts sit dead flush with the plinth framing.
FC-08-69_140ab,"69.140a, b",hinge leaf,,"2 visible (lower, one per door, screwed to the case bottom at each front corner); upper pair NOT DETERMINABLE",PARTIALLY VISIBLE,exact accepted donor reuse,"Plate outline and screw count. This is a shaped brass pivot plate let into the case floor, not a butt hinge - the doors swing on a pin, not on knuckles. A row of screws under the frieze suggests the mating upper plates but does not show them."
FC-08-69_140ab,"69.140a, b",pintle,,2 visible (lower); upper pair NOT DETERMINABLE,PARTIALLY VISIBLE,exact accepted donor reuse,Pin diameter and projection. The pin stands proud of the brass plate at each lower front corner of the opening.
FC-08-69_140ab,"69.140a, b",handle,,"4 bail handles (2 per drawer), each with 2 backplates = 8 backplates",VISIBLE,exact accepted donor reuse,"Bail span and rod diameter. The master is fixed: a quatrefoil rosette backplate on 4 screws with a swivel loop, and a trapezoidal bail with three ring-turned collars (two near the shoulders, one at centre). A direct donor to any Herter-family drawer."
FC-08-69_140ab,"69.140a, b",lock/escutcheon,,"1 escutcheon visible, on the right door leaf; lock body NOT DETERMINABLE. No drawer locks visible",PARTIALLY VISIBLE,exact accepted donor reuse,"Plate length and keyhole size. A small brass plate with rounded ends and two incised double bands, on two screws. Only one lock on the whole object - the left leaf is held by the right."
FC-08-69_140ab,"69.140a, b",back board,,2 visible (one plain board at cornice level behind the frieze; one wide screwed board closing the drawer case),VISIBLE,parameterized recipe reuse,"Board width/height and the screw pattern. Both are plain cherry, unfinished-grade, applied with slotted screws - roughly 5 across the lower edge and 3 down each stile on the drawer-case board."
FC-08-69_140ab,"69.140a, b",side board,,2,PARTIALLY VISIBLE,parameterized recipe reuse,"Board thickness and height. Seen only from inside, where each reads as a flat cherry face carrying one hook; the exterior of the same wall reads as a moulded framed panel. Which of the two constructions is real is not resolvable from these views."
FC-08-69_140ab,"69.140a, b",shelf,case bottom / floor of the hanging compartment,1,VISIBLE,parameterized recipe reuse,"Depth and width; here it is a full-depth slab with an incised line border and a front-to-back cover strip over the centre joint, dividing the hanging space from the drawer case. No other shelves and no hanging rail are present - this is a hooks-only wardrobe."
FC-08-69_140ab,"69.140a, b",top slab,,1,PARTIALLY VISIBLE,parameterized recipe reuse,"Overhang and edge treatment. Only its front and rear edges are recorded - no view looks down on the object, so the top surface is unphotographed."
FC-08-69_140ab,"69.140a, b",plinth,,1 (a 3-sided run; the rear is a plain rail),VISIBLE,parameterized recipe reuse,"Height, groove count in the reeded band, and whether the rear face is decorated. Drives the whole ground line of the piece."
FC-08-69_140ab,"69.140a, b",finial,,4,VISIBLE,exact accepted donor reuse,"Cap height and skirt flute count. A rectangular block with a domed top and a carved fluted skirt, sitting on each post above the cornice - reads as a stylised capital. Instantly recognisable as the Herter corner-post signature."
FC-08-69_140ab,"69.140a, b",inlay path,line inlay / stringing,"At least 11 closed stringing paths visible (2 door fields, 2 upper side fields, 2 lower side fields, 2 drawer fronts, 3 frieze bands), plus 4 cusped cartouche outlines",VISIBLE,shared profile or curve reuse,"Path outline (plain rectangle vs the cusped cartouche silhouette), corner radius, and inset from the field edge. The line weight is constant everywhere - a single fine light-wood string. Purely linear and therefore trivially retargetable to any panel size."
FC-08-69_140ab,"69.140a, b",repeated ornament master,marquetry,3 masters visible (chrysanthemum rosette in at least 3 diameters; trefoil leaf sprig on a curling stem; single heart-leaf bud). Instance count NOT DETERMINABLE - several hundred,VISIBLE,exact accepted donor reuse,"Diameter, rotation, and above all SCATTER DENSITY. The placement is not random: every field is a graded fall - dense at the top, thinning downward, with the lower third left empty on the tall door and side panels, while the short drawer and frieze bands run at even high density throughout. Density gradient, field bounds, and rotation jitter are the three parameters; the cartouches use the same mas"
FC-08-2019_59,2019.59,post,,4,PARTIALLY VISIBLE,parameterized recipe reuse,"height, section thickness, whether the face is left plain or receives an applied pilaster; front pair is masked on the facade by the applied pilaster strip and only readable at the corner in the 3/4 views (alt3, alt10, alt11)"
FC-08-2019_59,2019.59,rail,,6 visible (front rail above and below the door opening; top and bottom rail on each case side),VISIBLE,parameterized recipe reuse,"length, width, and how many panel openings the rail spans; this is the generic frame-member recipe"
FC-08-2019_59,2019.59,panel frame,,2 (one per case side),VISIBLE,assembly-grammar reuse,"panel count per side (this object uses a single large opening; the same grammar yields 2-up or 3-up stacked openings), frame width, peg pattern"
FC-08-2019_59,2019.59,floating panel,,"4 visible (1 large panel per case side, 1 large raised panel per door leaf)",VISIBLE,parameterized recipe reuse,"aspect ratio, bevel/fielding depth, whether the raised field is rectangular or shouldered; door panels here are strongly fielded, side panels nearly flat"
FC-08-2019_59,2019.59,door leaf,,2,VISIBLE,assembly-grammar reuse,"leaf count (1 vs 2), panel divisions per leaf, whether the meeting stile carries the applied ornamented strip; inner face is legible in alt1/alt2/alt9"
FC-08-2019_59,2019.59,hinge leaf,wrought iron,4 visible (2 on each door's hanging stile); total per door NOT DETERMINABLE,VISIBLE,shared profile or curve reuse,"leaf length, number of cusps/lobes in the scalloped edge profile, leaves per door (2 vs 3); the cusped silhouette is the reusable curve"
FC-08-2019_59,2019.59,pintle,,NOT DETERMINABLE,PARTIALLY VISIBLE,parameterized recipe reuse,barrel diameter and whether the pin is ball-tipped; a dark knuckle/barrel is resolvable at the right door pivot but I cannot confirm lift-off pintle vs fixed pin
FC-08-2019_59,2019.59,lock/escutcheon,wrought iron,1 escutcheon plate; lock body NOT DETERMINABLE,VISIBLE,shared profile or curve reuse,"plate silhouette (this one is a pierced quatrefoil), plate size, keyhole shape; no lock case is visible on either inner door face"
FC-08-2019_59,2019.59,latch,,NOT DETERMINABLE,PARTIALLY VISIBLE,genuinely bespoke component,"a small iron wire eye/loop sits on the inner face of the left door near the top (alt1 detail); function as catch, hook-eye, or hanging loop is not resolvable from these views"
FC-08-2019_59,2019.59,shelf,,2,VISIBLE,exact accepted donor reuse,"shelf count, depth, thickness, spacing; plain board shelves spanning the full interior width"
FC-08-2019_59,2019.59,bracket,shelf cleat,NOT DETERMINABLE,PARTIALLY VISIBLE,parameterized recipe reuse,cleat length and section; a small support block is visible at a shelf end in the alt1 interior detail but I cannot tell whether the shelves are cleated throughout or housed in dados
FC-08-2019_59,2019.59,back board,,"5 visible (4 wide vertical boards on the upper case, 1 horizontal board on the base)",VISIBLE,parameterized recipe reuse,"board count and width across the opening, nail spacing, vertical vs horizontal run; the base back board is the one carrying visible through-dovetails"
FC-08-2019_59,2019.59,crest/cornice,,1 assembly,VISIBLE,parameterized recipe reuse,"projection depth, number of steps in the profile, whether it returns on the sides only or wraps; a stepped/ogee run mitred at the front corners"
FC-08-2019_59,2019.59,top slab,,1 assembly (multi-board; board count NOT DETERMINABLE),VISIBLE,exact accepted donor reuse,"board count, overhang, whether corner blocking is present; alt14 shows the boarded top from above with diagonal corner members"
FC-08-2019_59,2019.59,moulding run,,NOT DETERMINABLE (at least 5 distinct profiles visible),VISIBLE,shared profile or curve reuse,"profile section and run length; the same few sections repeat as door-panel bolection, pilaster cross-blocks, base cap, and base plinth"
FC-08-2019_59,2019.59,plinth,base / lower section,1,VISIBLE,assembly-grammar reuse,"height, drawer count housed inside, whether it is integral or a separate knockdown stand; here it fully separates and is photographed alone in alt5, alt6, alt7, alt13, alt15, alt16"
FC-08-2019_59,2019.59,drawer front,,2,VISIBLE,parameterized recipe reuse,"width, applied moulding rectangle proportion, knob count per front"
FC-08-2019_59,2019.59,drawer side,,4 (2 per drawer),VISIBLE,parameterized recipe reuse,thickness and depth; corner joinery to the front (dovetail vs nailed rabbet) is NOT resolvable at this resolution
FC-08-2019_59,2019.59,drawer bottom,,"2 (one per drawer, each of butted boards)",VISIBLE,exact accepted donor reuse,"board count and seam position; readable from above in alt16 and from below in alt13, with rosehead nail heads visible"
FC-08-2019_59,2019.59,runner,,2 visible (one nailed strip at each end of the base interior); centre runners NOT DETERMINABLE,VISIBLE,parameterized recipe reuse,"strip section and length; nailed side-runner strips rather than a framed web, clearly legible in alt7 and alt16"
FC-08-2019_59,2019.59,guide,drawer divider,NOT DETERMINABLE,PARTIALLY VISIBLE,parameterized recipe reuse,the vertical member between the two drawers reads as the inner guide; whether a separate guide strip exists is not resolvable
FC-08-2019_59,2019.59,fixed stop,,NOT DETERMINABLE,INFERRED FROM TYPE,parameterized recipe reuse,"drawers must close against something; the base back board or a stop block is the candidate, but no stop is visible in any view"
FC-08-2019_59,2019.59,handle,,2,VISIBLE,exact accepted donor reuse,turned knob profile and diameter; one wooden knob per drawer front
FC-08-2019_59,2019.59,brace,,2 visible (one across each end of the base interior),VISIBLE,parameterized recipe reuse,block length and angle; these sit at the base corners and appear to locate the case that sits loose on top
FC-08-2019_59,2019.59,foot,ball foot,"2 (front, turned bun)",VISIBLE,parameterized recipe reuse,"turning profile (ball diameter, collar/vase height above it), overall height; ebonized, with a flat resting face and a square block above it visible in the alt13 underside"
FC-08-2019_59,2019.59,rear leg/stile,,"2 (rear, plain board with V-notched bottom)",VISIBLE,parameterized recipe reuse,"board width, notch depth/shape; deliberately plain because the rear is unseen, in direct contrast to the turned front feet"
FC-08-2019_59,2019.59,inlay path,,2 visible (one vertical sawtooth band at each front corner of the base),VISIBLE,parameterized recipe reuse,"triangle size, spacing, and run length; a vertical row of dark inlaid triangles, best seen in the base 3/4 and corner crops"
FC-08-2019_59,2019.59,repeated ornament master,,11 visible (6 small applied raised panels on the facade: 2 per corner pilaster and 2 on the centre stile; 5 applied lozenges on the base: 3 on the front and 1 on each return),VISIBLE,parameterized recipe reuse,"outline (rectangle vs lozenge), field size, moulding step count; these are one applied bolection-moulded field recipe instanced at several aspect ratios"
FC-08-2019_59,2019.59,wedge/key,peg / pin,NOT DETERMINABLE,INFERRED FROM TYPE,parameterized recipe reuse,"pegged mortise-and-tenon is the expected frame joint for this form and date, but no peg heads are unambiguously resolvable on the frame members in these views"
FC-09-69_146_1,69.146.1,rear leg/stile,headboard post / canopy support,2 (both VISIBLE),VISIBLE,parameterized recipe reuse,"Total length (floor to tester, ~300 cm here); section width; number and placement of the applied rosette-square junction cells; whether the inlay path runs the full height or stops at the rail line."
FC-09-69_146_1,69.146.1,post,footpost,2 (both VISIBLE),VISIBLE,assembly-grammar reuse,Stack order and count of the block sequence (moulded plinth block -> carved floral block -> stepped ring -> bead-and-reel band -> inlaid rosette square -> carved floral block -> finial). Each stage is a separate solid; adding or dropping a stage rescales the post without new geometry.
FC-09-69_146_1,69.146.1,finial,carved dome cap,"2 (both VISIBLE, one at close range)",VISIBLE,exact accepted donor reuse,Gadroon/lobe count on the dome; overall diameter; height of the square abacus it sits on.
FC-09-69_146_1,69.146.1,crest/cornice,tester cornice,"1 run, returning around 3 faces (front + 2 returns) VISIBLE",VISIBLE,parameterized recipe reuse,Run length and mitre return depth; number of fillet/cove members in the profile stack; height of the inlaid frieze band it carries.
FC-09-69_146_1,69.146.1,crest/cornice,carved wreath cartouche (applied centre ornament),1 VISIBLE,VISIBLE,exact accepted donor reuse,"Wreath ring diameter; leaf/blossom density around the ring; the inset shield panel is a swappable marquetry cell, so the same carved wreath can host different inlay."
FC-09-69_146_1,69.146.1,top slab,tester deck / canopy roof,1,PARTIALLY VISIBLE,parameterized recipe reuse,Plan footprint (projection over the bed) and thickness. Only the edge and the underside line are readable; the upper face is never shown.
FC-09-69_146_1,69.146.1,brace,ogee canopy strut / cyma bracket,"2 (both VISIBLE, one at close range)",VISIBLE,shared profile or curve reuse,"The cyma curve is a 2D profile swept to a constant thickness; span, rise, and thickness are all free. The same curve appears again at the headboard ends, so it is one curve asset with two length settings."
FC-09-69_146_1,69.146.1,bracket,headboard end bracket (large ogee),"2 (near VISIBLE, far PARTIALLY VISIBLE)",VISIBLE,shared profile or curve reuse,"Same cyma family as the canopy brace, mirrored and scaled; depth of the flat land at each terminal."
FC-09-69_146_1,69.146.1,bracket,small scroll bracket under headboard frieze,2 VISIBLE,VISIBLE,exact accepted donor reuse,Scale only; it is a small applied scroll block that could be seeded along any rail underside.
FC-09-69_146_1,69.146.1,rail,side rail,"2 (near face fully VISIBLE, far rail PARTIALLY VISIBLE from inside)",VISIBLE,parameterized recipe reuse,"Length (227 cm here), height, and the count of moulding members on top and bottom edges. The marquetry field is a separate inlay path stretched to the rail length."
FC-09-69_146_1,69.146.1,rail,footboard lower rail (inlaid),1 VISIBLE,VISIBLE,parameterized recipe reuse,Length; the terminal rosette-square cells at each end are a fixed-width cap while the floral scroll between them stretches.
FC-09-69_146_1,69.146.1,rail,footboard middle rail (gallery seat rail),1 VISIBLE,VISIBLE,parameterized recipe reuse,Length; mortise pitch for the spindles above it.
FC-09-69_146_1,69.146.1,rail,footboard top rail (gallery cap),1 VISIBLE,VISIBLE,parameterized recipe reuse,Length; whether it carries a bead run on its face.
FC-09-69_146_1,69.146.1,rail,headboard frieze rail (ribbon-and-flower band),1 VISIBLE,VISIBLE,parameterized recipe reuse,Length; the centre ribbon-knot is a fixed medallion with a stretchable scroll to either side — a two-part inlay layout that generalizes to any long band.
FC-09-69_146_1,69.146.1,rail,headboard gallery top rail,1 VISIBLE,VISIBLE,parameterized recipe reuse,Length; profile depth.
FC-09-69_146_1,69.146.1,gallery,open spindle gallery bay,"4 bays VISIBLE (2 flanking the headboard panel, 2 flanking the footboard panel)",VISIBLE,assembly-grammar reuse,"Bay width, spindle count per bay (3 in every bay here), and whether the bay is open (see-through) or backed. This is the single most transferable assembly rule in the object."
FC-09-69_146_1,69.146.1,turned spindle,gallery baluster,"12 VISIBLE (headboard 3+3, footboard 3+3)",VISIBLE,parameterized recipe reuse,"Two distinct lathe profiles are present: a long fluted shaft with stacked collar groups at both ends (headboard) and a short barrel-and-collar type (footboard). Shaft length, collar-group count, and flute count are the free parameters; the collar group is itself a reusable sub-profile."
FC-09-69_146_1,69.146.1,panel frame,moulded panel surround,"3 VISIBLE (headboard upper, headboard lower field, footboard)",VISIBLE,parameterized recipe reuse,Aperture width and height; number of steps in the ovolo/cove stack; corner treatment is a plain mitre throughout.
FC-09-69_146_1,69.146.1,floating panel,marquetry panel (urn and blossom),"2 VISIBLE (headboard upper, footboard)",VISIBLE,exact accepted donor reuse,"Aspect ratio: the headboard panel is near-square-ish landscape, the footboard panel is a long landscape strip, and the same urn-with-flowering-branches composition is re-laid out for each. Panel field size and blossom density are the knobs."
FC-09-69_146_1,69.146.1,floating panel,lower headboard panel bays,NOT DETERMINABLE (4-5 bays suggested by the vertical moulding runs; the ebonized surface hides the joints),PARTIALLY VISIBLE,parameterized recipe reuse,Bay count across a fixed overall width; bay width; whether bays are flush or recessed.
FC-09-69_146_1,69.146.1,moulding run,bead-and-reel / rosette-chain carved strip,"4 VISIBLE (one each side of the headboard panel, one each side of the footboard panel)",VISIBLE,exact accepted donor reuse,Run length and bead pitch; the bead unit is a single carved cell instanced along a path. Directly reusable as an edge treatment on any case piece.
FC-09-69_146_1,69.146.1,moulding run,vertical muntin strips dividing the lower headboard,NOT DETERMINABLE (3-4 discernible),PARTIALLY VISIBLE,parameterized recipe reuse,Spacing and count across a panel width.
FC-09-69_146_1,69.146.1,plinth,moulded base run under side rail and footboard,1 continuous run VISIBLE on the near and foot faces,VISIBLE,parameterized recipe reuse,"Projection and member count; it terminates in a moulded block over each foot, so the block/run split is a reusable pattern."
FC-09-69_146_1,69.146.1,foot,turned foot,"3 VISIBLE (near headboard foot, both footposts); 4th inferred by symmetry",VISIBLE,exact accepted donor reuse,Height and diameter; number of turned rings above the castor socket.
FC-09-69_146_1,69.146.1,castor,castor,3 VISIBLE; 4th inferred by symmetry,VISIBLE,exact accepted donor reuse,"Wheel diameter and socket cup depth. One asset, used on every heavy Victorian case piece and seat."
FC-09-69_146_1,69.146.1,pintle,iron bed-rail pin (knock-down fastening),"2 VISIBLE on the near headboard stile end (one at rail-top height with the rusted iron pin clearly exposed, one higher on the stile); 8 total inferred at 2 per rail end",VISIBLE,exact accepted donor reuse,Pin diameter and projection; plate size. This is the one piece of genuinely hard construction evidence in the record and it generalizes to any knock-down frame.
FC-09-69_146_1,69.146.1,strap/band,iron hook plate let into the rail end (mates the pintle),NOT DETERMINABLE,INFERRED FROM TYPE,parameterized recipe reuse,Slot count and spacing must match the pintle pair. Asserted because a projecting pintle has no function without a mating hook; the plate itself is never shown.
FC-09-69_146_1,69.146.1,runner,slat ledger / cleat inside the side rails,NOT DETERMINABLE,INFERRED FROM TYPE,parameterized recipe reuse,"Ledger height above the rail bottom; length. Asserted from bed type, not seen — the interior is photographed only at a grazing angle."
FC-09-69_146_1,69.146.1,textile support,mattress slats or sacking,NOT DETERMINABLE,NOT DETERMINABLE,parameterized recipe reuse,Slat count and pitch across the 176.5 cm width. No slats are present in any view; the bed is displayed empty and the floor is visible through the frame.
FC-09-69_146_1,69.146.1,back board,headboard rear face and its framing,NOT DETERMINABLE,NOT DETERMINABLE,parameterized recipe reuse,Whether the rear is a framed-and-panelled construction mirroring the front or a plain secondary-wood back. No rear view exists in the record.
FC-09-69_146_1,69.146.1,inlay path,marquetry border band (linear),"8+ distinct runs VISIBLE (2 full-height stile paths, 2 curved paths on the canopy braces, 1 cornice frieze run over 3 faces, 2 side-rail runs, 2 footboard rail runs)",VISIBLE,parameterized recipe reuse,"Path length and, critically, path CURVATURE — the same blossom-and-leaf band is laid straight on rails and stiles and bent around the ogee braces. Band width and motif pitch are the other knobs."
FC-09-69_146_1,69.146.1,inlay path,framed rosette square (circular/rotational cell),"8+ VISIBLE (post junctions, rail terminals, stile-to-brace junctions)",VISIBLE,exact accepted donor reuse,Cell size only. It is the punctuation mark used wherever a linear path turns a corner or terminates — a placement rule as much as a shape.
FC-09-69_146_1,69.146.1,repeated ornament master,peony blossom and leaf-spray marquetry unit,"Hundreds of instances; master count is small (1 blossom master with rotations, 1 leaf master with rotations, 1 urn master)",VISIBLE,exact accepted donor reuse,"Instance density, rotation, and scale. The urn is a separate one-off master used as a composition anchor at panel centres. This is the highest-leverage asset in the whole object."
FC-09-69_146_1,69.146.1,repeated ornament master,carved floral relief block (footpost),"4 blocks VISIBLE (2 per footpost), each carved on all 4 faces",VISIBLE,exact accepted donor reuse,"Block height and face width; relief depth. The same carved face is repeated around the block, so one carved tile drives the whole component."
FC-09-1954_151,1954.151,post,,"4 VISIBLE (2 tall head-end posts, 2 shorter foot-end posts)",VISIBLE,parameterized recipe reuse,"Height only. The object itself proves the parameter: the head-end pair and foot-end pair are the SAME square fluted post recipe (5-flute face, carved acanthus capital, cap block) run at two different lengths (published parts 163.2 cm vs 132.7 cm). Also parametric: flute count, flute stop height, capital leaf density, whether the shaft is gilded on all four faces (rear faces are left in bare wood —"
FC-09-1954_151,1954.151,plinth,finial cap block,4 VISIBLE,VISIBLE,exact accepted donor reuse,Square cap block sitting on the post capital and carrying the corner finial. Varies only in plan dimension and in the moulding profile of its ovolo/leaf-tip band.
FC-09-1954_151,1954.151,front leg,,2 VISIBLE (foot end),VISIBLE,exact accepted donor reuse,"Turned, tapered, fluted leg with a carved acanthus/water-leaf collar at the top and a toupie terminal. Variation: length, taper ratio, flute count, collar leaf count, presence/absence of the collar. This is the single most portable turning on the object."
FC-09-1954_151,1954.151,rear leg/stile,,2 VISIBLE (head end),VISIBLE,exact accepted donor reuse,"IDENTICAL turning to the foot-end legs — this object demonstrates that one leg master serves all four corners. CRITICAL DIVERGENCE FROM THE BASELINE: this is NOT a continuous rear leg-and-stile. alt4, alt7 and alt8 show the leg as a separate turned member below a square die/corner block, with the fluted post starting again above it. Variation axis is length and taper only."
FC-09-1954_151,1954.151,foot,toupie foot,4,INFERRED FROM TYPE,shared profile or curve reuse,"Compressed bun/toupie terminal with a carved leaf-tip band, apparently turned in one with the leg blank (no glue line resolvable at web resolution). Variation: bun height/width ratio, leaf-tip count, or swap to a plain pad."
FC-09-1954_151,1954.151,rail,,2 VISIBLE (side rails),VISIBLE,parameterized recipe reuse,"Thick shaped side rail, BOWED OUTWARD IN PLAN and serpentine in elevation, sawn from a wide board. Its structural core is bare wood; all gilt ornament is applied to the outer face only. Variation: length, bow radius in plan, depth of the serpentine sag at mid-span, whether the ends are knockdown or fixed."
FC-09-1954_151,1954.151,rail,,"2 VISIBLE (1 head-end bottom rail, 1 foot-end bottom rail)",VISIBLE,parameterized recipe reuse,"Straight bottom rail spanning post to post and closing the base of each end frame. Head-end version is left as plain unfinished wood on both faces (alt19, alt20); foot-end version carries the full gilt apron. Variation: length, and finished-vs-plain treatment as a visibility-driven switch."
FC-09-1954_151,1954.151,crest/cornice,arched cresting,2 VISIBLE (1 per end),VISIBLE,parameterized recipe reuse,"Shaped arched top rail, built up from laminated curved segments (lamination lines visible in alt9/alt10/alt11), stepping down through an ogee shoulder to the post cap. Variation: arch span, arch rise, shoulder step height, and the density of applied garland on its face."
FC-09-1954_151,1954.151,brace,,"2 VISIBLE (head end, pencilled LEFT HEAD and RIGHT HEAD); 4 implied by the two matching ends",VISIBLE,shared profile or curve reuse,"Shaped sawn console behind each arch shoulder, tying the laminated crest down to the post; drilled with two large round holes (weight relief or fixing) and fitted with a let-in iron keeper plate. Variation: arc radius, hole count/position, thickness."
FC-09-1954_151,1954.151,panel frame,,2 VISIBLE (one shaped frame per end),VISIBLE,assembly-grammar reuse,"The frame is not a joinery unit of its own — it is the ASSEMBLY of post + post + bottom rail + arched crest, enclosing one arch-topped field. That grammar (two uprights, one straight bottom, one arched top, upholstered field between) is the reusable thing. Variation: aspect ratio, arched vs straight top, single field vs subdivided."
FC-09-1954_151,1954.151,apron,,3 VISIBLE (both side rails and the foot end); the head-end bottom rail carries no apron,VISIBLE,parameterized recipe reuse,"Pierced band of linked circles, each holding a rosette, framed above and below by reeded/beaded borders, with applied floral garland swags hanging below and a carved trophy at mid-span (alt2). Variation: run length, repeat count of the circle unit (roughly 22–24 across the foot end), number of garland drops, presence/absence of the central trophy."
FC-09-1954_151,1954.151,moulding run,,"At least 4 distinct profiles VISIBLE (bead-and-reel, ribbon-twist/guilloche, leaf-tip, plain fillet); total linear runs NOT DETERMINABLE",VISIBLE,exact accepted donor reuse,"Pure sweep-along-curve donors: one profile section, any path. Variation: bead diameter/pitch, twist pitch, and whether the run is straight or follows the crest arc."
FC-09-1954_151,1954.151,trim path,,"2 concentric runs per upholstered face VISIBLE (an outer gilt bead run on the frame, an inner dark close-set border against the silk); a woven braid also runs along the bottom of the head-end outer face",VISIBLE,parameterized recipe reuse,"Border path follows the shaped panel outline exactly. Variation: number of concentric runs, bead/nail pitch, braid width. NOTE: at web resolution the inner dark run cannot be resolved as carved ungilded beading versus close-set upholstery nails — either reading gives the same swept-path geometry."
FC-09-1954_151,1954.151,cover shell,embroidered satin,3 faces VISIBLE (head-end inner: heron and nest; head-end outer: flower basket; foot-end outer: straw hat and musical trophy). Foot-end inner face NOT DETERMINABLE,VISIBLE,parameterized recipe reuse,"Each face is a single stretched embroidered silk-satin field with a DIFFERENT pictorial centre but a shared floral-garland border logic. This is the cleanest texture-variation slot on the object: one shaped UV field, swappable centre motif. Variation: motif, ground colour, border garland density."
FC-09-1954_151,1954.151,padding mass,,4 (one per panel face),INFERRED FROM TYPE,parameterized recipe reuse,"Thin and flat — the silk reads as taut over a shallow build-up, not a sprung cushion. No view opens a panel. Variation: crown height, edge roll presence."
FC-09-1954_151,1954.151,upholstery webbing,,NOT DETERMINABLE,NOT DETERMINABLE,parameterized recipe reuse,"No view exposes the back of any upholstered field; both faces of each end are covered, so the foundation is sealed inside. Cannot assert webbing versus a solid boarded ground."
FC-09-1954_151,1954.151,textile support,sommier / mattress support,NOT DETERMINABLE,PARTIALLY VISIBLE,parameterized recipe reuse,"alt1 shows a mattress in place; alt8 shows a continuous stepped rebate along the inner face of the side rail that would carry a base, plus large plugged dowel holes. Whether the base is sangles, slats or a boarded sommier is NOT determinable from any supplied view. Variation: ledge height within the rail, support type."
FC-09-1954_151,1954.151,pintle,bed hook / bed bolt,2 VISIBLE at the head-end / right-side-rail joint; 8 implied by the four identical rail-to-post joints,VISIBLE,exact accepted donor reuse,"Round-headed iron pins housed in slots cut into a projecting block on the rail end, each head pierced by a rectangular slot (alt7, alt8). This is a knockdown bed-hook-and-key joint, fully exposed. Variation: pin count per joint (2 here), pin diameter, spacing."
FC-09-1954_151,1954.151,wedge/key,,NOT DETERMINABLE,INFERRED FROM TYPE,exact accepted donor reuse,"The rectangular slots through the pin heads exist to take tapered keys, but NO key is present in any view — the slots photograph empty. Asserted from joint type only. Variation: taper angle, head form."
FC-09-1954_151,1954.151,strap/band,,"2 iron plates VISIBLE let flush into the top edge of one side rail, plus 1 keeper on a head-end brace; total NOT DETERMINABLE",PARTIALLY VISIBLE,exact accepted donor reuse,"Thin rectangular ferrous plates inlet flush into the timber (alt8 crop, alt11). Function reads as reinforcement/keeper for the knockdown joint. Variation: length, inlet depth, count per rail."
FC-09-1954_151,1954.151,finial,,"4 VISIBLE (corner finials, one per post)",VISIBLE,exact accepted donor reuse,"Bound-reed / flaming-vase form wrapped in a spiral floral garland, standing on the post cap block. All four read as the same master. Variation: overall height, garland turn count, swap of the core between reed bundle, urn and torch."
FC-09-1954_151,1954.151,finial,,"2 VISIBLE (crest finials, one per end)",VISIBLE,parameterized recipe reuse,"Fluted torch/quiver with looped drapery, flanked by two rosette-centred volute scrolls on a foliate cartouche base (alt16, alt17). Head-end and foot-end instances are the same master at different scale. Variation: scale, volute spread, cartouche width."
FC-09-1954_151,1954.151,repeated ornament master,rosette in pierced circle,NOT DETERMINABLE across the whole object; roughly 22–24 units in the foot-end apron run alone,VISIBLE,exact accepted donor reuse,"The apron's atomic unit: a pierced ring enclosing a many-petalled rosette. Variation: ring diameter, petal count, pierce-through vs solid ground, linear pitch."
FC-09-1954_151,1954.151,repeated ornament master,rose garland / swag,"NOT DETERMINABLE (multiple drops per apron run, plus swags on both crests and spiral garlands on all 4 corner finials)",VISIBLE,exact accepted donor reuse,"Applied carved rose-and-leaf garland. alt6 shows one from behind: a separately carved element SCREWED to a plain sawn backing, which is exactly the applied-ornament workflow to copy. Variation: swag length, sag depth, flower density, and whether it is hung as a drop, a spiral or a continuous run."
FC-09-1954_151,1954.151,repeated ornament master,acanthus collar; rosette die,4 VISIBLE (one at the head of each leg); 2 further square rosette dies VISIBLE at the foot-end corners,VISIBLE,exact accepted donor reuse,"Two small masters: the leaf collar that caps every leg turning, and the square foliate panel with a central rosette that fills each corner die block. Variation: leaf count, panel size, rosette petal count."
FC-10-1971_281,1971.281,front leg,corner stile / style,2,VISIBLE,parameterized recipe reuse,"length below the lower rail (sets floor clearance), square section width, degree of chamfer/wear rounding at the foot; same recipe drives chest, bench, settle, cupboard, and table-frame corners"
FC-10-1971_281,1971.281,rear leg/stile,corner stile,2,VISIBLE,parameterized recipe reuse,"section is notably THINNER and more board-like than the front legs, with a slight downward taper — the taper amount, thickness, and whether front/rear sections match are the parameters; a 'show face vs. back face' economy rule reusable across every cased piece"
FC-10-1971_281,1971.281,post,muntin,2,VISIBLE,parameterized recipe reuse,"count (drives how many panels the front carries), width, and spacing; 0 posts = single-panel front, 3 posts = four-panel front"
FC-10-1971_281,1971.281,rail,NOT STATED,"3 visible (front upper, front lower, rear lower)",PARTIALLY VISIBLE,parameterized recipe reuse,"depth of the upper (lock) rail vs. lower rail, run length, and whether the lower edge is left straight (as here on the front) or cut to a curve; corresponding side and rear-upper rails are not resolvable — the back board runs straight to the lid without one"
FC-10-1971_281,1971.281,panel frame,NOT STATED,1 (the front face assembly),VISIBLE,assembly-grammar reuse,"the grammar is stile–muntin–muntin–stile crossed by upper and lower rail, all pegged; retarget by changing bay count and bay aspect ratio to produce cupboard doors, wall panelling, bed heads, screen sections"
FC-10-1971_281,1971.281,floating panel,linenfold panel,3,VISIBLE,parameterized recipe reuse,"panel blank width/height and thickness; the blank is separable from its carved face, so a plain, a carved, and a pierced variant all share one groove-set blank"
FC-10-1971_281,1971.281,repeated ornament master,linenfold carving,"9 fold units (3 per panel x 3 panels), each with a cusped terminal top and bottom = 18 terminals; 2 narrow beaded ribs per panel = 6",VISIBLE,exact accepted donor reuse,"fold width, fold count per panel, terminal motif (cross-pommee/foliate cusp here), and bead pitch on the narrow ribs; density scales from austere 2-fold to crowded 5-fold without redrawing the master"
FC-10-1971_281,1971.281,moulding run,NOT STATED,3 openings on the front carry a continuous chamfer/step; profile section NOT DETERMINABLE,PARTIALLY VISIBLE,shared profile or curve reuse,"a single small chamfer/ovolo section swept around every panel opening — swap the section (chamfer, ovolo, cavetto, roll) to reskin a whole period of framed joinery"
FC-10-1971_281,1971.281,apron,arched foot cut in the end board,2,VISIBLE,shared profile or curve reuse,"this is the shaped lower EDGE of each side board, not a separate member — an ogee-shouldered arch springing between the two stiles; arch height, springing point, and cusping are the parameters, and the same curve retargets to bench ends, aumbry ends, and stool ends"
FC-10-1971_281,1971.281,side board,end board,"2 (left fully visible; right only partially, through the open underframe)",PARTIALLY VISIBLE,parameterized recipe reuse,"a single wide riven plank housed in the stiles, left plain with no framing or panel — width, height, and the arch cut at its foot; whether it is one plank or two edge-joined is not resolvable"
FC-10-1971_281,1971.281,back board,NOT STATED,1 wide plank visible above the rear lower rail,VISIBLE,parameterized recipe reuse,"left completely unfinished, tool-marked and grey against the polished front — the show-face/hidden-face split is the reusable rule; plank count and fixing pattern (a vertical row of peg/nail points runs down the stile line) are the parameters"
FC-10-1971_281,1971.281,lid,hinged top plank,1,VISIBLE,parameterized recipe reuse,"single thick plank with a plain square edge overhanging on all four sides; overhang amount, thickness, and edge treatment vary; upper face is dished and split from use, giving a wear-state axis (pristine / worn / split-and-repaired)"
FC-10-1971_281,1971.281,brace,cleat / batten,2,VISIBLE,parameterized recipe reuse,"end cleats screwed to the lid underside with modern slotted screws in pale unpatinated wood — clearly a later repair, not original; length, taper of the chamfered ends, and fixing type (peg vs. nail vs. screw) double as a 'this piece has been repaired' storytelling axis"
FC-10-1971_281,1971.281,hinge leaf,NOT STATED,4 leaves (2 strap hinges) visible,VISIBLE,exact accepted donor reuse,"wrought iron straps, the lid leaf long and tapering to a spade/arrow terminal, the carcass leaf turned down onto the inner face of the back board; strap length, terminal shape, and nail count vary — count scales with lid length (2 here, 3 on a longer chest)"
FC-10-1971_281,1971.281,lock/escutcheon,NOT STATED,1,VISIBLE,exact accepted donor reuse,"a rectangular iron plate let into the centre of the front upper rail, keyhole legible from the interior face; plate outline, keyhole shape, and fixing-nail pattern vary — the single highest-value small iron donor in the corpus so far"
FC-10-1971_281,1971.281,latch,hasp,1,VISIBLE,exact accepted donor reuse,"the lid-mounted half of the lock: a tapered iron plate on the lid front edge dropping to a slotted tongue that engages the lock plate; blade taper, tongue length, and whether it hangs free or is sprung"
FC-10-1971_281,1971.281,wedge/key,peg / trenail,"NOT DETERMINABLE (many visible: a vertical row of roughly 4-5 down the front-left stile fixing the side board, plus at least 2 in the front lower rail and more at the rail/stile crossings)",VISIBLE,exact accepted donor reuse,"proud-standing round oak pegs, slightly irregular; diameter, protrusion, and placement grid — a single peg donor plus a placement rule fixes every joint on every joined-oak object in the library"
FC-10-1971_281,1971.281,shelf,chest bottom / floor boards,NOT DETERMINABLE,PARTIALLY VISIBLE,parameterized recipe reuse,"the interior floor is visible from above as a plain boarded surface set above the lower rails; board count, run direction, and whether it is grooved into the rails or simply laid and nailed are not resolvable"
FC-10-1971_281,1971.281,foot,NOT STATED,4,VISIBLE,shared profile or curve reuse,"NOT a separate joined part — each foot is simply the stile continuing past the lower rail to the floor, with worn rounded ends; foot height (here roughly 15 cm of open clearance), and whether the profile stays square or is cut to a bracket"
FC-10-1984_161,"1984.161 (Cleveland Museum of Art) — ""Chest"", oak and pine, America, Massachusetts, perhaps Salem, c. 1700; 77.5 x 115.3 x 53.7 cm; CC0. Object as seen: a joined, lift-top oak chest-over-drawer (one long drawer), frame-and-panel front of three bays with applied geometric mouldings, applied split spindles, turned ball feet, interior till at the right end, mortised iron lock.",rear leg/stile,corner stile / post,4,PARTIALLY VISIBLE,parameterized recipe reuse,"height, square section, whether the stile terminates at a base moulding (as here) or continues to the floor as a foot"
FC-10-1984_161,"1984.161 (Cleveland Museum of Art) — ""Chest"", oak and pine, America, Massachusetts, perhaps Salem, c. 1700; 77.5 x 115.3 x 53.7 cm; CC0. Object as seen: a joined, lift-top oak chest-over-drawer (one long drawer), frame-and-panel front of three bays with applied geometric mouldings, applied split spindles, turned ball feet, interior till at the right end, mortised iron lock.",post,muntin (intermediate front upright),2,VISIBLE,parameterized recipe reuse,"count drives panel-bay count (2 muntins = 3 bays); width, section, and whether it carries applied spindles"
FC-10-1984_161,"1984.161 (Cleveland Museum of Art) — ""Chest"", oak and pine, America, Massachusetts, perhaps Salem, c. 1700; 77.5 x 115.3 x 53.7 cm; CC0. Object as seen: a joined, lift-top oak chest-over-drawer (one long drawer), frame-and-panel front of three bays with applied geometric mouldings, applied split spindles, turned ball feet, interior till at the right end, mortised iron lock.",rail,rail / drawer blade,"At least 8 visible: front top rail (lock rail), front mid rail above drawer, front lower rail under drawer, left-end top/mid/bottom rails, rear top rail, rear lower rail. Right-end rails not shown; total NOT DETERMINABLE",PARTIALLY VISIBLE,parameterized recipe reuse,"length, height, whether grooved for panels, rebated for bottom boards, or mortised for a lock"
FC-10-1984_161,"1984.161 (Cleveland Museum of Art) — ""Chest"", oak and pine, America, Massachusetts, perhaps Salem, c. 1700; 77.5 x 115.3 x 53.7 cm; CC0. Object as seen: a joined, lift-top oak chest-over-drawer (one long drawer), frame-and-panel front of three bays with applied geometric mouldings, applied split spindles, turned ball feet, interior till at the right end, mortised iron lock.",panel frame,joined frame (stiles + rails + muntins),"3 assemblies (front, left end, right end); right end inferred by symmetry",PARTIALLY VISIBLE,assembly-grammar reuse,"bay count, bay proportion, and whether the frame receives applied ornament or is left plain"
FC-10-1984_161,"1984.161 (Cleveland Museum of Art) — ""Chest"", oak and pine, America, Massachusetts, perhaps Salem, c. 1700; 77.5 x 115.3 x 53.7 cm; CC0. Object as seen: a joined, lift-top oak chest-over-drawer (one long drawer), frame-and-panel front of three bays with applied geometric mouldings, applied split spindles, turned ball feet, interior till at the right end, mortised iron lock.",floating panel,panel,"5 visible (3 front, 2 left end); right-end panels never shown",VISIBLE,parameterized recipe reuse,"panel aspect ratio, flat vs raised field, and ornament density applied on top"
FC-10-1984_161,"1984.161 (Cleveland Museum of Art) — ""Chest"", oak and pine, America, Massachusetts, perhaps Salem, c. 1700; 77.5 x 115.3 x 53.7 cm; CC0. Object as seen: a joined, lift-top oak chest-over-drawer (one long drawer), frame-and-panel front of three bays with applied geometric mouldings, applied split spindles, turned ball feet, interior till at the right end, mortised iron lock.",trim path,applied mitred moulding border,"5 closed paths visible (3 front panel borders, 2 drawer-front compartment borders)",VISIBLE,shared profile or curve reuse,"path shape (rectangle vs octagon), path perimeter, mitre count, moulding section swept along it"
FC-10-1984_161,"1984.161 (Cleveland Museum of Art) — ""Chest"", oak and pine, America, Massachusetts, perhaps Salem, c. 1700; 77.5 x 115.3 x 53.7 cm; CC0. Object as seen: a joined, lift-top oak chest-over-drawer (one long drawer), frame-and-panel front of three bays with applied geometric mouldings, applied split spindles, turned ball feet, interior till at the right end, mortised iron lock.",repeated ornament master,"applied moulding blocks (chevron, trapezoid, octagon boss, stepped rectangle)",6 distinct masters visible; left and right front panels are mirror-identical instances of the same set,VISIBLE,exact accepted donor reuse,"instance count per panel, scale, mirroring, and swap of one master for another within the same layout slot"
FC-10-1984_161,"1984.161 (Cleveland Museum of Art) — ""Chest"", oak and pine, America, Massachusetts, perhaps Salem, c. 1700; 77.5 x 115.3 x 53.7 cm; CC0. Object as seen: a joined, lift-top oak chest-over-drawer (one long drawer), frame-and-panel front of three bays with applied geometric mouldings, applied split spindles, turned ball feet, interior till at the right end, mortised iron lock.",moulding run,lid-edge thumbnail moulding; base moulding,2 runs visible (lid edge; base/plinth cap),VISIBLE,shared profile or curve reuse,"profile section, run length, mitre at corners, overhang depth"
FC-10-1984_161,"1984.161 (Cleveland Museum of Art) — ""Chest"", oak and pine, America, Massachusetts, perhaps Salem, c. 1700; 77.5 x 115.3 x 53.7 cm; CC0. Object as seen: a joined, lift-top oak chest-over-drawer (one long drawer), frame-and-panel front of three bays with applied geometric mouldings, applied split spindles, turned ball feet, interior till at the right end, mortised iron lock.",turned spindle,"split spindle (turned, sawn in half, glued on)","14 visible: 8 on the upper front (4 stations x 2), 4 on the case stiles at drawer level (2 stations x 2), 2 on the drawer front",VISIBLE,exact accepted donor reuse,"turning profile (bead/ring/baluster sequence), length, diameter, station count; split half vs full round"
FC-10-1984_161,"1984.161 (Cleveland Museum of Art) — ""Chest"", oak and pine, America, Massachusetts, perhaps Salem, c. 1700; 77.5 x 115.3 x 53.7 cm; CC0. Object as seen: a joined, lift-top oak chest-over-drawer (one long drawer), frame-and-panel front of three bays with applied geometric mouldings, applied split spindles, turned ball feet, interior till at the right end, mortised iron lock.",lid,lift top,1 (built of 3 edge-joined boards),VISIBLE,parameterized recipe reuse,"board count and width, overhang, edge-moulding profile, thickness"
FC-10-1984_161,"1984.161 (Cleveland Museum of Art) — ""Chest"", oak and pine, America, Massachusetts, perhaps Salem, c. 1700; 77.5 x 115.3 x 53.7 cm; CC0. Object as seen: a joined, lift-top oak chest-over-drawer (one long drawer), frame-and-panel front of three bays with applied geometric mouldings, applied split spindles, turned ball feet, interior till at the right end, mortised iron lock.",brace,lid end cleat / batten,2 (one per lid end),VISIBLE,parameterized recipe reuse,"cleat width, fixing pattern (pegs vs screws), whether the cleat is moulded to match the lid edge"
FC-10-1984_161,"1984.161 (Cleveland Museum of Art) — ""Chest"", oak and pine, America, Massachusetts, perhaps Salem, c. 1700; 77.5 x 115.3 x 53.7 cm; CC0. Object as seen: a joined, lift-top oak chest-over-drawer (one long drawer), frame-and-panel front of three bays with applied geometric mouldings, applied split spindles, turned ball feet, interior till at the right end, mortised iron lock.",hinge leaf,lid hinge (type not shown),NOT DETERMINABLE,INFERRED FROM TYPE,parameterized recipe reuse,"iron butt/strap leaf vs wooden pintle; leaf length, knuckle count, pivot spacing along the rear rail"
FC-10-1984_161,"1984.161 (Cleveland Museum of Art) — ""Chest"", oak and pine, America, Massachusetts, perhaps Salem, c. 1700; 77.5 x 115.3 x 53.7 cm; CC0. Object as seen: a joined, lift-top oak chest-over-drawer (one long drawer), frame-and-panel front of three bays with applied geometric mouldings, applied split spindles, turned ball feet, interior till at the right end, mortised iron lock.",lock/escutcheon,"iron lock mortised behind the front top rail; plain keyhole, no applied escutcheon plate",1 lock + 1 keyhole,VISIBLE,exact accepted donor reuse,"plate size, keyhole shape, presence/absence of a decorative escutcheon over the keyhole"
FC-10-1984_161,"1984.161 (Cleveland Museum of Art) — ""Chest"", oak and pine, America, Massachusetts, perhaps Salem, c. 1700; 77.5 x 115.3 x 53.7 cm; CC0. Object as seen: a joined, lift-top oak chest-over-drawer (one long drawer), frame-and-panel front of three bays with applied geometric mouldings, applied split spindles, turned ball feet, interior till at the right end, mortised iron lock.",latch,iron catch / strike plate screwed to the lid underside,1,VISIBLE,exact accepted donor reuse,"plate length, staple count (two here), fixing type"
FC-10-1984_161,"1984.161 (Cleveland Museum of Art) — ""Chest"", oak and pine, America, Massachusetts, perhaps Salem, c. 1700; 77.5 x 115.3 x 53.7 cm; CC0. Object as seen: a joined, lift-top oak chest-over-drawer (one long drawer), frame-and-panel front of three bays with applied geometric mouldings, applied split spindles, turned ball feet, interior till at the right end, mortised iron lock.",side board,till front board (interior divider),1,VISIBLE,parameterized recipe reuse,"position along the chest length, height, chamfer on the top edge, whether housed in grooves in front and rear rails"
FC-10-1984_161,"1984.161 (Cleveland Museum of Art) — ""Chest"", oak and pine, America, Massachusetts, perhaps Salem, c. 1700; 77.5 x 115.3 x 53.7 cm; CC0. Object as seen: a joined, lift-top oak chest-over-drawer (one long drawer), frame-and-panel front of three bays with applied geometric mouldings, applied split spindles, turned ball feet, interior till at the right end, mortised iron lock.",lid,till lid,1,VISIBLE,parameterized recipe reuse,"footprint, edge chamfer, pivot placement; hinged vs loose-fitting cover"
FC-10-1984_161,"1984.161 (Cleveland Museum of Art) — ""Chest"", oak and pine, America, Massachusetts, perhaps Salem, c. 1700; 77.5 x 115.3 x 53.7 cm; CC0. Object as seen: a joined, lift-top oak chest-over-drawer (one long drawer), frame-and-panel front of three bays with applied geometric mouldings, applied split spindles, turned ball feet, interior till at the right end, mortised iron lock.",pintle,till lid pivot pin,NOT DETERMINABLE,INFERRED FROM TYPE,parameterized recipe reuse,integral wooden pin vs separate dowel; pin diameter and socket depth
FC-10-1984_161,"1984.161 (Cleveland Museum of Art) — ""Chest"", oak and pine, America, Massachusetts, perhaps Salem, c. 1700; 77.5 x 115.3 x 53.7 cm; CC0. Object as seen: a joined, lift-top oak chest-over-drawer (one long drawer), frame-and-panel front of three bays with applied geometric mouldings, applied split spindles, turned ball feet, interior till at the right end, mortised iron lock.",shelf,till bottom board,NOT DETERMINABLE,INFERRED FROM TYPE,parameterized recipe reuse,"height above the chest floor, board count, housed in grooves vs nailed on cleats"
FC-10-1984_161,"1984.161 (Cleveland Museum of Art) — ""Chest"", oak and pine, America, Massachusetts, perhaps Salem, c. 1700; 77.5 x 115.3 x 53.7 cm; CC0. Object as seen: a joined, lift-top oak chest-over-drawer (one long drawer), frame-and-panel front of three bays with applied geometric mouldings, applied split spindles, turned ball feet, interior till at the right end, mortised iron lock.",back board,"riven oak back boards (vertical, feather-edged)",At least 6 visible; full count NOT DETERMINABLE,VISIBLE,parameterized recipe reuse,"board count and width, orientation (vertical here), edge treatment (feather/chamfer/rebate), nailed vs grooved"
FC-10-1984_161,"1984.161 (Cleveland Museum of Art) — ""Chest"", oak and pine, America, Massachusetts, perhaps Salem, c. 1700; 77.5 x 115.3 x 53.7 cm; CC0. Object as seen: a joined, lift-top oak chest-over-drawer (one long drawer), frame-and-panel front of three bays with applied geometric mouldings, applied split spindles, turned ball feet, interior till at the right end, mortised iron lock.",shelf,chest bottom boards,"4 boards visible, running front to back",VISIBLE,parameterized recipe reuse,"board count, run direction, seated in rebated rails vs nailed to cleats"
FC-10-1984_161,"1984.161 (Cleveland Museum of Art) — ""Chest"", oak and pine, America, Massachusetts, perhaps Salem, c. 1700; 77.5 x 115.3 x 53.7 cm; CC0. Object as seen: a joined, lift-top oak chest-over-drawer (one long drawer), frame-and-panel front of three bays with applied geometric mouldings, applied split spindles, turned ball feet, interior till at the right end, mortised iron lock.",drawer front,drawer front,1 (single full-width drawer faced to read as two),VISIBLE,parameterized recipe reuse,"width, height, number of faux compartments in the applied moulding layout, lipped vs flush"
FC-10-1984_161,"1984.161 (Cleveland Museum of Art) — ""Chest"", oak and pine, America, Massachusetts, perhaps Salem, c. 1700; 77.5 x 115.3 x 53.7 cm; CC0. Object as seen: a joined, lift-top oak chest-over-drawer (one long drawer), frame-and-panel front of three bays with applied geometric mouldings, applied split spindles, turned ball feet, interior till at the right end, mortised iron lock.",drawer side,drawer side,2,VISIBLE,parameterized recipe reuse,"depth, thickness, top-edge chamfer, presence of a side groove for side-hung running"
FC-10-1984_161,"1984.161 (Cleveland Museum of Art) — ""Chest"", oak and pine, America, Massachusetts, perhaps Salem, c. 1700; 77.5 x 115.3 x 53.7 cm; CC0. Object as seen: a joined, lift-top oak chest-over-drawer (one long drawer), frame-and-panel front of three bays with applied geometric mouldings, applied split spindles, turned ball feet, interior till at the right end, mortised iron lock.",back board,drawer back,1,PARTIALLY VISIBLE,parameterized recipe reuse,"height relative to sides, joint to sides, thickness"
FC-10-1984_161,"1984.161 (Cleveland Museum of Art) — ""Chest"", oak and pine, America, Massachusetts, perhaps Salem, c. 1700; 77.5 x 115.3 x 53.7 cm; CC0. Object as seen: a joined, lift-top oak chest-over-drawer (one long drawer), frame-and-panel front of three bays with applied geometric mouldings, applied split spindles, turned ball feet, interior till at the right end, mortised iron lock.",drawer bottom,pine drawer bottom boards,"5 boards visible, running front to back, nailed",VISIBLE,parameterized recipe reuse,"board count and run direction, nailed vs grooved, flush vs rebated"
FC-10-1984_161,"1984.161 (Cleveland Museum of Art) — ""Chest"", oak and pine, America, Massachusetts, perhaps Salem, c. 1700; 77.5 x 115.3 x 53.7 cm; CC0. Object as seen: a joined, lift-top oak chest-over-drawer (one long drawer), frame-and-panel front of three bays with applied geometric mouldings, applied split spindles, turned ball feet, interior till at the right end, mortised iron lock.",runner,drawer runner,NOT DETERMINABLE,INFERRED FROM TYPE,parameterized recipe reuse,"side-hung strip in a drawer-side groove vs bottom-run bearer; length, section, fixing"
FC-10-1984_161,"1984.161 (Cleveland Museum of Art) — ""Chest"", oak and pine, America, Massachusetts, perhaps Salem, c. 1700; 77.5 x 115.3 x 53.7 cm; CC0. Object as seen: a joined, lift-top oak chest-over-drawer (one long drawer), frame-and-panel front of three bays with applied geometric mouldings, applied split spindles, turned ball feet, interior till at the right end, mortised iron lock.",guide,drawer guide,NOT DETERMINABLE,INFERRED FROM TYPE,parameterized recipe reuse,side guide vs kicker above; length and offset from the case side
FC-10-1984_161,"1984.161 (Cleveland Museum of Art) — ""Chest"", oak and pine, America, Massachusetts, perhaps Salem, c. 1700; 77.5 x 115.3 x 53.7 cm; CC0. Object as seen: a joined, lift-top oak chest-over-drawer (one long drawer), frame-and-panel front of three bays with applied geometric mouldings, applied split spindles, turned ball feet, interior till at the right end, mortised iron lock.",fixed stop,drawer stop (front laps the case face),NOT DETERMINABLE,INFERRED FROM TYPE,parameterized recipe reuse,lipped front acting as its own stop vs separate blocks nailed to the rear rail; block count and position
FC-10-1984_161,"1984.161 (Cleveland Museum of Art) — ""Chest"", oak and pine, America, Massachusetts, perhaps Salem, c. 1700; 77.5 x 115.3 x 53.7 cm; CC0. Object as seen: a joined, lift-top oak chest-over-drawer (one long drawer), frame-and-panel front of three bays with applied geometric mouldings, applied split spindles, turned ball feet, interior till at the right end, mortised iron lock.",handle,turned wooden knob,2,VISIBLE,exact accepted donor reuse,"turning profile, diameter, projection, tenon vs screw fixing; wood vs iron drop pull"
FC-10-1984_161,"1984.161 (Cleveland Museum of Art) — ""Chest"", oak and pine, America, Massachusetts, perhaps Salem, c. 1700; 77.5 x 115.3 x 53.7 cm; CC0. Object as seen: a joined, lift-top oak chest-over-drawer (one long drawer), frame-and-panel front of three bays with applied geometric mouldings, applied split spindles, turned ball feet, interior till at the right end, mortised iron lock.",foot,turned ball foot,"2 visible (front pair); rear feet not shown, total NOT DETERMINABLE",PARTIALLY VISIBLE,exact accepted donor reuse,"turning profile (ball / bun / onion / trumpet), diameter, neck height, dowel fixing into the plinth"
FC-10-1984_161,"1984.161 (Cleveland Museum of Art) — ""Chest"", oak and pine, America, Massachusetts, perhaps Salem, c. 1700; 77.5 x 115.3 x 53.7 cm; CC0. Object as seen: a joined, lift-top oak chest-over-drawer (one long drawer), frame-and-panel front of three bays with applied geometric mouldings, applied split spindles, turned ball feet, interior till at the right end, mortised iron lock.",plinth,base board carrying the base moulding and feet,1 assembly (runs at least across front and left end),PARTIALLY VISIBLE,parameterized recipe reuse,"depth, projection beyond the case, mitred returns, whether feet dowel into it or into the stiles"
FC-10-1984_161,"1984.161 (Cleveland Museum of Art) — ""Chest"", oak and pine, America, Massachusetts, perhaps Salem, c. 1700; 77.5 x 115.3 x 53.7 cm; CC0. Object as seen: a joined, lift-top oak chest-over-drawer (one long drawer), frame-and-panel front of three bays with applied geometric mouldings, applied split spindles, turned ball feet, interior till at the right end, mortised iron lock.",wedge/key,draw-bore peg / trenail,NOT DETERMINABLE (individual pegs visible on lid cleats and case corners),PARTIALLY VISIBLE,exact accepted donor reuse,"peg diameter, proud vs flush, count per joint (one vs two)"
FC-11-10_125_133,10.125.133,top slab,oval top with two falling leaves,3 (1 fixed centre slab + 2 falling leaves),VISIBLE,parameterized recipe reuse,"outline curve (oval / round / rectangular), board count per slab, thickness, leaf-to-centre width ratio, drop length"
FC-11-10_125_133,10.125.133,moulding run,moulded (thumbnail/ovolo) top edge,3 (one continuous run per slab edge),VISIBLE,shared profile or curve reuse,"profile section (ovolo / thumbnail / astragal / plain arris), radius, whether it wraps the leaf edge"
FC-11-10_125_133,10.125.133,hinge leaf,leaf hinge at the rule joint,NOT DETERMINABLE,PARTIALLY VISIBLE,parameterized recipe reuse,"leaf length, knuckle count, iron vs wood, set-back from the rule-joint fillet"
FC-11-10_125_133,10.125.133,front leg,"turned corner leg, block-and-baluster with chamfered octagonal blocks",4,VISIBLE,parameterized recipe reuse,"turning profile (ball / reel / vase sequence), overall length, block positions and block count, chamfer depth on the square sections"
FC-11-10_125_133,10.125.133,rear leg/stile,gate leg (the swinging gate's continuous leg-and-stile),2 (one per gate),VISIBLE,parameterized recipe reuse,"same turning recipe as the corner leg with a different block schedule; swing radius, block heights matched to the rail and stretcher it carries"
FC-11-10_125_133,10.125.133,post,medial post (slimmer turned upright at the middle of each long side; the gate's pivot bearing),2,VISIBLE,parameterized recipe reuse,"diameter relative to the corner leg, number of medial posts along the side, presence at all (a 6-leg version drops them)"
FC-11-10_125_133,10.125.133,foot,turned ball foot,8 (one per upright),VISIBLE,exact accepted donor reuse,"ball diameter, pad/disc height under the ball, bun vs ball vs Spanish foot substitution"
FC-11-10_125_133,10.125.133,rail,fixed-frame end rails and long side rails,2 end rails VISIBLE; long-side rails VISIBLE but their division at the medial posts is NOT DETERMINABLE (4 or 2 spans),PARTIALLY VISIBLE,parameterized recipe reuse,"length, depth, whether the rail is pierced for a drawer opening, secondary vs primary wood, straight vs shaped lower edge"
FC-11-10_125_133,10.125.133,rail,"gate upper rail (flat board, swings with the gate)",2 (one per gate),VISIBLE,assembly-grammar reuse,"length (sets how far under the leaf the gate reaches), thickness, pivot-end shaping, number of pins along its face"
FC-11-10_125_133,10.125.133,stretcher,"turned box stretchers, ball-and-reel",NOT DETERMINABLE exactly; at least 8 turned spans visible around the base grid,VISIBLE,parameterized recipe reuse,"length, ball/reel element count per span, whether the run is split at a medial post, height above floor"
FC-11-10_125_133,10.125.133,stretcher,lower gate stretcher (swings with the gate),2 (one per gate),VISIBLE,assembly-grammar reuse,length matched to the gate upper rail; turning density; pivot-end detail
FC-11-10_125_133,10.125.133,drawer front,single drawer in the end rail,1,VISIBLE,parameterized recipe reuse,"width, height, flush vs lipped vs overlapping, single vs stacked drawers, presence of applied moulding"
FC-11-10_125_133,10.125.133,handle,turned wooden knob,1,VISIBLE,exact accepted donor reuse,"knob profile (mushroom / button / acorn), diameter, one vs two per drawer, wood knob vs iron bail vs brass pull"
FC-11-10_125_133,10.125.133,drawer side,,2,INFERRED FROM TYPE,parameterized recipe reuse,"depth of the drawer box, joint at the front (dovetail vs nailed rabbet) — not visible here"
FC-11-10_125_133,10.125.133,drawer bottom,,1,INFERRED FROM TYPE,parameterized recipe reuse,"board count, grain direction, nailed-on vs grooved-in"
FC-11-10_125_133,10.125.133,runner,drawer runner strips inside the end frame,2,INFERRED FROM TYPE,parameterized recipe reuse,"side-hung vs bottom-run, length, attachment to the side rails"
FC-11-10_125_133,10.125.133,guide,,NOT DETERMINABLE,INFERRED FROM TYPE,parameterized recipe reuse,presence at all; kicker vs side guide
FC-11-10_125_133,10.125.133,fixed stop,drawer stop,NOT DETERMINABLE,INFERRED FROM TYPE,parameterized recipe reuse,back-of-case stop vs front stop block; count
FC-11-10_125_133,10.125.133,pintle,gate pivot pin (top and bottom of each gate),4 (2 per gate) — INFERRED; the pins themselves are not visible,INFERRED FROM TYPE,parameterized recipe reuse,wooden dowel pintle vs iron pin; diameter; swing arc limit; which fixed member houses it (medial post vs side rail)
FC-11-10_125_133,10.125.133,wedge/key,draw-bore pin / peg through the mortise-and-tenon joints,NOT DETERMINABLE (many visible; typically 1–2 per pegged joint at leg blocks and stretcher blocks),VISIBLE,exact accepted donor reuse,"peg diameter, proud vs flush, 1 vs 2 per joint, square vs round plug"
FC-12-2002_298_1,2002.298.1,plinth,base block,1,VISIBLE,parameterized recipe reuse,"plan dimension, height, arris treatment (here a plain square alabaster block with a light top chamfer, ~27.8 cm square). Retargets to any pedestal, baluster, statue base or newel foot by changing footprint and height only."
FC-12-2002_298_1,2002.298.1,foot,gilt-brass base / lower moulding,1,VISIBLE,parameterized recipe reuse,"lathe profile of the spreading torus, flare ratio, lappet count around the ring, bead pitch on the upper fillet. Sits on the plinth as a separate spun/cast brass shell; retargets to lamp standards, candlesticks, urn bases."
FC-12-2002_298_1,2002.298.1,post,shaft / column,1,VISIBLE,parameterized recipe reuse,"Parent assembly of the two turned spindle entries below — NOT an extra piece of stone. Total height, diameter, and the ORDER of the stacked segments are the variation axes. The whole design is a stack grammar: plinth / foot / gilt drum / jewel band / torsade drum / collar / jewel band / plain drum / jewel band / gilt drum / capital / abacus."
FC-12-2002_298_1,2002.298.1,turned spindle,upper shaft drum (engraved and jewelled),1,VISIBLE,parameterized recipe reuse,"length, diameter, entasis (this one is very slightly tapered), and the density of the surface ornament it carries. Surface is otherwise plain lathe-turned alabaster — a bare cylinder primitive."
FC-12-2002_298_1,2002.298.1,turned spindle,lower shaft drum (spiral torsade),1,VISIBLE,parameterized recipe reuse,"helix pitch, number of starts, and the alternation rule. Here a two-start helix alternating a plain rounded rope with a beaded/gadrooned rope, terminated top and bottom by a plain collar ring. Pitch and rope profile are the whole recipe; retargets to twist-turned legs, bedposts, altar columns."
FC-12-2002_298_1,2002.298.1,moulding run,gilt-brass ornamented drum sleeve,2,VISIBLE,exact accepted donor reuse,"register count (here 2 stacked lappet registers separated by a bead-and-reel band), drum height, and lappet instance count around the circumference. The upper and lower sleeves are the SAME part used twice — the clearest exact-reuse evidence on the object."
FC-12-2002_298_1,2002.298.1,moulding run,gilt astragal / fillet collar ring,NOT DETERMINABLE,PARTIALLY VISIBLE,shared profile or curve reuse,"Plain gilt rings clamp the top and bottom edge of each jewelled band and each gilt sleeve. At least 8 are visible, but individual rings merge visually with the adjacent drum rims at every published resolution, so no honest count exists. Diameter is the only parameter; the profile is one shared half-round."
FC-12-2002_298_1,2002.298.1,moulding run,reeded alabaster collar (mid-shaft),1,VISIBLE,shared profile or curve reuse,"Distinct from the gilt collars: this one is cut in the STONE — three reeds above and three below a sunken jewelled register, with no metal ring at all. Reed count and register depth are the parameters. Important construction fact: it proves the jewel bands are not all metal."
FC-12-2002_298_1,2002.298.1,trim path,jewelled band / register,5,VISIBLE,assembly-grammar reuse,"The circumferential path along which cabochons and strapwork are instanced. Five occurrences: two flanking the upper gilt sleeve, one at the mid-shaft collar, two flanking the lower gilt sleeve. Variation = how many bands, where they land in the stack, and jewel spacing along the path."
FC-12-2002_298_1,2002.298.1,inlay path,engraved (incised and filled) ornament,NOT DETERMINABLE,VISIBLE,parameterized recipe reuse,"Line ornament cut into the alabaster and filled with a red-brown pigment — ribbon bows, catenary festoon swags, hanging tassel drops, a bow-and-swag anthemion frieze at the drum foot, and paired-scroll strapwork linking the jewels in each band. At least 4 distinct registers, but each wraps 360 degrees and only ~half is ever visible, so no count. Variation = curve family, swag sag, repeat count."
FC-12-2002_298_1,2002.298.1,repeated ornament master,red glass cabochon jewel,NOT DETERMINABLE,VISIBLE,exact accepted donor reuse,"One hemispherical boss instanced hundreds of times: in rows along the five bands, and as beads strung along the engraved swag and tassel lines on the upper drum. Diameter varies in about two sizes. Only the front ~half of any band is visible in any view, so the count is not obtainable. This is the single highest-leverage master on the object."
FC-12-2002_298_1,2002.298.1,repeated ornament master,beaded teardrop / waterleaf lappet,NOT DETERMINABLE,VISIBLE,exact accepted donor reuse,"The unit of the gilt drum sleeves: a swollen teardrop bounded by a beaded ogee outline. Instanced around each of the 4 registers (2 per sleeve, 2 sleeves). Variation = lappet width, bead pitch, taper of the teardrop."
FC-12-2002_298_1,2002.298.1,repeated ornament master,heart-lappet of the base ring,NOT DETERMINABLE,VISIBLE,parameterized recipe reuse,"Distinct master from the teardrop: a broad heart/lotus leaf with a small spearhead between each pair, run around the flare of the gilt foot. Variation = leaf width, interstitial motif, count around the ring."
FC-12-2002_298_1,2002.298.1,crest/cornice,capital,1,VISIBLE,parameterized recipe reuse,"Gilt-brass Corinthian-type bell: a fluted/reeded lower bell, a cabled torus behind, corner volute masses, a central mask, and a cresting motif. The bell profile and the swap-in ornament slots are the variation axes — the capital is itself a small assembly grammar, not one blob."
FC-12-2002_298_1,2002.298.1,repeated ornament master,female mask with pendant necklace,NOT DETERMINABLE,VISIBLE,genuinely bespoke component,"A classicising female head with a fillet headdress and a pendant collar, centred on the capital face. Every published view is the same frontal aspect, so only ONE mask has ever been seen; the square abacus implies four, one per face, but that is not observed. Bespoke sculpture — the reusable part is the SLOT it sits in, not the model."
FC-12-2002_298_1,2002.298.1,repeated ornament master,corner leonine mask with scroll volute,NOT DETERMINABLE,VISIBLE,genuinely bespoke component,"Large maned leonine/grotesque heads occupying the capital corners, terminating in a small scroll volute at the extreme corner. Two are visible on the one photographed face; four corners are implied but not seen. Same story as the female mask: bespoke model, reusable socket."
FC-12-2002_298_1,2002.298.1,finial,lotus/palmette cresting of the capital,NOT DETERMINABLE,VISIBLE,parameterized recipe reuse,"A three-lobed lotus bud springing from the capital face and breaking upward across the abacus fillet. One per face is visible; total not observed. Closest vocabulary term — it is a terminal cresting, not a true top finial. Variation = lobe count and projection."
FC-12-2002_298_1,2002.298.1,top slab,abacus / plateau,1,PARTIALLY VISIBLE,parameterized recipe reuse,"Square in plan with slightly CONCAVE (incurved) sides and a bold gilt fillet-and-ovolo edge moulding. The upper face reads dark in the colour plate and is never seen from above, so its material and finish are unresolved. Variation = plan size, side curvature, edge profile — this is the part that decides whether the object reads as a pedestal or as a load-bearing column."
FC-12-2002_298_1,2002.298.1,brace,NOT STATED by the museum,NOT DETERMINABLE,INFERRED FROM TYPE,assembly-grammar reuse,"An internal threaded rod or tie through the stacked elements. ASSERTED, NOT SEEN: alabaster at 163 cm tall on a 28 cm base cannot survive as a freestanding butt-jointed stack without a core in tension, and every plausible joint plane is deliberately hidden under a gilt sleeve. No view shows it."
