book	ia_id	plate	leaf	plate_title	subject	content_type	measured	status	page_image_url	note
viollet_dictionnaire	fr.wikisource	—	—	Fontaine / Colombier / Bahut / Lit / Échauguette +7	town fabric; sweep yield analysis	architectural text	yes	VERIFIED	https://fr.wikisource.org/wiki/Dictionnaire_raisonn%C3%A9_de_l%E2%80%99architecture_fran%C3%A7aise_du_XIe_au_XVIe_si%C3%A8cle	CYCLE 47: 16 rows -> viollet_town_fabric_v1.tsv. LIST CHECK FIRST (cycle 45's rule) saved 9 fetches - Leproserie, Grenier, Pressoir, Guerite, Coffre, Table, Bucher, Vivier, Pilori DO NOT EXIST. **THIRD NUMERAL BUG, SAME FAILURE MODE**: 'quatre vingt seize toises' (96 toises = 187.08 m) came out as 70.16 m because the F3 regex allowed only TWO number-words and matched 'vingt seize' (36) - a 62% error and again a believable one. Widened to three words; corpus-wide audit found ONE instance, caught before it reached a manifest. **YIELD CURVE MEASURED - RECOMMENDATION TO STOP THE BROAD SWEEP**: 57 articles, 647 tokens from 2.73M chars. Per-article yield decayed 12.0 (cycle 42) -> 3.1 (cycle 45) -> 1.4 (cycle 47). Top 10 articles hold 64% of all tokens; 30% of articles yield ZERO; median article yields 4; one token costs ~4,200 chars of reading. The productive range (Tour, Architecture militaire, Porte, Chateau, Charpente, Escalier, Donjon, Pont) is exhausted. Use Viollet as a TARGETED LOOKUP from here. FINDS: **Fontaine has WALKABLE TUNNELS** - town aqueduct passages 6 pieds high x 3 pieds wide (1.95 x 0.97 m) running 500+ toises UNLIT, 'les personnes peuvent facilement cheminer' - a kilometre of lightless crawlspace with a stated section. Colombier: Nesle/Creteil pigeonnier 6.80 m internal dia with 1.00 m walls; small one 4.60 m dia x 11.50 m to the pinnacles. Bahut (roofing sense): dwarf wall carrying a great roof, 1.25 m high at Notre-Dame, 0.40-0.60 m thick. **FALSE FRIEND: Viollet's 'Lit' is the MORTAR BED, not a bedstead** - gives joint thicknesses 0.01-0.03 m XIIIc, 0.01 m max later.
CORPUS-WIDE	—	—	—	numeral-parser audit across 45 swept Viollet articles	correctness audit	derived	n/a	DERIVED	—	CYCLE 46: re-extracted all 45 swept articles and diffed every spelled-out numeral against the pre-fix parser. FOUR tokens change, all 'dix-huit': Chateau 'dix-huit metres' 10.00 -> 18.00 (Coucy FLANKING TOWER DIAMETER); Construction--Voutes 'dix-huit pouces' 0.27 -> 0.49; Creneau 'dix-huit centimetres' 0.10 -> 1.18 (Beziers crenellation); Ferme 'dix-huit pieds' 3.25 -> 5.85 (barn enclosure wall). All 44% errors in plausible ranges. **RESULT: ZERO CORRUPTED MANIFEST ROWS.** Checked row by row: Coucy recorded 18, Beziers 1.18 m, barn wall 18 pieds (5.85 m), rib voussoir 0.50 m - all correct. **THE REASON IS THE 'NO QUOTE, NO ROW' RULE adopted defensively in cycle 36**: because every row carries its verbatim French, the number was transcribed from 'dix-huit metres' each time and the extractor's computed metres never got written. The extractor was wrong four times and it never reached a manifest. First time a discipline adopted as overhead has demonstrably prevented a real error - the quote is not provenance decoration, it IS the check. Added a 35-case French numeral regression suite to vldnum.py (all pass), with a note to run it after any change to _word(). Two numeral bugs shipped before anything noticed and NEITHER CRASHED - both returned a believable number, which is the only failure mode that matters here.
viollet_dictionnaire	fr.wikisource	—	—	Ferme (Constructions rurales) / Puits / Hôtel-Dieu / Réfectoire +5	barn contract, wells, hospital ward, refectories	architectural text	yes	VERIFIED	https://fr.wikisource.org/wiki/Dictionnaire_raisonn%C3%A9_de_l%E2%80%99architecture_fran%C3%A7aise_du_XIe_au_XVIe_si%C3%A8cle	CYCLE 45: 42 rows -> viollet_vernacular_v1.tsv. **CORRECTS CYCLE 42's BARN NEGATIVE**: that cycle recorded 'Grange, Moulin, Cave, Comble carry NO dimensions' and told future cycles not to look. Grange genuinely has none, but **Ferme (Constructions rurales) DOES** - it was never fetched because `Ferme` is a DISAMBIGUATED TITLE. It quotes a complete barn contract: court 40 x 30 toises (77.95 x 58.46 m), enclosure wall 18 pieds (5.85 m) excluding coping, barn proper >=20 x 9 toises (38.98 x 17.54 m), eaves 12 pieds (3.90 m), lean-to dwelling 10-12 toises. **AN EMPTY RETURN MEANS TWO DIFFERENT THINGS AND CYCLE 42 CONFLATED THEM**: a disambiguated title, or a genuinely absent article - Poterne, Pont-levis, Souterrain, Ecurie and Cellier DO NOT EXIST (those subjects live inside Porte/Chateau/Architecture militaire). One lookup in the article list distinguishes them. A bare `Hotel` lookup also hid Hotel-de-Ville, Hotellerie and Hotel-Dieu. **NUMERAL BUG FIXED, WORTH 44%**: `dix-huit pieds` was extracting as 3.25 m instead of 5.85 - _word() split on the hyphen and returned 10 for 18; `quatre-vingt` returned 4 for 80. Plausible-range errors, so nothing flagged them. Fixed for additive teens, vigesimal 80/90 and soixante-dix; 12-case check passes. FINDS: PUITS is the vertical-shaft article - wells 0.97 m to 2-3 toises diameter, one 2.57 m across x 30.20 m deep, margelle kerb 1.00 m high x 0.22 m thick, and **a 1.05 m well shaft at Chateau-Landon deliberately arranged to serve SEVERAL STOREYS** (a vertical route). HOTEL-DIEU holds the corpus's largest interior: ward 18.60 m wide in-works x 88.00 m long, ONE-PIECE oak tie-beams of 21.40 m, principals 19.00 m, cell partitions at 2 toises (3.95 m), 6 m circulation left in a 10 m ward. Refectories: Saint-Germain-des-Pres 40 x 10 m with vault keys at 16 m and NO central column line; Poissy 47 x 12 m, keys at 20 m. Saint-Antonin shopfront 7 m wide where period ground storeys ran only 3-4 m. Latrine shaft has NO FLOORS from ground to roof. Belfry frame sways 0.05 m at the top when the great bell swings.
viollet_dictionnaire	fr.wikisource	—	—	Manoir / Cloître / Cheminée / Plafond	vertical stack-up, cloister arcade, fireplaces, floor framing	architectural text	yes	VERIFIED	https://fr.wikisource.org/wiki/Dictionnaire_raisonn%C3%A9_de_l%E2%80%99architecture_fran%C3%A7aise_du_XIe_au_XVIe_si%C3%A8cle	CYCLE 44: 34 rows -> viollet_interior_v1.tsv. **MANOIR PRINTS A VERTICAL STACK-UP TABLE AND IT BALANCES**: column A (mezzanine side) entresolled storey 2.30 + floor 0.30 + entresol 2.30 + floor 0.30 = 5.20 m; column B (hall side) grande salle 4.30 + beams/corbels 0.60 + joisting 0.30 = 5.20 m. Verified arithmetically - BOTH SUM TO 5.20. A single-height great hall and a two-level entresolled block arrive at the SAME chemin-de-ronde datum. That is a stacking rule for mixed-use buildings, PRINTED not inferred; every earlier storey-height row in the corpus was one number for one room. Ground floor capped separately at 2.65 m sol-to-plafond. CLOITRE: bahut 0.45 m forming a continuous bench, piers 0.50 m face x 1.50 m thick, marble colonnettes 0.11 m diameter, rose-pierced upper wall 0.35 m which Viollet calls 'realement qu'une cloison evidee' - a screen not a load wall. **CONSTRUCTION REFINEMENT: the OUTER colonnette of each pair is set LEANING 0.02-0.03 m**, and base centres sit 0.01-0.03 m wider than the capital astragals above. A generator that stands both plumb is building something the masons deliberately did not. CHEMINEE: mantel 0.20 m thick; Poitiers grand'salle fireplace 10.00 m wide x 2.30 m under the mantel in a hall 16.30 m wide in-works; hotel chimney 1.66 x 2.57 m; logs 2-3 m long. PLAFOND: below a 2-3 m span simple joisting on a corbel suffices; XVc ceiling covers 15 x 6.50 m in 5 bays with 6 beams; brick voutains 3 x 10 cm on joists 0.32 m square SET DIAGONALLY for stiffness.
viollet_dictionnaire	fr.wikisource	—	—	Château / Clocher	castle layout + bell-tower geometry	architectural text	yes	VERIFIED	https://fr.wikisource.org/wiki/Dictionnaire_raisonn%C3%A9_de_l%E2%80%99architecture_fran%C3%A7aise_du_XIe_au_XVIe_si%C3%A8cle	CYCLE 43: 54 rows -> viollet_castle_tower_v1.tsv (51 measured, 3 documented-reconstruction). MOTTE-AND-BAILEY NOW FULLY DIMENSIONED: bailey 150 x 90-110 m; motte 27 m diameter; motte ditch 10-15 m; vallum 2 m high x 10 m wide; covered way 2 m; gate threshold 2 m above the counterscarp. Late elliptical enceinte = a REPEAT PITCH: 3 m arc segments alternating with 1 m straight curtain. **COUCY CONFLICT TRACED TO ITS SOURCE**: Chateau states BOTH readings verbatim - 31 m diameter x 64 m 'depuis le fond du fosse jusqu'au couronnement' AND a footnote 'sa hauteur de soixante-cinq environ'. They differ by DATUM: 64 m is measured from the DITCH BOTTOM, the 65 m states none. Not two measurements of one thing - one measurement and one loose restatement. Recommended: 31 x 64 m from ditch bottom. The 55 m in Donjon still needs its datum checked. **LOUVRE CONFLICT RESOLVED**: 'le donjon du Louvre n'avait que vingt metres de diametre environ sur trente metres de haut' - 20 x 30 m, and the sentence is explicitly correcting Guillaume de Lorris's exaggeration. Also: XIIIc rectangular castle 47.50 x 39.00 m in-works, courtyard 25 x 30 m, curtain 2.70 m, gate-donjon walls 4.60 m with NO ground-floor openings, postern sill 8 m above the wall base, lices 8 m below the courtyard, Chateau-Gaillard ditch 10 m wide x 7-8 m deep with a 0.60 m counterscarp ledge. **CLOCHER GIVES A PARAMETRIC TOWER RULE: each stage sets back 0.08 m internally**, corroborated by a stated taper 0.50 m at base to 0.30 m at summit. Heights span Molleges 2.06 m square base to Chartres clocher vieux 103.50 m; Bocherville 11.00 m wide, 4.00 m belfry stage, 27.00 m timber spire; octagon walls to 0.80 m, stone spire shell 0.25 m; one ground vault 24.75 m above the pavement with the shaft above it running 'd'une seule venue, sans voutes ni planchers'.
viollet_dictionnaire	fr.wikisource	—	—	Fenêtre / Pont + 14 others	window subdivision rule; bridge dimensions	architectural text	yes	VERIFIED	https://fr.wikisource.org/wiki/Dictionnaire_raisonn%C3%A9_de_l%E2%80%99architecture_fran%C3%A7aise_du_XIe_au_XVIe_si%C3%A8cle	CYCLE 42: swept 16 Viollet articles chosen by GAME VALUE not figure count, with vldnum.py's four-form extractor - 180 numeric tokens from articles never previously extracted. 35 rows -> viollet_window_bridge_v1.tsv. **FENETRE GIVES A PARAMETRIC TRACERY RULE, not a size table**: max 1.00 m of clear glass between mullions ('il ne fallait pas laisser plus d'un metre environ de vide entre les meneaux'), with the progression stated as a recursion - 2 m window = 1 mullion, 4 m = 1 principal + 2 secondary, 8 m = 1 principal + 2 secondary + 4 tertiary. Same generator class as the cycle-36 arrow-loop rule. Corroborated at Reims (lights 1.20 or 2.30 m; secondary mullions bring the glazed space back to 1.00 m). Carcassonne window: embrasure depth 0.60 m = HALF the 1.20 m width, stated outright ('moitie de la largeur') - classed documented-reconstruction as it is Viollet's own site. Casement over 3-4 m high is 'assez incommode' to open. **PONT: corpus went from ZERO bridge rows to 21.** Saint-Benezet Avignon 900 m long, deck 4.90 m incl parapets, 18 arches of 20-25 m, piers 30 m, voussoirs 0.70 m in four courses, chapel floor 4.50 m below deck, deck PINCHES TO 2.00 m past the chapel. Albi (brick, c.1335) 250.50 m, deck 18 m above mean water, 7 arches of 22 m, 6 piers 8.55 m, bricks 5 x 40 x 28 cm. Timber: piles 12.00 m axis to axis, heads <=2.00 m above water; Villard de Honnecourt - 20 ft timbers yield a 50 ft rigid deck. Pont Notre-Dame 1414 carried 60 IDENTICAL HOUSES on an 18-pas deck. **NEGATIVE RESULT: Grange, Moulin, Cave and Comble carry NO dimensions at all** (Cave is a 1595-char stub, Comble 207 chars) - the vernacular barn/mill/cellar/roof types a fantasy setting most wants are descriptive-only in Viollet and need a different source.
CORPUS-WIDE	—	—	—	parser audit	value-string normalisation	derived	n/a	DERIVED	—	CYCLE 41 (paused mid-cycle at Ace's request): swept every manifest for the two cycle-40 bug signatures. OLDER MANIFESTS CLEAN - 0 hits in domestic/fortification/viollet/buttress/timber_roof; the cycle-40 hypothesis that they were 'the same vintage, never re-parsed' was WRONG - they were built by agents who normalised as they read and never went through the fragile string path. Only my own later agent-mined tables were affected (english_hall 6, fantasy 1). THREE FURTHER DEFECTS found by auditing HOW each value was obtained (43% of the fantasy table rested on the prose fallback): (1) pattern order beat POSITION - '43 ft x 21 ft 6 in' returned 21 ft 6 in, the first ft+in PAIR, not the leading 43 ft; fixed to leftmost-match tie-broken by LONGEST (the tie-break mattered: '40 ft 3 in' and '40 ft' both start at 0 and sorting on value dropped the inches); (2) a leading bare number sharing the trailing unit - '100 x 27 ft' meant 12 rows recorded WIDTH as LENGTH; (3) the '= X' rule fired on a UNIT DEFINITION, returning the size of the foot. 19 values changed, several +100 to +179%. PROCESS: broke the file twice - a .replace() that silently no-opped (a literal [x\u00d7] vs [x×]) and an excision that removed _to_m_core/rows/__main__. Fixed by REWRITING WHOLE; now carries a documented parsing history and a 20-case regression suite (19/20). Also REVERTED one of my own fixes that was losing more rows than it saved.
CORPUS-WIDE	—	—	—	controlled element vocabulary	cross-manifest normalisation	derived table	n/a	DERIVED	—	CYCLE 40: 1445 rows across six manifests carried 1039 DISTINCT free-text element strings, 51% occurring once - unqueryable, and a naive roll-up actively lied (cycle 39 gave Hoghton Tower a 2.1 m great-hall height from its 7 ft window sill). Built element_vocab.py: 41 canonical classes applied as a MAPPING TABLE, not a rewrite (source wording is evidence and often carries its own qualification). Ordered rules, first match wins, so sill_height_above_floor beats height and wall_thickness beats thickness. Coverage 82.6 -> 84.6 -> 89.3 -> 91.1% over four passes driven by reading the actual failures. Output: building_dimensions_canonical_v1.tsv. THREE CLASSES EMERGED FROM THE DATA: level_difference (drops/relief/command-over - a relationship between two parts, the most game-relevant class in the table), member_detail (42 rows of Dollman/Brandon per-member plate figures - for detailing not massing), unresolved_in_source (7 rows the source itself declares unresolved). Residual 128 unmapped are genuine one-offs (garrison capacities, artillery ranges). **TWO PARSER BUGS FOUND BY A 21.49:1 ROOM ASPECT RATIO**: (a) OCR-mangled fractions with a bracketed expansion ('21^ ft. (21 1/2 ft.)') fell through to the prose fallback and returned 0.61 m = exactly 2 ft - a PLAUSIBLE number, the worst kind of wrong; (b) spelled-out units ('47 feet 3 inches') silently DROPPED the inches because the pattern only accepted ft/in. TRIPLES: derive from internal_* ONLY - 27 loose became 12 strict; Westminster Hall's 17 m 'length' was 'length of arbaletriers and chevrons'. Median hall aspect ratio 1.90 (range 1.15-3.70), heights 2.8-24.4 m.
english_domestic_shelf	gri_33125010766489 + growthofenglishh00gotc + someaccountofdom00turn + someaccountofdom00park_0 + someaccountofdom02park	—	125	Garner & Stratton p.108 (spot-check)	English hall dimensions, L x W x H triples	letterpress	yes	VERIFIED	https://archive.org/download/gri_33125010766489/page/n125_w1600.jpg	CYCLE 39: 351 rows -> english_hall_dimensions_v1.tsv (76% metric, 28 ocr-uncertain) from five books mined in parallel with independent re-reads. 23 buildings with a FULL length x width x height triple - the thing no other source in the corpus gives (Hampton Court great hall 32.3 x 12.2 x 12.5 m; New Hall Boreham 29.3 x 15.2 x 12.2; Great Chalfield 12.2 x 6.1 x 6.1). Manor great halls cluster at length 29-55 ft, width 19-26 ft, ratio 1.4-2.3:1. **THE SILL RULE - TWO REGIMES IN ONE ROOM**: ordinary hall side-window sills 7-8 ft above the floor (Hoghton Tower 7 ft; Parnham 'only reached to about 8 feet from the floor') = unreachable without furniture; the dais oriel/bay sill 'brought down' near floor level = walk-through. Documented, not inferred. Gotch gives Norman keep walls 'seldom less than 8 ft, and sometimes as much as 16 or 20 ft' + keep plans (White Tower 118x107, Dover 90 sq, Rochester 70 sq, Kenilworth 87x54, Peak 40x36). NEGATIVE RESULT: Garner & Stratton v1 contains NO numeric wall thickness at all - every leaf searched for a number within 80 chars of 'thick'; only brick sizes returned. PAGE VERIFIED AT FULL RESOLUTION: image n125 = printed p.108, and OCR leaf 125 holds that page's body - which pins the iabook alignment rule (len(pageindex)==imagecount -> leaf N IS image N; when they differ the offset drifts, per cycle 38). NOTE: 72 'errors' reported by the verify pass were an artefact of MY workflow bug - a `|| BOOKS[0]` fallback handed every verifier the wrong book as context; all five miners' quotes check out in their own books.
gwilt_encyclopaedia	encyclopaediaofa00gwil	—	689	STAIRS (printed p.668)	tread/riser pairing table + stair proportion rules	letterpress table	yes	VERIFIED	https://archive.org/download/encyclopaediaofa00gwil/page/n689_w1600.jpg	CYCLE 38 (inspected at full resolution, 2402x4078): NEWLAND'S PAIRING TABLE verified against the page - tread 5/6/7/8/9/10/11/12/13/14 in pairs with riser 9/8.5/8/7.5/7/6.5/6/5.5/5/4.5 in; pitch range 60.9 to 17.8 deg. OCR mangles it to '9 8^ 8 H 7 6 H 5 (box)ih' - unreadable without the image. **THE SAME PAGE CARRIES A SECOND, INCOMPATIBLE RULE**: para 2177's constant product tread x riser = 66. Newland's products run 45 -> 66 -> 63, equalling 66 only at treads 11-12 where Gwilt derived it; at a 5 in tread the product rule demands a 13.2 in riser (69 deg pitch) against the table's 9 in - 47% out. USE THE TABLE. Also p.668: commonest tread 10 in, best 12-18 in; staircase >= 4 ft for two to pass; six solid steps from a 30 in log. PALLADIO (paras 2804-05, printed p.928) IS IN VICENTINE UNITS - Vicentine foot = 13.6 English inches = 0.3454 m, so his 4-6 inch riser is 115-173 mm NOT 102-152 mm, a 13% error; same trap shape as Scala's Roman foot in cycle 37. 27 rows -> stair_rules_v1.tsv. TOOLING TRAP: the OCR leaf index is NOT the image index and the offset DRIFTS (OCR 692 -> image n689, offset 3; OCR 696 -> image n692, offset 4) - cannot be computed from len(pageindex)-imagecount; identify pages by reading the printed number off the image.
viollet_dictionnaire	fr.wikisource	—	—	Re-harvest of 9 previously-mined articles	dimension recovery with the four-form extractor	fortification + civil text	yes	VERIFIED	https://fr.wikisource.org/wiki/Dictionnaire_raisonn%C3%A9_de_l%E2%80%99architecture_fran%C3%A7aise_du_XIe_au_XVIe_si%C3%A8cle	CYCLE 37: built reference_manifests/vldnum.py covering ALL FOUR numeric forms ('1 m ,60' / '0,70 c.' / spelled-out 'deux metres' / digit+word '46 metres'); finds 53 tokens on the cycle-36 articles where the old extractor found 20. Re-harvested the 9 articles mined before cycle 36: 347 tokens, of which 88 carry a value not already in the manifests = 25% NEW. **CORRECTS MY OWN CYCLE-36 CLAIM of 'roughly two thirds still on the page'** - that inferred corpus coverage from TOOL recall, but those manifests were built by AGENTS READING THE TEXT, who handled all the forms fine. A tool's recall is not the corpus's recall. Richest: Architecture militaire +29, Porte +19, Escalier +14, Serrurerie +14. 17 genuinely-useful building rows -> viollet_reharvest_v1.tsv, incl. PEDESTRIAN DOORWAYS 1.00-1.50 m wide x 2.50-3.00 m high (Porte) - doors had only 4 rows in the whole corpus before cycle 35. TWO NEW TRAPS: (a) DRAWING SCALES look identical to dimensions ('a l'echelle de 0 m ,002 pour metre') - filter on 'a l'echelle de' and 'pour metre'; (b) THE PIED IS NOT ONE UNIT - Viollet quotes Scala's bastion profile in ROMAN feet (0.297896 m) and says so in a single parenthesis; converting with the pied de roi (0.3248) is an 8.4% error across six dimensions.
viollet_dictionnaire	fr.wikisource	—	—	Créneau / Hourd / Meurtrière / Mâchicoulis / Chemin de ronde	crenellation, hoarding and arrow-loop geometry	fortification text	yes	VERIFIED	https://fr.wikisource.org/wiki/Dictionnaire_raisonn%C3%A9_de_l%E2%80%99architecture_fran%C3%A7aise_du_XIe_au_XVIe_si%C3%A8cle	CYCLE 36: 47 rows -> reference_manifests/fortification_geometry_v1.tsv, each with its verbatim French quote and an evidence class. CLOSES the cycle-20 item that crenel/merlon dimensions were 'absent from all four fortification articles' - CRENEAU CARRIES THE COMPLETE XIIIc FORMULA in one sentence: merlon 2.00 m high x 1.70-3.30 m wide x 0.45 m thick, crenel sill 1.00 m above the walk, crenel 0.70 m wide. Plus archere opening 0.07-0.08 m with 0.40-0.45 m splay, and the stated design principle 'Les dimensions des crenelages etant donnees par la taille de l'homme'. EXTRACTOR DEFECT MEASURED AT 33% RECALL: Viollet writes numbers in THREE forms - '1 m ,60' (16 tokens, caught), '0,70 c.' (18 tokens, MISSED), and spelled out 'deux metres' (15 tokens, MISSED). The missed '0,70 c.' form is the very trap recorded in the cycle-35 briefing and never added to the pattern. Also: '0,30 c.' = 0.30 m but spelled-out 'trois centimetres' = 0.03 m - the abbreviation and the word differ. CORRECTED: the arrow-loop layout arc CD is struck OUTSIDE the tower circumference (radius 3.00+2.20 = 5.20 m on a 6 m tower), not inside; a sign error that would have been inherited by every generator built on the rule.
paley_moldings_1845	manualofgothicmo00pale_0	I	88	(untitled)	general moulding sections	arch/jamb profile sections	yes	VERIFIED	https://archive.org/download/manualofgothicmo00pale_0/page/n88_w1400.jpg	25 numbered figures. Hatched solid = cut stone; dashed rectangle behind figures = the uncut stock block. Dimensions in ft/in on figs 6, 12, 19. Fig 25 shows 45-degree setting-out grid. Engraved J. H. Le Keux. | CYCLE 22: figs 6 and 7 re-inspected at magnification (sips crop 430x620 @ 600,990 on the w1100 scan). Fig 6 member chain reads bowtell / hollow / smaller roll / 45-deg chamfer. Fig 7 shows receding orders with a quarter-round hollow in each internal angle - a distinct archetype from fig 6's single run. Both reconstructed parametrically in moulding_profiles_v1.json; PROPORTIONAL ONLY, radii not yet fitted to the printed 11x6 in stock (px/in scale failed cross-check - see findings section 30). || CYCLE 23 (measured): fig 6 isolated by connected components and read at 5x with a burned-in coordinate grid. Printed '11 in' line spans plate x1003-1246 = 243 px -> 22.09 px/in; cross-checked by the stock box x[1001,1242] = 241 px = 10.91 in vs 11 in printed (0.8%). CORRECTION to the cycle-22 note: the stock is 11 x 9.28 in, NOT 11 x 6 - the '6' is the FIGURE NUMBER, which Paley sets INSIDE the stock rectangle (plate x~1123 y~677). SCALE IS PER-FIGURE, NOT PER-PLATE: fig 5's '1 ft' line gives 23.75 px/in, 7.5% off fig 6 - so each figure must be measured on its own dimension line. Members at +/-0.1 in: soffit flat 4.66; hollow r1.0; bowtell 4.07 x 4.48 in dia (near 3/4 round on a narrow neck); hollow; 45-deg chamfer. Built chain closes 2.77 in SHORT in width - residual recorded, not tuned away. ALSO: n88_w1000/w1100/w1400 are all 1930x2951 - the IA 'w' parameter is a request, not a guarantee. ||| CYCLE 24 (fitted + overlay-checked): figs 5 and 6 SHARE ONE SOFFIT BASELINE at plate y=772 (single continuous engraved line) - that, not a shared figure, is why component isolation spanned x[667,1246]; the two dimension lines abut at x~1004-1010, fixing the boundary. Fig 6 members: soffit flat 4.57 in (x1004-1105); lower hollow r1.63 sweep 94.6deg; bowtell compass form centre plate (1198,727) r2.04 in; upper hollow r0.82 sweep 180deg; chamfer 4.01 in at 40.9 DEG - NOT 45, confirming Paley's 'generally (not invariably)' hedge is load-bearing. Built extent 10.77 x 8.20 vs measured 10.82 x 8.19 (0.4%/0.1%). BUT the overlay (docs/blender/paley_pl1_fig6_overlay.png) shows a 0.56 in C0 break at the arris - extent agreement is NOT evidence of correct geometry. |||| CYCLE 25: the arris break was a MISIDENTIFIED MEMBER. The limb from the soffit to the arris, plate (1104,768)->(1140,733), is STRAIGHT to 1.8 px over 36 at 44.2 deg - a CHAMFER, not the hollow recorded in cycles 23-24 (a chord fit returns a circle for a straight line). Bowtell least-squares fitted to its traced contour: centre plate (1190.5,721.5) r=50.6 px = 2.29 in, residual mean 0.37 px / max 1.01 px over 43 samples; the fit independently reproduces the soffit baseline (bottom y=772.1), the stock's right edge (right x=1241.1) and the arris cusp (left x=1139.9). Arris break 12 px -> 1.2 px. Soffit measured NOT level: rises 4 px over 100 (2.3 deg). Chamfers on this one figure measure 44.2 and 40.9 deg - Paley's 'generally (not invariably) 45' confirmed twice. OPEN: a hatched diagonal band plate (995,737)->(1185,642) sits up-left of the reconstruction - fig 5 encroaching, or an unaccounted fig-6 member. ||||| CYCLE 26: the diagonal band up-left of fig 6 is FIG 6'S OWN UPPER FACE, not fig 5 encroaching - fig 5's mass ends at plate x=999-1003 across y615-675, matching its stock edge x=1007. Fig 6's upper face: near-horizontal at plate y~722 (2.9 deg over x1004-1100, dev 4.5 px), stepping up to y~690 by x=1170; slab 46 px = 2.08 in thick above the soffit at x=1050. CONSEQUENCE: a moulding section is a CLOSED OUTLINE bounded on both sides, not an open profile chain - the reconstruction traced only the lower boundary. METHOD: this scan has NO WHITE - clear paper median 180 (175-183), hatched stone median 146-154; local-mean threshold must be MEASURED (172), not eyeballed (188 rendered the whole region black). |||||| CYCLE 27: full 1168-point boundary traced (contour.py). BOWTELL CONFIRMED a real member - void outside its fitted circle at 60/120/150/210/270 deg (interior 145-149, void 174-177); it abuts stone elsewhere only where it meets neighbours. THE MASS SILHOUETTE IS NOT THE PROFILE: it merges touching members, swallows the stock box's DRAWN top edge at y=567, and connects to fig 5 via the shared soffit baseline - use the mass only to decide which side of a line is void, and line-trace the profile. FIG 6 HAS TWO ENGRAVED FACES: upper, a continuous line plate (1000,723) -> (1117,710) -> (1160,702) -> (1185,637) -> (1213,597) -> (1242,591) running into the 40.9 deg chamfer; lower, the modelled chain (soffit, 44.2 deg chamfer, arris cusp, bowtell). Which is the moulded face and which the bed is NOT established and is not asserted. ||||||| CYCLE 28 (from Paley's TEXT, not the plate): no description page faces Plate I - leaf 89 carries only the imprint; the convention is in the body text. 'The outer wall-line parallel with the bottom of the page, and the soffit parallel to the side' -> THE WALL-LINE IS HORIZONTAL, THE SOFFIT IS VERTICAL. Cycles 22-27 called fig 6's bottom horizontal (y=772) 'the soffit'; it is the WALL-LINE, and the soffit is the vertical right edge at x=1241. Chain order is WALL-LINE FIRST ('a pencil carried along the wall-line first, and afterwards in and out of each cavity and round each projection'). HATCHING = the SAWN FACE ('shaded on the part which represents the level surface of the flat side of the stone'), so the hatched boundary minus the wall-line and soffit segments IS the moulded edge - which dissolves the cycle-27 'two faces' question: they are one continuous edge, never rivals. 'A scale of an inch to a foot' is ADVICE TO THE READER, not the plates' scale (figs 5 and 6 differ on the same sheet). See fig 10, Plate 2 (leaf 92): a=chamfer-plane, n=soffit-plane, c=wall-plane. |||||||| CYCLE 31 (fig 7 inspected at full resolution): component x[1230,1484] y[595,889], 1166-pt boundary. STRAIGHT-RUN SIGNATURE IS ALL WALL/SOFFIT-PLANE - 103 px at 89.4 deg, 87 px at 1.3, 51 at 3.4, 43 at 91.3, 43 at 88.7, 37 at 0.0, 36 at 88.4, 34 at 5.0 - with NO chamfer-plane member (one 38.7 deg candidate, likely an arc chord). FIG 6 vs FIG 7 = two generative strategies on one sheet: fig 6's principal member sits on a chamfer, fig 7 sinks hollows in the wall- and soffit-planes only, illustrating Paley's 'by sinking hollows in any one of these surfaces'. FIG 7 IS UNSCALABLE - it carries NO dimension line (the only spike near it, y=771, is its stock-box bottom edge: dashed, no arrowheads, no label), and scale is per-figure so fig 6's may not be borrowed. Shape yes, size no. TRAP: the 'paper on both sides' test for dimension lines is DEFEATED BY DIAGONAL HATCHING (a 9 px offset lands between strokes and reads as paper) - five false candidates passed it; use a sharp isolated DARK-FRACTION SPIKE instead (fig 6's line: 0.378 vs a 0.04-0.17 background). ||||||||| CYCLE 32 (dimline.py): THE ARROWHEAD IS THE ONLY RELIABLE SIGNATURE of a dimension line on a packed plate. Dashes have a median vertical thickness of 3 px; arrowheads are >=2x that. Fig 6's line terminates at thick clusters x1003-1008 and x1240-1245; fig 5's at x727-732 and x1003-1008 - THE MIDDLE CLUSTERS ARE THE SAME OBJECT, independently reproducing the cycle-25 finding that figs 5 and 6 abut. The LABEL is also thick, so it registers as a false arrowhead and splits a line ('11 in' splits fig 6 at x~1108); chain segments sharing an endpoint. Detector validates to <=10 px on both known lines (fig 6 x1007-1242 vs 1003-1246; fig 5 x730-1005 vs 725-1010). FIVE filter designs FAILED first: whole-row scan (finds baselines/border); dash-cluster + row spike (154 FPs - diagonal hatching is PERIODIC and resonates); tall-band paper BOTH sides (rejects fig 6 - a dimension line sits directly UNDER its figure); tall-band paper BEST side (still rejects - figures above AND below); cluster-then-validate (fails where two lines ABUT). NO surroundings-based test can work here. CENSUS NOT TRUSTWORTHY YET: 63 candidates, many spanning 480-700 px from over-chaining; the cycle-22 claim that only figs 6, 12, 19 carry dimensions REMAINS UNTESTED. |||||||||| CYCLE 33: NEW DIMENSION LINE FOUND AND READ AT FULL RESOLUTION - '10 1/2 in' at plate y=2120, arrowhead clusters x764-777 and x1091-1100 (label glyphs between at x934-969), tip to tip 336 px -> 32.0 px/in. THIRD DISTINCT SCALE ON ONE SHEET: fig 6 = 22.09, fig 5 = 23.75, this = 32.0 px/in - a 45% SPREAD. Reading a size off an unlabelled figure on this plate could be wrong by nearly half. Census: regularity filter (gap-CV with the LABEL gap dropped; fig 6 goes 0.85 -> 0.43) cut 63 candidates to 36, both known lines retained. FIVE SPOT-CHECKED AT FULL RESOLUTION: 2 real, 3 false -> PRECISION ~40%. The false ones (long parallel engraved rules, hatched block edges) are as REGULAR as real lines, so regularity cannot exclude them - only requiring an actual LABEL between the arrowheads will. Detector defect found by eye: it split the '10 1/2 in' line into two fragments because that label is physically wider than '11 in' and exceeds the 12 px chain tolerance. ||||||||||| CYCLE 34 (all 10 census candidates inspected at full resolution, independently + adversarially): PLATE I CARRIES EXACTLY THREE DIMENSION LINES. y=799 x1007-1242 = '11 in' (fig 6); y=922 x730-1005 = '1 ft.' (fig 5); y=2120 x773-1095 = '10 1/2 in' (fig 19/20 group). All three read identically by two independent verifiers; zero refuting votes. CORRECTION: the cycle-22 note that 'dimensions in ft/in [are] on figs 6, 12, 19' IS WRONG - fig 5 carries one and was never listed; that claim was a first-look impression that survived twelve cycles untested. Detector precision 30% (3 of 10), worse than the 40% estimated from a 5-candidate sample. ALL SEVEN false positives are ONE failure mode, not seven: periodic 45-degree hatching ALIASES into an apparent dash pattern when sampled along a single horizontal scanline, with coincidental vertical strokes at the ends registering as arrowheads. No second failure mode exists to hunt.
paley_moldings_1845	manualofgothicmo00pale_0	II	92	(untitled)	general moulding sections	arch/jamb profile sections	yes	VERIFIED	https://archive.org/download/manualofgothicmo00pale_0/page/n92_w1400.jpg	Referenced from the copying section for per-member horizontal/vertical measurement method (figs 20-22) and the bent-measure chamfer test (fig 15). || CYCLE 29 (fig 10 inspected at full resolution, 4x): Paley's LABELLED diagram of his three planes. Labels are ROTATED CAPITALS - the OCR's 'a/n/c' are misreads of A/B/C. A sits below the DIAGONAL = chamfer-plane; B sits right of the VERTICAL = soffit-plane. CONFIRMS BY EYE that THE SOFFIT IS VERTICAL and the wall-line horizontal (cycle 28's textual reading). Third label not located in either crop, so 'horizontal = wall-plane' rests on elimination plus the text. Fig 10 sits at plate x[385,625] y[1234,1345] on the 1930x2951 scan. THRESHOLD TRAP: Plate II's clear paper median is 167 vs Plate I's 180 - BELOW Plate I's threshold of 172 - so the binarization threshold is PER-SCAN, not a book constant; use 156 here. Fig 10's chamfer angle attempted but NOT obtained (traces ran to the scan-window edges); left unmeasured. ||| CYCLE 30: fig 10 MEASURED via longest-straight-run detection on the traced component boundary (no guessed windows). Runs: 109 px at 178.4 deg = the WALL-LINE (horizontal); 51 px at 87.8 deg = the SOFFIT (vertical); 61/51/43/35 px at 45.0/43.4/41.2/46.2 deg = the CHAMFER-PLANE. Paley's three planes recovered from PIXELS ALONE, matching his text and his A/B labels. PAGE SKEW measured from the figure's own known-horizontal and known-vertical runs: Plate II -1.5 deg (Plate I is +0.1 deg, effectively unskewed, noise floor ~1 deg). Skew-corrected fig 10 chamfers = 46.5/44.9/42.7/47.7, mean 45.5 +/- 2 -> HIS DIDACTIC EXAMPLE IS A TRUE 45. Plate I fig 6's real mouldings measure 44.2 and 40.9 uncorrected - 40.9 is 4 deg off and far outside the noise floor. 'Generally (not invariably) forty-five' QUANTIFIED: sample around 45 with a few deg of real scatter; do not hard-code 45 and do not dismiss the deviation as drafting noise.
paley_moldings_1845	manualofgothicmo00pale_0	III	96	(untitled)	general moulding sections	arch/jamb profile sections	yes	PLATE	https://archive.org/download/manualofgothicmo00pale_0/page/n96_w1400.jpg	Fig 1 = Early English doorway at Louth, cited as the model for giving whole-width of a series lying in one plane. Fig 10 = Ante-Norman chancel arch, Wittering.
paley_moldings_1845	manualofgothicmo00pale_0	IV	100	EARLY ENGLISH	Early English mouldings	arch/jamb profile sections	unknown	PLATE	https://archive.org/download/manualofgothicmo00pale_0/page/n100_w1400.jpg	First period-titled plate. Fig 9 cited for the cut-off feather edge of the pointed bowtell.
paley_moldings_1845	manualofgothicmo00pale_0	V	104	EARLY ENGLISH	Early English mouldings	arch/jamb profile sections	unknown	PLATE	https://archive.org/download/manualofgothicmo00pale_0/page/n104_w1400.jpg	Figs 5, 6, 9 cited for the compound moulding produced by roll-and-hollow. Fig 12 cited for a chamfer NOT at 45 degrees.
paley_moldings_1845	manualofgothicmo00pale_0	VI	108	DECORATED	Decorated mouldings	arch/jamb profile sections	unknown	PLATE	https://archive.org/download/manualofgothicmo00pale_0/page/n108_w1400.jpg	Fig 2 cited for the three-quarter-circle hollow struck with compasses in every receding sub-arch angle. Figs 9, 11, 12, 14 = double ogees divided by such hollows.
paley_moldings_1845	manualofgothicmo00pale_0	VII	112	DECORATED	Decorated mouldings	arch/jamb profile sections	unknown	PLATE	https://archive.org/download/manualofgothicmo00pale_0/page/n112_w1400.jpg	Most-cited plate in the book (20 text references). Roll-and-fillet projecting from a ridge, the favourite form under the first two Edwards.
paley_moldings_1845	manualofgothicmo00pale_0	VIII	116	PERPENDICULAR	Perpendicular mouldings	arch/jamb profile sections	yes	PLATE	https://archive.org/download/manualofgothicmo00pale_0/page/n116_w1400.jpg	Fig 3 cited for recording depth of hollows below a plane. Figs 2, 15 for cavetto ends; fig 21 for an abacus form shared with the string course.
paley_moldings_1845	manualofgothicmo00pale_0	IX	120	PERPENDICULAR	Perpendicular mouldings	arch/jamb profile sections	unknown	PLATE	https://archive.org/download/manualofgothicmo00pale_0/page/n120_w1400.jpg	Figs 11, 16 cited as the most frequent cavetto forms; example from the back of St John's College, Cambridge.
paley_moldings_1845	manualofgothicmo00pale_0	X	124	EARLY ENGLISH CAPITALS	Early English capitals	capital revolve profiles + elevations	yes	VERIFIED	https://archive.org/download/manualofgothicmo00pale_0/page/n124_w1400.jpg	40 figures. Figs 1-5 = small capital ELEVATIONS (fig 5 keyed A=abacus B=bell C=astragal); figs 6-37 = REVOLVE PROFILES; figs 22, 24, 40 = large detailed elevations (40 is a clustered shaft). Dimensions on figs 29, 30.
paley_moldings_1845	manualofgothicmo00pale_0	XI	128	DECORATED CAPITALS	Decorated capitals	capital revolve profiles + elevations	unknown	PLATE	https://archive.org/download/manualofgothicmo00pale_0/page/n128_w1400.jpg	Figs 12, 20 cited for a bell underside formed of an entire roll-and-fillet.
paley_moldings_1845	manualofgothicmo00pale_0	XII	132	(capitals)	capitals continued	capital revolve profiles + elevations	unknown	PLATE	https://archive.org/download/manualofgothicmo00pale_0/page/n132_w1400.jpg	Title band not legible in the head strip; text references (figs 3, 8, 11) are all capitals, incl. the nave piers of Trumpington church.
paley_moldings_1845	manualofgothicmo00pale_0	XIII	136	PERPENDICULAR CAPITALS	Perpendicular capitals	capital revolve profiles + elevations	unknown	PLATE	https://archive.org/download/manualofgothicmo00pale_0/page/n136_w1400.jpg	Figs 7, 10, 12 cited: the Perpendicular abacus section as a corruption of the Decorated scroll-moulding.
paley_moldings_1845	manualofgothicmo00pale_0	XIV	140	(bases)	bases	base revolve profiles	unknown	PLATE	https://archive.org/download/manualofgothicmo00pale_0/page/n140_w1400.jpg	Fig 33 cited = inverted scroll-edge bases at Tintern Abbey.
paley_moldings_1845	manualofgothicmo00pale_0	XV	144	(bases)	bases	base revolve profiles	unknown	PLATE	https://archive.org/download/manualofgothicmo00pale_0/page/n144_w1400.jpg	Figs 1, 2 = bases circular above and octagonal below. Fig 41 (Over and Histon) retains a trace of the Attic base side hollow. Fig 3 from Over chancel called unusual.
paley_moldings_1845	manualofgothicmo00pale_0	XVI	148	STRINGS AND LABELS	string courses and hood moulds	profile sections	unknown	PLATE	https://archive.org/download/manualofgothicmo00pale_0/page/n148_w1400.jpg	Fig 48 cited as a combination extremely common in labels and capitals; fig 2 quirked ogee treated as half of a Perpendicular member.
brandon_roofs_1849	opentimberroofso00bran	9	79	Roof over the Chancel of St Martin's Church, Leicester	arch-braced chancel roof	measured truss section + longitudinal view + member cross-sections	yes	VERIFIED	https://archive.org/download/opentimberroofso00bran/page/n79_w1600.jpg	Signed 'Measured & Drawn by Raphael & J. A. Brandon'. Carries a PRINTED SCALE BAR in feet so all geometry is measurable; cornice moulding 'Section on line A.B. 2in Scale'; 'Section of foot of Rafter and Cornice' and 'Section of Tie-beam' at 2in scale. Tracery-filled spandrel, embattled panelled cornice, carved corbel head, wall post.
brandon_roofs_1849	opentimberroofso00bran	(pair of 9)	81	(companion plate to Pl 9)	same roof, second sheet	measured working drawing	unknown	PLATE	https://archive.org/download/opentimberroofso00bran/page/n81_w1600.jpg	Plates run in pairs at 2-leaf spacing in places (24 four-gaps, 14 two-gaps) — consistent with the title's promise of perspective AND working drawings for one roof.
brandon_roofs_1849	opentimberroofso00bran	13	89	Roof over Trinity Chapel, Cirencester Church, Gloucestershire	chapel roof	measured section + details	yes	PLATE	https://archive.org/download/opentimberroofso00bran/page/n89_w1600.jpg	Adjacent description leaf carries the scantling block: Cornice 10x8, Purlin 10x10, Ridge 10x9, plus 'Space between Trusses 12 6' (truss bay spacing in ft/in). Note on plate: 'All the details are drawn 1/2 full [size]'.
brandon_roofs_1849	opentimberroofso00bran	(nave)	135	Roof over Nave	nave roof	measured section + details	yes	PLATE	https://archive.org/download/opentimberroofso00bran/page/n135_w1600.jpg	Scantling block gives Rafters 12x10 and Common Rafters 6x3.
shaw_metalwork_1836	examplesoforname00shaw_0	(railing)	40	Railing in Front of the Montesquieu Baths, at Paris	ornamental ironwork railing	dimensioned outline + hand-coloured finish view	yes	VERIFIED	https://archive.org/download/examplesoforname00shaw_0/page/n40_w1600.jpg	THE PLATE CONVENTION: dimensioned line drawing on the left, the SAME railing hand-coloured on the right, plus a base-block profile. Finish is grey-green painted iron with SELECTIVELY GILT ornament (entwined dolphins, anthemion shells, leaf finials) — paint-scheme authority, not bare metal. Subject is Empire/neoclassical, NOT medieval.
shaw_metalwork_1836	examplesoforname00shaw_0	(railings)	64	Railings — from the Mansion of Thos. Hope Esq.; designs by Wm. D. Batley and H. Shaw	ornamental ironwork railings	dimensioned outline + coloured view	unknown	PLATE	https://archive.org/download/examplesoforname00shaw_0/page/n64_w1600.jpg	Caption proves the book mixes surveyed examples with NEW designs by Shaw and contemporaries — a working designer's pattern book of its own day.
dollman_domestic_1861	analysisofancien01dolluoft	(St Cross)	100	St Cross' Hospital — The Refectory & its Details	medieval institutional/domestic hall	full measured survey: sections + plan + named moulding details	yes	VERIFIED	https://archive.org/download/analysisofancien01dolluoft/page/n100_w1600.jpg	Drawn F. T. Dollman, pub. J. Jobbins Holborn. ONE SHEET carries: transverse section (arch-braced roof with wind-brace lattice, wall thickness, stone coursing drawn), longitudinal section with room dimensions 32'0.5" x 26'3.75", plan at B.C., scale bar in feet, and SEVEN named dimensioned mouldings (refectory window, porch archway jamb, inner porch door jamb, entrance gateway jamb, upper string course, string course over gateway, parapet section). SCAN TRAP: landscape folio rotated 90 degrees in the scan.
brandon_roofs_1849	opentimberroofso00bran	X	81	Roof over the Chancel of St Martin's Church, Leicester (perspective)	arch-braced chancel roof	perspective view	no	VERIFIED	https://archive.org/download/opentimberroofso00bran/page/n81_w2000.jpg	The PAIR CONFIRMED: Pl IX (n79) = measured working drawing, Pl X (n81) = perspective of the SAME roof. Shows carved ANGELS WITH OUTSPREAD WINGS at the wall-piece ends, tracery spandrels, boarded panelled ceiling, embattled cornice. Pub. D. Bogue 86 Fleet Street 1849. Rotated 90 deg in scan.
brandon_roofs_1849	opentimberroofso00bran	desc IX-X	82	Description for Plates IX and X — St Martin's, Leicester (printed p.47)	letterpress description + scantling table	text: construction account, span, SCANTLINGS OF TIMBERS	yes	VERIFIED	https://archive.org/download/opentimberroofso00bran/page/n82_w2000.jpg	THE SCANTLING SOURCE. Span 23 ft 0 in; tie-beam 1'8"x1'2", cornice 10x8, purlin 10x10, ridge 10x9, common rafter 6.5x4.5, truss bay 12 ft 6 in; ridge template 3'6", purlin templates 2'6". Construction: tie-beam roof with NO principals; cornice framed into the tie-beam and NOT resting on the wall; whole weight on the tie-beam, kept from sagging by curved braces. TRAP: this leaf's own OCR is EMPTY - recoverable only visually.
gardner_ironwork1_1893	cu31924004684902	fig 17	62	Hinges, etc., at Stillingfleet Church	Norman door ironwork in situ	full-page HALFTONE PHOTOGRAPH	no	VERIFIED	https://archive.org/download/cu31924004684902/page/n62_w1700.jpg	Norman doorway with chevron arch orders, original ironwork on a vertically PLANKED door. Two great C-scroll/crescent straps spring from the hinge side and curl into coiled spiral terminals with leaf/serpent-head finials; horizontal strap band at mid height; a braided rope-motif band across the lower third; ring handle plus key and escutcheon at left; vertical straps off the bottom rail. KEY: the straps SPAN THE PLANK JOINTS - holding the boards together is their structural job and the curl is the same member decorated. Photograph, so it also carries real rust-on-weathered-oak tone.
gardner_ironwork1_1893	cu31924004684902	fig 36	98	The Eleanor grille, or herse, in Westminster Abbey	tomb grille	full-page wood engraving (rotated 90 deg in scan)	no	VERIFIED	https://archive.org/download/cu31924004684902/page/n98_w1700.jpg	PARAMETRIC DECOMPOSITION for a grille generator: (1) plain flat-bar rectangular frame; (2) vertical division bars at regular intervals; (3) panel fill = ONE C-scroll unit REPEATED and collared to the stems - the density is instancing, not freehand sculpting; (4) each scroll terminates in a small stamped rosette; (5) top rail carries evenly spaced trifurcated spike finials (the 'herse' = harrow, hence the name); (6) stands on a tomb chest with its own gabled cinquefoil arcade and heraldic shields (Castile/Leon). Ideal GN instancing target.
gardner_ironwork1_1893	cu31924004684902	fig 22	70	Hinge from St Albans Abbey (South Kensington Museum)	medieval door ironwork	isolated hinge, line engraving	no	VERIFIED	https://archive.org/download/cu31924004684902/page/n70_w1700.jpg	THE DONOR DRAWING - full anatomy at full res. (1) pintle assembly: vertical bar with spear/leaf finials top AND bottom plus two C-hook knuckles; (2) flat strap carrying INCISED LOZENGE/ZIGZAG venation along its whole length; (3) a collar clamp where branches spring; (4) THREE PAIRS of scrolls springing symmetrically above and below the strap axis; (5) each terminating in a tight closed spiral of ~2-2.5 turns; (6) serrated fan leaves at the springings; (7) a profile dragon head with distended jaws. All in ONE PLANE - a flat 2D curve network swept with a rectangular profile, so highly GN-friendly.
gardner_ironwork1_1893	cu31924004684902	fig 18	64	Disused door to Hormead Church	medieval door ironwork	full-door strapwork	no	PLATE	https://archive.org/download/cu31924004684902/page/n64_w1700.jpg	Whole door covered in dense interlaced/knotted scrollwork laid out in a grid of panels - the maximal end of the strapwork range.
gardner_ironwork1_1893	cu31924004684902	fig 20	67	Ironwork at Eastwood Church, near Rochford, Essex	medieval door ironwork	full-door strapwork	no	PLATE	https://archive.org/download/cu31924004684902/page/n67_w1700.jpg	Two long horizontal straps whose centres swell into elongated lens/almond bodies before scrolling; corner scrolls. A distinct 'swollen-centre' strap variant.
gardner_ironwork1_1893	cu31924004684902	fig 21	69	Hinges, etc., in Haddiscoe Church	medieval door ironwork	full-door strapwork	no	PLATE	https://archive.org/download/cu31924004684902/page/n69_w1700.jpg	Cruciform layout: a central cross form with scrolls plus horizontal bands, on an arched door.
gardner_ironwork1_1893	cu31924004684902	fig 25	75	From the Abbey Church of Pontigny	medieval door ironwork	detached-piece panel	no	PLATE	https://archive.org/download/cu31924004684902/page/n75_w1700.jpg	The finest example of the small-detached-crescents-and-scrolls style, much pierced, arranged symmetrically.
gardner_ironwork1_1893	cu31924004684902	fig 26	76	Hingework at Montreal, Yonne	medieval door ironwork	band-and-circle door	no	PLATE	https://archive.org/download/cu31924004684902/page/n76_w1700.jpg	Three bands per leaf, crescent plus circle of broad iron with upturned edges enclosing filigree; horns end in a Frankish tongue between two scrolls.
gardner_ironwork1_1893	cu31924004684902	fig 27	78	Ironwork on north door of Durham Cathedral	medieval door ironwork	labelled measured diagram	no	PLATE	https://archive.org/download/cu31924004684902/page/n78_w1700.jpg	Annotated drawing (WROUGHT IRONWORK ON DOOR TO CLOISTERS) of a two-leaf arched door, both leaves covered in scrollwork.
gardner_ironwork1_1893	cu31924004684902	fig 31	87	The hingework at Sempringham Church, Lincolnshire	medieval door ironwork	photograph	no	PLATE	https://archive.org/download/cu31924004684902/page/n87_w1700.jpg	Halftone of a Norman doorway with elaborate arch orders and the ironwork in situ.
gardner_ironwork1_1893	cu31924004684902	fig 32	89	Hinges at Market Deeping Church	medieval door ironwork	two-leaf door	no	PLATE	https://archive.org/download/cu31924004684902/page/n89_w1700.jpg	Sparser, more elegant scrolled hinges plus a lower lattice panel - a visibly later, restrained treatment.
gardner_ironwork1_1893	cu31924004684902	fig 33	91	Hinge from Rouen Cathedral	medieval door ironwork	isolated terminal	no	PLATE	https://archive.org/download/cu31924004684902/page/n91_w1700.jpg	A bundle of slender stems radiating from a collar into leaves and rosettes - the 13th-c. vine style whose sunk-lobe/raised-vein/grooved-stem technique is specified in the text.
gardner_ironwork1_1893	cu31924004684902	fig 34	92	One of the hinges to the Porte Ste. Anne, Notre Dame, Paris	medieval door ironwork	dense scroll panel	no	PLATE	https://archive.org/download/cu31924004684902/page/n92_w1700.jpg	The culmination of the style: the entire surface covered in tight C-scrolls with foliate terminals. Related stamped work at St Denis.
gardner_ironwork1_1893	cu31924004684902	fig 35	95	Press in the Church of St. Jacques at Liege	medieval door ironwork	furniture ironwork	no	PLATE	https://archive.org/download/cu31924004684902/page/n95_w1700.jpg	A press (cupboard) front panelled with foliate scrollwork - shows the same vocabulary applied to furniture rather than doors.
gardner_ironwork1_1893	cu31924004684902	fig 37	111	Frieze of the grille in the Palazzo Publico, Siena.	medieval ironwork	inline figure	no	VERIFIED	https://archive.org/download/cu31924004684902/page/n111_w1700.jpg	One bay of a large church/civic grille, seen straight on. THREE STACKED ZONES visible. (1) Top: a heavy horizontal entablature/architrave rail, deep (roughly 1/4 of the bay height), rendered as several stacked flat fascias with a chamfer - this is Gardner's framing 'really built up of plates of iron', and the seams between the plates are visible as horizontal lines. Round rivet/nail heads run along it at intervals, and three small applied triangular/arrowhead ornaments sit on its face. (2) The frieze panel proper: a rectangular opening, roughly 2:1 landscape, bordered on all four sides by a narrow dentil/nick band (a strip punched or chiselled into a row of small square teeth - a 'key-border'). Inside, a bilaterally symmetrical field of beaten sheet-iron scrollwork: two large C-scroll vine stems spring from the bottom centre and coil outward and up, throwing off secondary tendrils that terminate in split trefoil/palmette leaves and small volute buds. Leaf tips are broad, cleft, and slightly dished. At the exact centre stands a quadruped in profile-ish view - the beast Gardner calls 'the wolf of Rome' - rendered with a stippled/roughened (punched, granular) skin against the smooth polished scrolls; it is the only naturalistic element and it visually anchors the symmetry axis. Small forms under its belly could be the suckling twins but the block is too coarse to confirm. (3) Below the frieze, a second heavy rail (again built-up fascias with rivet heads and a dentil band), and beneath that the top edge of the quatrefoil grille field: a row of five pointed-arch heads (the upper bows of the quatrefoils) meeting at cusps, each junction masked by a small beaten leaf/boss, with short stub spikes at the meeting points. Flanking the bay, two vertical framing members of the same built-up moulded construction, each carrying an applied vertical strip with a repeating notched/ch...
gardner_ironwork1_1893	cu31924004684902	fig 38	115	Grille belonging to M. Le Secq des Tournelles.	medieval ironwork	inline figure	no	VERIFIED	https://archive.org/download/cu31924004684902/page/n115_w1700.jpg	A window grille shown in perspective, still (or reconstructed as) set into a plank window frame at the right. FIVE horizontal tiers, roughly EIGHT units wide. Every bar - vertical and horizontal - is a square bar given a spiral twist along its whole length (the engraver renders it as continuous oblique nicks). The vertical bars are the generating element: each one FORKS, the two limbs bowing outward and then curling back inward and over at the top, so that adjacent forks close against each other and read as a row of hearts, point downward, cleft upward. In the cleft of every heart hangs a small pendant terminal beaten into a spearhead/leaf shape (flat, with a raised midrib and a stubby tip), attached to the bar that continues up through the cleft. Six horizontal twisted rails cross the field (top edge, bottom edge, and one between each tier). At EVERY crossing of a horizontal rail with a vertical bar there is an applied stamped rosette - a small 5-6 petal flower with a bossed centre - masking the joint. The horizontal rails run out beyond the grille at both ends and are drawn flattened and tapered into leaf-shaped or spade-shaped tails where they pass through/behind the frame into the masonry; two or three similar flat leafy tails also project from the top rail and the bottom rail. A few small hooks project below the bottom tier. The bottom rail carries a denser run of rosettes than the intermediate rails. MODELLING: Clean parametric prop. PARAMS: tiers T, bays B, bar section w, twist pitch, heart width/height ratio, pendant style. GENERATOR: (1) build a twisted-square-bar profile once, reuse for all members; (2) per bay, sweep the heart outline as two mirrored cubic curves from a common apex, tangent-continuous into a straight riser above and below; (3) instance the pendant spearhead at each heart cleft; (4) lay horizontal twisted rails at tier boundaries; (5) ins...
gardner_ironwork1_1893	cu31924004684902	fig 39	122	Knocker from Stockbury.	medieval ironwork	inline figure	no	VERIFIED	https://archive.org/download/cu31924004684902/page/n122_w1700.jpg	Mounted on a vertical-boarded door (rendered as vertical grain hatching). PARTS, top to bottom: (1) BACK PLATE - a circular disc of sheet iron, slightly dished/domed, whose whole margin is cut into a continuous saw-tooth of about 26-28 small triangular teeth (Gardner's 'notched and lobed round the margin' / 'vandyked'). The disc face is pierced with about seven or eight CROSS-shaped slots - short-armed crosses with slightly expanded arm-ends - arranged in a loose ring around the centre; also about six small round holes, some clearly nail holes, some decorative punchings. No engraved surface ornament: all the decoration is cut through or cut into the edge. (2) Two small STAPLES (eyes) riveted through the plate near the top, set apart by roughly a third of the disc diameter. (3) The BOW - a bar bent into a wide U or horseshoe, hung by its two upturned ends in the two staples; the bow is of flattened section with a slight central ridge and is thickest at the bottom of the curve. This is the part the hand lifts. (4) From the bottom of the bow a long tapered PENDANT/striker descends past the lower edge of the plate; it is flat and blade-like where it leaves the bow, then passes through a moulded collar/knop and continues as a straight tapering shank. (5) At the bottom, an ANVIL/striking stud fixed to the door independently of the plate: a short projecting forged block, roughly cuboid, whose outer face carries an incised LOZENGE within a square; the pendant's foot rests on top of it, so lifting and dropping the bow drives the pendant onto the stud. The whole thing is one of the plainest members of its family - Gardner explicitly calls it 'a simple form of this kind of work'. MODELLING: Ideal small prop, 5 sub-meshes. PLATE: disc, radius R, thickness t, dish depth d; margin teeth = radial saw pattern, count N, tooth depth h; pierce with an array of cross slots (arm length...
gardner_ironwork1_1893	cu31924004684902	fig 40	123	Handle, with pierced tracery, from Stogumber Church, Somerset.	medieval ironwork	inline figure	no	VERIFIED	https://archive.org/download/cu31924004684902/page/n123_w1700.jpg	A ring-handle on a circular pierced plate, the richest of the four small props here. PARTS: (1) BACK PLATE - circular sheet-iron disc, visibly dished so that it rises toward the centre. Its edge is finished with a stout applied CIRCULAR BAND laid over the plate margin (Gardner p.110: 'the plate being reinforced by stout circular bands'); the band's surface is worked into a continuous run of close oblique nicks so it reads as a cable or rope moulding. (2) The plate field inside the band is PIERCED with radiating tracery: about sixteen slots radiate from the centre hub, alternating longer lancet/dagger-shaped openings with shorter ones, and the outer end of each slot finishes in a cusped, trefoil-like head, so the whole face reads as a sun or rose-window rosette. Between the slots stand narrow solid ribs of the same width, and a plain annulus is left between the slot heads and the rope band. A second, finer scalloped/beaded band appears on the plate near the bottom. (3) CENTRE / SPINDLE - a rectangular block standing proud at the hub, transversely ribbed with about eight parallel grooves (a reeded or fluted collar). The ring's two ends are gathered into this block; it functions as the staple through which the ring hangs, and it is Gardner's 'spindle'. (4) The RING - a stout closed ring hanging forward and down over the lower half of the plate, roughly 0.6 of the plate diameter. Its outer surface is nicked/beaded like the rim band, and at the bottom centre - where the hand pulls - there is a cluster of small beads or knops. The ring's own thickness swells slightly at the bottom. The ring overlaps and partly hides the lower tracery, which is drawn faintly through/behind it. MODELLING: Three parts, high visual return. PLATE: dished disc; radial slot array is a single boolean pattern with params {slot count, alternation ratio, cusp head style, hub radius, outer annulus w...
gardner_ironwork1_1893	cu31924004684902	fig 41	124	Handle in Westcott Barton Church.	medieval ironwork	inline figure	no	VERIFIED	https://archive.org/download/cu31924004684902/page/n124_w1700.jpg	NOTE A DISCREPANCY: the text on p.110 cites '(Fig. 41)' for 'the small bar-handles', but Fig. 41 is not a bar-handle - it is a large oval ring on a narrow vertical strap plate. Fig. 42 is the bar-handle. Treat the p.110 citation as a mis-reference. WHAT IS ACTUALLY SHOWN: (1) a narrow VERTICAL STRAP PLATE running down a plank door, its outline cusped into a symmetrical sequence - from the top: a pointed LOZENGE finial (with an incised lozenge on its face), then a fleur-de-lis / trefoil expansion with two outward-curling side lobes, then a waisted narrowing, then a central lozenge boss, then a mirrored fleur-de-lis expansion, then a bottom lozenge finial. So the plate is one cusped strap generated by mirroring a half-profile about its midpoint. (2) A staple near the upper third of the plate carries (3) a large VERTICAL OVAL RING hanging to the right and downward, taller than wide (roughly 1.5:1), of stout section that appears flat-oval with a rounded outer face; two or three narrow COLLARS or wrapped ties are visible clasped around the ring on its right limb. (4) Fixings: lozenge-shaped nail heads (diamonds) - one at each plate finial and boss, plus four more scattered on the door boards clear of the plate, which are presumably the nails of the door's own construction or of a vanished plate. The ring hangs in front of and partly across the plate's lower half. MODELLING: Two parts. STRAP PLATE: generate from a half-profile spline mirrored top/bottom; the cusp vocabulary is {lozenge finial, fleur-de-lis lobe, waist} sequenced along the length - the same grammar Gardner gives for hinge straps ('the termination of every scroll is a graceful fleur-de-lis ... simple straps terminate in a triple or even in a single fleur-de-lis', p.111), so ONE profile generator serves plates, escutcheons and hinge straps. RING: oval torus (two radii), plus 1-3 instanced collar bands at pa...
gardner_ironwork1_1893	cu31924004684902	fig 42	124	Fourteenth-century door-handle.	medieval ironwork	inline figure	no	VERIFIED	https://archive.org/download/cu31924004684902/page/n124_w1700.jpg	A bar-handle (bail handle) - the type Gardner describes as 'small bar-handles ... attached at each end to the doors by traceried plates or rosettes' with 'cleverly forged knops in the centre'. PARTS: (1) TWO ROSETTE PLATES, one at top and one at bottom, identical, each a lobed/cusped sheet-iron rosette of roughly quatrefoil skeleton with each lobe sub-cusped, giving about 10-12 small lobes around a circular centre; each is fixed by a single visible central fastener (a small squarish rivet/nail head) - the top plate is drawn with the fastener at its centre, the bottom plate likewise. (2) The HANDLE itself is one bar bent into a squared U (a staple/bail): from each rosette a short arm projects perpendicular out from the door, then turns through a right angle so the long member runs vertically, parallel to and standing clear of the door by roughly one bar-length. The bar is of square or rectangular section. (3) Small COLLARS/mouldings mark each of the two right-angle bends. (4) At the mid-point of the long vertical member is a forged KNOP: a spool or baluster swelling formed of two flat collars flanking a barrel-shaped bulge - it looks turned but is hammered. The handle is drawn casting a shadow on the boards, emphasising the standoff. Nothing is pierced; all the enrichment is in the two rosette plates and the single knop. MODELLING: The cheapest of the four to build and the most reusable. PARAMS: bar section w, standoff s, length L, knop style, rosette lobe count. GENERATOR: sweep a square profile along a path of 6 points (rosette -> out -> bend -> down -> bend -> in -> rosette) with filleted corners; instance a collar at each bend; instance a knop at t=0.5 (or at t=0.33/0.67 for a two-knop variant); instance the rosette plate at both ends. ROSETTE PLATE: quatrefoil base outline with recursive sub-cusping (depth 1) - same generator as the pierced-tracery cusps in Fig...
gardner_ironwork1_1893	cu31924004684902	fig 43	130	Handle of sacristy, Rouen Cathedral.	medieval ironwork	inline figure	no	VERIFIED	https://archive.org/download/cu31924004684902/page/n130_w1700.jpg	A large oval closing-ring seen face-on. The ring is of flattened-elliptical cross-section and is worked with many fine longitudinal grooves/mouldings running the whole way round, so it reads as a bundle of concentric fillets rather than a plain bar. At bottom centre a short turned barrel-knop with a collar-moulding each side interrupts the ring - the grip/swivel point. The top of the ring passes up into a small rectangular back-plate with a row of tiny arcaded cells (only the lower edge of the plate is inside the frame in my crop). MODELLING: Torus of flattened elliptical section, N longitudinal grooves swept round the ring; one lathe-style knop (2 collars + barrel) inserted at bottom centre; separate rectangular pierced back-plate above. Params: ring major/minor radius, groove count, knop length.
gardner_ironwork1_1893	cu31924004684902	fig 44	131	Door-handle in the sacristy of Evreux Cathedral.	medieval ironwork	inline figure	no	VERIFIED	https://archive.org/download/cu31924004684902/page/n131_w1700.jpg	Two-part composition. (1) Back-plate: a four-lobed foliate lozenge, each lobe built of small clustered leaf-lobes, with a circular fixing eye pierced in each of the two lateral lobes and a small trefoil finial at the apex. (2) Drop/handle: a teardrop (pear) outline hanging from the back-plate, its rim a plain rounded moulding of two steps; the neck of the drop carries a small traceried panel containing a quatrefoil, and the bulb below carries a circular rose-window of six-pointed pierced tracery. A crowned, bearded, grimacing mask sits at the junction where the drop meets the back-plate. MODELLING: Plate = 4-lobed lozenge, 2 fixing eyes, 1 apex finial; drop = teardrop profile with 2 pierced inserts (quatrefoil panel, circular rose) + 1 mask boss. Params: lobe count, rose spoke count, drop aspect ratio.
gardner_ironwork1_1893	cu31924004684902	fig 45	142	Fig. 45.—Lock in St. George's Chapel, Windsor.	medieval ironwork	inline figure	no	VERIFIED	https://archive.org/download/cu31924004684902/page/n142_w1700.jpg	Landscape rectangular lock plate, aspect roughly 2.4:1, shown flat-on with no perspective. OUTER FRAME: a broad picture-frame border running the full circuit, filled with a bold diagonal cable/twist — parallel slanting flutes, each flute shaded on one side and carrying a row of small ring-punched dots (bead-and-ring punching); the diagonal reverses direction at each corner, i.e. mitred. FIELD: three separate near-square panels of pierced curvilinear (flamboyant) tracery laid ON the plate, each inside its own raised plain fillet frame; between panels the diagonal cable band of the ground shows through as a vertical strip, so the panels are discrete applied units, not a continuous cut field. EACH PANEL: upper two-thirds is a 2-column x 2-row grid of interlacing curved bars forming large circles crossed into pointed-oval (vesica) leaves, with a pointed quatrefoil flower at each cell centre and at the cell intersections; the lower third is a separate shallower band of half-vesica / pointed-arch shapes reading as a plinth register. FIXINGS: each panel is pinned by four small rectangular clips or tabs, each stamped with 3–4 rivet dots, set as an upper pair and a lower pair at the quarter points — these are the visible evidence that the tracery is PIERCED-AND-APPLIED over a backplate rather than worked in the plate itself. KEYHOLE: only in the centre panel — a classic keyhole, round eye with a tapering triangular slot below it, cut straight through the tracery near the foot of the middle register; it prints solid black (open to a dark interior). It has NO separate applied escutcheon; the surrounding tracery is simply interrupted. NOT VISIBLE / ABSENT from the cut: hasp or shackle, bolt, wards or any mechanism, hinges or straps, handle. This is the exterior face of a door lock-plate only. MODELLING: Parametric decomposition: (a) plate W:H ~2.4:1; (b) border band width ~9-1...
gardner_ironwork1_1893	cu31924004684902	fig 46	143	FIG. 46.—An extremely rich Flemish "vizzying," or guichet, with iron wattlework. In the South Kensington Museum.	medieval ironwork	inline figure	no	VERIFIED	https://archive.org/download/cu31924004684902/page/n143_w1700.jpg	Read at 1378x2157 plus four sips crops (cornice, mid, wattle band, right stile). Structure top-to-bottom, all one iron frame let into a plank door (wood rendered as fine vertical striations; two large domed nail-heads in the right stile). (1) CORNICE / HEAD, 5 stacked mouldings: (a) battlemented cresting of small rectangular merlons, ~22-24 across, even pitch; (b) a bead row (pearl / bead-and-reel), ~55-60 beads; (c) a broad band of running scroll — repeating interlocked hooked C/crescent forms, ~13-14 repeats, reads as a stylised running wave or vine; (d) a cabled (spiral-cut) roll moulding — clear twisted-rope torus; (e) plain fillet + beaded lower edge. The cornice oversails the frame on all visible sides. (2) UPPER TRACERY REGISTER: two-light head. Field is pierced sheet tracery of pointed vesica / leaf-shaped lights, each vesica containing a quatrefoil piercing; the vesicas interlock in a reticulated net. Junctions carry small curled leaf-crockets and there are foliate cusp-terminals. A vertical central mullion runs through, headed by a small rectangular block. (3) MIDDLE REGISTER: twin sub-arches (segmental/pointed, with a moulded soffit) each filled with the same quatrefoil-in-reticulation tracery. Centred on the mullion is a heater-shaped SHIELD charged with a plain couped cross; the shield field is matted/granulated (dense punched cross-hatch), the cross itself smooth and raised — so raised device on a sunk-and-punched ground. (4) BALUSTER TIER: five upright shafts standing free in front of the tracery, each a turned/knopped baluster of stacked collars and knops with a pointed spear/finial head — miniature stone shafts. They rise to about half the aperture height. (5) WATTLE BAND (the feature Gardner singles out): a literal basket weave in iron across the full width. ~5 heavy vertical stakes (the continuing bars) with ~12 slender round horizontal weaver ro...
gardner_ironwork1_1893	cu31924004684902	fig 47	144	FIG. 47.—Tabernacle grille from Ottoburg, Tyrol. In the South Kensington Museum. German fifteenth-century work.	medieval ironwork	inline figure	no	VERIFIED	https://archive.org/download/cu31924004684902/page/n144_w1700.jpg	Read at 1377x2157 plus six crops (top, door, left flank, base, right-jamb fitting, door foot). This is the strongest architectural-miniaturisation specimen in the cluster: a free-standing iron cupboard/shrine built exactly like a stone tabernacle-house. PLAN: canted, three-faced front (flat centre face + two oblique flanks returning to the wall) — a half-hexagon/chevet plan. Four angle uprights result. (1) SUPERSTRUCTURE — 3 GABLES (wimpergs), one over each of the three faces, centre gable largest. Each gable is a steep two-sided pediment of moulded bar; the raking edges carry CROCKETS (curled, deeply undercut leaf forms, 3-4 per rake); each apex carries a tall FINIAL. Each gable tympanum is pierced with cusped/trefoiled openings (a trefoil under the apex flanked by lancet-shaped voids). (2) CRESTING: behind and between the gables, running along the cornice, a band of small fleur-de-lis / trefoil-headed uprights, closely and evenly spaced (~10-12 per face) — an open crest, not battlemented. (3) PINNACLES: 4 very tall slender angle pinnacles rising well above the gables, plus the 3 gable finials = 7 vertical spikes in silhouette. Each pinnacle is a square-section rod carrying a regular ladder of small tabs/knops (~10-14 up the shaft, even pitch) and a lower spearhead-shaped boss, terminating in a spike. This is a stone crocketed pinnacle abstracted into a rod-plus-tabs — exactly the feature Gardner calls "intolerably coarse" (p.132). (4) CORNICE: a plain moulded box cornice with a row of round rivet heads along it, oversailing the body on all three faces. (5) FRONT DOOR (the centre face): ogee/two-centred pointed arched head. Archivolt is a CABLED (rope-twist) roll moulding. Spandrels above the arch are filled with flat pierced foliate scrollwork (rinceaux, C-scroll leaves); above the arch apex a small quatrefoil-in-circle. Door field = a TRELLIS of square-section b...
gardner_ironwork1_1893	cu31924004684902	fig 48	146	Fig. 48.—Lock, eighteen inches high. In the Klagenfurt Museum. Fifteenth century.	medieval ironwork	inline figure	no	VERIFIED	https://archive.org/download/cu31924004684902/page/n146_w1700.jpg	A tall 'splayed' lock plate: narrow at the head, widening downward through long CONCAVE (ogee) sides so the silhouette is bell- or trumpet-shaped; height ~1.3x max width. HEAD: a projecting cornice box sits across the top like a miniature building — its top edge is a row of dentil/battlement nicks; under that an open arcaded gallery of about seven bays, each bay a pair of traceried lights under a gablet with crockets; under that a pendant leafy frieze (brattishing) hanging from a moulded string course; then a second moulded string with small studs. MAIN FACE: divided by four applied vertical buttress-strips, each crowned with a crocketed pinnacle and carrying knots of leafy crockets, into THREE bays. Each bay carries applied tracery in two tiers: a large crocketed ogee gable spanning the bay over a rank of ~6 narrow cusped lancets; then a horizontal transom band of quatrefoil-in-square panels; then a lower tier of small cusped arch-heads over long narrow lancets which run down to the bottom edge. Ground behind all tracery is rendered as dense fine vertical hatching = the shadowed backplate seen through the piercing, so the whole scheme is PIERCED-AND-APPLIED over a plain backplate, with buttress strips as a third, higher layer. BOTTOM EDGE: cut into four concave ogee scallops, each junction carrying a small pendant drop finial (the central one longest, on the axis); the two outer corners finish in curled/rolled scroll tips; the whole lower edge is followed by a raised bead moulding studded at intervals with small applied lozenges. CENTRE AXIS, keyhole zone: (i) a circular boss with a scalloped/cusped rim, pierced with a TREFOIL (three-lobed) opening, standing proud of the plate (heavy shadow on its lower right); (ii) directly below it a blind two-light traceried niche; (iii) overlapping the niche and the transom band, a raised curled tongue- or leaf-shaped applied ...
gardner_ironwork1_1893	cu31924004684902	fig 49	149	Fig. 49.—Lock from Neuberg, Styria.	medieval ironwork	inline figure	no	VERIFIED	https://archive.org/download/cu31924004684902/page/n149_w1700.jpg	Two distinct components: a broad shaped PLATE occupying the left two-thirds and, standing proud of it on the right, a rectangular CASE/BOX drawn in slight oblique. PLATE OUTLINE: a projecting tab at the upper-left corner and another at the lower-left, each pierced/filled by a domed rivet; the left edge between them is cut into two concave lobes separated by a cusp, with a third rivet at mid-edge; the top edge is one long shallow concave sweep down to the right. Two further domed rivet heads sit loose in the field (one high, one low right of centre). The plate field is otherwise entirely PLAIN — its decoration is applied/raised ornament, not a pierced field. APPLIED ORNAMENT: a serpentine flat stem with a rounded central rib runs from the upper-left, dips to the plate centre, then rises to the right; each end terminates in a THISTLE — a fan-shaped flower head with a fringed, finely toothed crown and punched dots in its face, springing from a swollen bulbous calyx rendered in dense stipple/cross-hatch (the prickly bud). KEYHOLE: on the axis, a narrow vertical slot with a rounded head, sunk in the plate and framed by a raised bead following its outline; the serpentine stem loops around it. Immediately below the keyhole hangs a FAN or SHELL escutcheon-drop: a半circle roughly 180deg, radially grooved (about 12 ribs), its outer edge finely serrated like saw-teeth, a ring of ~12 punched dots inside the margin, and a central domed boss incised with a saltire cross. RIGHT-HAND CASE: a raised rectangular box with a moulded/chamfered frame; along its left inner edge a vertical border strip of oval bosses (a bead or gadroon row); the main sunken field is filled with PIERCED foliate scrollwork — spiky lobed thistle leaves on crossing stems in an S arrangement — over hatched dark ground, i.e. pierced-and-applied over a backing. Small S-curled straps or clips wrap over the frame a...
gardner_ironwork1_1893	cu31924004684902	fig 50	149	Fig. 50.—Lock of chest. In the Augsburg Museum.	medieval ironwork	inline figure	no	VERIFIED	https://archive.org/download/cu31924004684902/page/n149_w1700.jpg	A German 'splayed' chest-lock case photographed flat-on. SILHOUETTE: trapezoid, narrow at top, flaring downward with concave ogee sides; the base rises in a broad shallow arch between three pendant terminals; overall width at the pendants ~1.6x the height of the case body. TOP: a chamfered top edge showing a row of oblique nicks (milled or file-cut dentils), then a plain moulded lip. UPPER FRIEZE: a horizontal band of PIERCED thistle scrollwork immediately below the top lip, showing dark through the piercings, with a thistle flower-burr (round knob with cross-hatched calyx) at each end. MAIN FIELD: a fine, very regular vertical striation across the whole field, on which the applied ornament sits — either a file-cut/combed striated iron ground or the backing material seen through, I cannot tell from a halftone. CENTRAL ORNAMENT: two mirrored circular scroll medallions flanking the vertical axis, each a coiled thistle stem enclosing a burr flower with radiating spiky bracts and spined leaves — pierced and slightly embossed sheet, applied. Their stems converge downward on the axis into a thick paired stem that meets the KEYHOLE: a small round eye with a short slot below it, set in a narrow raised vertical strap/escutcheon; below the keyhole hangs a small pierced leafy palmette drop ending in a scalloped fan, and below that a single round stud on the axis. STUDS: applied lozenge (diamond) studs in the field — one beside each upper corner, one on each side lower down (4 clearly visible). SIDE BORDERS: a narrow applied strip of dart/triangle ornament follows each concave side from the top corner down to the bottom corner. BASE: a horizontal band across the foot with a small applied central ferrule/clasp, and THREE pendant openwork thistle-leaf tassels hanging below — one at each bottom corner, one on the axis — each a bunch of curling pierced leaves. All ornament is PIER...
gardner_ironwork1_1893	cu31924004684902	fig 51	150	Fig. 51.—Lock in Mr. Amerling's Collection, Vienna.	medieval ironwork	inline figure	no	VERIFIED	https://archive.org/download/cu31924004684902/page/n150_w1700.jpg	A lock plate whose ENTIRE field is one continuous pierced arabesque — the purest example in the chapter of the 'sea-weed-looking' pierced sheet-iron the text describes. SILHOUETTE: broad quadrilateral, wider than high (~1.4:1); the right edge is straight and vertical and carries a plain narrow stepped border (a turned-over rim, or the plate's return, drawn as a flat margin outside the ornament); the left edge is cut into three to four cusped ogee lobes with a small POINTED SPUR projecting horizontally at mid-height; the top and bottom edges are long shallow concave sweeps, so the plate is waisted. The whole outline is followed by a raised double-line bead moulding, and inside it a second bead line frames the field. FIELD: flat ribbon stems, all of the same width, interlace into roughly eight large heart-shaped / ogival compartments, arranged in mirror symmetry about the vertical axis (two upper and two lower pairs); each compartment is filled with curling flat leaves, hooked tendrils and small spurs; about six small flower/thistle-burr rosettes occur at compartment centres, mostly toward the corners. The ground behind all the openwork is rendered as solid dark hatching = a dark backing seen through the piercing, matching the prose recipe of tinned pierced iron laid over red cloth or paper. AXIAL FURNITURE, low centre: a tapering vase or truncated-cone boss (like a small bucket) from which the two principal scroll stems spring upward and split; immediately beneath it the KEYHOLE, which is CRUCIFORM/anchor-shaped — a round eye at top, a narrow stem, a cross-bar formed by two side notches near the foot, and a small round hole at the very bottom (a cross-warded key). It sits on a small applied escutcheon of two mirrored wing- or leaf-shaped plates, each pierced with one small round hole, with a lobed foot below the keyhole. NOT VISIBLE: hasp, shackle, bolt, wards, hing...
gardner_ironwork1_1893	cu31924004684902	fig 52	151	FIG. 52.—Handle from church door of St. Marein, in Styria.	medieval ironwork	inline figure	no	VERIFIED	https://archive.org/download/cu31924004684902/page/n151_w1700.jpg	Read at 1378x2157 plus two upscaled crops (staple/grip, corner). Drawn flat-on against a wooden door (grain rendered as long wavy vertical lines); the handle casts a soft shadow down-right, so the drop stands clear of the plate. Pure outline style, so piercings read as white and embossing as chased hatching. TWO COMPONENTS: A) SQUARE BACKPLATE of pierced sheet iron. Edge treatment: a regular row of small semicircular notches (scalloped/cusped edge) all round — ~13-14 notches per side, even pitch, so ~52-56 total. Just inside the edge, a border row of small piercings ALTERNATING round holes and short oval slits. Field: a symmetrical branching THISTLE arabesque, bilaterally symmetric about the vertical axis and roughly about the horizontal too. Structure is a stem graph: stems spring from nodes, branch two or three ways, each terminal ending in a pointed lobed thistle leaf whose interior is slit/pierced and filled with fine parallel chased grooves. At almost every branch node sits a domed BOSS with a spiral/snail-shell chased top (I count on the order of 40-50 of these bosses over the plate). Along the stem axes are scattered small round punched holes and short slits. Two fan-like sets of concentric arcs flank the central staple, symmetric left and right — deliberate ornament (Gardner, p.138, says the thistle "simulated the oak, the fan, the Eastern spathe"), not wear marks. B) DROP HANDLE, heart-shaped / shield-shaped: broad rounded shoulders, sides curving in, terminating in a point at the bottom. It has a plain moulded outer rim; the top edge is a wide flat band filled with fine vertical striations (reeding/chased grooves) and its inner edge is scalloped into three lobes with three round piercings between them. Inside the rim, the same pierced thistle arabesque as the plate, at slightly larger scale, with the same spiral bosses and hatched leaves. SUSPENSION: a pl...
gardner_ironwork1_1893	cu31924004684902	fig 53	152	Part of door-lining from the Rathhaus, Cracow. Fifteenth century.	medieval ironwork	inline figure	no	VERIFIED	https://archive.org/download/cu31924004684902/page/n152_w1700.jpg	Upper part of an iron-lined door with a very flat segmental head on large rounded shoulders (rounded-rectangle outline). THREE CONCENTRIC ZONES. (1) Outer frame: one wide flat band, ~60px, carrying a continuous PIERCED RUNNING SCROLL — a repeating C/S-scroll with a small solid triangular filler between successive scrolls, repeat ~76px. The scroll band runs continuously around the rounded shoulder; the repeat simply bends along the arc, no corner block, no mitre. (2) Second frame member: a plain flat band ~52px, separated from (1) by a thin fillet, studded with widely spaced quatrefoil nails (including one on the 45-degree bisector at the shoulder). (3) Field: a diagonal lattice of PLAIN FLAT STRAPS at exactly +/-45deg. Each strap is drawn blank with a single heavy shadow-line along one edge, i.e. the straps stand PROUD of the plates they overlap. Every interspace (a square-on-point) is filled with a PIERCED + EMBOSSED plate: a 4-fold symmetric cruciform thistle-derived motif (mirror-symmetric on both diagonals), a straight or looped cross on the diamond's diagonals with hooked/arrowhead terminals and small anchor-and-scroll corner fillers. TWO distinguishable variants of this cruciform alternate in checkerboard within the interspace class (variant A = straight bar cross with arrowhead ends; variant B = looped, rounded arms). NAIL RULE, verified at 3.5x and 4.7x: a small round RING nail (annulus with central dot) at the exact centre of every pierced plate; a small QUATREFOIL nail at the MIDPOINT of every strap segment; the strap CROSSINGS ARE BARE — the little blank overlap squares carry no stud. Bottom and side edges of the engraving are an arbitrary cut ('Part of...'); the lattice is simply CLIPPED by the inner arch curve at the head and by the illustration edge below — the diaper is never re-fitted to the door outline. No cresting. MODELLING: MEASURED on the 1377...
gardner_ironwork1_1893	cu31924004684902	fig 54	153	Part of door in the Priory of Bruck, with pierced and embossed ironwork.	medieval ironwork	inline figure	no	VERIFIED	https://archive.org/download/cu31924004684902/page/n153_w1700.jpg	A rectangular fragment of a fully sheathed door; no border or outline visible — the diaper runs off all four edges of the plate, so overall door proportions are unknown. CONSTRUCTION: diagonal lattice of flat straps, but NOT at 45deg — the lozenges are about 1.23x taller than wide (strap direction ~51deg from horizontal). Each strap is a plain flat bar whose face is rendered with fine hatching parallel to its own axis, and — verified at 6.5x — is edged along BOTH margins by a CABLE / ROPE-TWIST moulding (a twisted or bead-and-reel bead, not plain round beads). This is Gardner's 'banded iron'. At each crossing the two straps meet and a small five-petalled ROSETTE nail with a raised centre sits exactly at the crossing centre. A second identical rosette nail sits at the MIDPOINT of every strap segment — so each lozenge is ringed by 4 crossing-rosettes and 4 midpoint-rosettes, nail pitch = half the crossing pitch. INTERSPACES: each lozenge is filled with a separate pierced-and-embossed sheet-iron plate, and the designs are essentially ALL DIFFERENT (Gardner: 'few of the designs being repeated'). Distinct motif families observed: (a) thistle + fleur-de-lis arabesque twined round a central vertical stem with beaded bosses on the stem; (b) Late-Gothic architectural tracery — a row of pointed cusped arches under a row of shields; (c) a PENTAGRAM (five-pointed star) inside a crown-like scrolled frame on a stem with finials top and bottom; (d) confronted dragon/serpent-headed scrolls; (e) circular foliate medallions; (f) a candelabrum-like stem with mirrored S-scrolls. STRUCTURAL RULE for the plates: almost every one is bilaterally symmetric about the lozenge's VERTICAL axis and is built on a central vertical spine terminating in a finial at top and bottom, with mirrored scroll branches and one optional central emblem (shield / star / rosette / tracery panel). No four-fold s...
gardner_ironwork1_1893	cu31924004684902	fig 55	154	Iron-bound and painted door in the Castle of Karlstein, near Prague.	medieval ironwork	inline figure	no	VERIFIED	https://archive.org/download/cu31924004684902/page/n154_w1700.jpg	THE ONLY COMPLETE DOOR of the four. Tall narrow leaf with a flat segmental head on large rounded shoulders, set in a plain reveal. ZONES: (1) One continuous flat iron BORDER BAND follows the whole door outline including both rounded shoulders. It carries a strict alternating nail sequence, verified on a 900px border strip: WHIRL, cross, cross, WHIRL, cross, cross ... i.e. a clean PERIOD-3 cycle of one whirl per two crosses, stud pitch ~54px, and a WHIRL is placed at each corner/shoulder. Nail type 1 = round disc head with an incised cross quartering it ('cross-in-roundel'). Nail type 2 = a larger round WHIRL / pinwheel-rose boss (a swirled, three-or-four-lobed catherine-wheel). (2) Inside the border, a plain margin of bare (painted) wood. (3) Field: a diagonal lattice of flat straps at essentially +/-45deg forming square-on-point lozenges. Each strap carries a single row of the cross-in-roundel studs along its centreline, ~3-4 per segment, and a WHIRL rosette sits at EVERY strap crossing (verified at two adjacent crossings). (4) The lozenge cells are NOT filled with iron at all — the armorials are PAINTED ON THE WOODWORK: a solid black DOUBLE-HEADED eagle (Gardner calls it the black eagle of Austria; the engraving unambiguously shows two heads) alternating in checkerboard with an outline LION rampant (the silver lion of Bohemia). (5) Clipping rule differs from Cracow: at the bottom border the IRON straps are simply cut off, but the PAINTED charges are refitted — the half-lozenges along the bottom edge contain compressed but complete eagles/lions drawn to fit the triangle. (6) FITTINGS: a large domed circular rose with a heavy drop RING handle occupies one lozenge on the door's vertical centre-line at about mid-height (it overrides the painted charge for that cell); a small dark keyhole escutcheon sits low on the closing stile side, in the plain field, NOT on a stra...
gardner_ironwork1_1893	cu31924004684902	fig 56	156	Iron-bound door in the Monastery of Krems. Late fifteenth century.	medieval ironwork	inline figure	no	VERIFIED	https://archive.org/download/cu31924004684902/page/n156_w1700.jpg	A rectangular fragment of a door sheathed edge-to-edge in iron; no border shown. CONSTRUCTION, established by lattice measurement plus 2x-7x inspection: this is NOT a thin-strap trellis but a lattice of VERY BROAD FLAT BANDS crossing at about +/-54deg. Because the bands are so wide (~38% of the crossing pitch), each CROSSING becomes a substantial lozenge-shaped plain area, rendered with a mitred CHEVRON hatching (the two bands' hatch directions meeting), and a LARGE CIRCULAR ROSETTE BOSS is applied at the centre of EVERY crossing — a hemispherical, spirally-turned dome inside a flat collar of ~12-16 fluted petals. The INTERSPACES are noticeably larger lozenges (309 x 411px vs the crossings' 190 x 283px) and each is filled with an EMBOSSED FIGURE PLATE, bordered along all four lozenge edges by a cable/rope moulding punctuated with small star-rosette punches, on a close vertically-hatched (matted or coloured) ground with the figure raised over it. Figures verified in the visible field: a GRIFFIN (eagle head, beak, crested neck, feathered wings, lion hindquarters and tufted tail) and a SHIELD OF ARMS with helm and luxuriant foliate mantling (shield charged with pales and small charges); the book adds that the lower half of the door carries imperial eagles and lions. So the interspace class itself is a checkerboard of two subjects. A small group of short engraved strokes appears below each boss (engraver's shadow/relief convention — not certainly a punched ornament). MODELLING: MEASURED on the 1377px-wide page scan. Boss (= crossing) lattice: x-period 499-510px, y-period 347px, alternate rows offset by ~250px -> generated by v=(249.5,347) and (249.5,-347). band_angle = atan(347/249.5) = 54.3deg. crossing pitch along a band L = 427px. band_width w ~= 162px (derived two ways from the crossing rhombus half-diagonals 95 and 141; w/L = 0.38 — BROADEST of the four). Crossing...
gardner_ironwork1_1893	cu31924004684902	fig 57	157	FIG. 57.—Tabernacle door in the sacristy of the Hospital Church in Krems. Late fifteenth century.	medieval ironwork	inline figure	no	VERIFIED	https://archive.org/download/cu31924004684902/page/n157_w1700.jpg	LEAF CONFIRMED: leaf 157, printed page 144 (the List of Illustrations OCR "14^^" resolves to 144). It is the last figure in the book. Read at 1378x2157 plus four upscaled crops (gable head, hinge, lock, central register). OVERALL SHAPE: tall door, rectangular below, with the two top corners CANTED at ~45deg to a short flat apex — a cropped/flattened gable head (five-sided, 'coffin-headed' outline). Drawn in very slight perspective so the right edge and its lock are seen partly in profile. ARMATURE: a massive orthogonal bar grid. 2 vertical mullion bars divide the width into 3 columns; horizontal transom bars divide the height into 6 full registers plus the gable register above — about 19-20 rectangular panels total. Prose (p.142) confirms the richer form has RECTANGULAR interstices, and that is what this is: rectangular panels, not lozenges. Crucially the panels are OPENWORK — you can see through them; the massive horizontal bars pass straight across the figure subjects (a bar crosses the Crucifixion at hip level), and the sheet-metal figures are applied over/behind the bars. BORDER: outer frame band = a running undulating wavy ribbon/stem with leaves, on a hatched ground, following the canted head; inner frame band (the vertical stiles and the mullions) = a two-strand plait/interlace with small cusped leaf sprigs. REGISTER BANDS: between every register runs a horizontal band of undulating wave-stem ornament — a single serpentine stem with alternating half-palmette leaves above and below, on a fine hatched (matted) ground. Same unit on every band. PANEL FILLINGS (cut from sheet, embossed and chased; drapery rendered by close parallel grooves): gable centre = a nimbed Christ figure with cross-staff over an arch, flanked by two flying angels (Resurrection); gable left = a group of standing figures with a tall staff/candle. Register 2: left = a crowned/seated figure; ...
dollman_v1_1861	analysisofancien01dolluoft	v1 front matter, printed pag	13	LIST OF SUBJECTS (volume 1)	front matter / index	list of subjects with plate count per subject	no	VERIFIED	https://archive.org/download/analysisofancien01dolluoft/page/n13_w1700.jpg	The ENTIRE volume 1 list of subjects sits on this single leaf (printed page iv, verso of the preface's last page). It does NOT run across a page break - earlier recon was wrong about that. The list ends 'STIRLING CASTLE - 4' with a rule and the printed total '81' beneath. The '- A STIRLING CASTLE 81' fragment that appears at the head of leaf 14's OCR is a scan/OCR offset artifact (leaf N's OCR text often begins with the last line of leaf N-1). COMPLETE TRANSCRIPTION, in printed order, name then plate count: (1) HALF TIMBERED HOUSE, CHIDDINGSTONE, KENT - 2. (2) WINDOW, OAKHAM CASTLE, RUTLAND - 1. (3) FIREPLACES IN THE BISHOP OF LINCOLN'S MANOR HOUSE, LYDDINGTON, RUTLAND; AND APTHORPE, NORTHAMPTONSHIRE - 1. (4) ST. JOHN'S HOSPITAL, NORTHAMPTON - 4. (5) THE REFECTORY, DUNFERMLINE ABBEY - 8. (6) ST. CROSS' HOSPITAL, WINCHESTER - 8. (7) THE REFECTORY OF GREAT MALVERN ABBEY - 3. (8) WINDOW, SUDELEY CASTLE, GLOUCESTERSHIRE - 1. (9) THE GUESTEN HALL, WORCESTER - 4. (10) SPECIMENS OF IRON WORK: comprising a Sliding Sconce, Window Latch, Bolt and Bolt Plate, Hinge, Closing Ring, and Scutcheon - 1. (11) DITTO DITTO, consisting of a series of 10 Keys - 1. (12) COMMANDERY, WORCESTER - 3. (13) ANCIENT HALF TIMBERED HOUSE, MAYFIELD, SUSSEX - 2. (14) MAYFIELD PALACE, SUSSEX - 4. (15) LINLITHGOW PALACE, AND PARVISE FROM ST. MICHAEL'S CHURCH, LINLITHGOW - 10. (16) FIREPLACES: DIRLETON CASTLE, EAST LOTHIAN; AND AT THE OLD TOWER OF CLACKMANNAN - 1. (17) VARIOUS DETAILS: embracing outside Stairs Clackmannan, Lion and Crown on a Gable of Stirling Castle, Loop-hole in Flodden Wall in the Vennel, Edinburgh, and examples of Iron Work from Elgin; Coxton Tower - 1. (18) BATTLE ABBEY, [ditto = Sussex] - 2. (19) BABLAKE HOSPITAL, COVENTRY - 1. (20) CEILING IN THE BISHOP OF LINCOLN'S MANOR HOUSE, LYDDINGTON, RUTLAND - 2. (21) FORD'S HOSPITAL, COVENTRY - 7. (22) NEW COLLEGE OF COBHAM - 2. (23) F...
dollman_v1_1861	analysisofancien01dolluoft	v1 printed page 1	14	First text page of volume 1 (Chiddingstone; Oakham Castle window)	structure verification	letterpress description, two columns	yes	VERIFIED	https://archive.org/download/analysisofancien01dolluoft/page/n14_w1700.jpg	Opened purely to prove the list of subjects does not continue past leaf 13. It does not: leaf 14 is headed 'ANCIENT DOMESTIC ARCHITECTURE OF GREAT BRITAIN' and begins the descriptions, two columns, 'HALF-TIMBERED HOUSE, AT CHIDDINGSTONE, KENT' left and 'TWO-LIGHT WINDOW IN GREAT HALL, OAKHAM CASTLE, RUTLANDSHIRE' right, with 'VOL. I.' in the footer. Chiddingstone: three gables, centre gable projects and forms an open porch on the ground floor, moulded barge boards to all gables; westernmost portion has a large bay window on the ground floor with an oriel over and a three-light window in the gable above; eastern portion has a bay window in BOTH storeys, the gable projecting slightly more than the bay below it; windows generally square-headed and transomed; initials G B I and date 1637 over the centre window; pendants at apex and feet of all barge boards; under the sills of both ground-floor bays the wall is brick with stone quoins, and the westernmost bay's plinth is entirely of stone. Oakham Castle great hall: 'the whole of the building is of transition Norman character, the date of its erection being 1180'; window dressings of Clipsham oolite, 'of finer grain than Barnack stone, but coarser and of somewhat different color than Ketton stone'. MODELLING: Chiddingstone gives a complete, buildable recipe for a late half-timbered village range: 3 gables, projecting centre gable on posts forming an open ground-floor porch, two-storey bay on one wing, ground bay + oriel on the other, square-headed transomed windows throughout, brick-with-stone-quoin infill below the bay sills. The gable-projects-more-than-the-bay-beneath relation is a specific, checkable proportion rule. Named stone types (Clipsham, Barnack, Ketton oolites) give us a real material vocabulary for English limestone dressings. DIMENSIONS: Oakham Castle hall dated 1180 (date, not a dimension). No linear dime...
dollman_v1_1861	analysisofancien01dolluoft	PLATE-RUN MAP v1 run 1	16	Chiddingstone HTH (2) + Oakham Castle window (1) + Lyddington/Apthorpe fireplaces (1)	derived leaf map	plate run	no	PLATE	https://archive.org/download/analysisofancien01dolluoft/page/n16_w1700.jpg	Description text on leaves 14-15. Plate run occupies leaves 16-31, 4 plates. Predicted plate leaves 18, 22, 26, 30 - and these are EXACTLY the four leaves in that span that carry caption bleed in the OCR, so this run is effectively confirmed without opening it.
dollman_v1_1861	analysisofancien01dolluoft	vol 1, Plate 1 (lettered 'I.	18	Half Timbered House, Chiddingstone, Kent - Front Elevation, Plan at C.D, Plan at A.B	Chiddingstone, Kent (half-timbered houses, dated 1637)	orthographic elevation + two partial plans + scale bar	yes	VERIFIED	https://archive.org/download/analysisofancien01dolluoft/page/n18_w1700.jpg	Portrait plate, NOT rotated in the scan. Sheet carries: 'Front Elevation.' (the whole three-gabled range at one scale), 'Plan at C.D.' (a partial plan of the front wall at first-floor level), 'Plan at A.B.' (the same at ground level), and a scale bar reading 'SCALE OF 12 [inches] | 0 1 2 3 4 5 6 7 8 9 10 ... 20 ... 30 FEET'. Signed 'F.T.Dollman, del.' / 'London. J.Jobbins, 3, Warwick Ct Holborn. W.C.'. Reference letters A B C D (the plan cut lines) and E F G H I K L M N O P (details carried to Plate 2). STOREYS AND JETTYING: two storeys plus attic rooms in the three gables. There is no continuous jetty across the front - instead the gable wall-faces and the bay/oriel stacks project. The centre gable projects bodily to form an open porch at ground level (the porch columns and the entrance doorway are stated in the text to be modern). The west (left) portion has a bay window on the ground floor with an oriel over it; the east (right) portion has a bay window in BOTH storeys. GABLES: three, of nearly equal width, all with moulded barge boards, a small turned ball finial at each apex and a carved pendant hanging below the apex (lettered F on the centre gable) plus pendants at the feet of all barge boards (lettered E). The barge board itself is a wide flat board with three applied roll/fillet ribs running along it, and the tile verge courses are drawn stepping over its back (see Plate 2 detail). Centre gable is blank above the inscribed beam; west gable has a three-light square-headed window (text: modern and blocked, drawn restored); east gable has a three-light square-headed window with a heavy moulded sill. FRAMING PATTERN - THE KEY POINT: CLOSE STUDDING everywhere, in both storeys and in all three gables. There are NO decorative curved braces, no square panels, no lozenges. Plain vertical studs run from rail to rail with narrow plaster panels between them, and the p...
dollman_v1_1861	analysisofancien01dolluoft	vol 1, Plate 2	22	Half Timbered House, Chiddingstone, Kent - Perspective View and details (pendants, jambs, mouldings)	Chiddingstone, Kent	perspective vignette + large-scale detail sections at 1:6	yes	VERIFIED	https://archive.org/download/analysisofancien01dolluoft/page/n22_w1700.jpg	Portrait plate, not rotated. Upper half: 'Perspective View' - the three-gabled range seen obliquely from the west, showing the return/side elevation, the adjoining lower range to the left (also close-studded, with a long transomed range of windows), a tall brick stack, the stone-quoined and ashlar base, the open porch under the centre gable with its columns, the barred cellar light, and to the right a plain stone-quoined gable-end building with a small circular opening. Lower half: large-scale details, all at 'Scale of Details 2 In.s to a Foot' (= 1:6), with the note 'The Letters refer to the part of the Elevation.' DETAIL VOCABULARY (named on the plate): 'Pendant at E.' - drawn in perspective: the barge board shown as a wide flat board with three applied roll ribs, the tile verge courses stepping over it, the board terminating at its foot in an ogee-moulded end which sits on the wall plate, and below that the turned pendant proper (a square die, then a vase/baluster form pierced with a heart-shaped opening, then a ring, then a small inverted pyramid drop). 'Pendant at F.' - the apex pendant: a long tapering spike or spear form with a fluted/feathered upper part rising against the barge boards, then a turned neck, then a pierced vase form and an inverted pyramid drop. 'Jamb at M.' - a solid section of a moulded jamb. 'Jamb at H.I.' - an L-shaped moulded section. Moulding sections lettered 'at G.', 'at K.', 'at L.' (two separate profiles both lettered L), 'at N.', 'at O.', 'at P.' - a series of small ogee/hollow/quirked profiles for sills, transoms, mullions and strings. So the named detail vocabulary for a Kentish close-studded house of 1637 is: barge board (moulded, ribbed), apex pendant, foot pendant, wall line, jamb, transom, cill, string, mullion. MODELLING: Use this plate as the profile library for the Chiddingstone generator: seven small moulding profiles (G,...
dollman_v1_1861	analysisofancien01dolluoft	PLATE-RUN MAP v1 run 2	34	St John's Hospital, Northampton (4)	derived leaf map	plate run	no	PLATE	https://archive.org/download/analysisofancien01dolluoft/page/n34_w1700.jpg	Text leaves 32-33. Plate run 34-49, 4 plates. Predicted plate leaves 36, 40, 44, 48 (caption bleed observed at 36, 44, 48). MODELLING: Hospital plan TYPE 2 in the authors' own taxonomy: inmates' rooms under one roof, chapel a distinct building contiguous but entered from without. The essay names this plate set as the exemplar of the type.
dollman_v1_1861	analysisofancien01dolluoft	vol 1, St John's Hospital No	36	St John's Hospital, Northampton - 4 plates at leaves 36, 40, 44, 48	St John's Hospital, Northampton	west elevation + plan + window tracery + doorway and door panelling de	yes	PLATE	https://archive.org/download/analysisofancien01dolluoft/page/n36_w1700.jpg	NOT OPENED. Description text at leaves 32-33; plates located at leaves 36, 40, 44, 48 by ink-density and engraved lettering. Lettering fragments: leaf 36 - 'doorway of chapel, and details of panelling of door ... Ancient Domestick Architecture. Pl. 1[?] ... Modern Cross ... Floor level ... West Elevation ... Scale of Feet to El[evation] ... Scale of Feet to Plan'; leaf 44 - a scale bar '20 30 50 ... F. T. Dol[lman]'; leaf 48 - 'F.T.Dollman & W.R.Smith del ... Ornaments at D.D. ... Jamb and Arch mould of Doorway ... Section at EE ... Scale of Feet to Elevation ... Panelling at C ... Scale for Details, 2 inches [to a foot]'. So the set carries a PLAN as well as elevations, with separate scales for plan, elevation and details. MODELLING: The text describes the chapel as approached only from outside, on the south side; east window of three lights, Middle Pointed with intersecting tracery (Plate 2); west window Third Pointed, five lights, four-centred (Plate 3), with a doorway of the same date beneath it whose wooden door carries well-designed panelling (Plate 4). That gives a clean three-item window/door vocabulary at one building and a rare drawn medieval DOOR LEAF panelling pattern - useful for the door generator, which currently has no authentic panel layout at this date. Leaf 36's 'Floor level' annotation means the plate fixes the internal floor datum against the external ground, i.e. the step-down/step-up at the threshold is recorded. DIMENSIONS: No printed dimensions found in the description text for this subject. The plates carry three separate scale bars ('Scale of Feet to Elevation', 'Scale of Feet to Plan', 'Scale for Details, 2 inches [to a foot]'), so all dimensions are recoverable by scaling once the sheets are opened. NOT YET READ.
dollman_v1_1861	analysisofancien01dolluoft	PLATE-RUN MAP v1 run 3	54	The Refectory, Dunfermline Abbey (8)	derived leaf map	plate run	no	PLATE	https://archive.org/download/analysisofancien01dolluoft/page/n54_w1700.jpg	Text leaves 50-53. Plate run 54-79, 8 plates. Caption bleed at 58, 66, 70, 74, 76. The 4-leaf cadence gives only 7 slots in this span, so this run DRIFTS - either two plates sit closer together or there is an extra blank; whoever walks this run should not assume a rigid 4. Note leaf 58's bleed literally reads 'Plate 8, Plans of the Refectory, taken at different levels; various Details of Moulding[s]', which tells us Dunfermline Plate 8 carries MULTI-LEVEL PLANS plus moulding details. MODELLING: 'Plans taken at different levels' is exactly what a storey-by-storey generator needs. Priority target.
dollman_v1_1861	analysisofancien01dolluoft	PLATE-RUN MAP v1 run 4	88	St Cross' Hospital, Winchester (8)	derived leaf map	plate run	yes	PLATE	https://archive.org/download/analysisofancien01dolluoft/page/n88_w1700.jpg	Text on leaf 80 and leaves 82-85 (leaf 81 blank). Plate run 88-119, 8 plates. Predicted plate leaves 88, 92, 96, 100, 104, 108, 112, 116 - and every one of those carries caption bleed. This is INDEPENDENTLY CONFIRMED by the earlier recon's verified leaf 100 ('St Cross' Hospital - The Refectory & its Details'), which is the 4th slot in that sequence. So St Cross plates = 88, 92, 96, 100, 104, 108, 112, 116, with leaf 100 = Plate 4. MODELLING: Dated 1450 in the chronological list. Hospital plan TYPE 3 in the authors' taxonomy: abodes form one contiguous suite within a quadrangle, not under one roof, church altogether distinct but linked by ambulatory/cloister or short covered way. The largest hospital in the corpus - 'among the largest of them is the magnificent Hospital of St Cross'. DIMENSIONS: Known from the verified leaf 100: refectory 32'0.5" x 26'3.75", scale bar in feet, seven separately named and dimensioned mouldings.
dollman_v1_1861	analysisofancien01dolluoft	PLATE-RUN MAP v1 run 5	130	Great Malvern Refectory (3) + Sudeley window (1) + Guesten Hall Worcester (4) + Ironwork sconce etc (1) + Ironwork 10 keys (1) + Commandery Worcester 	derived leaf map	plate run	no	PLATE	https://archive.org/download/analysisofancien01dolluoft/page/n130_w1700.jpg	Text leaves 120-129 (a long consolidated text block for eight subjects). Plate run 130-205, 19 plates, and 76 leaves / 19 plates = exactly 4.0. Predicted plate leaves 132, 136, 140, 144, 148, 152, 156, 160, 164, 168, 172, 176, 180, 184, 188, 192, 196, 200, 204; caption bleed observed on most of them. Plates should fall in list order: Gt Malvern 132/136/140, Sudeley 144, Guesten Hall 148/152/156/160, Ironwork 164, Keys 168, Commandery 172/176/180, Mayfield HTH 184/188, Mayfield Palace 192/196/200/204 - ORDER IS INFERRED FROM LIST SEQUENCE, verify before quoting. Caption bleed at leaf 160 reads 'Longitudinal Section, looking East. Mouldings same [as] the other side. N.B. ...' and at 164 'Collar and Arched Brace at A. Arch Moul[d]' - so the Guesten Hall set carries a longitudinal section and named roof-truss members. MODELLING: The Guesten Hall, Worcester is the highest-value loss in the book: the preface records it was TOTALLY DEMOLISHED between the two volumes and says these are believed to be the only published record. 'Collar and Arched Brace' plus a longitudinal section is a full timber roof geometry. The Great Malvern refectory drawings were measured in 1836 'just previous to its total demolition in the following year'.
dollman_v1_1861	analysisofancien01dolluoft	vol 1, Mayfield Palace serie	132	Mayfield Palace, Sussex - 4 plates (plate zone leaves ~132-136, attribution uncertain)	Mayfield Palace (the Arche-Episcopal Palace), Sussex	hall elevations/sections, fireplace, doorway details, wall diapering	yes	PLATE	https://archive.org/download/analysisofancien01dolluoft/page/n132_w1700.jpg	NOT OPENED. Leaf 132 carries what is clearly the tail of this subject's plate list, engraved or bled into the OCR: '... of Hall. Plate 3, Fireplace in one of the private apartments, and Diapering on East Wall of Hall. Plate 4, Details of South-West Doorway of ...'; leaf 136 carries '... Hall, and small Fire-place in one of the private apartments'. The south-west doorway is decisive: the text (leaf 128) says the hall's entrance 'is at the south-west angle by a groined porch'. ATTRIBUTION CAVEAT: in volume 1 the description text for leaves 120-129 is gathered as a continuous run and the plates for all those subjects follow together from leaf 132 onward at roughly 4-leaf spacing, so I cannot be certain which of leaves 132/136/140/144/148/152/156 belongs to which of the Malvern / Guesten / Commandery / Mayfield subjects without opening them. MODELLING: MAYFIELD HAS THE WIDEST HALL IN THE WHOLE OF THESE TWO VOLUMES: 69 ft 1 in x 39 ft 3 in. That is a hall nearly twice the width of the 17-23 ft parish-church naves we measured, and slightly wider even than Penshurst's 38 ft 9 in - so 39-40 ft is the practical upper bound for a single-span medieval English hall in our library, and any generated baronial hall above that width should be treated as fantasy. The text also groups Mayfield with Penshurst and the Guesten Hall as sharing the segmental-relieving-arch-between-buttresses wall construction, so the three can share one wall generator. Entrance by a GROINED porch at the south-west angle, i.e. the low end, which is the standard screens-end position. DIMENSIONS: PRINTED IN THE TEXT (leaf 128): the hall 'once a truly noble and magnificent apartment, 69 feet 1 inch long by 39 feet 3 inches wide'. On the same leaf, for the neighbouring subject the ancient half-timbered house at Mayfield: the two wings 'project about 2 feet 3 in. from the central portion', and the entrance por...
dollman_v1_1861	analysisofancien01dolluoft	vol 1, The Commandery, Worce	132	The Commandery, Worcester - 3 plates, within the leaf 132-156 plate block	The Commandery, Worcester	not resolved	no	PLATE	https://archive.org/download/analysisofancien01dolluoft/page/n132_w1700.jpg	NOT OPENED and NOT INDIVIDUALLY LOCATED. Description text at leaves 125-127. Its three plates lie inside the same gathered plate block (leaves 132-156, one ink-heavy leaf every 4th leaf) that also holds the Great Malvern refectory, Guesten Hall and Mayfield plates; I resolved the Guesten and Malvern sheets by their engraved titles but no Commandery title surfaced in the OCR of that block. This is an open lead, not a finding. MODELLING: Worth returning to only after the higher-value sheets; the text for this subject yielded no dimensions in the dimension sweep.
dollman_v1_1861	analysisofancien01dolluoft	vol 1, Great Malvern Priory 	140	Great Malvern Priory. The Hall or Refectory (plates at leaves 140 and 144, third sheet unresolved)	Refectory (Hall) of Great Malvern Abbey/Priory	elevations/sections/details of a demolished timber-framed hall, from m	yes	PLATE	https://archive.org/download/analysisofancien01dolluoft/page/n140_w1700.jpg	NOT OPENED. Identified from engraved lettering: leaf 140 reads 'Ancient Domestick Architecture. 26. 2 Measurements by ... E. L. Blackburne Esq[uire], Arch[itect] F.S.A. ... London. J. Jobbins ... Great Malvern Priory, THE HALL OR REFECTORY' plus a note 'These letters refer to corresponding letters on the Plan and Elevation. Traced ...'. Leaf 144 reads '...ry of Windows (Wooden) 6 FEET ... F.T. Dollman del. ... [drawn] from Measurements by E. L. Blackburne Esq[uire] Arch[itect] F.S.A. ... Great Malvern Priory. THE HALL OR REFECTORY'. IMPORTANT PROVENANCE POINT, stated in the text: the building was DEMOLISHED, and the plates are worked up from 'the very careful and accurate sketches and measurements taken on the spot by Mr. Blackburne, shortly before the demolition of the building'. So these plates are a record survey, not a design, and the printed dimensions are field measurements. MODELLING: A large monastic hall built ENTIRELY of oak or chestnut framing with plaster infill and standing north-south - i.e. the timber-framed counterpart to the stone Guesten Hall, at almost the same length. The leaf-144 lettering '[Trace]ry of Windows (Wooden)' with its own 6 FEET scale bar means the window tracery itself was carpentry, not masonry: worth a dedicated wooden-tracery variant in the window generator. DIMENSIONS: PRINTED IN THE TEXT (leaf 121), applying to these plates: the refectory 'In form it was a parallelogram, measuring externally 75 feet 8 1/2 inches by 31 feet 6 inches'. Plate lettering also shows a '6 FEET' scale bar on the wooden window-tracery detail. Context dimensions on the same text leaf: Great Malvern Priory CHURCH length 171 ft, width 63 ft, height of tower 124 ft; the old parish church of St Thomas 90 ft long by 36 ft wide.
dollman_v1_1861	analysisofancien01dolluoft	vol 1, Guesten Hall series, 	148	The Guesten Hall, Worcester - Plate 1 (details incl. SE doorway jamb) and Plate 2 (North and East Elevations)	The Guesten Hall, Worcester	elevations + jamb details	no	PLATE	https://archive.org/download/analysisofancien01dolluoft/page/n148_w1700.jpg	NOT OPENED. Leaf 148 carries the engraved lettering 'Ancient Domestick Architecture. 2[8] . 1 ... Jamb of Doorway (of late Third Pointed Character) at the S.E. Angle of the Interior of ... The dotted line A indicates Roof ...'. This matches the text exactly: 'One small fragment, a depressed four-centered arched doorway of late Third-pointed character, still existing at the south-east angle in the interior of the hall, (the jamb mould of which is shewn in detail on Plate 1)'. Leaf 152 carries 'Elevation ... part of the Wall ... north and East Elevations', i.e. the external elevations plate. Leaf 164 carries 'Collar and Arched Brace at A / Arch mould at E.F. ... The Guesten Hall, Worcester ... Section of Ro[of]', a second roof sheet. The four promised plates therefore sit at leaves 148, 152, 160 and 164, with leaf 156 an additional near-blank plate leaf I did not resolve. MODELLING: The North and East Elevations sheet is the one to open next for this subject: the text singles out, as the building's 'especial feature', SEGMENTAL ARCHES turned over each window between the buttresses, and says the constructional purpose was to thicken that part of the wall so the roof load is carried down the buttresses and relieved off the window heads. That is a directly implementable wall-generation rule (buttress + relieving segmental arch + local wall thickening) and the authors say the same feature occurs at Penshurst and at Mayfield.
dollman_v1_1861	analysisofancien01dolluoft	vol 1, Guesten Hall series, 	160	The Guesten Hall, Worcester. Longitudinal Section of Roof shewing Two Bays at North End	The Guesten Hall, Worcester	longitudinal roof section (2 bays) + window elevation + jamb/mullion p	yes	VERIFIED	https://archive.org/download/analysisofancien01dolluoft/page/n160_w1700.jpg	Portrait sheet, upright in the scan. Headed 'Ancient Domestick Architecture', signed 'F.T. Dollman, del.' and 'London, J. Jobbins, 3 Warwick C[our]t Holborn, W.C.', titled at the foot 'The Guesten Hall, Worcester. Longitudinal Section of Roof shewing Two Bays at North End'. Sheet number engraved top right as '32. 4'. UPPER TWO-THIRDS: two complete bays of the roof drawn as an internal longitudinal section - and this is the clearest statement of the roof grammar the book contains. Visible: heavy moulded principals; a collar to each truss; above each collar a set of struts arranged to form a CENTRE QUATREFOIL with TREFOILED SPANDREL SPACES either side; three moulded purlins per side plus a moulded centre ridge; sub-arcuated traceried wind-braces set in FRONT of the common rafters; and below the lowest purlin each bay subdivided into two by a subordinate rib, each sub-division filled with an ogee head and cinquefoil tracery. Each truss lands on a small moulded shaft that mitres into the moulded wall-plate and dies onto a carved stone corbel; a corbel figure is drawn at the shaft foot. LOWER LEFT: a two-light window in elevation, transomed, with elaborate flowing tracery in the head (a large central flame/leaf motif), with the ashlar coursing and the internal splay drawn. RIGHT-HAND COLUMN OF DETAILS, each separately named: 'Collar and Arched Brace at A', 'Capital &c at D', 'Plan at B.C.', 'Arch Mould at E.F.', 'Plan of Jamb of Window', 'Mullion'. A scale bar runs 10-5-0 ... 10 FEET beneath the window. MODELLING: This single sheet is a complete procedural spec for a first-rank 14th-century English open timber roof, and the hall it belongs to is fully dimensioned in the text (65 ft 8 in x 34 ft 11 in x 36 ft 8 in to the wall-plate, eight bays). That means bay spacing is directly derivable: 65 ft 8 in over 8 bays = 8 ft 2.5 in per bay, and the roof spans 34 ft 11 in. A g...
dollman_v1_1861	analysisofancien01dolluoft	vol 1, plate '33. Pl.1' (pla	164	Ancient Iron Work, in the possession of C. J. Shoppee, Esqre.	SPECIMENS OF IRON WORK: sliding sconce/candlestick, window latch, bolt and bolt plate, hin	measured object plate: elevations + sections + plans of six iron fitti	yes	VERIFIED	https://archive.org/download/analysisofancien01dolluoft/page/n164_w1700.jpg	Portrait plate, upright in the scan (NOT rotated). Six objects, matching the six figures the text names. (1) SLIDING SCONCE / CANDLESTICK, left-hand third of the plate: drawn as a section (far left) and an elevation (centre). It is a flat vertical back-plate/channel with a suspension ring at the top on a short shanked eye; inside the channel runs a movable front bar carrying the candle socket; the back-plate is pierced with a vertical column of ~10 round holes at regular pitch so the slide can be pegged at any height; the slide is held by a lozenge-shaped catch (drawn as a square-on-point boss) near the top; at the foot of the slide is a pierced cross-with-bud ornament flanked by two flame-like leaves; the bottom of the back-plate finishes in a pair of opposed C-scrolls. A separate 'Half size.' detail at bottom-centre shows the candle socket: a plain tapering cylindrical cup on a right-angled bracket ending in a bold volute. The text states the front bar 'is chamfered on the edges'. (2) SCUTCHEON AND CLOSING RING, top centre: a circular scutcheon whose face is a pierced interlace of four-petal/vesica shapes arranged in a ring around a central rectangular keyhole-and-boss; the boss through which the ring passes is modelled as an animal's head (a beast head is legibly drawn, upper right of the keyhole, biting the ring shank). A 'Section' at the top right shows the beast head projecting from the door face with the ring shank through it, and a 'Plan at A.B.' below it gives the beast head in plan against the door. The closing ring itself is drawn in DOTTED line as a rope-twist (cabled) circle hanging below the scutcheon, with the note lettered on the plate: 'N.B. The Closing Ring is modern.' A 'Plan at C.D.' shows the ring boss and its washer in plan. (3) HINGE, right side: a symmetrical 'butterfly'/cocks-head hinge; each leaf is a lobed plate whose inner edge is cut in...
dollman_v1_1861	analysisofancien01dolluoft	vol 1, plate '34. Pl.2' (pla	168	Iron Work. ANCIENT KEYS IN THE POSSESSION OF C. J. SHOPPEE, ESQre. Full size.	DITTO DITTO, consisting of a series of 10 KEYS (list of subjects, vol 1 leaf 13)	comparative typology plate: ten keys in elevation, numbered 1-10, draw	yes	VERIFIED	https://archive.org/download/analysisofancien01dolluoft/page/n168_w1700.jpg	Portrait plate, upright in the scan. Layout: top row left-to-right = Nos 3, 1, 4, 2, 5; bottom row = Nos 6, 10, 7, 8, 9. Every key is a single outline elevation with the bit (ward) turned into the plane of the paper so the ward cuts are fully legible - i.e. the bit is drawn in true face view while the shank is in side view. The plate is stated 'Full size', so it is a 1:1 typology. COMMON GRAMMAR shared by nine of the ten: bow (pierced ornament) -> boss or bead at the bow root -> a stack of turned collars -> shank (fluted, plain, or chased) -> a second collar/bead group -> plain bit-shank -> bit -> tip (turned button, rounded, or plain). The bit pattern in eight of the ten is the same family: a rectangular ward block cut into an interlocking step/fret maze (reads as linked swastikas or H-shapes), in one or two horizontal registers. KEY BY KEY (lengths pixel-calibrated, see dimensions field; bow widths likewise): No. 1 (approx 5.1 in, the shortest): earliest type with No. 2 per the text. Bow = a plain flattened oval/kidney loop of round-section iron, no piercing, no ornament, with two small inward volutes at the shoulders where it meets the stem. Below the bow a short truncated-cone collar drawn with a V-shaped facet line (a filed taper, not a turning). Plain untapered rectangular-section shank. Bit = a small single-register step fret (three cuts). Tip is square-cut. Bow width approx 2.4 in. No. 2 (approx 6.7 in): the other early one. Bow = a bold plain CIRCLE, drawn as an annulus with a fine inner bead line (a flat ring, round in outline, not pierced). Where the ring meets the stem there is a cusped V / heart bracket, the only ornament. Collar = two plain fillets. Long plain tapering round shank with no flutes. Bit = a plain rectangular block with two straight parallel clefts and one notched step - the most utilitarian ward on the plate. Tip square. Bow width approx...
dollman_v1_1861	analysisofancien01dolluoft	vol 1, Plate 38, Pl. 1 (prin	184	House at Mayfield, Sussex. DATE 1574 - View from the N.E. and Plan of Front Wall	Mayfield, Sussex - 'ancient half timbered house' (NOT the archiepiscopal palace)	perspective view + orthographic plan of the front wall + scale bar	yes	VERIFIED	https://archive.org/download/analysisofancien01dolluoft/page/n184_w1700.jpg	LANDSCAPE plate, ROTATED 90 DEGREES in the scan (I rotated it to read). Carries: 'View from the N.E.' (a perspective view of the whole entrance front), 'Plan of Front Wall' (orthographic), a scale bar '10 5 0 | 10 20 30 FEET', 'F.T.Dollman, del.', and the title block 'House at Mayfield, Sussex. DATE 1574'. DATE CONFLICT WORTH FLAGGING: the PLATE says 'DATE 1574'; the descriptive text (v1 leaf 128) says 'In each of the gables the date 1575 is inserted'; the Chronological List of Examples (v2 leaf 26) lists 'Old House at Mayfield, Sussex ... 1575'. So the book contradicts itself by one year, 1574 on the plate against 1575 twice elsewhere. MASSING: two storeys plus attics. TWO gables, one at each end of the front, formed by two projecting wings; between them a long unbroken centre range with a continuous run of framing, one bay window in the centre and the entrance porch. To the right of the east gable the range continues lower with a further small gable and a plainer masonry-walled wing with a mullioned window. Two brick stacks with moulded caps, one behind each gable, plus a third to the right. FRAMING PATTERN - THE KEY POINT, and it is a two-rule facade: the UPPER STOREY and both GABLES carry a continuous grid of near-square panels, each panel containing four curved braces springing from the panel corners and meeting at the middles of the sides so as to inscribe a CIRCLE in the square; the four corner spandrels are left as concave-sided triangles; adjacent circles touch. Near the gable apexes the pattern degenerates into saltires and lozenges as the panels narrow. The GROUND FLOOR is PLAIN square framing - studs and rails only, no curved braces. There is also a band of plain rectangular panels immediately below the first-floor windows. This matches the text exactly: 'The braces of the timber framing of the front on the upper story are curved, but on the ground floo...
dollman_v1_1861	analysisofancien01dolluoft	vol 1, Plate 39, Pl. 2 (prin	188	House at Mayfield, Sussex - VARIOUS DETAILS (barge boards, porch, window jambs, cills, balusters)	Mayfield, Sussex	large-scale dimensioned detail sections and elevations	yes	VERIFIED	https://archive.org/download/analysisofancien01dolluoft/page/n188_w1700.jpg	LANDSCAPE plate, rotated in the scan; the title block reads horizontally in one orientation while several individual detail captions are set rotated, so the sheet must be turned to read everything. This is the most heavily DIMENSIONED plate of the six - almost every detail carries figures. Named details: 'Barge Board of Gable A on Plate 1' (drawn as an inclined carved board with a boldly carved running scroll, a row of pierced circles/roundels and a cusped fringe on its lower edge, with the tile verge courses stepping over the back, terminating in a turned pendant drop, and with the wall plate and 'Pole Plate' shown in section behind it); 'Plan at C.D' (the barge board seen in plan against the wall, dimensioned); 'Section' (through the barge/eaves assembly, labelling the 'Pole Plate'); 'Barge Board of Gable B on Plate 1' (a different design - a straighter board with lozenge and roundel ornament and a wavy scroll edge, confirming the text that the two gables' barge boards differ); 'Apex of Gable E on Plate 1' (the crossing of the two barge boards at the apex with pierced roundels and a turned finial/pendant); 'Head of Porch'; 'Section of Head of Porch'; an octagonal porch post with a scalloped edge; 'Jamb at X.Y'; 'Jamb of Inner Door of Porch'; 'Jamb of Window F on Plate 1'; 'Plinth &c. Inner Door of Porch' (elevation and section); 'Cill and Bracket H on Plate 1' (elevation and section - an ogee bracket); a run of turned BALUSTERS in elevation. Scale bar '12 [inches] ... 0 ... 4 5 FEET'. MODELLING: This is the dimensioned profile library for the Mayfield generator, and the barge-board numbers are the most transferable data in the whole assignment: a carved barge board 1 ft 8 in to 1 ft 9 in WIDE (i.e. very deep - about 20 in of carved board) projecting 1 ft 3 in from the wall face, the board itself 2 in thick with a 1 in moulded lip. Two distinct barge designs (A an...
dollman_v1_1861	analysisofancien01dolluoft	PLATE-RUN MAP v1 run 6	212	Linlithgow Palace + Parvise from St Michael's Church (10) + Dirleton/Clackmannan fireplaces (1) + Various Details incl. Coxton Tower (1)	derived leaf map	plate run	yes	PLATE	https://archive.org/download/analysisofancien01dolluoft/page/n212_w1700.jpg	Text leaves 206-211. Plate run 212-259, 12 plates, 48 leaves / 12 = exactly 4.0. Predicted plate leaves 214, 218, 222, 226, 230, 234, 238, 242, 246, 250, 254, 258. Caption bleed at leaf 230 includes a figure '20' 10' and 'Pla.n', at 238 includes a scale note 'Scale of Details 2 Inches to a foot' and 'Fire-place in Parl[iament Hall]', at 242 'iament. Hall.', at 254 'The Palace, Linlithgow ... in the Quadrangle'. So this set includes dimensioned plans, a quadrangle drawing, and the Parliament Hall fireplace at 2 inches to the foot. MODELLING: The single biggest Scottish set in the work (10 plates). The essay singles out the Linlithgow hall fireplace as 'most magnificent', placed at the END of the hall (the Scottish habit) rather than at the side (the English habit), with carved brackets on the top for lights. Details at 2 inches to the foot is a very generous scale - moulding profiles should be liftable. DIMENSIONS: Caption bleed shows at least one figure '20' 10"' on a plan at leaf 230, and a stated detail scale of 2 inches to a foot.
dollman_v1_1861	analysisofancien01dolluoft	vol 1, Plate 1 of the Linlit	214	The Palace, Linlithgow. South Elevation &c.	Linlithgow Palace, Scotland	block plan + south elevation + transverse plan/section on line X Y + s	yes	VERIFIED	https://archive.org/download/analysisofancien01dolluoft/page/n214_w1700.jpg	Landscape folio, rotated 90 degrees in the scan (righted with `sips -r 90`). Three drawings on one sheet: (a) an outline BLOCK PLAN of the whole palace at upper left; (b) the long SOUTH ELEVATION occupying the centre, with dotted lines indicating the battlements and the line of the roof ridge (the text states this explicitly); (c) a 'Plan on Line X Y' at the right, a cut through the range showing wall thicknesses hatched solid. A graduated scale bar runs 10-5-0-10-20-30-40-50 ... 100 FEET. THE BLOCK PLAN IS THE PRIZE. It is a labelled room-use diagram of a courtyard palace. Reading it with the text (south at the bottom, north at top, east right, west left): - SOUTH range: entrance PORCH projecting outward on the centre line, then HALL and CHAPEL side by side as two parallel rectangles of the same depth, chapel to the east of the hall. - EAST range: PARLIAMENT HALL, one long rectangle running the entire N-S length of that side. - NORTH range: PRIVATE APARTMENTS (a long room) and, at the NE, KING'S APART[MENTS]; KITCHEN is the compartment at the NW corner of the court, drawn with a thickened re-entrant (the chimney/fireplace mass). - WEST range: 'Room where Queen Mary was Born' plus a second unlabelled chamber of similar size. - COURTYARD: a plain rectangle with an octagonal FOUNTAIN drawn at its exact centre. - FIVE circular STAIR TURRETS are drawn projecting INTO the courtyard: one at each of the four inner corners plus one extra on the middle of the south courtyard face. Three further round towers project OUTWARD on the west/north-west side of the pile, drawn free of the main rectangle. - A continuous CORRIDOR is drawn as a thin strip between the courtyard face and the rooms on the south and north sides - the plan-graphic of the text's 'a corridor extends nearly the whole of the south side'. GENERATOR-RELEVANT PLAN LOGIC: this is a single-court quadrangular palace...
dollman_v1_1861	analysisofancien01dolluoft	vol 1, Linlithgow series (ti	216	The Palace, Linlithgow - window elevations, section and jamb mouldings	Linlithgow Palace, Scotland	window elevations + section + full-size-ish moulding profiles	no	VERIFIED	https://archive.org/download/analysisofancien01dolluoft/page/n216_w1700.jpg	Opened and read, but this copy's impression is extremely faint (the thumbnail is nearly ghost-like), so only the layout and the headings are legible: 'Ancient Domestick Architecture' at the head, 'The Palace, Linlithgow' at the foot. Portrait sheet. Two tall single-light window openings drawn in elevation with the ashlar coursing indicated, a vertical section between them, and along the bottom third a row of large moulding profiles (jamb mouldings) with a small scale bar. Corresponds to the text's Plate 2, 'Plan, Elevation, Section, and Details of the Windows on the South side of the Chapel', whose jamb mouldings the authors call 'good and effective', and in whose internal piers are niche pedestals and canopies plus two incised crosses patees. MODELLING: Chapel window type for a Scots royal palace: very tall single lights, five of them in the south wall, each rising through the full two-storey height of the chapel; niche pedestals and canopies on the internal piers between them. The plate carries the actual jamb profile, so this is the sheet to return to when the moulding library needs a 15th-c. Scottish chapel jamb. Too faint in this copy to trace at w400; would need the highest-resolution scan and contrast stretching.
dollman_v1_1861	analysisofancien01dolluoft	vol 1, Linlithgow series, re	218	Linlithgow Palace - remaining plate sequence (leaves 218, 222, 226, 230, 234, 238, 242, 246)	Linlithgow Palace and the parvise of St Michael's Church, Linlithgow	window tracery, fireplace, gateways, oriel, turret, porch - plans/elev	yes	PLATE	https://archive.org/download/analysisofancien01dolluoft/page/n218_w1700.jpg	NOT OPENED. Located by the plate-leaf rhythm (a dark, ink-heavy leaf every 4th leaf from 214) combined with the engraved lettering that the OCR picks up in fragments. The fragments, in leaf order, read (corruption preserved where I cannot repair it): leaf 226: 'Ancient Domestick Architecture . Pl . 2 . Interior Eleva[tion] Exterior Elevation Section Jamb Mouldings at A. Scale of Details 2 In[ches] to a f[oot] Mouldings at B . ... Palace, Linlithgow . S . Side of Chapel.' leaf 230: 'Pl. 4. 20' 10 ... plan' leaf 238: '8' 1 ... Scale of Details 2 inches to a foot ... F.T.Dollman del ... Fire-place in Parl[iament]' leaf 242: '[Parl]iament Hall. ... Pl. 5 ... F.T.Dollman ... London. J. Jobbins, 3 Warwick C[ourt] Holborn W.C. Gateway &c East Side of Quadrangle.' CAUTION: the OCR of these scans bleeds lettering across adjacent leaves, so the leaf-to-plate-number mapping above is not reliable; the CONTENT identifications (S. side of chapel; fireplace in the Parliament Hall; gateway on the east side of the quadrangle) are trustworthy because they match the authors' own plate list. The authors' own summary of the series (leaf 211) is authoritative and is quoted in text_findings. Note that it lists Plates 1,2,3,4,5,6,7,9,10 and SKIPS PLATE 8 entirely - the List of Subjects promises ten plates for this subject, so either plate 8 is an unlisted parvise/church view or the summary has a printer's omission. MODELLING: Highest-value unopened sheets for us, in order: (1) the Parliament Hall fireplace plate - 'Plan, Elevation, and Details of Fireplace at the South end of the Parliament Hall', a triple-opening hooded fireplace nearly the full width of a 30 ft room, drawn at 2 inches to a foot for the details, i.e. a fully dimensionable great-hall fireplace; (2) the Entrance Gateway plate (Plan, Elevation, Section, Details); (3) the Entrance Porch on the south front (Plan, Elevation, S...
dollman_v1_1861	analysisofancien01dolluoft	PLATE-RUN MAP v1 run 7	262	Battle Abbey gateway (2) + Bablake Hospital Coventry (1) + Lyddington hall ceiling (2)	derived leaf map	plate run	no	PLATE	https://archive.org/download/analysisofancien01dolluoft/page/n262_w1700.jpg	Text leaves 260-261. Plate run 262-281, 5 plates. Predicted plate leaves 264, 268, 272, 276, 280. Caption bleed at leaf 272 reads 'the plates in their order. Plate 1 contains one quarter of the general plan and a perspect[ive]' and at 276 '[v]iew of a portion of the ceiling, and Plate 2 embraces various details' - so the Lyddington ceiling set is Plate 1 (quarter general plan + perspective view) and Plate 2 (details). MODELLING: A 'quarter of the general plan' for a ribbed/panelled ceiling is a repeat-unit drawing, i.e. directly a tiling pattern for a ceiling generator.
dollman_v1_1861	analysisofancien01dolluoft	PLATE-RUN MAP v1 run 8	284	Ford's Hospital, Coventry (7)	derived leaf map	plate run	no	PLATE	https://archive.org/download/analysisofancien01dolluoft/page/n284_w1700.jpg	Text leaves 282-283 (leaf 283 is the longest text leaf in volume 1 at 8201 chars). Plate run 284-311, 7 plates, 28 leaves / 7 = exactly 4.0. Predicted plate leaves 286, 290, 294, 298, 302, 306, 310. Caption bleed at leaf 286 reads 'Friars' Lane. Plate 4, shows the Section of the Entrance-passage and Room over', at 298 'the Windows ... Court [looking East] of the Grey Friars', at 302 'PLAN OF THE GROUND FLOOR', at 310 'Pl. 6. Entrance Door.' MODELLING: Hospital plan TYPE 4 in the authors' taxonomy, and the only example of it: central open court, almoners' dwellings on two sides, common hall at one end, chapel facing it at the other. 7 plates with a ground-floor plan AND a section through the entrance passage and room over = a complete timber-framed courtyard almshouse. Dated 1529. High priority.
dollman_v1_1861	analysisofancien01dolluoft	PLATE-RUN MAP v1 run 9	314	New College of Cobham / the Almshouses, sometime the Priests' College, Cobham, Kent (2)	derived leaf map	plate run	no	PLATE	https://archive.org/download/analysisofancien01dolluoft/page/n314_w1700.jpg	Text leaves 312-313. Plate run 314-321, 2 plates. Predicted plate leaves 316, 320. Caption bleed at leaf 316 reads 'The arrangement of the Plates is as follows: Plate 1 contains the plan of the Church, ...'. MODELLING: Dated 1362 to 1598 in the chronological list - explicitly multi-period fabric. Hospital plan TYPE 3 (quadrangle, chapel distinct, linked by covered way).
dollman_v1_1861	analysisofancien01dolluoft	PLATE-RUN MAP v1 run 10	324	Borthwick Castle fireplace (1) + Hagg's Castle door (1) + Coxton Tower (1) + St Salvator's doorway (1)	derived leaf map	plate run	yes	PLATE	https://archive.org/download/analysisofancien01dolluoft/page/n324_w1700.jpg	Text leaves 322-323. Plate run 324-339, 4 plates. Predicted plate leaves 326, 330, 334, 338 - all four carry caption bleed. Leaf 338's bleed reads 'Great Hall Scale of Details 3 Inches to a foot' and 'Mullion at ...'. MODELLING: Coxton Tower is a complete small Scottish tower house on ONE plate, dated 1500 - the cheapest complete Scottish tower-house reference in the work. Details at 3 inches to the foot. DIMENSIONS: Stated detail scale 3 inches to a foot on leaf 338.
dollman_v1_1861	analysisofancien01dolluoft	PLATE-RUN MAP v1 run 11	342	Ancient Chapel in Lambeth Palace (4)	derived leaf map	plate run	no	PLATE	https://archive.org/download/analysisofancien01dolluoft/page/n342_w1700.jpg	Text leaves 340-341. Plate run 342-357, 4 plates. Predicted plate leaves 342, 346, 350, 354. MODELLING: Dated 1250 - the EARLIEST domestic chapel in the corpus and the work's Early English exemplar. The text (leaf 341) is unusually rich on vertical stacking: the post room, a turret with 'a void space' at ground and basement level over which 'on the first, second, and third floors, are the latrines, each of which recedes behind that on the floor underneath', with the Lollard's prison on the top storey. That receding-latrine stack is a specific, generatable vertical detail.
dollman_v1_1861	analysisofancien01dolluoft	PLATE-RUN MAP v1 run 12	360	Stirling Castle (4)	derived leaf map	plate run	no	PLATE	https://archive.org/download/analysisofancien01dolluoft/page/n360_w1700.jpg	Text leaves 358-359. Plate run 360-385 (includes the volume's trailing blanks), 4 plates. Predicted plate leaves 360, 364, 368, 372 on the tight reading. Caption bleed across 362-380 reconstructs the plate list verbatim: 'Plate 1. Elevation of [the Parliament House] with details, and plan of the Parliament House. Plate 2. Elevations &c. of the bay window on the W. side of the P[arliament House] ... windows on the N. and S. sides of the Parliament House, and arches on the exterior of the palace.' Leaf 380's bleed reads 'Plan of Parliament House' and 'BAY-WINDOW ON E. SIDE OF PARLIAMENT HOUSE'. MODELLING: Dated 1450 to 1540 - multi-period. A great hall (the Parliament House) with elevation, plan and both flank window sets, plus two bay windows drawn separately, is a complete Scottish great-hall envelope.
dollman_v2_1863	analysisofancien02dolluoft	v2 front matter, printed pag	10	LIST OF SUBJECTS (volume 2)	front matter / index	list of subjects with plate count per subject	no	VERIFIED	https://archive.org/download/analysisofancien02dolluoft/page/n10_w1700.jpg	The ENTIRE volume 2 list of subjects sits on this single leaf. Leaf 11 is blank (OCR zero); the '.. .. AT CHIDDINGSTONE, KENT ) 80' fragment at the head of leaf 12's OCR is the same offset artifact, and is the LAST line of leaf 10, not a continuation. The list closes with a rule and the printed total '80'. COMPLETE TRANSCRIPTION, in printed order, name then plate count: (1) BROWNE'S HOSPITAL, STAMFORD, LINCOLNSHIRE - 4. (2) PENSHURST PLACE, KENT - 10. (3) HALF TIMBERED HOUSE, LUDLOW, SALOP - 1. (4) [HALF TIMBERED HOUSE] BUTCHER ROW, SHREWSBURY - 1. (5) THE HOSPITAL AND GRAMMAR SCHOOL, EWELME, OXFORD - 5. (6) MAYBOLE CASTLE, AYRSHIRE, SCOTLAND - 1. (7) NEWARK CASTLE ON THE CLYDE - 1. (8) NEWARK, STIRLING, HAGG'S, AND MAYBOLE CASTLES, Dormer Windows from - 1. (9) NEWARK CASTLE ON THE CLYDE, Windows in ditto; Stair Turret, ELGIN - 1. (10) ST. MARY'S HOSPITAL, CHICHESTER - 3. (11) HOLCOMBE COURT, DEVON - 3. (12) BRAZEN NOSE COLLEGE, STAMFORD, LINCOLNSHIRE, Entrance Gateway - 1. (13) BEDE HOUSE, HIGHAM FERRERS, NORTHAMPTONSHIRE - 3. (14) OLD HOUSE, ELGIN - 1. (15) ENTRANCE GATEWAY OF ST. ANDREW'S CASTLE AND OLD HOUSE, DUNDEE - 1. (16) THE MINT, EDINBURGH; MARY OF GUISE'S PALACE, DITTO; EDINBURGH CASTLE; AND THE SCLATE HOUSE, BLAIR'S CLOSE, EDINBURGH, various Doorways from - 1. (17) CRAIGMILLAR CASTLE, NEAR EDINBURGH, Fireplaces from - 1. (18) BLUNDELL'S SCHOOL, TIVERTON, DEVON - 3. (19) CARMELITE MONASTERY (NOW THE INFIRMARY), STAMFORD, LINCOLNSHIRE, Gateway of - 1. (20) GREAT MALVERN PRIORY, Entrance Gateway - 1. (21) NORBOROUGH HALL, NORTHAMPTONSHIRE, Door, Window and Doorways - 2. (22) CANONGATE TOLBOOTH, EDINBURGH - 1. (23) CRICHTON CASTLE, Arcade, Doorway, and Detail from - 1. (24) CASTLE CAMPBELL, CRICHTON CASTLE, AND ST. SALVATOR'S CHURCH, ST. ANDREW'S, various Details from - 1. (25) ROSLIN CASTLE, Fireplace, Window, and Corbel from - 1. (26) CANONS' RESIDENCES, ...
dollman_v2_1863	analysisofancien02dolluoft	v2 CHRONOLOGICAL LIST, page 	26	CHRONOLOGICAL LIST OF EXAMPLES ILLUSTRATED - ENGLISH	chronological index to the entire two-volume work	dated index, two columns of name + 'DATE. Circa.'	no	VERIFIED	https://archive.org/download/analysisofancien02dolluoft/page/n26_w1700.jpg	THIS IS THE CHRONOLOGICAL ARRANGEMENT PROMISED IN VOLUME 2'S PREFACE, AND IT DOES EXIST. It is NOT in the front matter with the list of subjects - it sits AFTER the introductory essay, on leaves 26-27 (leaf 25 blank), immediately before volume 2's first description. It covers BOTH volumes. Heading: 'CHRONOLOGICAL LIST OF EXAMPLES ILLUSTRATED.' then 'ENGLISH.' It is arranged TYPOLOGICALLY into named classes, and within each class in ascending date order; every date column is headed 'DATE. Circa.' - so every date is the authors' approximate attribution, not a documentary date. FULL TRANSCRIPTION OF THE ENGLISH HALF: /// BEDE HOUSES, HOSPITALS, &c.: St. John's Hospital, Northampton 1290 to 1520; St. Mary's Hospital, Chichester 1300 to 1680; The Almshouses, Cobham, Kent 1362 to 1598; The Bede Houses, Higham Ferrers, Northamptonshire 1430; The Bede House &c., Ewelme, Oxon 1440; The Hospital of St. Cross, near Winchester 1450; The Bede House, Stamford 1490; Ford's Hospital, Coventry 1529. /// MANSIONS, HOUSES, &c.: The Archiepiscopal Palace, Mayfield, Sussex 1320; The Guesten Hall, Worcester 1320; Gateway of the Carmelite Monastery (now the Infirmary), Stamford 1320; Gateway, Battle Abbey, Sussex 1330; Penshurst Place, Kent 1335; The Manor House, Norborough, Northamptonshire 1335; Spicer's Hall, Bristol 1350; The Guard Room, Lambeth Palace 1380; Canynge's House, Bristol 1450; Colston's House, Bristol 1460; Gateway of the Priory, Great Malvern, Worcestershire 1490; Almshouses, Lyddington, Rutlandshire 1500; Holcombe Court, Devon 1550; Blundell's School, Tiverton, Devon 1604. /// ANCIENT TIMBER HOUSES: The Hall of the Priory, Great Malvern 1340; Shops &c. in the Butcher Row, Shrewsbury 1490; Bablake Hospital, Coventry 1506; Old House, Lavenham, Suffolk 1530; The Commandery, Worcester 1535; Old House at Mayfield, Sussex 1575; Old House at Prestbury, Gloucestershire 1580; Ol...
dollman_v2_1863	analysisofancien02dolluoft	v2 CHRONOLOGICAL LIST, page 	27	CHRONOLOGICAL LIST OF EXAMPLES ILLUSTRATED - SCOTTISH	chronological index to the entire two-volume work	dated index, two columns of name + 'DATE. Circa.'	no	VERIFIED	https://archive.org/download/analysisofancien02dolluoft/page/n27_w1700.jpg	Running head 'ANALYSIS OF ANCIENT DOMESTIC ARCHITECTURE.' then 'SCOTTISH.' Same two-column name/'DATE. Circa.' layout, same typological grouping. FULL TRANSCRIPTION OF THE SCOTTISH HALF: /// OLD MANSIONS, HOUSES, &c.: The Palace, Dunfermline 1340; The Palace, Linlithgow 1450; Stirling Castle 1450 to 1540; Coxton Tower, near Elgin 1500; Gateway, St. Andrew's Castle 1550; The Canongate, Tolbooth, Edinburgh 1591; Newark-on-Clyde 1620; Old House, Dundee 1650; Old House at Elgin 1671. /// MISCELLANEOUS DETAILS - WINDOWS: Oriel Window, Linlithgow 1430; Window Roslin Castle 1597; Oriel Window, Maybole Castle 1620; Dormer Window, Stirling 1550; Ditto Ditto, Maybole Castle 1620; Ditto Ditto, Newark-on-Clyde 1620; Ditto Ditto, Hagg's Castle, near Glasgow 1685; Loophole, the Vennel, Edinburgh 1502. DOORWAYS: Doorway, St. Salvator's College, St. Andrew's 1450; Ditto, Mary of Guise's Palace, Edinburgh 1540; Doorway, Clackmannan Tower - and Iron Work 1550; Ditto, Blair's Close, Edinburgh 1550; Ditto, the Mint, Edinburgh 1574; Ditto, Hagg's Castle, near Glasgow 1585. ARCADING: Arcade, Castle Campbell 1450; [Arcade] Crichton Castle 1550. FIREPLACES: Fireplaces, Dirleton Castle 1320; [Fireplaces] Craigmillar Castle 1427; [Fireplaces] Borthwick Castle 1460; [Fireplaces] Clackmannan Tower 1530; [Fireplaces] Roslin Castle 1597. [ungrouped, below a short rule] Outside Stair, Clackmannan 1600; Lion on Apex of Gable, Stirling Castle 1450; Corbel Mouldings, Roslin 1597; Ironwork, various {16th and 17th Centuries. MODELLING: The Scottish ladder is DELIBERATELY LATER than the English one and the authors say so in the essay: Scotland has 'comparatively few remaining anterior to the 15th century', and the several phases of the style 'were later in Scotland in point of date than in England'. Practical consequence for a generator: a Scottish preset should not simply be an English preset with di...
dollman_v2_1863	analysisofancien02dolluoft	PLATE-RUN MAP v2 run 1	30	Browne's Hospital / The Bede House, Stamford (4)	derived leaf map	plate run	yes	VERIFIED	https://archive.org/download/analysisofancien02dolluoft/page/n30_w1700.jpg	Text leaves 28-29. Plate run 30-43, 4 plates at leaves 30, 34, 38, 42 - CONFIRMED, because I opened leaf 34 and it is engraved 'Pl. 2.' The letterpress (leaf 29) states the plate contents exactly: Plate 1 = plans of the ground and upper floors, with the brass inscription plate and shields from the west corridor window; Plate 2 = S. elevation fronting Broad-street and longitudinal section from W. to E.; Plate 3 = W. elevation, transverse section of corridor and audit room, details of the roof of ditto, of the arches of the cloister, and the cross on the W. gable; Plate 4 = details of the windows of the inmates' dormitories, the windows of the audit room, and a vignette of the entrance porch. MODELLING: This four-plate set is the single most complete small-building package in either volume: both floor plans, two elevations, a longitudinal AND a transverse section, the roof details, and the window details - all at one scale. If we only ever fully mine one subject from this book, mine this one. Plate 3's transverse section is the missing piece for wall thickness and roof pitch. DIMENSIONS: From the plate I opened (leaf 34): scale bar 0-50 feet; 38'9", 12'10 3/4", 15'8 3/4", 10'6". From the letterpress: audit room 36 ft by 21 ft; five small dormitories each side of a central corridor; 4-light window at the W end of the corridor.
dollman_v2_1863	analysisofancien02dolluoft	Vol 2. Pl. 2 (marked 'Pl. 2.	34	The Bede House [or Browne's Hospital] Stamford, Lincolnshire - South Elevation; Longitudinal Section looking South	Browne's Hospital / The Bede House, Stamford, Lincolnshire (c.1490, finished 25 Dec 1495)	elevation + longitudinal section on one sheet, single scale bar	yes	VERIFIED	https://archive.org/download/analysisofancien02dolluoft/page/n34_w1700.jpg	Opened to test my derived plate-leaf map, and it confirmed it exactly (predicted plate leaves for this run were 30/34/38/42; leaf 34 is indeed Plate 2 of 4). SCAN TRAP CONFIRMED: the sheet is rotated 90 degrees in the scan; the engraved title runs up the right-hand edge reading bottom-to-top, so the page must be rotated CLOCKWISE to read. Left half of the sheet is the South Elevation of the Broad Street front - a long two-storey range, upper storey with a run of large transomed traceried windows to the audit room, lower storey with small two-light cinquefoil-headed dormitory windows, buttresses with gableted heads between bays, a crocketed pinnacle/cross on the gable at one end, an embattled parapet with a moulded cornice, and the entrance porch at the far (west) end. Right half is the Longitudinal Section looking South, which cuts through the corridor and shows: a vaulted/arched undercroft-level opening at the low end, the two-storey stack of dormitory below and audit room above, the open oak roof of the audit room drawn as a series of principals, a fireplace and flue in the cross wall, and semi-circular-headed windows at the chapel end. Scale bar reads 'SCALE OF' then 10 5 0 10 20 30 40 50 FEET. Four dimension figures are lettered on the drawing (I read each after cropping and un-rotating): 38'9", 12'10 3/4", 15'8 3/4", and 10'6". The 12'10 3/4" is set within the upper storey band of the elevation between the string course and the parapet, so it reads as the upper (audit room) storey height. The 10'6" arrow is horizontal in the scan, i.e. VERTICAL in the corrected orientation, and spans the lower dormitory storey in the section, so it reads as the lower storey height. I could not resolve with confidence what the 38'9" and 15'8 3/4" arrows terminate on at this resolution - the 38'9" is the longer run and is most likely an overall length or a bay group; treat both ...
dollman_v2_1863	analysisofancien02dolluoft	PLATE-RUN MAP v2 run 2	50	Penshurst Place, Kent (10) + Half timbered house, Ludlow (1) + Butcher Row, Shrewsbury (1)	derived leaf map	plate run	no	PLATE	https://archive.org/download/analysisofancien02dolluoft/page/n50_w1700.jpg	Text leaves 44-47 (Penshurst) and 48-49 (Ludlow + Shrewsbury). Single combined plate run 50-97, 12 plates, 48 leaves / 12 = exactly 4.0. Predicted plate leaves 52, 56, 60, 64, 68, 72, 76, 80, 84, 88, 92, 96. Caption bleed identifies several: leaf 56 '[EL]EVATION OF GREAT [HALL]', leaf 60 'ROOF OF GREAT HALL', leaf 76 '[ROOF] OF GREAT HALL', leaf 80 'Plan showing Bases. On the line A.B ... Plan showing Capitals', leaf 84 'Place, Kent. CHIMNEY SHAFTS', leaf 88 'SCREEN IN GREAT HALL AND GENERAL PLAN' and 'OAK PANELS', leaf 92 '[on the li]ne E.F Elevat[ion]', leaf 96 'Elevation of End of Table. Iron Fire Dogs in Hall. Plan on the line A.B'. MODELLING: HIGHEST-VALUE RUN IN THE WORK. Penshurst is the book's own declared type-specimen: a footnote on leaf 16 says 'One of the best types of a mansion of the 14th century in its plan and general arrangements, is the beautiful example at Penshurst, in Kent, illustrated in our pages.' Ten plates covering the GENERAL PLAN, great hall elevation, great hall roof (twice), the screen, the chimney shafts, the oak panels, the trestle table end and the iron fire dogs - i.e. the entire 14th-century hall archetype from envelope down to the furniture and the andirons, at one known scale. Dated 1335. Whoever gets this run should treat it as the reference implementation of the hall-and-wings plan described in text_findings.
dollman_v2_1863	analysisofancien02dolluoft	Vol.2.5 Pl.1 (engraved heade	52	Penshurst Place, Kent. PLAN AND ELEVATION OF GREAT HALL &c	Penshurst Place, Kent - great hall	plan + exterior elevation (portrait plate, NOT rotated in the scan)	yes	VERIFIED	https://archive.org/download/analysisofancien02dolluoft/page/n52_w1700.jpg	Two drawings stacked. UPPER: 'Elevation of North Front' - the hall's long north side, drawn from the quadrangle. Reading left to right: (a) the gabled entrance PORCH, its outer arch a wide moulded pointed arch with a boarded/traceried oak door in it, a small 2-light traceried window over the arch lighting 'Saccharissa's Room', a stair projection with battlemented cap rising above the parapet and a battlemented turret/chimney breaking the roof line; (b) then the hall wall proper with TWO tall 2-light traceried windows, each set back inside a large SEGMENTAL relieving arch that spans between the flanking buttresses; (c) heavy stepped buttresses - one at the porch junction, one between the two windows, one beyond; (d) a continuous corbel-table of separate carved heads/grotesques immediately under a plain string, then a battlemented parapet; (e) behind the parapet the steep tiled/shingled roof slope drawn with courses. LOWER: 'PLAN' at a smaller scale. The hall is one big rectangle with the octagonal hearth drawn at its centre. West (left) end: a screen (annotated 'Screen') closing off the screens passage, and beyond it the three service rooms 'Pantry', 'Passage to Kitchen', 'Buttary' [sic, buttery] entered off the passage by three doorways in a row; 'Modern Buildings' beyond to the west; 'Step Step' at the passage's north end where the passage meets a newel stair drawn as a spiral. East (right) end: 'Dais' occupying the last part of the hall, a newel stair in an octangular turret at the corner, then beyond the hall a range with two bays of quadripartite groined vaulting drawn in dotted lines (the vaulted chambers under the state apartments) and further walls. The PORCH projects from the NORTH long side at its west end and contains a small spiral stair. On BOTH long walls the plan shows two window recesses with solid buttress projections between and beyond them. 'Court...
dollman_v2_1863	analysisofancien02dolluoft	Vol.2.6 Pl.2	56	Penshurst Place, Kent. ROOF OF GREAT HALL	Penshurst Place, Kent - great hall roof	transverse section + longitudinal section + two moulding profiles (por	yes	VERIFIED	https://archive.org/download/analysisofancien02dolluoft/page/n56_w1700.jpg	Four drawings on one sheet. RIGHT (dominant): 'Transverse Section' - a section across the hall looking at the gable end wall, drawn as a BROKEN/PARTIAL section: the left (north) wall inner face is at the plate's left, the drawing is cut off by the plate border on the right, and the section is also cut off BELOW the corbels so the hall FLOOR IS NOT DRAWN. Visible in it: the roof truss in section - a big ARCHED and moulded principal springing from a moulded capital carried on a LIFE-SIZE CARVED FIGURE CORBEL (a hooded/robed figure, drawn in full, head at the capital, feet at the bottom of the visible masonry); above the arch a massive horizontal moulded member (marked A, the purlin/wall-plate assembly); above that the collar; above the collar an X of curved braces framing the octagonal king post (drawn with moulded capital and base, standing on the collar); the apex/ridge at the top with a dashed level line struck off it. Behind the truss, the E (or W) GABLE END WALL is drawn in elevation: the large 4-light segmental-headed traceried window with elaborate quatrefoil/cusped tracery filling its head, and ABOVE it, in the gable, TWO small 2-light traceried windows separated by a slender moulded shaft with base and capital (marked C) - exactly the arrangement the text describes as harmonising with the king post and curved braces. Masonry is drawn as coursed ashlar throughout. LEFT (narrow vertical strip): 'Longitudinal Section' - shows the roof seen along the hall: the underside of the rafters/boarding as a field of close parallel members, a moulded post/shaft with a capital and a bracket, and a second life-size figure corbel at the bottom. TOP CENTRE: two large moulding profiles, hatched, labelled 'Purlin at A.' MIDDLE: a third moulding profile labelled 'Section at C.D.' with 'Scale of Details 2 Inches to a Foot' beside it. MODELLING: This is the canonical open-timber b...
dollman_v2_1863	analysisofancien02dolluoft	Vol.2.7 Pl.3	60	Penshurst Place, Kent. WINDOWS OF GREAT HALL	Penshurst Place, Kent - the 2-light windows in the N and S walls of the great hall	window exterior elevation + section through jamb + interior elevation 	yes	VERIFIED	https://archive.org/download/analysisofancien02dolluoft/page/n60_w1700.jpg	Left: 'Exterior Elevation' of one whole 2-light window - two tall lights with a transom low down (about two-thirds of the way down), simple pointed sub-arches with cusping over the lower panes, and a two-light traceried head of the Kentish type: a large cusped quatrefoiled shape in the middle with small quatrefoils in the spandrels, all set within a two-centred arch of several moulded orders. Small carved heads act as label stops at the springing on both sides, and a third head is drawn just to the right. The surrounding wall is drawn as coursed ashlar with the voussoirs of the relieving arch radiating above. A pencil-style note reads 'Note. The Transom E to F has been modernized.' - and the points E and F are lettered on the elevation. Centre: 'Section' - a vertical section through the jamb and wall showing the full wall thickness hatched, the internal splay, and the glazing plane. Right: 'Interior Elevation' of the head only, showing the inside face of the tracery, plus two hatched moulding profiles: 'Arch Mould at A.B.' (with 'Label' lettered on it) and 'Jamb and Arch Mould at C D' (with 'Mullion', 'Glass' and 'Label' lettered on the profile so the glazing rebate position is explicit). MODELLING: Gives a complete authorable window: overall width printed, light count, transom position, tracery pattern, and the actual jamb/mullion profile with the glass line marked. The 'Glass' annotation on the profile tells you exactly where the glazing plane sits inside the mullion - useful for a generator that has to place a glass quad. Note the transom is flagged as a Victorian replacement, so a 14th-century reconstruction should either omit it or treat it as uncertain. DIMENSIONS: PRINTED: 5'.9" = overall width of the 2-light window at its base (single dimension line under the 'Exterior Elevation'; the mullion arrowhead interrupts the figure so it reads as '5' [mullion] 9"')...
dollman_v2_1863	analysisofancien02dolluoft	Vol.2.8 Pl.4	64	Penshurst Place, Kent. INNER DOOR OF ENTRANCE PORCH	Penshurst Place, Kent - the original oak inner door of the hall porch, with its wicket	door elevation + jamb/tracery details (landscape plate; THIS ONE IS RO	yes	VERIFIED	https://archive.org/download/analysisofancien02dolluoft/page/n64_w1700.jpg	Dominant drawing: the inner doorway of the porch seen in elevation. The door head is a two-centred arch inside a square-ish opening; the head and the jambs are covered with a continuous series of QUATREFOIL PANELS in a moulded band (a run of about a dozen quatrefoils round the arch and down each jamb), springing from small moulded caps on shafts. Inside that, the original oak door: vertical boards with applied moulded ribs, each board's head finished with a small cusped/traceried arch, and horizontal ledges with regular nail/stud rows. A WICKET (a small door-within-the-door) is drawn and lettered. A foliate roundel is drawn on the door face and repeated at large size as 'Escutcheon at G.' Around the main drawing: 'Jamb of Door at A.B.' (hatched moulding profile), 'Tracery &c. at E.', 'Rib of Groining at F.' (a hatched rib profile - the porch is groin-vaulted), 'Capital at C.' and 'Base at D.' (two small drawn profiles of the shaft cap and base), 'Section' (a thin profile), and separate elevation strips lettered F, F, F with 'Door' and 'Wicket' labelled. MODELLING: The door is a full recipe for a medieval hall door: vertical boards with applied moulded ribs and cusped heads, horizontal ledges, stud pattern, a foliate escutcheon plate, and a wicket. The quatrefoil-panelled arch/jamb band is a strong reusable ornament run. 'Rib of Groining at F' also gives the porch vault rib profile, so the porch's groined ceiling is authorable. Board width and rib spacing are scalable from the bar but not printed. DIMENSIONS: PRINTED: 6 3/4" on the door section (a small dimension across the door assembly - most consistent with the width of the moulded rib/muntin or the total thickness of the boarded-and-ledged door; the label is too tight to a single member on this copy to be certain which, so treat as 'a 6 3/4 inch member on the door section'). SCALE BARS: main '12 6 0 | 1 | 2 | 3 ...
dollman_v2_1863	analysisofancien02dolluoft	Vol.2.9 Pl.5	68	Penshurst Place, Kent. WINDOWS (No.1 Window over Porch N. Front; No.2 Window in Room on 1st Floor at E. End of Gt Hall)	Penshurst Place, Kent - two 2-light windows: over the porch, and in the first-floor room a	two windows, each as paired outside/inside elevations about a centre l	yes	VERIFIED	https://archive.org/download/analysisofancien02dolluoft/page/n68_w1700.jpg	Two complete window sets side by side, each drawn as a composite: 'Elevations. Outside. | Inside.' split on a lettered 'Centre Line', with a separate 'Section' through the wall and a 'Plan' below. No.1 (over the porch, north front) has a shallow segmental head under a flat relieving arch, two lights with cusped ogee sub-arches and a rich head filled with two cusped quatrefoiled circles and small trefoils; carved head label stops. No.2 (first-floor room at the E end of the great hall) is similar but with a plainer head - two ogee-headed lights with trefoiled cusping and three trefoils in the spandrel head - again under a segmental relieving arch, with carved head stops. Both PLANS are drawn as trapezoids: a narrow face where the glazed lights and mullion sit, splaying out to a much wider opening on the inside - i.e. the internal reveal is deeply splayed. Also on the sheet: 'Jamb Mould at A' (hatched profile), a hatched 'Mullion' profile, and a 'Label' profile. MODELLING: These two are NOT the hall's own windows, so their reveal depths are the wall thickness of the porch chamber and of the east-end first-floor room, not of the hall. Even so they are the ONLY printed wall-thickness figures in the whole Penshurst set (2'6" and 3'1"), and they give a clean parametric window: [opening width in the window plane] + [splayed internal width] + [reveal depth = wall thickness] + [light widths] + [mullion width]. Ratio check from printed numbers: No.1 2 x 1'6" lights + 5 7/8" mullion + jambs = 4'0"; No.2 2 x 2'0 1/2" + 5 7/8" + jambs = 5'2 3/4". Both work out, so the printed set is self-consistent and can be used directly. DIMENSIONS: PRINTED, No.1 'Window over Porch N. Front': height 8'.8 1/2" (long vertical dimension beside the elevation, apparently the full height of the opening including the head); height 5'.3 1/2" (second vertical dimension, the height of the lights/jamb b...
dollman_v2_1863	analysisofancien02dolluoft	Vol.2.10 Pl.6	72	Penshurst Place, Kent. WINDOW AT END OF GREAT HALL	Penshurst Place, Kent - the great 4-light segmental-headed window in the E/W gable of the 	outside + inside elevations about a centre line, section, plan, mouldi	yes	VERIFIED	https://archive.org/download/analysisofancien02dolluoft/page/n72_w1700.jpg	The great gable window at large scale. Left of the 'Centre Line' is the OUTSIDE elevation, right of it the INSIDE elevation, so between them you get the whole window once. Under a shallow segmental head sit tall lights with transoms; the head is filled with very large flowing tracery - two big cusped quatrefoiled roundels each with a foliate rosette centre, surrounded by cusped mouchettes and small quatrefoils, all under several moulded arch orders with a label over. Carved head label stops. The lights are drawn with diamond (quarry) leaded glazing and horizontal saddle bars, three tiers of glazing divided by transoms. The 'Section' at the right shows the wall in section with a very deep external splay and the mullion in section. The 'Plan' along the bottom shows the sill with the mullions in plan lettered A (jamb), B and C, each mullion drawn as a lozenge-with-hollows section. Also 'Jamb Mould at A.', 'Mullion B', 'Mullion C', 'Label', and 'Scale of Details 2 Inches to a Foot'. MODELLING: This is the hall's showpiece window and the one seen from inside above the dais/screen. The key repeat is the mullion spacing, printed as 2'5 7/8" from mullion B to mullion C: four light-bays at that spacing come to 9'11 1/2", which is why the overall opening is about ten feet. Three tiers of glazing (two transoms) with diamond quarries and saddle bars is a directly copyable glazing pattern. Note the head is SEGMENTAL, not pointed - a Kentish local trait the text explicitly calls out. DIMENSIONS: PRINTED: 2'.5 7/8" = mullion centres, B to C, on the plan (the repeating light bay). 12'.3" = a long horizontal dimension struck at the base of the composite elevation; its right-hand arrowhead lands on the outer edge of the internal splay on the 'Inside' half, so this reads as the overall width across the window including the splayed internal reveal rather than the width of the glazed o...
dollman_v2_1863	analysisofancien02dolluoft	Vol.2.11 Pl.7	76	Penshurst Place, Kent. CHIMNEY SHAFTS	Penshurst Place, Kent - two moulded-brick chimney stacks	two elevations + two plans (portrait plate, not rotated)	yes	VERIFIED	https://archive.org/download/analysisofancien02dolluoft/page/n76_w1700.jpg	Two stacks, each drawn as a PAIR of octagonal brick shafts rising from one common rectangular brick base, and each fully dimensioned. Every course of brick is drawn. Elevation No.1: a plain coursed brick base stage, a moulded/chamfered brick cap to the base out of which the shafts rise, then two octagonal shafts, the left one patterned with an all-over diagonal criss-cross lattice of moulded brick, the right one with a bold chevron/zigzag band pattern, then a moulded corbelled brick capital and a plain rectangular chimney top. Elevation No.2: same anatomy, with lettered points C and D on the caps; the left shaft has a diamond lattice with small lozenges inside, the right shaft a series of nested chevrons/hearts pointing down; the base stage here has small triangular gablets on its cap. Below: 'Plan shewing Bases. On the Line A.B' - two octagons, each containing a circular flue with a cogged/toothed inner ring, set in a rectangular block; and 'Plan shewing Capitals. On the Line C.D' - two star-shaped/spurred octagons with circular flues, the spurs being the corbelled brick capital. MODELLING: A complete parametric chimney: base stage 3'5" high, shaft 5'6" high, cap 2'0"-2'1" high, octagonal shaft 1'11" across the flats, shafts paired at 4" (base) to 7" (capital) apart, circular flue inside. Total drawn height above the base plinth is 11'0" (No.1) or 10'11" (No.2). The moulded-brick surface patterns (diagonal lattice, chevron, nested chevron, lozenge) are exactly the kind of thing to drive as a texture/geometry variant set on one shaft mesh. Note the flue is round inside an octagonal shaft, so a generator should not model the flue as octagonal. DIMENSIONS: PRINTED, No.1: 2'.1" = height of the capital/cap stage; 5'.6" = height of the octagonal shaft; 3'.5" = height of the base stage. PRINTED, No.2: 2'.0" = cap; 5'.6" = shaft; 3'.5" = base. PRINTED, 'Plan shewing Bases...
dollman_v2_1863	analysisofancien02dolluoft	engraved header reads 'Vol.2	80	Penshurst Place, Kent. SCREEN IN GREAT HALL AND GENERAL PLAN	Penshurst Place, Kent - the hall screen, and the general plan of the whole house	screen elevation + screen plan + general plan of the whole mansion + m	yes	VERIFIED	https://archive.org/download/analysisofancien02dolluoft/page/n80_w1700.jpg	TOP LEFT: 'Screen in Great Hall' in elevation. Bottom register is a panelled dado; above it a continuous band of small square carved panels (the text says the Dudley 'bear and ragged staff' badge recurs in these); above that a tall register of narrow traceried panels running the full width, each panel with a cusped ogee head; and along the top a battlemented cresting explicitly labelled 'Modern Battlements'. In the middle of the screen is ONE of the two customary large openings, drawn with a moulded ogee/pointed arched head enclosing a boarded and studded oak door; the arch spandrels are filled with the same panelling. Lettered points A,B,C,D,E,F,G and 'Gallery floor line' at the left edge (the minstrels' gallery sits on top of the screen). Immediately under it 'Plan' - a thin plan of the screen showing octagonal shafts at intervals. RIGHT COLUMN: 'Panelling at G.' (two large panels drawn at big scale, one with a bold cusped quatrefoil in a square, one with tracery), 'Transom at E.F.' (hatched moulding profile), 'Plinth at C.D.' (hatched moulding profile), 'Mouldings at A.B.' (hatched profile). LOWER HALF: the GENERAL PLAN of the entire mansion with a north arrow, all walls poched and TINTED BY PERIOD (solid black = 14th century, per the key in the text: A great hall, B porch with Saccharissa's room over, C buttery, D passage to kitchen, E pantry, F Rupert's building, G vaulted chambers under state apartments, H King's Tower, I Billiard-room Tower, K Buckingham building, L Record Tower, M Garden Tower, N Brewhouse Tower, and numbers 1-28 for the ante-room, drawing rooms, hall, library, porter's room, stable buildings, dining room, gateway and then larder/dairy/bakehouse/coach-houses/stables). Two courts are labelled 'Court' (the northern quadrangle and the southern lower court). The 14th-century black work is confined to the hall, its porch and the service rooms. M...
dollman_v2_1863	analysisofancien02dolluoft	Vol.2.13 Pl.9	84	Penshurst Place, Kent. OAK PANELS	Penshurst Place, Kent - five linenfold oak panels from a room adjoining the hall	five panel elevations, each with its horizontal section beneath (portr	yes	VERIFIED	https://archive.org/download/analysisofancien02dolluoft/page/n84_w1700.jpg	Five 'linen pattern' (linenfold) oak panels, two on the upper row and three on the lower, each drawn in elevation with the grain rendered and each accompanied below by a hatched HORIZONTAL SECTION through the panel showing the actual fold profile. The five are genuinely different: (1) a symmetrical fold group with cusped/notched ends top and bottom; (2) a simpler three-fold with wavy ends; (3) a fold group with a small carved finial/boss at top and bottom on the centre line; (4) a two-fold panel with scrolled/curled ends; (5) a fold group with pointed and rounded ends. Every panel is individually dimensioned in width and height. The text (leaf 48) says these panels 'were originally placed in one of the rooms adjacent to the hall, on the first floor of the mansion.' MODELLING: Directly usable as a wall-panelling asset family: five variants at essentially one size, roughly 8 1/2-9 3/4 inches wide by 15-16 inches high, with real section profiles so the fold depth is not guesswork. For a generator, panel width ~9" x height ~1'4" is the tiling unit; randomise among the five profiles along a run. DIMENSIONS: PRINTED, panel by panel (width x height): upper left 9 3/4" x 1'.3 3/8"; upper right 9 3/8" x 1'.3 3/8"; lower left 8 3/4" x 1'.3 3/4"; lower centre 8 3/4" x 1'.4 3/8"; lower right 8 3/8" x 1'.4 3/8". (Eighth-inch fractions read as carefully as this copy allows; the two-decimal pattern is consistent.) SCALE BAR: '12 6 0 |......| 1 FOOT'.
dollman_v2_1863	analysisofancien02dolluoft	Vol.2.14 Pl.10	88	Penshurst Place, Kent. VARIOUS DETAILS	Penshurst Place, Kent - hall table and benches, the octagonal stone hearth, and the iron f	perspective view + orthographic elevations, plans and sections (portra	yes	VERIFIED	https://archive.org/download/analysisofancien02dolluoft/page/n88_w1700.jpg	TOP: 'Table and Bench in Hall' - a perspective of the long trestle table with a bench alongside, both dimensioned for length. MIDDLE LEFT: 'Elevation of End of Table' with a 'Floor Line' drawn and labelled: a thick plank top on a moulded and shaped central standard with big scrolled/cusped brackets, on a moulded shaped foot. Below it 'Plan on the line A.B' shows the foot is CRUCIFORM (a cross in plan with moulded arms), which the text says makes it 'capable of sustaining a considerable amount of weight'. MIDDLE CENTRE: 'Elevation of End of Bench' - a simple splayed A-frame trestle end, plus 'Side Elevation' showing the bench top on a central plank support with two shaped cusped brackets, plus 'Plan on the line E.F'. MIDDLE RIGHT / LOWER CENTRE: 'Iron Fire Dogs in Hall' with (a) a 'Plan' of the OCTAGONAL STONE HEARTH drawn as concentric octagons (a moulded kerb) with the pair of fire dogs and the bar between them drawn on it in plan, (b) 'Section on the line C.D' showing one fire dog in profile - a raked standard with a moulded finial head, a long curved billet bar sweeping back to a rear upright, and a foot plate on the hearth, (c) 'Plan on the line E.F' of the standard, and (d) a large elevation of the fire dog standard itself: a moulded cap, a foliate/crocketed collar under it, a slender shaft, and a broad shaped baluster foot pierced with a trefoil, lettered C, D, E, F. Text (leaf 48) dates the moveables to 'probably that of Elizabeth's reign'. MODELLING: This is the hearth-and-furniture kit for an open-hearth hall, all dimensioned. The OCTAGONAL STONE HEARTH at 7'7" across is the single most useful number here: it sets the size of the central fire platform in a hall 38'9" wide, i.e. the hearth is a fifth of the hall's width. The trestle table at 21'9" long is nearly a third of the hall's 64'0" length, so two such tables plus benches fill the hall body convincin...
dollman_v2_1863	analysisofancien02dolluoft	vol 2, Plate 15 ('Vol. 2. 15	92	Half Timbered House, at Ludlow, Shropshire - Elevation, Section, Mouldings at A	Ludlow, Salop (Shropshire) - the house at Dinham, near the Castle; dated circa 1600	orthographic elevation + transverse section + moulding detail + scale 	yes	VERIFIED	https://archive.org/download/analysisofancien02dolluoft/page/n92_w1700.jpg	LANDSCAPE plate, ROTATED 90 DEGREES in the scan. Carries: 'Elevation.' (the whole two-gabled front, orthographic, fully framed out timber by timber), 'Section.' (a transverse section through the front wall showing the three jetties and the floor structures), 'Mouldings at A.' (a large-scale moulding profile), scale bar '10 5 0 | 10 FEET', printed dimensions (see below), 'F.T.Dollman, del.' MASSING AND JETTYING: three storeys - a ground floor and two above - and EVERY upper storey is jettied out over the one below (the Section is drawn precisely to show this). Text: 'The dwelling is two stories in height, in addition to the ground floor, each story as usual projecting over that below.' TWO gables of equal width, side by side, filling the whole front. FRAMING PATTERN - THE KEY POINT, and Ludlow is the richest of the six because the pattern CHANGES AT EVERY STOREY: 1. TOP STOREY (the band under the gable windows, running the entire width of the front): QUATREFOIL panels. Vertical studs at close intervals; between each pair of studs, four curved braces spring from the studs at top and bottom and meet to enclose a quatrefoil/roundel opening, and small SQUARE BLOCKS fill each of the four corner spandrels. The result reads as a continuous band of quatrefoils. Text: 'Under the windows in the gables a series of panels in the frame timbers runs along the entire front, arranged so as to resemble quatrefoils.' 2. FIRST FLOOR: main posts at wide intervals with STRAIGHT diagonal braces set in pairs, forming large V shapes and saltires beside and beneath the windows, plus a horizontal mid-rail; pegs are drawn at every joint. Text: 'the timbers on each side of the first floor windows and beneath them are disposed diagonally.' 3. GROUND FLOOR: plain vertical studs with a mid-rail (roughly square panels), two doorways with ornamental iron strap hinges of scrolled form, and two windo...
dollman_v2_1863	analysisofancien02dolluoft	vol 2, Ewelme Plates 2 and 5	96	Ewelme - Plate 2 (plan of hospital, under master's house and grammar school) and Plate 5 (entrance porch and barge-board details) NOT LOCATED	The Hospital and Grammar School, Ewelme, Oxfordshire	measured plan (Plate 2); porch and barge-board details (Plate 5)	no	PLATE	https://archive.org/download/analysisofancien02dolluoft/page/n96_w1700.jpg	NOT LOCATED and NOT OPENED - recorded here as the one significant hole in this subject. The authors' own list (leaves 99-101) reads: 'Plates 1 and 2 show the entire plan of the church, the hospital, the under master's house, and the grammar school. Plate 3 has the section of the hospital from W. to E., and a perspective view of the quadrangle. Plate 4 gives el[e]vations and sections of the grammar school, with details of same. Plate 5 exhibits the entrance-porch, details of the ga[b]le barge boards in the quadrangle, and some other details.' I found Plate 1 at leaf 100 (church plan + upper-floor plan), Plate 3 at leaf 104 and Plate 4 at leaf 108. Leaf 102 is the blank verso of Plate 3, and leaf 101 is a text page. Plate 2 - the sheet that would carry the QUADRANGLE'S OWN DIMENSIONS - is therefore either at leaves 96 or 112/116, both of which I did not open; the leaf-96 lettering OCR mentions 'Plan on the line A.B.' and 'Section', which is suggestive but is confused by Penshurst plate lettering bleeding into the same OCR page. MODELLING: PRIORITY FOLLOW-UP. The Ewelme quadrangle size is the single most valuable number still missing from this subject, because the text gives no dimensions at all for the hospital itself and Plate 1's dimensioned strip covers only the west range. Plate 2 should also show the ambulatory width, the individual cell plan, and how the under master's house and the grammar school hinge onto the quadrangle at the north-west angle - the whole point of the example, which the authors praise for 'the spirit of comprehensive benevolence displayed in the arrangement of the plan, which in one group of buildings comprises provision for the public offices and ministrations of the church, the comfort of a home for the aged and needy, and the blessings of instruction for the young'.
dollman_v2_1863	analysisofancien02dolluoft	vol 2, Plate 16 ('Vol. 2. 16	96	Half Timbered House in the Butcher Row, Shrewsbury (RESTORED) - Front Elevation and details	Butcher Row, Shrewsbury, Shropshire - medieval shop fronts, circa 1490	orthographic elevation (drawn sideways on the sheet) + large-scale det	yes	VERIFIED	https://archive.org/download/analysisofancien02dolluoft/page/n96_w1700.jpg	LANDSCAPE plate, ROTATED 90 DEGREES in the scan, AND the elevation is itself drawn turned 90 degrees relative to the sheet, so the image needs two rotations to read the elevation upright while the title block reads in a different orientation. Carries: 'Front Elevation' (orthographic, marked '(RESTORED)' in the title), 'Heads of Doorways', 'Corner Post &c at A', 'Section at B.C.', 'Doorway D', 'Opening C', 'at E.F.', 'Scale of Details 1 Inch to a Foot' (= 1:12), a scale bar '10 5 0 | 10 20 30 FEET', reference letters A B C D E F. MASSING AND JETTYING: three storeys, each upper storey jettied over the one below on shaped brackets with moulded bressummers. The plate shows the left-hand end as a gabled unit (the corner of the range, where the 'Corner Post at A' detail is taken) with the range continuing to the right. GROUND FLOOR - THE DISTINCTIVE FEATURE: a continuous range of OPEN MEDIEVAL SHOP FRONTS. Each shop opening is a wide bay with a cusped ogee / four-centred TIMBER head in a moulded frame, unglazed and entirely open, separated from its neighbours by posts, with a low framed apron of vertical studs below the shop sills. Interspersed are narrower boarded doorways with similar arched heads. This is exactly what the text singles the building out for: 'the shops, the fronts of which were entirely open and unglazed, became then situate on the upper floor above the street level.' FRAMING PATTERN - THE KEY POINT, again storey-differentiated but with a different vocabulary from Ludlow: 1. FIRST FLOOR: CLOSE STUDDING - narrow vertical studs at close spacing, NO braces at all, with plaster panels between (drawn with a fine stippled/irregular texture for plaster). Windows are three-light square-headed openings in moulded frames with moulded sills carried on small brackets, sitting slightly forward of the wall face. 2. SECOND FLOOR (top storey) AND GABLE: LARGE SQUARE PA...
dollman_v2_1863	analysisofancien02dolluoft	vol 2, Ewelme Plate 1 (engra	100	The Hospital and Grammar School, Ewelme, Oxfordshire - ground plan of the church, with 'Plan of Upper Floor from A to B on Ground Plan below'	The Hospital and Grammar School, Ewelme, Oxfordshire	measured ground plan + dimensioned upper-floor plan	yes	VERIFIED	https://archive.org/download/analysisofancien02dolluoft/page/n100_w1700.jpg	Landscape folio rotated 90 degrees in the scan. The bulk of the sheet is the fully hatched measured GROUND PLAN of the church, set diagonally on the sheet, labelled: Tower, two Porches, Vestry, 'St John's Chapel', 'Church', with 'Church Yard' lettered on both sides, and section reference letters A---B and C---D marked at the sheet edges (these are the cut lines used on Plate 3's section). Wall hatching distinguishes thick medieval masonry, and buttresses, piers and font position are all drawn. ALONG THE WEST EDGE is the piece we care about most: a strip plan headed 'PLAN OF UPPER FLOOR FROM A TO B ON GROUND PLAN BELOW.' It is the master's suite over the west range of the almshouse quadrangle, and IT IS FIGURED ROOM BY ROOM. From west to east: 'Muniment Room' (small, irregular, in the thickness at the end), 'Audit Room 19' 3" x 13' 9"', then a straight flight of STAIRS drawn in a compartment of its own between rooms, then 'Sitting Room 20' 2" x 13' 9"', then 'Bed Room 19' 2" x 13' 11"', then a 'Dressing Closet' and a 'W.C' with a fixture drawn in it, the last two contrived in the thickness at the east end. Along the courtyard side of the strip runs a lower roof drawn in tile/slate hatching (the ambulatory roof beneath), and the range's outer wall is drawn markedly thicker than the internal partitions, which are hairline. PLAN LOGIC WORTH KEEPING: a two-room-plus-closets lodging is threaded along a single range one room deep, entered from a stair in the middle of the range, with the service closets squeezed into the wall thickness at the ends and the institutional room (Audit) put at the opposite end from the private ones - all inside a range whose depth is fixed at just under 14 ft. MODELLING: USE THESE AS THE CANONICAL 15th-CENTURY LODGING-ROOM SIZES. Three principal rooms of 19-20 ft x 13 ft 9 in to 13 ft 11 in - i.e. a range 14 ft deep internally and rooms roughl...
dollman_v2_1863	analysisofancien02dolluoft	PLATE-RUN MAP v2 run 3	100	The Hospital and Grammar School, Ewelme, Oxfordshire (5)	derived leaf map	plate run	no	PLATE	https://archive.org/download/analysisofancien02dolluoft/page/n100_w1700.jpg	Text leaves 98-99. Plate run 100-113, 5 plates. The 4-leaf cadence gives only 4 slots (100, 104, 108, 112) for 5 plates, so this run DRIFTS - do not assume the cadence here. Caption bleed at leaf 108 partially reconstructs the plan description: '... yard. A [small] quadrangle, each of which [has a living room] and a bed-ro[om] ... all round th[e] ... external wal[l] ... quadrangl[e]'. MODELLING: Dated 1440. Hospital plan TYPE 3 (contiguous suite round a quadrangle, church distinct, linked by cloister). The caption fragment tells us the cell unit is a PAIR of rooms - a living room plus a bedroom - which is a richer cell than Stamford's single dormitory. Worth pinning down: cell count, cell size, cloister bay spacing.
dollman_v2_1863	analysisofancien02dolluoft	vol 2, Ewelme Plate 3 (engra	104	The Hospital, Ewelme, Oxfordshire. Section and View of the Quadrangle	The Hospital and Grammar School, Ewelme, Oxfordshire	cross-section through the quadrangle with figured storey heights + per	yes	VERIFIED	https://archive.org/download/analysisofancien02dolluoft/page/n104_w1700.jpg	Landscape folio rotated 90 degrees in the scan; righted with `sips -r 90`. Three drawings, titled at the foot 'The Hospital, Ewelme, Oxfordshire. Section and View of the Quadrangle', with a scale bar '10-5-0-10-20-30-40-50 FEET / SCALE FOR SECTION'. (a) 'Section of the Quadrangle from West to East' - the whole width of the almshouse cut through, with 'West Side of Tower of Church' drawn at the west end. This is the sheet that gives STOREY HEIGHTS. Reading the east half: a brethren's dwelling is cut open showing the ground-floor sitting room and the bed-room over, the bed-room open to a roof of arch-braced trusses with the tie/collar level lettered 'Ceiling Line'. Figured dimension lines: 8' 7 3/4" from the upper floor to the Ceiling Line; and in the ground storey a pair of lines reading 8' 4 3/4" and 7' 8 1/2". West half: the passage between church and quadrangle is cut, showing a four-centred stone doorway, a vaulted/beamed ceiling with a battlemented parapet over, and figured lines 12' 6" and 13' 8 1/2"; and a long dimension of 17' 0" dropping from the Ceiling Line of the upper (audit/master's) room to the lower ground level at the foot of a long external stair flight - the drawing shows two flights of steps descending from the church passage into the quadrangle, which is the graphic proof of the text's 'owing to the rapid fall of the ground'. (b) 'View of the Quadrangle looking East' - a perspective. Shows the ambulatory as an open oak arcade of posts with moulded caps and four-centred braces, a dwarf stone wall below the arcade, brick-nogged panels in HERRINGBONE between the oak studs of the upper wall, gabled centrepieces with traceried two-light windows and moulded barge-boards, small gabled dormers in a stone-tiled roof, and tall shafted brick/stone chimney stacks. Two figures walk in the court for scale. (c) the west side of the church tower, in elevation. ...
dollman_v2_1863	analysisofancien02dolluoft	vol 2, Ewelme Plate 4 (engra	108	The Grammar School, Ewelme, Oxfordshire. Elevations, Section, and Details	The Hospital and Grammar School, Ewelme, Oxfordshire	two elevations + figured transverse section + window and label details	yes	VERIFIED	https://archive.org/download/analysisofancien02dolluoft/page/n108_w1700.jpg	Landscape folio rotated 90 degrees in the scan. Titled at the foot 'The Grammar School, Ewelme, Oxfordshire. Elevations, Section, and Details', signed F.T. Dollman del., with a 'SCALE OF [FEET]' bar running to 50 FEET. Drawings: 'Elevation towards the Road' (the long west front - a two-storey brick range with stone-dressed square-headed two-light windows aligned in vertical pairs on both storeys, buttress-like pilasters, and a stepped/crow-stepped feature at the left end where the range meets the churchyard wall); 'End Elevation'; 'Transverse Section' (see dimensions - this is the figured one, cut through both schoolrooms with the upper room open to an arch-braced roof); 'Window D (1/2 inch Scale)' drawn large with its cinquefoiled straight-sided arched head; 'Plan at F'; 'Part of [something] full[?] inch Scale'; 'Label Terminations at E'; and small moulding details lettered 'at a', 'at b', 'at c'. A tree and the falling ground are drawn against the end elevation. The transverse section shows the ground storey ceiled flat with the floor structure expressed, and the upper storey open to the roof - matching the text: 'The building is two stories in height, the lower of which is the boys', the upper the girls' school. The roof is a good open one, with four-centred arched trusses, common rafters, moulded purlins, wind-braces, and moulded wall-plate.' MODELLING: Gives us a complete small institutional building: brick walls with stone jambs and mullions, two storeys, one room per floor, entrance porch on the north front (its wooden door being the church's former west door - a nice reuse detail), identical two-light square-headed windows repeated on both storeys of the road front, hood-mould stops carved as ANGELS BEARING SHIELDS on the two centre ground-floor windows and plain rectangular stops on all the others. That last point is a genuinely useful generator rule: orna...
dollman_v2_1863	analysisofancien02dolluoft	PLATE-RUN MAP v2 run 4	116	Maybole Castle (1) + Newark Castle on the Clyde (1) + Dormer Windows from Newark, Stirling, Hagg's & Maybole (1) + Newark windows and Elgin stair turr	derived leaf map	plate run	no	PLATE	https://archive.org/download/analysisofancien02dolluoft/page/n116_w1700.jpg	Text leaves 114-115. Plate run 116-131, 4 plates at predicted leaves 118, 122, 126, 130. Caption bleed at leaf 122 '[Scott]ish circular stair turret ... Vol. 2. 22. Portion of F[ront]', leaf 126 'ORIEL WINDOW', leaf 130 'STIRLING CASTLE ... NEWARK CASTLE ... HAGG'S CASTLE ... MAYBOLE CASTLE, AYR[SHIRE]'. MODELLING: Leaf 130 is a COMPARATIVE PLATE - four dated dormers from four different castles on one sheet (Stirling 1550, Newark 1620, Maybole 1620, Hagg's 1685). That is a ready-made period-graded parts family; exceptionally useful for a Scottish generator. Same for the circular stair turret at leaf 122.
dollman_v2_1863	analysisofancien02dolluoft	PLATE-RUN MAP v2 run 5	134	St Mary's Hospital, Chichester (3)	derived leaf map	plate run	no	PLATE	https://archive.org/download/analysisofancien02dolluoft/page/n134_w1700.jpg	Text leaves 132-133. Plate run 134-145, 3 plates at predicted leaves 136, 140, 144 - all three carry caption bleed. MODELLING: Hospital plan TYPE 1 and the authors' lead example of it: ALL inmates under one spacious roof, the area subdivided into small dwelling rooms, the hall communicating directly with the chapel at the far end and separated only by an open screen. Dated 1300 to 1680. Its chapel is called out as the one exception of 'geometrical Middle Pointed character' in an otherwise Third-Pointed hospital corpus. The single-great-roof-with-cells-inside type is a very distinctive silhouette and only three plates to mine.
dollman_v2_1863	analysisofancien02dolluoft	vol 2, Holcombe Court series	146	Holcombe Court, Devon - 3 plates	Holcombe Court, Devon	porch and oriel elevation with part of the hall + a S.W. perspective v	yes	PLATE	https://archive.org/download/analysisofancien02dolluoft/page/n146_w1700.jpg	NOT OPENED. Description text at leaf 146, which also carries the engraved lettering of an adjacent plate including a scale bar '5-0-10-20-30-40-50 FEET' and the Jobbins imprint, so the plates sit immediately around leaf 146. The authors' plate list: 'Plate 1 contains the elevation of the porch and oriel, with a portion of the hall on the S. front, and various details. Plate 2 is a view taken from the S.W. angle, where the ground slopes rapidly downward from the house. Plate 3 exhibits the plaster ceiling to one of the ground floor rooms, and various sections of jambs to doors and fireplaces.' MODELLING: A dated late-medieval gentry house - the text puts it at 'quite the end of Henry the Eighth's reign, or perhaps a little later', and calls it interesting 'as exhibiting mediaeval features and detail in the latest stages of their existence', which makes it our best terminal date-marker for the medieval kit. The described front is a very clean generator template: a four-centred entrance under an ORIEL THREE STOREYS HIGH, a panel of the Bluett arms under the first-floor windows, a STAIR TURRET adjoining the porch lit by four two-light windows (i.e. one window per half turn - a way to set turret window spacing), and to the right of the entrance the hall, its windows square-headed OF SIX LIGHTS and transomed WITH BUTTRESSES BETWEEN THE WINDOWS. Two gables in that front each with a four-light square-headed window. Note also that the W wing was taken down in 1845, so the plate records a house already truncated. The plaster ceiling on Plate 3 is explicitly Elizabethan and LATER than the rest of the house - keep it out of the medieval kit. DIMENSIONS: PRINTED IN THE TEXT (leaf 146): the hall 'a spacious apartment, measuring 44 feet 6 inches by 23 feet, and two stories in height'. Plate lettering shows a scale bar to 50 FEET. The 'two stories in height' for a 23 ft wide hall ...
dollman_v2_1863	analysisofancien02dolluoft	PLATE-RUN MAP v2 run 6	148	Holcombe Court, Devon (3) + Brazen Nose College Stamford entrance gateway (1)	derived leaf map	plate run	no	PLATE	https://archive.org/download/analysisofancien02dolluoft/page/n148_w1700.jpg	Text leaves 146-147. Plate run 148-163, 4 plates at predicted leaves 150, 154, 158, 162. MODELLING: Holcombe Court dated 1550 - a Devon manor house, and the essay specifically says the Devon/Somerset manor houses of this smaller scale were built on the hall-plus-rear-service-quadrangle plan. Good mid-size English manor target.
dollman_v2_1863	analysisofancien02dolluoft	PLATE-RUN MAP v2 run 7	166	The Bede House, Higham Ferrers, Northamptonshire (3)	derived leaf map	plate run	no	PLATE	https://archive.org/download/analysisofancien02dolluoft/page/n166_w1700.jpg	Text leaves 164-165. Plate run 166-177, 3 plates at predicted leaves 168, 172, 176. Caption bleed at 168/172 reads 'the doorwa[y] in the crypt; the outl[ine]'. The text block heading at leaf 164 mentions '[PLAST]ER CEILING AND VARIOUS DETAILS'. MODELLING: Dated 1430. Hospital plan TYPE 1 'as originally designed' - and a footnote warns 'In this instance, the internal partitions have, within comparatively few years, been entirely removed', so the plate shows a RECONSTRUCTED subdivision, not surviving fabric. Flag that if any partition dimensions are lifted. There is also a crypt, so this one has a below-ground storey.
dollman_v2_1863	analysisofancien02dolluoft	PLATE-RUN MAP v2 run 8	180	Old House Elgin (1) + St Andrew's Castle gateway and Old House Dundee (1) + Edinburgh doorways: the Mint, Mary of Guise's Palace, Edinburgh Castle, Sc	derived leaf map	plate run	no	PLATE	https://archive.org/download/analysisofancien02dolluoft/page/n180_w1700.jpg	Text leaves 178-179. Plate run 180-195, 4 plates at predicted leaves 182, 186, 190, 194 - all four carry caption bleed. MODELLING: Another comparative sheet: four dated Edinburgh doorways on one plate (Mary of Guise's 1540, Blair's Close 1550, the Mint 1574) - a period-graded Scottish doorway family. The Old House Elgin is dated 1671, the latest dated building in the whole work.
dollman_v2_1863	analysisofancien02dolluoft	PLATE-RUN MAP v2 run 9	198	Blundell's School, Tiverton, Devon (3)	derived leaf map	plate run	no	PLATE	https://archive.org/download/analysisofancien02dolluoft/page/n198_w1700.jpg	Text leaves 196-197. Plate run 198-209, 3 plates at predicted leaves 200, 204, 208. Caption bleed at leaf 200 reads 'longitudinal [section]'. MODELLING: Dated 1604 - the latest institutional building in the corpus, and useful as the end-stop of the period ladder (what a post-medieval school range looks like once the Gothic vocabulary is fading).
dollman_v2_1863	analysisofancien02dolluoft	vol 2, Browne's Hospital ser	211	Browne's Hospital, Stamford, Lincolnshire - 4 plates	Browne's Hospital, Stamford, Lincolnshire	window and doorway on the S side of the hall; audit-room roof details;	yes	PLATE	https://archive.org/download/analysisofancien02dolluoft/page/n211_w1700.jpg	NOT OPENED. This subject's material is split: it opens volume 2 (text at leaves 28-29) and is returned to at leaf 211. Leaf 211 carries the plate list: '... consist of Plate 1, the square-headed two-light window and a doorway, on the S. side of the hall. The tracery in the windows is now blocked up ...'. The building is described as 'still tenantable and inhabited, but exhibits a general expression of desolation and neglect'. The volume 2 List of Subjects also promises furniture from Browne's Hospital on a later metalwork/furniture plate. MODELLING: Complements Ewelme as a second almshouse. The one figured room is the AUDIT ROOM, 36 ft x 21 ft, with a good oak roof then in a dilapidated state whose details are plated - so we get a second, independent audit-room size to set against Ewelme's 19 ft 3 in x 13 ft 9 in, which tells us the type spans a wide range rather than having a fixed size. The text also mentions an upper floor and a confrater's dwelling reached separately. DIMENSIONS: PRINTED IN THE TEXT (leaf 29): 'In the main building, towards Broad-street, is the audit room, 36 feet by 21 feet, which has a good oak roof in a dilapidated state'.
dollman_v2_1863	analysisofancien02dolluoft	PLATE-RUN MAP v2 run 10	212	Carmelite Monastery Stamford gateway (1) + Great Malvern Priory entrance gateway (1) + Norborough Hall door, window and doorways (2)	derived leaf map	plate run	yes	PLATE	https://archive.org/download/analysisofancien02dolluoft/page/n212_w1700.jpg	Text leaves 210-211. Plate run 212-227, 4 plates at predicted leaves 214, 218, 222, 226 - all four carry caption bleed. Leaf 222's bleed reads '[Str]ing Course at D. [scale] 5 10 15 20 25 30 35 ... Upper Plan ... Ground Pl[an]' and leaf 218 'GATEWAY, NOW THE INFIRMARY', leaf 226 'Front El[evation]'. MODELLING: Leaf 222 has upper AND ground plans plus a scale bar plus a named string-course profile - a complete gatehouse at two levels. Gatehouses are the entrance element of the 14th-century quadrangle plan, so this is a directly reusable module. Carmelite gateway dated 1320, Great Malvern gateway 1490 - two gatehouses 170 years apart for a period comparison. DIMENSIONS: Caption bleed shows a scale bar reading 5 10 15 20 25 30 35 on leaf 222.
dollman_v2_1863	analysisofancien02dolluoft	PLATE-RUN MAP v2 run 11	230	Canongate Tolbooth Edinburgh (1) + Crichton Castle arcade, doorway and detail (1) + Castle Campbell, Crichton and St Salvator's details (1) + Roslin C	derived leaf map	plate run	no	PLATE	https://archive.org/download/analysisofancien02dolluoft/page/n230_w1700.jpg	Text leaves 228-229. Plate run 230-245, 4 plates at predicted leaves 232, 236, 240, 244 - all four carry caption bleed. MODELLING: Canongate Tolbooth dated 1591 - a Scottish town public building with, per the text-block headings, an entrance gateway plus window and door details. The two arcades (Castle Campbell 1450, Crichton 1550) give a Scottish courtyard-arcade vocabulary, which the essay says is characteristically circular/segmental rather than pointed.
dollman_v2_1863	analysisofancien02dolluoft	PLATE-RUN MAP v2 run 12	248	Fireplace in one of the Canons' Residences, Ely (1) + Old Oak Panelling (3) + Spicer's Hall Bristol entrance porch, doorway and roof of hall (2)	derived leaf map	plate run	no	PLATE	https://archive.org/download/analysisofancien02dolluoft/page/n248_w1700.jpg	Text leaves 246-247. Plate run 248-271, 6 plates at predicted leaves 250, 254, 258, 262, 266, 270. Caption bleed across 254-270 is Spicer's Hall prose: 'the 13th century, corbels, apparently to support the roof, exist in the wall on each side; this may possibly have been the Chapel ... Beyond this is another passage, at the end of which is a court yard, now occupied by warehouses, but which probably formed a portion [of]'. MODELLING: Spicer's Hall, Bristol, dated 1350, is the earliest MERCHANT house in the corpus and the only one with its hall roof drawn - the merchant-house-with-hall type is the town equivalent of the manorial hall and is exactly what a medieval city street needs. The 3 plates of 'Old Oak Panelling' are dated 1500 and described in the chronological list as FOREIGN - flag that: do not use them as English interior panelling without noting the authors call them foreign.
dollman_v2_1863	analysisofancien02dolluoft	vol 2, plate 'Vol. 2.52.' (O	254	Oak Panels. Half full size.	OLD OAK PANELLING - 3 plates (list of subjects, vol 2 leaf 10). Description text: 'OLD PAN	measured ornament plate: two carved oak panels in face view with print	yes	VERIFIED	https://archive.org/download/analysisofancien02dolluoft/page/n254_w1700.jpg	LANDSCAPE FOLIO PLATE, ROTATED 90 DEGREES in the scan; rotated 90 CW to read. Two panels, each drawn complete in its frame, at 'Half full size'. PANEL A (upper in the scan): 1 ft 0 in x 7 3/4 in, set in a plain oak frame drawn with the grain. The carving is a PARCHEMIN / linenfold-family design: the field is filled with long parallel ribbed flutes whose upper ends terminate in cusped, pointed panel heads (a row of small lancet/ogee heads, like miniature blind tracery), arranged in horizontal registers; through the middle of the panel runs a pair of crossing curved stems that swell into a lozenge at the crossing; hung on those stems are four flower CUPS drawn as fluted trumpet/bell shapes (lily or bluebell heads) plus a central horizontal bud. Left and right of the field the frame is a plain flat with a moulded inner edge. PANEL B (lower in the scan): 1 ft 2 3/8 in on its long axis, in a similar frame. Same fluted-and-cusped-head ground, but the centre is occupied by a large ROUNDEL containing an interlaced monogram of ribbon letters (this is one of the 'sacred monogram' panels the text mentions); at the left is a bud/pomegranate boss on a stem; at the right end is a separately framed SQUARE containing a saltire (X) of double-ribbed bands with a quatrefoil rosette at the crossing - a repeat motif that recurs on plate 3. MOULDING SECTIONS: at the right edge of the plate (in the scan) two profiles labelled 'Section at A.B.' and 'Section at C.D.' are given at 'Full Size.' Both are stepped/ribbed profiles: a series of small square steps and V-cuts, which is exactly how the cusped panel heads and the ribbed flutes are cut. These are the only full-size mouldings in the panelling set. MODELLING: Panelling is pure tiling, and this plate gives the tile AND its section. The repeating unit is a single framed panel roughly 7 3/4 in wide x 12 in high (plate 1) - so the wall grid...
dollman_v2_1863	analysisofancien02dolluoft	vol 2, plate 'Vol.2.53. Pl.2	258	Oak Panels. Half full size.	OLD OAK PANELLING - 3 plates	measured ornament plate: two upright tracery panels plus one horizonta	yes	VERIFIED	https://archive.org/download/analysisofancien02dolluoft/page/n258_w1700.jpg	Portrait plate, upright in the scan. Three units. UPRIGHT PANEL 1 (left): 7 in 5/16 wide. A tall panel of BLIND TRACERY carved in oak. Structure top to bottom: a header band of small cusped lancet heads (five of them) over vertical shafts; then the main field, a large two-centred/ogee arch of double-ribbed bands enclosing a quatrefoil-in-lozenge at its head, with big opposed C-scrolls (mouchettes) filling the haunches and a pierced diamond either side; below the arch a tall shield-like or cusped pendant shape hangs, ending in a pointed drop with two small hooked leaves. The whole is bordered by narrow vertical mouldings and the oak grain is drawn throughout. UPRIGHT PANEL 2 (right): 7 in 3/16 wide - i.e. NOT the same width as its neighbour; the two panels of a run were not identical. Same construction, different device: the arch encloses a bold FLEUR-DE-LIS at its head, and below it a shield/escutcheon shape charged with an interlaced strapwork device and a small rosette, over a pendant drop. Header band of cusped lancet heads again. HORIZONTAL FRIEZE / RAIL PANEL (bottom): 1 ft 2 5/8 in long. Three-part section: at the top a plain wide oak rail with the grain drawn, whose lower edge is cut into a long shaped CRESTING - a flat ogee wave that rises to a pointed peak at the centre and returns in a hooked scroll at each end; below it a plain moulded rail; below that a band of running ornament: a row of lozenges/quatrefoil compartments formed by crossing double-ribbed bands, each compartment containing a four-petal ROSETTE, with cusped spandrels between - a classic running frieze that repeats on a fixed pitch (about four rosettes across the 1 ft 2 5/8 in). MODELLING: This is the plate that tells you how a panelled WALL is put together rather than just how one panel is carved. Three tile types: upright field panel (about 7 1/4 in wide), rail/frieze band with a running r...
dollman_v2_1863	analysisofancien02dolluoft	vol 2, plate 'Vol.2.54. Pl.3	262	Oak Panels. Half full size.	OLD OAK PANELLING - 3 plates. Note: the text says No. 3 on this plate is the ONE panel in 	measured ornament plate: three numbered carved oak panels in face view	yes	VERIFIED	https://archive.org/download/analysisofancien02dolluoft/page/n262_w1700.jpg	Portrait plate, upright in the scan. Three numbered panels. No. 1 (left, full height of the plate): 1 ft 7 3/8 in high x 7 1/2 in wide - the tallest panel in the whole set, and the closest thing here to a full door-height panel. It is built in FOUR stacked registers inside one frame, which is unusual and very useful: (top) a square compartment with a lattice of crossing double bands enclosing four-petal rosettes at the crossings; (second) a band of narrow vertical shafts capped by cusped lancet heads; (third and largest) a big vesica/ogee of double-ribbed tracery bands containing a central rosette-in-lozenge, flanked by pierced lancet voids, and below it two large opposed scrolled leaves with a plain horizontal bar (a raised fillet) crossing between them; (bottom) a square compartment with a SALTIRE of double bands and a four-petal rosette at the crossing, matching the square on plate 1. Every field is drawn with oak grain. No. 2 (upper right): a nearly square panel with a printed dimension on its right edge that I could not read with confidence. Design: a bordered field of narrow cusped-headed shafts round a central device - a broad SHIELD/escutcheon shape crested by a bold fleur-de-lis, the shield charged with an interlaced strapwork saltire and small lozenge bosses, the whole standing on a moulded pedestal foot. The ground behind is the same fluted-and-cusped-head diaper as the other panels. No. 3 (lower right, the Blackburne panel): a landscape panel. Along the top runs a CRESTING of alternating fleur-de-lis and lily heads standing in a row on a moulded rail with small rosettes between them. Below, set diagonally in the field, is a large SHIELD charged with THREE FLEURS-DE-LIS (2 above, 1 below), drawn with a hatched/diapered ground inside the shield; the shield is framed by a border of foliate scrollwork and cusped compartments, and the bottom edge carries ano...
dollman_v2_1863	analysisofancien02dolluoft	PLATE-RUN MAP v2 run 13	274	Canynge's House Redcliff Street Bristol, roof of hall (1) + Half timbered house, Lavenham, Suffolk (3)	derived leaf map	plate run	no	PLATE	https://archive.org/download/analysisofancien02dolluoft/page/n274_w1700.jpg	Text leaves 272-273. Plate run 274-289, 4 plates at predicted leaves 276, 280, 284, 288. Caption bleed at leaf 276 reads 'the N. front, the two bay windows are shewn restored, with the angle-post at the N.W. cor[ner]' and at 280/288 '[a] side elevations of t[he]'. MODELLING: Lavenham dated 1530, three plates, with a restored N front and an explicit ANGLE POST called out - angle posts are the load-bearing corner members of a jettied timber frame and are exactly the kind of named component our timber-frame kit needs. Canynge's House 1450 gives a second Bristol merchant hall roof to compare against Spicer's 1350.
dollman_v2_1863	analysisofancien02dolluoft	vol 2, Plate 58 ('Vol. 2. 58	280	Old House at Lavenham, Suffolk (Restored) - ELEVATIONS AND DETAILS (North and West elevations, Plan, Corner Post at A, Head of Buttress at D)	Lavenham, Suffolk - the 'Old House', circa 1530, possibly the Holy Trinity Guild hall or t	two orthographic elevations + plan + partial plan + large-scale detail	yes	VERIFIED	https://archive.org/download/analysisofancien02dolluoft/page/n280_w1700.jpg	LANDSCAPE plate, rotated in the scan (I had to rotate 270 then 180 to read it). Carries: 'West Elevation', 'North Elevation', 'Plan', 'Plan at B.C.', 'Corner Post at A', 'Head of Buttress at D', 'Scale of Details 2 Inches to a Foot', scale bar '12 [inches] 0 | 20 FEET', 'F.T.Dollman del.' The title notes '(Restored)'. WHAT IS DRAWN: only the GROUND STOREY is shown as timber framing; above the carved bressummer the wall is drawn plain and rendered/masonry-textured, because the upper part has been modernised out of existence. The text is explicit: 'of this part, the barge-boards in the gables, &c., very few architectural features remain, the whole having been more or less modernized.' So Lavenham gives NO gable count, NO barge-board treatment and NO pendant treatment that can be trusted - the text says the N. elevation has, at the E. end, a projecting gabled porch with a room over, and a further gable at the N.W. angle, but the plate does not draw them. FRAMING PATTERN - THE KEY POINT: CLOSE STUDDING, and nothing else. Narrow vertical studs at close spacing with plaster panels of roughly equal or slightly greater width, NO braces of any kind, in both the N. and W. elevations. At intervals, and at every window jamb, the studding is punctuated by slender turned/moulded COLONNETTES which the plate calls 'buttresses' (see 'Head of Buttress at D'). A carved MID-RAIL with a continuous running ornament runs at window-sill level across the whole front, and a carved BRESSUMMER with a second running ornament caps the storey. Below the sill rail the studs continue down to the plinth as a shorter panel band. WINDOWS: the plate's whole point. On the N. front, TWO CANTED (three-sided) BAY WINDOWS, shown restored; on the W. front, ONE surviving bay window which is flat-fronted. Each is TRANSOMED with two tiers of lights; each individual light has a CINQUEFOILED / arched head with a...
dollman_v2_1863	analysisofancien02dolluoft	vol 2, Plate 59 ('Vol. 2. 59	284	Old House at Lavenham, Suffolk - DETAILS OF PORCH (Front and Side Elevations, Plans on lines D.D and E.E, Sections at A.A and B.C)	Lavenham, Suffolk - the projecting gabled porch at the E. end of the N. front	orthographic front and side elevations + two plans + two sections, at 	yes	VERIFIED	https://archive.org/download/analysisofancien02dolluoft/page/n284_w1700.jpg	LANDSCAPE plate, rotated in the scan (read upside down from my 270-rotation, so the sheet needs 90 the other way). Carries: 'Front Elevation', 'Side Elevation', 'Plan on the line D.D', 'Plan on the line E.E', 'Section at A.A', 'Section at B.C', 'Scale of Details 2 Inches to a Foot', scale bar '12 [inches] 0 | 2 3 4 FEET'. Reference letters A B C D E. WHAT IT SHOWS: the porch is framed by two heavily carved posts, each carved with a continuous vertical running foliage/vine trail set between slender moulded shafts. From each post springs a large CURVED BRACKET which together form a wide flat-topped arch over the porch opening, with the spandrels filled by carved foliage. A carved foliate FRIEZE runs across the head above the arch, and a second carved frieze (a bold running scroll) runs across the base of the posts. The doorway itself is a boarded oak door with a shaped (segmental/ogee) head. The Side Elevation shows the same post treatment plus a lower panel band of three sunk panels under a carved rail, and a carved cornice above. The two Plans (on the lines D.D and E.E) give the moulded plan sections of the post at two heights, showing a complex multi-shafted profile. The porch and the room over it form the E. gable of the N. front described in the text. MODELLING: A complete, dimensioned, carved timber PORCH module. Parameters: opening about 4 ft 10 in wide, overall porch height about 8 ft 10 in, post plan section about 1 ft 5 in across (given at two heights, D.D and E.E, so the post tapers/changes), carved bracket-arch with foliate spandrels, carved friezes at head and base, boarded door with a shaped head, three sunk panels to the side below a carved rail. Directly reusable as the entrance asset for any high-status East Anglian timber house. DIMENSIONS: PRINTED ON THIS PLATE: '8' 10"' (a full-height dimension on the front elevation - the porch height); '4' 10"' ...
dollman_v2_1863	analysisofancien02dolluoft	vol 2, Plate 60 ('Vol. 2. 60	288	Old House at Lavenham, Suffolk - ORIEL WINDOW IN WEST FRONT (Elevation, Plan, Section, Mouldings at A, Angle Jamb at B, Mouldings at C, Mullion)	Lavenham, Suffolk - the surviving bay/oriel window of the W. front	orthographic elevation + plan + section + large-scale moulding section	yes	VERIFIED	https://archive.org/download/analysisofancien02dolluoft/page/n288_w1700.jpg	LANDSCAPE plate, ROTATED 90 DEGREES in the scan. Carries: 'Elevation', 'Plan', 'Section', 'Mouldings at A', 'Angle Jamb at B', 'Mouldings at C', 'Mullion' (a plan section of the mullion), 'Scale of Details 2 Inches to a Foot', scale bar '12 [inches] 0 | 3 4 5 FEET', 'F.T.Dollman, del.' Reference letters A B C. THE WINDOW: a wide projecting bay/oriel, five main lights across the front, TRANSOMED into two tiers with a further shorter tier, giving a strongly horizontal grid of arched lights. Every light has a CINQUEFOILED / arched head, and above each head runs a carved spandrel band of small repeating cusped motifs; the glazing is leaded LOZENGE quarries throughout. The head carries a carved cresting and a boldly moulded cornice; the sill is a deep moulded and carved member with a hollow soffit; slender turned/moulded shafts flank the window and mark the angles. The Plan shows the projection and the mullion spacing, with the mullions drawn as lozenge-shaped moulded sections; the Section shows the cornice, the glazing plane, the sill and the curved carved brackets under it, and the wall studs behind. The plate caption note on Plate 1 applies: 'The other bay windows on the N. elevation would seem to have been exactly similar' - so this one drawing is the authors' authority for all three bay windows of the house. MODELLING: This is the single most directly usable window asset in the assignment: a fully dimensioned late-Gothic timber oriel, 9 ft 10 in wide, projecting 1 ft 6 in, mullions 8 3/8 in wide, cornice member 1 ft 4 in, sill member 1 ft 1 3/4 in, all at a stated 1:6 detail scale with the actual moulding profiles drawn (A = cornice, B = angle jamb, C = sill, plus the mullion in plan). Five lights across the front at two-plus tiers with cinquefoiled heads and a carved spandrel band. Build this as a parametric module (light count, tier count) and it serves Lavenham'...
dollman_v2_1863	analysisofancien02dolluoft	vol 2, Colston's House serie	290	Colston's House, Small Street, Bristol - 4 plates	Colston's House, Small Street, Bristol	principal elevation; roof of hall details incl. longitudinal section; 	yes	PLATE	https://archive.org/download/analysisofancien02dolluoft/page/n290_w1700.jpg	NOT OPENED. Description text at leaves 290-291. Leaf 290 carries adjacent plate lettering: '... Longitudinal Section ... Scale of 2 Inches to a foot ... DETAILS OF ROOF OF HALL &c'. The authors' plate list (cut off in the OCR) reads '... Plate 1. Elevation of the [principal front] ... [Plate 2] the porch, with details to a 2-inch scale. Plate 3. The bay window on the W. front, with details. The other bay windows on the N. elevation would seem to have been exactly similar.' Plate 2 also carries the hall roof in full ('Details in full are shewn on Plate 2'), and Plate 4 the mutilated 15th-century fireplace in the S wall of an upper room. MODELLING: A merchant's town house, and a good foil to the baronial halls: its hall is long and NARROW (48 ft 6 in x 18 ft 5 in) - the same width band as a parish-church nave, not a baronial hall - which is exactly the contrast the assignment asked about. Roof IN SIX BAYS over 48 ft 6 in gives ~8 ft 1 in bay spacing, near-identical to the Guesten Hall's ~8 ft 2.5 in: two independent buildings agreeing on roughly 8 ft as the standard truss spacing is a strong default for the roof generator. Roof described as a good 15th-century type with collars, struts, moulded purlins and wind-braces, a MOULDED HAMMER BEAM and cornice, the lower arches carried on circular shafts with moulded capitals and bases resting on small carved corbels. Plan logic worth stealing: a ground-floor passage runs right through the house; a panelled SCREEN stood at the far end of the hall with the offices beyond it; and two apertures in the wall by that end were serving hatches 'made to allow the meats, &c., to be passed through on to the adjacent dining hall' - a drawn, dated servery hatch. The hall was originally the full height of the building and has since been floored across. Also: no original staircase survives and the authors infer an exterior stair turret, so...
dollman_v2_1863	analysisofancien02dolluoft	PLATE-RUN MAP v2 run 14	292	Colston's House, Small Street, Bristol (4)	derived leaf map	plate run	no	PLATE	https://archive.org/download/analysisofancien02dolluoft/page/n292_w1700.jpg	Text leaves 290-291. Plate run 292-307, 4 plates at predicted leaves 294, 298, 302, 306. Caption bleed at leaf 306 reads '[Sm]all Street. B[ristol]'. The text-block heading at leaf 290 includes 'DETAILS OF RO[OF] OF HALL'. MODELLING: Dated 1460. Four plates on a single urban merchant house on a named street - the best-documented town house in either volume, and the third Bristol hall roof. Together with Spicer's (1350) and Canynge's (1450) this gives THREE dated Bristol merchant hall roofs spanning 110 years, which is a genuine typological sequence rather than three isolated examples.
dollman_v2_1863	analysisofancien02dolluoft	PLATE-RUN MAP v2 run 15	310	Haddon Hall, Derbyshire (5)	derived leaf map	plate run	no	PLATE	https://archive.org/download/analysisofancien02dolluoft/page/n310_w1700.jpg	Text leaves 308-309. Plate run 310-329, 5 plates at predicted leaves 312, 316, 320, 324, 328. Caption bleed across 316-328 is glazing prose: 'entrance court. The glazing in one of the lights of the window at the W. end of'. Text-block heading at leaf 308 includes 'OF CHIMNEY PIECE' and 'VARIOUS DETAILS'. MODELLING: The chronological list dates only the 'Bay Window in Dining Room, Haddon Hall' at 1545 - Haddon itself is not given a single date, consistent with it being multi-period. The essay uses Haddon as its example of a BADLY planned house: 'the plan consisted of little better than a complicated series of small ill-arranged and inconvenient rooms.' That is genuinely useful to us as a NEGATIVE model - it is what organic accretion actually looks like, and a generator that only produces tidy plans is producing the wrong thing.
dollman_v2_1863	analysisofancien02dolluoft	vol 2, Haddon Hall Plate 1 (	312	Haddon Hall, Derbyshire. Details of Bay Window in Dining Room	Haddon Hall, Derbyshire	bay-window elevation + plan + section + named moulding and panel detai	yes	PLATE	https://archive.org/download/analysisofancien02dolluoft/page/n312_w1700.jpg	Portrait sheet, upright in the scan. Titled at the right-hand edge 'Haddon Hall, Derbyshire. DETAILS OF BAY WINDOW IN DINING ROOM', signed F.T. Dollman del. Upper register: 'Elevation' of the window head with two transomed lights filled with lattice/diamond quarry glazing, and 'Plan' - a canted bay of five sides (a broad front face and two short returns each side), the stone hatched, with the mullions shown in plan as small lozenges and the internal splay drawn. Lower register: a large-scale interior elevation of the panelled bay - the oak wainscot in small square panels, several enriched with carved heads and devices in roundels; above the panelling a pierced traceried frieze of quatrefoils and, at the top, a run of cresting/brattishing. Named details at the right: 'Section', 'Mullion' (drawn as a full profile), 'Jamb at A', 'Panel Moulding at D.D', 'Panel Moulding at E.E', 'Rib of Ceiling at B.C.', and 'Scale of Details 1 Inch to a Foot'. A short scale bar in feet sits under the plan. IMPORTANT NEGATIVE FINDING, and it applies to the whole Haddon set: DOLLMAN GIVES NO PLAN OF HADDON HALL. The authors say so themselves - the plates 'though somewhat fragmentary, consist of portions that have not hitherto been published' - and their own plate list is Plate 1 the dining-room bay window, Plate 2 enlarged details of its panelling, Plate 3 oak panelling from the original rood screen plus an oak chest from the chapel, Plate 4 leaden rainwater heads with fire-dogs and a grate from the drawing room. Haddon was chosen for unpublished DETAILS, precisely because its plan was already famous. So despite being the most celebrated house in the assignment it contributes nothing to plan logic and no building dimensions. MODELLING: Treat Haddon as a fixtures-and-fittings source, not a layout source. What it does give, at a usable 1-inch-to-a-foot detail scale and firmly dated by the...
dollman_v2_1863	analysisofancien02dolluoft	PLATE-RUN MAP v2 run 16	332	Chapel in the Episcopal Palace, Wells, Somersetshire (4)	derived leaf map	plate run	no	PLATE	https://archive.org/download/analysisofancien02dolluoft/page/n332_w1700.jpg	Text leaves 330-331. Plate run 332-347, 4 plates at predicted leaves 334, 338, 342, 346. Caption bleed at leaf 346 reads 'S. ELEVATION OF THE CHAPEL'. MODELLING: Dated 1300; the preface calls it 'a beautiful specimen of the Second or Middle-Pointed Period' and notes that the elder Pugin, illustrating the adjoining great hall in 'Examples of Gothic Architecture' vol 2, 'this beautiful chapel was unnoticed altogether' - so this is a first publication. The work's Middle-Pointed domestic chapel exemplar, matching Lambeth 1250 for Early English and the Vyne 1545 for Perpendicular. Three dated chapels across three styles = a complete domestic-chapel period set.
dollman_v2_1863	analysisofancien02dolluoft	PLATE-RUN MAP v2 run 17	350	Chapel at the Vyne, near Basingstoke, Hants (4)	derived leaf map	plate run	no	PLATE	https://archive.org/download/analysisofancien02dolluoft/page/n350_w1700.jpg	Text leaves 348-349. Plate run 350-365, 4 plates at predicted leaves 352, 356, 360, 364 - all four carry caption bleed. Leaf 364's bleed gives the plate titles: 'PLAN, ELEVATIONS AND DETAILS OF CHAPEL', 'DETAILS OF STALLS, SOUTH SIDE OF CHAPEL', 'OAK PANELLING'. Leaf 356: 'Initial Letters, Devices, Ribands, &c. In the dining room, gallery, and some of the other apart[ments]'. Leaf 360: '[ther]e is a good deal of oak panelling, three examples of which are shewn on Plate 3'. MODELLING: Dated 1545, Henry VIII. Plan + elevations + details on one plate, plus stalls, plus panelling, plus the carved initial letters/ribands/monograms from the dining room and gallery. The Perpendicular domestic chapel exemplar, and the initials/devices sheet is a heraldic-ornament parts library.
dollman_v2_1863	analysisofancien02dolluoft	PLATE-RUN MAP v2 run 18	368	Examples of Ancient Metal Work (1) + Conduit Little Leigh Essex and furniture from Abbot's Hospital Guilford and Browne's Hospital Stamford (1) + Half	derived leaf map	plate run	no	PLATE	https://archive.org/download/analysisofancien02dolluoft/page/n368_w1700.jpg	Text leaves 366-367. Plate run 368-389 (includes the volume's trailing blanks), 3 plates; the 4-cadence over-generates here so treat 370, 374, 378 as candidates only. Caption bleed at leaf 383 reads '[Bishop's] Palace - Escutcheon on Gateway at the Bishops Palace, Wells, Somersetshire' and at 384 'Front. Side. Knocker.' MODELLING: The metal work sheet is the closing parts library: rainwater pipes/heads, closing rings, escutcheon, knocker, window latch - the small hardware that makes a door read as real. Chronological list dates the ironwork family 1450 to 1700 as a band. Note the final plate braces PRESTBURY and CHIDDINGSTONE together on one sheet, so it is a comparative half-timbered sheet (1580 vs 1637).
dollman_v2_1863	analysisofancien02dolluoft	vol 2, plate 'Vol.2.78.'	370	Various Examples of Ancient Metal Work.	EXAMPLES OF ANCIENT METAL WORK: Rainwater Pipes, Closing Rings, Escutcheon, Knocker, and W	measured object plate: seven groups of lead and iron fittings in eleva	yes	VERIFIED	https://archive.org/download/analysisofancien02dolluoft/page/n370_w1700.jpg	Portrait plate, upright in the scan. Seven groups: 1. 'Nos 1.2.3.4.5 & 6 - Rain Water Pipes, Abbot's Hospital, Guildford, Surrey.' Six LEAD cistern-heads (hopper heads) with their pipes, drawn in perspective-ish elevation with heavy hatching for the lead. No.1: a box head whose top is CRENELLATED (merlon-and-embrasure cresting) with two projecting side wings; the front face is a plain sunk panel; below, a tapering shoe/funnel gathers into the pipe; two flat fixing straps with nail holes stand out at the sides; the pipe below has a moulded band. No.2: rectangular head with a stepped/battlemented top, the front face carrying a SHIELD (blank) flanked by the initials 'G' and 'A' in raised letters - George Abbot, the founder; below the shield a broad funnel and then a moulded collar on the round pipe. No.3: box head with a stepped top and two side wings; the front face is a plain panel; below the head a HEART-SHAPED cartouche or trefoil ornament is cast on the shoe; the pipe passes through a moulded rectangular collar. No.4: head with a strongly panelled front (three vertical sunk slots) and a FAN or fluted apron below, gathering into a moulded rectangular collar and then the pipe; a second collar lower down marks a pipe joint. No.5: head with an embattled cresting of small merlons, then two horizontal reeded/roll bands, then an ogee-moulded lower body which sweeps out to a swan-neck offset, with a further collar where it meets the vertical pipe. No.6: not a head but an EAVES DETAIL: the pipe is shown running down a tiled roof slope, gathered by a lead shoe/spout, and the pipe carries TWO CABLED (rope-twist) collar rings plus turned bead collars - the decorative pipe-ring vocabulary. 2. 'Closing Ring from Chant Marle Farm, near Cattistock, Dorsetshire.' 6 7/8 in high x 4 5/8 in wide. A pear/heart-shaped ring hanging from a square staple; the lower half of the ring is GA...
dollman_v2_1863	analysisofancien02dolluoft	vol 2, plate 'Vol.2.79.'	374	Various Details. FURNITURE. / ANCIENT CONDUIT AT LITTLE LEIGHS PRIORY, ESSEX.	CONDUIT, LITTLE LEIGH, ESSEX; AND FURNITURE FROM ABBOT'S HOSPITAL, GUILFORD, SURREY; AND F	measured plate: furniture elevations/sections with printed dimensions,	yes	VERIFIED	https://archive.org/download/analysisofancien02dolluoft/page/n374_w1700.jpg	LANDSCAPE FOLIO PLATE, ROTATED 90 DEGREES IN THE SCAN as warned; I rotated it 90 CW to read it. Two halves. FURNITURE (right half of the corrected image): - 'Table in Dining Hall, Abbot's Hospital, Guildford.' 10 ft 11 in long, 2 ft 10 in high. Top is a thick plank with a boldly moulded edge (two fillets and a cove drawn in section at the end). The single central support drawn is a turned baluster: a small Ionic-ish scrolled capital block under the top, then a gadrooned/leaf-carved collar, then a fluted urn/vase shaft with a ring of drilled bosses at its neck, then ring mouldings, standing on a stepped sledge foot. A separate perspective study, 'Feet of Table.', shows the foot properly: a cruciform/X sledge of stepped mouldings whose four arms end in CUSPED (dagged) scalloped points, with a stepped square plinth block at the centre carrying the baluster - i.e. the table stands on shaped skids, not on legs at the corners. - 'Bench in Hall. Do.' (same building) 8 ft 10 in long, 1 ft 8 1/2 in high. 'End Elevation' shows TWO turned legs splayed outward from a single shaped sledge foot whose ends run out into pairs of C-scroll volutes (four volutes across the foot). 'Part of Front Elevation' shows the plank seat with a moulded edge carried on one turned baluster leg with a gadrooned base. - 'Table, Seat and Bench in Audit Room at the Bede House, Stamford.' Three pieces: 'Table' 15 ft 8 in long, 2 ft 7 3/4 in high. A joined refectory table: plank top with a moulded edge over a deep frieze rail; on either side of every leg the frieze is cut into an ogee/cusped shaped bracket; legs are turned balusters (a vase between two ring groups) on square blocks, with plain square upper and lower blocks; the centre of the frieze is inscribed 'P 1583 R' in raised or carved letters, and a 'Centre line' is marked on the drawing at the mid leg. 'Bench' 14 ft 2 in long, 1 ft 8 1/2 in high...
dollman_v2_1863	analysisofancien02dolluoft	vol 2, Plate 80 ('Vol. 2. 80	378	Half Timbered Houses. No. 1 NEAR PRESTBURY GLOUCESTERSHIRE. No. 2 AT CHIDDINGSTONE, KENT	Prestbury, Gloucestershire (circa 1580) AND a second, previously unillustrated house at Ch	two perspective views + seven large-scale detail sections at 1:6 (no s	yes	VERIFIED	https://archive.org/download/analysisofancien02dolluoft/page/n378_w1700.jpg	PORTRAIT plate, NOT rotated. Carries: 'No. 1' (a perspective view of the Prestbury house), 'No. 2' (a perspective view of the Chiddingstone house), and seven named detail sections: 'Barge Board of Gable at A.', 'Barge Board of Gable at B.', 'Mouldings at C.', 'Cill at D.', 'Mouldings at E.', 'Transom at F.', 'Cill at G.', with 'Scale of Details 2 Inches to a Foot'. Title block: 'Half Timbered Houses. / No. 1. NEAR PRESTBURY GLOUCESTERSHIRE. No. 2. AT CHIDDINGSTONE, KENT.' Signed F.T.Dollman, del. STRUCTURAL FINDING ABOUT THE BOOK: the vol 2 List of Subjects (leaf 10) braces these two subjects together as sharing ONE plate - 'HALF TIMBERED HOUSE AT PRESTBURY, GLOUCESTERSHIRE }' over '" " " AT CHIDDINGSTONE, KENT }' with a single '1' in the plates column, and the column total '80'. So Prestbury does NOT have a plate to itself. === No. 1, PRESTBURY, GLOUCESTERSHIRE === MASSING: two storeys with attic rooms in the gables. FOUR gables on the front, arranged as two pairs (a taller pair to the right, a lower pair to the left), plus a small gabled porch/outshut in the centre and a lean-to. No jetty is drawn - the storeys are flush and the wall framing runs continuously past the floor level, with only the gable faces breaking forward. FRAMING PATTERN - THE KEY POINT, and it is the most decorative of the six: a continuous grid of SQUARE panels, each panel filled with four curved braces that inscribe a CIRCLE in the square. The four corner spandrels of each panel are left as small concave-sided squares, and where four circles meet, the negative shape reads as a LOZENGE / diamond. The effect is a dense all-over interlaced-circle-and-lozenge field. Unlike Mayfield, this pattern covers BOTH STOREYS AND THE GABLES continuously - the ground floor is not plain - although a few panels at the far left of the left block, and the wall beside the stone stack, are left plain. This is the...
viollet_dictionnaire	frwikisource	Charpente	0	Charpente.Notre.Dame.Paris.2.png	Notre-Dame de Paris, choir roof (not later than 1220): elevation of the hip ferme-maîtresse	elevation	no	VERIFIED+CORRECTED	https://upload.wikimedia.org/wikipedia/commons/9/94/Charpente.Notre.Dame.Paris.2.png	fig. 9 | DRAWING: geometrical elevation, half-truss about a centre line | SEEN: Half of the hip truss. Poinçon G on the centre line; great arbalétrier E; SOUS-ARBALÉTRIER F set below and parallel to it; three entraits retroussés stacked up the truss (H lowest, then I, then K near the apex); the entrait L at the bottom SUSPENDED from the poinçon by moises M with wooden keys and by two pairs of vertical moises N; a further pair of moises O replacing the jambettes and clamping rafter to tie; liens P at the foot carrying part of the tie's weight onto posts set against the bahut. Note the second entrait retroussé I is drawn as a PAIR of pieces embracing the other members (a moise), whereas H and K are single tenoned members. Eyeball geometry: half-span ~285 px, rise ~480 px -> pitch about 59 deg. | FACTORY: Rich part list for a 'ferme de croupe': poinçon, arbalétrier, sous-arbalétrier, 3x collar at roughly equal intervals up the rafter, tie, 4 moise pairs, 2 foot liens onto posts. The design rule Viollet states is SPACING OF THE COLLARS: 'la flexion des arbalétriers est arrêtée à intervalles égaux par les trois entraits retroussés' - collars at EQUAL intervals is a buckling-length rule, not an aesthetic one. Also: the foot liens P must be placed directly over the external flying buttresses ('au droit des arcs-boutants') or they push the wall - a placement constraint that couples roof to buttress spacing. | VERIFICATION: pitch ~61 deg. The 'a intervalles egaux' sentence belongs to THIS truss only - full text 'La flexion des arbalETriers DE CETTE FERME est donc arretee a intervalles egaux par les trois entraits retrousses, rendus rigides eux-memes par les sous-arbaletriers.' The reader elided 'de cette ferme' and promoted it to a universal invariant. Equal collar spacing is an observation about this Notre-Dame hip truss, not a rule.
viollet_dictionnaire	frwikisource	Charpente	0	Charpente.Notre.Dame.Paris.3.png	Notre-Dame de Paris, choir roof: longitudinal section on the axis of the chevet, showing how the hip truss is held in its vertical plane	plan+section	no	VERIFIED	https://upload.wikimedia.org/wikipedia/commons/0/07/Charpente.Notre.Dame.Paris.3.png	fig. 10 | DRAWING: longitudinal section (coupe) through the axis | SEEN: Masonry vault extrados S drawn at the bottom - this roof sits over stone vaults, no part of it is seen from inside. Q = the hip ferme-maîtresse of fig.9, standing at the left; R = the fan of hip rafters butting against its head from one side only. To hold Q upright the carpenters ran a long inclined piece T-U from the sablières up to a scarf at V, continued by V-X into the head of the poinçon of the FIFTH ferme-maîtresse back; from that point two pieces splayed as a V carry the thrust down onto the ends of a tie. T-U is itself hung from poinçon Q and from two faux poinçons Y, Z by heavy moises and keys, and three contrefiches C' are footed on it to prop the hip. Entrait D' with moise pair F' holds the curved hip sablières; entraits retroussés K', axial entretoises R', double entretoises P', liens H' against rolling. | FACTORY: This is the HIP RESTRAINT recipe and it reaches five bays back into the roof - a hip is not a local operation. Also record Viollet's verdict on it: 'un expédient', and that this frame has 'pas de solidarité entre les fermes' - with the boarding off you can move the trusses BY HAND. So for a 1220-date roof the correct structural model is: the volige (boarding) is the diaphragm; the timber bracing alone is inadequate.
viollet_dictionnaire	frwikisource	Charpente	0	Charpente.Notre.Dame.Paris.4.png	Notre-Dame de Paris: the pair of vertical pieces set as a V that carries the hip thrust back onto the ends of a tie	detail	no	FIGURE	https://upload.wikimedia.org/wikipedia/commons/d/d4/Charpente.Notre.Dame.Paris.4.png	fig. 11 | DRAWING: detail
viollet_dictionnaire	frwikisource	Charpente	0	Charpente.Notre.Dame.Paris.png	Notre-Dame de Paris, choir roof: plan of the hip over the chevet, showing the coupled fermes-maîtresses, side A = plan of sablières and ties over the bahut, side B = plan of the first enrayure	plan	no	FIGURE	https://upload.wikimedia.org/wikipedia/commons/d/d0/Charpente.Notre.Dame.Paris.png	fig. 8 | DRAWING: plan
viollet_dictionnaire	frwikisource	Charpente	0	Charpente.abbaye.Westminster.2.png	Westminster Hall: perspective of one whole bay between two fermes-maîtresses	perspective	no	VERIFIED	https://upload.wikimedia.org/wikipedia/commons/5/51/Charpente.abbaye.Westminster.2.png	fig. 33 | DRAWING: perspective construction view | SEEN: Looking up into one bay. The principal panne course O is set on the HEADS of the posts D, relieved by liens L and claire-voie infill; goussets M tie the collar A to that panne; the principal course is doubled by a projecting plateau on which jambettes are tenoned to stop the rafters above the dormers sliding. The other panne courses I are relieved by curved liens N lying in the plane of the rafters and tenoned into the arbalétriers. The lowest panne course I' is additionally propped by contrefiches P bearing on the EXTRADOS of the great curved moise, because that course carries the dormer roofs R as well as the rafters. Dormer R with traceried cheek visible at left; the stone wall, window and the wall arcading are drawn behind. | FACTORY: This is the figure that shows how a 5.75 m truss spacing is made to work: the pannes get liens in the roof plane, goussets to the collar, and contrefiches off the moise extrados. Rafter count is stated: ELEVEN chevrons between fermes -> 12 intervals over 5.75 m -> chevron spacing about 0.48 m, which is inside the French 0.45-0.63 band even though the trusses are ten times further apart.
viollet_dictionnaire	frwikisource	Charpente	0	Charpente.abbaye.Westminster.3.png	Westminster Hall: detail of the lower part - angel figures with the quartered arms of France and England carved in the solid of the blochet ends (only the wings are applied), with sections S, V, X	section	no	FIGURE	https://upload.wikimedia.org/wikipedia/commons/5/56/Charpente.abbaye.Westminster.3.png	fig. 34 | DRAWING: detail
viollet_dictionnaire	frwikisource	Charpente	0	Charpente.abbaye.Westminster.png	Westminster Hall, one ferme-maîtresse (the hammer-beam system at its fullest)	elevation	yes	VERIFIED	https://upload.wikimedia.org/wikipedia/commons/4/48/Charpente.abbaye.Westminster.png	fig. 32 | DRAWING: geometrical half-elevation with 5 m scale bar | SEEN: Half truss about a dotted centre line, drawn with all its tracery. NO entrait. A single-piece entrait retroussé A (collar), thicker at mid-length than at its ends ('posé sur son fort'). The triangle above the collar is completely filled with claire-voie tracery and is a closed rigid unit. It stands on two posts D whose feet are tenoned onto the projecting end of the blochet (hammer-beam) E; E is held level by the great curved lien F which runs down to a carved corbel; the whole lower zone is clamped by IMMENSE CURVED MOISES H which embrace the middle of the collar A, the post D, the blochet E and the foot of the lien F, so the half-truss becomes one board. Pannes I on the way up. Every spandrel is filled with vertical tracery. Geometry from the stated numbers: span 21.00 in-oeuvre, 14.00 wall head to ridge -> pitch 53.1 deg, half-rafter 17.5 m against the stated 17.00 m including tenons. | FACTORY: The reference ENGLISH/ANGLO-NORMAN great-hall truss. Parametric core: half_span 10.50, rise_above_wallhead 14.00, pitch 53 deg, no tie. Its logic (Viollet's own statement of the problem, fig 30) is: give two rigid triangles A and B a COMMON BASE C-D, and you can dispense with a tie joining their apexes. Implementation = collar in one piece + tracery infill + curved clamping moises. The tracery is STRUCTURAL here, not decoration: 'les remplissages verticaux sont autant d'ordonnées qui, par leur pression verticale, empêchent les courbes de se déformer'. | VERIFICATION: atan(14.00/10.50) = 53.1 deg confirmed as ARITHMETIC on stated numbers, not a measurement. Eleven chevrons per bay confirmed in the text.
viollet_dictionnaire	frwikisource	Charpente	0	Charpente.anglo.normande.2.png	Anglo-Norman truss without a tie, for a larger span: two curved braces assembled one above the other	elevation	yes	VERIFIED	https://upload.wikimedia.org/wikipedia/commons/1/11/Charpente.anglo.normande.2.png	fig. 29 | DRAWING: geometrical half-elevation with a written dimension 4,50 | SEEN: Half truss about a dotted centre line. Faux poinçon at the head with the collar tenoned into it; a heavy arbalétrier; and beneath it TWO curved pieces assembled one above the other (because a single courbe of that length could not be found), the upper one struck to a flatter radius; a horizontal member (panne or hammer-beam level piece) projecting inward; the whole footed on a moulded blochet on the wall head, drawn with the keyed sablières. Written dimension 4,50 from the centre line to the wall. Eyeball pitch about 53 deg. | FACTORY: Anglo-Norman kit: NO ENTRAIT, faux poinçon, arbalétrier + one or two courbes trapping the pannes between them, moulded blochet. Rule from the text: use ONE courbe up to about 5.40 m span; above that, two courbes stacked, with heavier scantlings so the tenons are strong enough. The 4,50 annotation implies a total span near 9 m for the two-courbe version. | VERIFICATION: pitch measures ~53 deg (English), i.e. the same as the Westminster arithmetic - but see Ely at 63 deg: the English range OVERLAPS the French one and pitch is not a region discriminator.
viollet_dictionnaire	frwikisource	Charpente	0	Charpente.anglo.normande.3.png	The abstract problem Viollet poses: give two triangles A and B a common base C-D so that no tie is needed between their apexes E and F	diagram	no	FIGURE	https://upload.wikimedia.org/wikipedia/commons/d/d9/Charpente.anglo.normande.3.png	fig. 30 | DRAWING: diagram
viollet_dictionnaire	frwikisource	Charpente	0	Charpente.anglo.normande.4.png	Malvern abbey great hall, mid-14th c: perspective of a truss framed as a rigid set-square, with concealed languettes/prisonniers and curved liens relieving the pannes	perspective	no	FIGURE	https://upload.wikimedia.org/wikipedia/commons/b/b3/Charpente.anglo.normande.4.png	fig. 30 bis | DRAWING: perspective
viollet_dictionnaire	frwikisource	Charpente	0	Charpente.anglo.normande.png	Anglo-Norman truss with no tie at its base, 5.40 m span: blochet A pinched between two sablières B, single courbe D tenoned into arbalétrier C with a long doubly-pegged tenon, pannes E and E' trapped between courbe/rafter and in the collar F	elevation	no	FIGURE	https://upload.wikimedia.org/wikipedia/commons/4/43/Charpente.anglo.normande.png	fig. 28 | DRAWING: elevation
viollet_dictionnaire	frwikisource	Charpente	0	Charpente.cathedrale.Ely.png	Ely cathedral, nave and transepts, late 14th c: one ferme and the bay between fermes	elevation	yes	VERIFIED+CORRECTED	https://upload.wikimedia.org/wikipedia/commons/c/c9/Charpente.cathedrale.Ely.png	fig. 31 | DRAWING: half elevation of a ferme (right) + the entre-deux des fermes (left), 5 m scale bar | SEEN: Right: half truss. One great courbe A-B in a SINGLE piece from the big blochet C up to the faux poinçon D. The triangular voids E, F between courbe and arbalétrier are filled with madriers (thick planks) rebated under the rafter and into the back of the curve, making curve and rafter act together. Pannes are trapped between rafter and courbe. Sous-faîte G with curved liens. The blochet is held level by a curved lien H bearing on a potelet I carved as a shaft and on a corbelet K built into the wall - so the thrust is taken BELOW the wall head. A timber cornice with a frieze of half-figures of angels holding shields masks the plates. Left: the panelled bay between trusses. | FACTORY: Encode the ANGEL CORNICE and the potelet/corbelet pair - both are strong English-Gothic silhouette cues. Structural rule Viollet states: strength here comes from the size of the timber and from the EXTREME SHARPNESS of the two curves, which carries much of the thrust down onto the potelet below the wall head. The madrier spandrel infill is a distinct part type (plank, rebated both edges). | VERIFICATION: verifier re-opened this plate and measured the half-truss at rise/run 563/288 px = 63 deg pitch (cross-checked on the plate's own 5 m bar at ~62 px/m: rise ~9.1 m, half-span ~4.65 m). This ENGLISH late-14th-c roof therefore sits inside the band the reader had reserved for France, and it is the single datum that kills the claimed France-vs-England pitch split. Text: 'La nef et les transsepts de la cathedrale d'Ely sont encore couverts par une belle charpente qui date de la fin du XIVe siecle.'
viollet_dictionnaire	frwikisource	Charpente	0	Charpente.cathedrale.Messine.2.png	Messina: the double boarding, the lower layer pierced with stars between the pannes	detail	no	FIGURE	https://upload.wikimedia.org/wikipedia/commons/c/ca/Charpente.cathedrale.Messine.2.png	fig. 18 | DRAWING: detail
viollet_dictionnaire	frwikisource	Charpente	0	Charpente.cathedrale.Messine.png	Messina cathedral nave roof (Norman Sicily) - the basilican type with a coffered flat panel under the ridge	perspective	no	VERIFIED	https://upload.wikimedia.org/wikipedia/commons/8/82/Charpente.cathedrale.Messine.png	fig. 17 | DRAWING: perspective A and geometrical elevation B of one ferme | SEEN: A: perspective of one truss. An entrait of gigantic section set on edge, arbalétriers halved and pegged at the head with NO king-post, and a small richly coffered flat ceiling C under the ridge, hung from moises pendantes. Instead of purlins plus rafters, the chevrons are laid ACROSS (transversely) on the arbalétriers so they act as a dense ladder of small pannes; the drawing shows about twenty of them in one bay, each boxed by four nailed boards. B: geometrical elevation of the same, showing the low pitch and the corbel under the tie bearing. | FACTORY: Type-defining alternative to the French system - use it for 'southern / Norman-Sicilian / basilican' roofs: TIE_HEAVY_NO_KINGPOST + transverse rafter-ladder + double boarding + flat coffered panel under the ridge only. The dense transverse ladder is the reason the walls can be thin despite the low pitch: nothing is stacked outside the rafter plane.
viollet_dictionnaire	frwikisource	Charpente	0	Charpente.cathedrale.Reims.png	Reims cathedral nave roof, rebuilt late 15th / early 16th c - the fully dimensioned example	section	yes	VERIFIED+CORRECTED	https://upload.wikimedia.org/wikipedia/commons/f/f4/Charpente.cathedrale.Reims.png	fig. 14 | DRAWING: transverse half-section plus two longitudinal sections (C on the axis through the king-posts, D on line A-B), 5 m scale bar | SEEN: Left: half transverse section, poinçon on the axis A-B, entrait at the bottom. Members labelled up the rafter: K (foot), H (poteau), G (contre-fiche), I (sous-arbalétriers-moises), E/F (the length of rafter carried on two panne courses), N (jambettes), O (collars), P and R (the two entraits retroussés of the ferme), S (jambettes), T (esseliers), D and P near the apex, U and V (two sous-faîtes). Right-hand longitudinal sections show croix de Saint-André between entretoises L and M and the very close spacing of the chevrons. No ironwork anywhere in the drawing. Geometry from the stated numbers (base 14.40, height 15.50) gives pitch 65.1 deg and a rafter hypotenuse of 17.09 m against the stated 17.00 m - the figure and the text agree. | FACTORY: THE reference ferme for a French late-Gothic cathedral: span 14.40, rise 15.50, pitch 65 deg, rafter 17.00, max scantling 0.22 m (= 8 pouces). Note the two-tier logic: the LOWER rafter length is carried on pannes fixed UNDER the arbalétrier (never on top), the UPPER length is stiffened only by jambettes and collars. So one roof has two different stiffening regimes along the same rafter - model it as a piecewise rule keyed to height. | VERIFICATION (pixel-measured, independent PNG decoder): the plate carries a graduated 5 m bar (x 92->386 px, five 58.8 px divisions = 58.8 px/m). Drawn half-truss: apex (29,61), rafter foot (452,972) -> half-base 423 px = 7.19 m (stated 7.20), rise 911 px = 15.49 m (stated 15.50), rafter 1004 px = 17.08 m (stated 17.00), pitch 65.1 deg; drawn poincon 13 px = 0.221 m = the stated 0.22 m / 8 pouces. So the whole stated triangle is independently confirmed and this is a true scaled drawing. CORRECTIONS to the reader: (a) section C is on the poincon axis and section D is on the dotted line A-B - they are TWO DIFFERENT planes 0.5-0.9 m apart, which is why both are drawn; the reader merged them. (b) the label the reader read as 'D' near the apex is 'O', the upper chevron collar. (c) the ferme's collars P and R lie 3.39 m and 6.09 m along the rafter from the head while the CHEVRON collars O lie at 2.66 m and 8.87 m - two distinct systems in two distinct planes, so the chevron bracing (jambettes N, collars O) must NOT be counted into the truss part list. (d) intervals 3.39 / 2.70 / 10.99 m are not equal: 'collars at equal intervals' is false for this truss.
viollet_dictionnaire	frwikisource	Charpente	0	Charpente.chateau.Sully.sur.Loire.2.png	Sully-sur-Loire: longitudinal section showing the wind bracing and the dormers	section	no	VERIFIED	https://upload.wikimedia.org/wikipedia/commons/7/74/Charpente.chateau.Sully.sur.Loire.2.png	fig. 27 | DRAWING: longitudinal section | SEEN: The whole length of the roof laid out. Two entretoises K run the length; between them a continuous row of croix de Saint-André L. Below and above them, great crossed écharpes M are lapped à tiers-bois on the OUTSIDE of the rafters, in the plane of the roof slope, running the full height of the roof and crossing in long diagonals. Lucarnes N sit in the width of two rafter intervals each. The chevrons are drawn very closely and uniformly spaced with no principals interrupting them. | FACTORY: Best wind-bracing figure in the article. Encode as two separate systems: (a) VERTICAL PLANE - St-Andrew crosses between longitudinal entretoises; (b) ROOF PLANE - crossed écharpes lapped at one third depth on the outside of the rafters, with fourrures (packing pieces) laid over the rafters to make up the resulting step before the boarding goes on. Viollet says it is chiefly (b) that stops the roof rolling. Dormer width = 2 rafter bays = about 1.26 m at 0.63 m spacing.
viollet_dictionnaire	frwikisource	Charpente	0	Charpente.chateau.Sully.sur.Loire.3.png	Great hall at CHARNEY, Berkshire, dated 1270 - NOT a Sully plate. The text introduces it as '( 27 bis )'.	detail	no	FIGURE (MISATTRIBUTED BY READER)	https://upload.wikimedia.org/wikipedia/commons/8/8d/Charpente.chateau.Sully.sur.Loire.3.png	fig. 27 bis | DRAWING: detail | VERIFICATION: reader labelled this 'fig 26 detail X / additional Sully plate'. Wrong subject; it is the Charney (Berks.) hall of 1270. Not opened, so no VERIFIED claim was made on the image itself.
viollet_dictionnaire	frwikisource	Charpente	0	Charpente.chateau.Sully.sur.Loire.png	Grand'salle of the château of Sully-sur-Loire, late 14th c: transverse section	section	yes	VERIFIED	https://upload.wikimedia.org/wikipedia/commons/a/a5/Charpente.chateau.Sully.sur.Loire.png	fig. 26 | DRAWING: transverse section with figures for scale, plus detail X of the wall-walk roof, 5 m / 10 m scale bar | SEEN: Full transverse section from the Loire side (left) to the courtyard (right). A pointed lambris barrel fills the hall; ABOVE it the chevrons continue to the ridge, braced by a small triangulated frame with a St-Andrew cross at collar level. There are NO ties and NO principal rafters at all: only chevrons portant ferme, and even those have no poinçons. Floor beams A (with stone corbels B) do the tie's work. Sablière C on corbels/wall head, second sablière D above carrying jambettes E that curve at their heads into the chevrons. Blochets P drawn as PAIRS of moises gripping jambette and rafter foot into the outer sablière R. Outside the hall wall, big coyaux G stiffened by small curved contrefiches H roof the machicolated wall-walks (detail X, top left). Two figures are drawn standing on the floor for scale. Eyeball pitch is very steep, about 68-70 deg. | FACTORY: Type: MILITARY GREAT HALL, no truss at all. Full dimension set in the text (see dimensions[]). Two things to encode: (1) the FLOOR BEAM IS THE TIE ('les entraits de cette charpente ne sont, par le fait, que les énormes poutres transversales du plancher') - so a hall roof may legitimately have no entrait if the floor below is framed; (2) the wall-walk is roofed by a separate small pointed barrel of coyaux outside the hall wall, which is a distinctive castle silhouette. | VERIFICATION: pitch measures ~68 deg - the steepest French roof in the article.
viollet_dictionnaire	frwikisource	Charpente	0	Charpente.conique.2.png	Conical tower roof: the profile, with enrayure levels A, B, C, D, the two fermes crossing at right angles giving profile K, chevron profile N, faux chevron profile O	section	no	FIGURE	https://upload.wikimedia.org/wikipedia/commons/5/5d/Charpente.conique.2.png	fig. 36 | DRAWING: section/profile
viollet_dictionnaire	frwikisource	Charpente	0	Charpente.conique.3.png	Conical roof: perspective of the second enrayure towards the circumference, with four joint details	perspective	no	VERIFIED	https://upload.wikimedia.org/wikipedia/commons/4/45/Charpente.conique.3.png	fig. 36 bis | DRAWING: perspective construction/assemblage detail + separate part drawings | SEEN: Perspective looking down on the second enrayure. Courbes/esseliers A under the arbalétriers B of the two principal fermes relieve the coyers D and are clamped to rafter and coyer by small moises C C tightened by the key F. Chevrons E are likewise gripped by moises tying them to the courbes. Their bending is stopped by coyers G tenoned into goussets H. Linçoirs I (trimmers) are tenoned between the chevrons and receive the heads of the faux chevrons K, expressly so that erection is possible. Separate part drawings I', I'', I''' show the linçoir with its shouldered tenons, and C/F show a moise pair with its key. | FACTORY: Gives the ERECTION ORDER for a cone, which Viollet says is the real difficulty (all pieces converge on one axis, so tenons must be enterable): circular sablières -> the two right-angle fermes raised and assembled -> goussets -> chevrons with their coyers and esseliers -> linçoirs -> faux chevrons, all going in from OUTSIDE INWARD without lifting the principal trusses again. Encode this as a hard constraint on any procedural cone: secondary members must be insertable radially.
viollet_dictionnaire	frwikisource	Charpente	0	Charpente.conique.4.png	Conical roof: second enrayure towards the king-post - courbes L under the chevrons tenoned into a second gousset M	detail	no	FIGURE	https://upload.wikimedia.org/wikipedia/commons/5/5b/Charpente.conique.4.png	fig. 36 ter | DRAWING: detail
viollet_dictionnaire	frwikisource	Charpente	0	Charpente.conique.5.png	Conical roof: how the rafters of the two principal fermes assemble into the king-post at the apex, rafter heads cut 'en bec de flûte' onto small curved entretoises O, with horizontal section R and rabattements S, S'	section	no	FIGURE	https://upload.wikimedia.org/wikipedia/commons/7/7a/Charpente.conique.5.png	fig. 36 quater | DRAWING: detail
viollet_dictionnaire	frwikisource	Charpente	0	Charpente.conique.png	Conical roof of a cylindrical tower: circular plan, one quadrant per enrayure level	plan	no	VERIFIED	https://upload.wikimedia.org/wikipedia/commons/5/54/Charpente.conique.png	fig. 35 | DRAWING: plan (four quadrants at four different levels) | SEEN: Circle divided into quadrants by the two crossing entraits E-F and G-H, with the central poinçon I at the crossing. Quadrant A (top right) = the low enrayure at sablière level: six radial chevrons per quadrant whose prolonged blochets form the enrayure by tenoning into a large gousset M, with lighter faux chevrons between them landing on ordinary blochets. Quadrant B = the second enrayure, C = the third, D = the horizontal projection at the top level. The ring of double circular sablières is drawn at the perimeter. The radial density visibly halves as the levels rise (the faux chevrons stop at the second enrayure). | FACTORY: Direct generator spec for a tower cone: N_quadrants=4, chevrons_per_quadrant=6 (24 total), faux chevrons interleaved only between enrayure 1 and 2, 2 crossing entraits at 90 deg, central poinçon, 3+ enrayure rings, double circular sablière ring. Key structural note from the text: conical roofs often have NO ties at the base at all - the circular sablières, strongly keyed together, resist the rafter thrust 'comme le ferait un cercle d'une seule pièce'. A keyed ring beam is the hoop tie.
viollet_dictionnaire	frwikisource	Charpente	0	Charpente.contre.fiches.et.esseliers.png	Very large truss: contre-fiche additionally carrying esseliers and liens that relieve the principal rafter	perspective	no	VERIFIED	https://upload.wikimedia.org/wikipedia/commons/3/38/Charpente.contre.fiches.et.esseliers.png	fig. 16 | DRAWING: perspective construction/assemblage detail | SEEN: Perspective from below/outside. The hatched field is the underside of the rafters/boarding. A contre-fiche rises to a panne; from its head an esselier and a lien splay out to pick up the arbalétrier on either side, all housed and pegged, forming a rigid triangulated node. Members are lightly moulded/chamfered. | FACTORY: Escalation rule: as span grows, the contre-fiche node acquires (1) goussets to the panne, then (2) esseliers and liens back to the rafter. Viollet also credits this gusset-into-panne family with stopping the HIEMENT of trusses and rafters, i.e. it is the wind-bracing as well as the load path.
viollet_dictionnaire	frwikisource	Charpente	0	Charpente.detail.asemblage.contre.fiches.png	Perspective joint detail: contre-fiche, jambe de force, lower panne course, gussets, hanging moises	perspective	no	VERIFIED	https://upload.wikimedia.org/wikipedia/commons/d/d0/Charpente.detail.asemblage.contre.fiches.png	fig. 15 bis | DRAWING: perspective construction/assemblage detail | SEEN: M = jambe de force rising from the left. N = arbalétrier with the renfort O left standing to abut and stop the panne R. S = the contre-fiche with its two large goussets T, T'; T' is drawn broken away to reveal the head of the moises pendantes with their wooden key just above the joint of the jambe de force into the contre-fiche. V = the chevrons, drawn as a hatched field running up the slope. Every joint is a housed shoulder plus tenon; no metal. | FACTORY: The most directly modellable joint cluster in the article. Order of assembly reads off the drawing: rafter (with renfort already hewn) -> jambe de force -> contre-fiche over it -> panne dropped into the renfort notch -> goussets -> hanging moises keyed on. The goussets are what stop the panne sagging BETWEEN trusses, which is what lets the truss spacing grow.
viollet_dictionnaire	frwikisource	Charpente	0	Charpente.eglise.Hargnies.2.png	Hargnies: sablières, blochets, large and small cover-strips over the bardeaux, drawn at 1:20 (0,05 c. pour mètre)	detail	no	FIGURE	https://upload.wikimedia.org/wikipedia/commons/0/00/Charpente.eglise.Hargnies.2.png	fig. 34 ter | DRAWING: detail
viollet_dictionnaire	frwikisource	Charpente	0	Charpente.eglise.Hargnies.png	Church of Hargnies (Nord), late 15th c - a hybrid of the Anglo-Norman and French systems	section	yes	VERIFIED	https://upload.wikimedia.org/wikipedia/commons/1/14/Charpente.eglise.Hargnies.png	fig. 34 bis | DRAWING: longitudinal section + ferme profile A + two joint details (M, N), with written dimensions 2,19 and 2,93 | SEEN: Top left detail M: the junction of arbalétrier and courbe at the poinçon, both members curved at the meeting so the joint has real bearing. Top right detail N: the two small moises F that bridle courbe to arbalétrier 'à la tangente', with their keys. Bottom left: longitudinal section - sous-faîte K, entretoises L and R, croix de Saint-André raked in the plane of the rafters (I), and the bardeaux lining H drawn as close ruling. Bottom right: profile A of the ferme - two courbes C into the foot of the poinçon D, arbalétriers E, blochets B, two courses of entretoises/pannes G under the rafters, chevron profile P shown separately. Written dimensions 2,19 (one bay of the longitudinal section, reading as the ferme spacing) and 2,93 (half-span). Eyeball pitch about 67 deg. | FACTORY: Hybrid recipe and a documented FAILURE: built with no entraits, it spread ('a poussé au vide') and within a few years tirants had to be inserted under the arbalétriers every SECOND truss (mid-16th c). Excellent for a 'repaired/retrofitted' asset variant: original frame + later tie-rods at alternate trusses. Viollet also flags the weak detail: the chevron courbes are tenoned into collars which are themselves tenoned into entretoises spanning poinçon to poinçon - 'cela n'est guère bon' - and admits the bardeaux lining was relied on as a structural vault. | VERIFICATION: pitch measures ~66 deg. Chevron spacing 0.45 m and the fig.34 ter 1:20 scale both confirmed against the text.
viollet_dictionnaire	frwikisource	Charpente	0	Charpente.eglise.Lagorce.2.png	Charpente of the church of Villeneuve (arrondissement of Blaye), 13th c: purlins A tenoned INTO the principal rafter and laid flat below its outer face, ridge B, dotted line C-D showing the rafters, tie ends dovetailed into sablière E, sablière F notched for the rafter feet, all pegged with oak chevilles - the system Viollet judges weak because the flat-laid purlins bear only on their tenons	section	no	FIGURE	https://upload.wikimedia.org/wikipedia/commons/6/6c/Charpente.eglise.Lagorce.2.png	fig. 4 | DRAWING: elevation/section
viollet_dictionnaire	frwikisource	Charpente	0	Charpente.eglise.Lagorce.png	Charpente of the church of Lagorce near Blaye (Guienne), 12th c - charpente shaped to imitate a barrel vault	elevation	yes	VERIFIED	https://upload.wikimedia.org/wikipedia/commons/d/df/Charpente.eglise.Lagorce.png	fig. 3 | DRAWING: geometrical half-elevation with a metre scale bar | SEEN: Half-truss at large scale. Poinçon B at the left of the sheet, moulded and stopped with a turned/capital-like boss where it becomes visible; faîtage D at the head; a heavy CURVED jambette A springing from the entrait and meeting the arbalétrier so that jambette + upper arbalétriers together read as one complete semicircle inside the room. Entrait is chamfered on its arrises, chamfers stopped short of every joint. Scale bar in metres (0 to about 2 M). | FACTORY: Generator: CEILING_ARC_FROM_STRAIGHT_MEMBERS. The visible soffit line is a circle of radius = half-span, centred on the entrait; the straight arbalétrier is TANGENT to that circle at its upper end and the curved jambette completes it. Chamfer rule is directly usable: chamfer the arris, STOP the chamfer at each mortise so the joint keeps full section ('les chanfreins s'arrêtent au droit des assemblages').
viollet_dictionnaire	frwikisource	Charpente	0	Charpente.eglise.Mauvesin.2.png	Mauvesin: blochets C tenoned into pendant jambettes D finishing in a cul-de-lampe; entrait F shown stripped of its rafter and jambette	detail	no	FIGURE	https://upload.wikimedia.org/wikipedia/commons/9/99/Charpente.eglise.Mauvesin.2.png	fig. 24 | DRAWING: detail
viollet_dictionnaire	frwikisource	Charpente	0	Charpente.eglise.Mauvesin.png	Church of Mauvesin near Marmande, late 13th c - pointed (tiers-point) boarded barrel, real faîtage	elevation	yes	VERIFIED	https://upload.wikimedia.org/wikipedia/commons/f/f2/Charpente.eglise.Mauvesin.png	fig. 23 | DRAWING: half elevation of a ferme with a 0-5 M scale bar | SEEN: Half truss. Faîtage A at the head (a TRUE ridge piece into which the rafter heads are tenoned, not a sous-faîte). Poinçon with liens B at two levels tying it to entretoises and to the faîtage. Sablières laid ON TOP of the entrait instead of under it; blochets tenoned into pendant jambettes finishing in a cul-de-lampe; chevrons tenoned into the ends of the blochets so they oversail the wall arris and act as their own coyaux (there is no gutter). Boarded barrel is two circle arcs, pointed. Scale bar 0..5 M readable. Measuring against it: half-span about 3.7 m (span about 7.4 m at the blochets, text says the nave is 7.00 m), rise about 7.6 m -> pitch about 64 deg. | FACTORY: Southern (Guienne) variant worth its own kit: SABLIERE_ON_TIE + PENDANT_JAMBETTE_WITH_CUL_DE_LAMPE + RAFTER_AS_ITS_OWN_COYAU + real faîtage. Also the cleanest dating/regional cue in the article for a small parish nave. Note 4.30 m ferme spacing for a 7.00 m nave - very wide, only possible because every chevron is itself armed. | VERIFICATION: pitch measures ~64 deg.
viollet_dictionnaire	frwikisource	Charpente	0	Charpente.eglise.Saint.Jean.Chalons.sur.Marne.png	Saint-Jean de Châlons-sur-Marne - the simplest and lightest apparent charpente given	elevation	no	VERIFIED+CORRECTED	https://upload.wikimedia.org/wikipedia/commons/0/08/Charpente.eglise.Saint.Jean.Chalons.sur.Marne.png	fig. 25 | DRAWING: geometrical elevation: ferme-maîtresse A (right) and chevron B (left) side by side | SEEN: Right: ferme with a slender poinçon standing on the entrait (tie shown with its keyed splices), curved arbalétriers following the boarded barrel, jambettes at the foot. Left: the chevron B, identical but with no poinçon and no tie, stiffened ONLY by two crossed contre-fiches C C and jambettes D. The pointed barrel is struck as two circle arcs whose centres lie BELOW the level of the entrait. Eyeball pitch about 50 deg. | FACTORY: Minimum viable apparent roof for a 7-8 m nave: [tie] [king-post] [2 curved rafters] [2 jambettes] for the ferme; [2 curved rafters] [2 crossed contre-fiches] [2 jambettes] for the chevron. The barrel-arc rule is explicit and parametric: two arcs, centres dropped below the tie -> the lower the centres, the more pointed the ceiling. | VERIFICATION: pitch measures 49.8-50 deg, NOT the 57-68 deg band the reader claimed for all French roofs. This is one of the '7 m 00 a 8 m 00' light apparent roofs.
viollet_dictionnaire	frwikisource	Charpente	0	Charpente.eglise.Saint.Ouen.Rouen.2.png	Saint-Ouen de Rouen: details N (rafter and jambette in the double sablières), P (the hanging moises, lightened), O (suspension of the tie from the king-post)	detail	no	FIGURE	https://upload.wikimedia.org/wikipedia/commons/c/c8/Charpente.eglise.Saint.Ouen.Rouen.2.png	fig. 13 | DRAWING: detail
viollet_dictionnaire	frwikisource	Charpente	0	Charpente.eglise.Saint.Ouen.Rouen.png	Saint-Ouen de Rouen, 14th c: transverse section A and longitudinal section B	section	yes	VERIFIED	https://upload.wikimedia.org/wikipedia/commons/e/eb/Charpente.eglise.Saint.Ouen.Rouen.png	fig. 12 | DRAWING: transverse + longitudinal sections with a 0-3 m scale bar | SEEN: A (left) half transverse section, B (right) longitudinal section. Sous-faîte C at the head, rafter heads halved over it and pegged. Great croix de Saint-André D and liens E in the longitudinal plane keep the sous-faîte level and stop the trusses leaning. Long moises pendantes F pinned to the arbalétrier at G by IRON chevillettes and to the collar at H by wooden keys; they suspend the entrait at I, which is already suspended at M from the poinçon. Esseliers K loaded by the weight of the hanging moises produce a thrust at L that arrests the rafter's bending. Rafter feet and their jambettes are tenoned NOT into blochets but into the double sablières laid on semelles pegged to them. Scale bar reads 0,1,2,3 m. Eyeball geometry with that bar: span about 10.7 m, rise about 10.2 m -> pitch about 62 deg. | FACTORY: Two generator variants to keep separate: FOOT_ON_BLOCHET (fig 7, normal) vs FOOT_IN_DOUBLE_SABLIERE_ON_SEMELLE (Saint-Ouen, exceptional). Also encode the 'weight as prestress' trick: the hanging moises deliberately LOAD the esselier so the esselier pushes the rafter - dead load used as a stiffener. Iron appears here (square-headed chevillettes) which is early and worth dating. | VERIFICATION: pitch measures ~62 deg.
viollet_dictionnaire	frwikisource	Charpente	0	Charpente.et.bahut.png	The canonical French seating of a 13th-c roof on a narrow bahut - double sablière, entrait, blochet, jambette	perspective	no	VERIFIED	https://upload.wikimedia.org/wikipedia/commons/b/bd/Charpente.et.bahut.png	fig. 7 | DRAWING: perspective assembly detail plus part-plan and three joint details | SEEN: Perspective looking along the wall head. A = the stone bahut. Two sablières B, B' laid FLAT (not square) side by side on it. C = the entrait of the ferme-maîtresse, its ends dovetailed (queue d'aronde) down into BOTH sablières - the inset part-plan shows the two dovetails E, E'. D = the patin/blochet, notched to bite over both sablières so the plates hold it. F = arbalétrier, G = chevron, both flush on their outer face. I = jambette, slightly raked, tenoned into blochet and entrait. Detail K (top right) shows the rafter foot cut with TWO tenons for two mortises. Detail L (lower left, drawn as a pair of pieces with dotted mortise lines) shows the jambette embrèvement into the rafter; detail M shows the same with a renfort left standing in the solid of the rafter to give the housing more purchase. | FACTORY: Use this as the FOOT ASSEMBLY primitive for every French Gothic roof: [bahut] -> [sablière_outer, sablière_inner (laid flat)] -> [entrait dovetailed into both] -> [blochet notched over both] -> [rafter foot, double tenon] + [jambette, double tenon, embrèvement into rafter]. Two named parameters fall out: jambette_rake (vertical for very steep roofs, raked for shallower - 'plus les combles sont aigus, plus les jambettes se rapprochent de la verticale'), and the optional horizontal pieces H between the plates at mid-bay which carry rafter thrust back to the fixed dovetail points.
viollet_dictionnaire	frwikisource	Charpente	0	Charpente.et.jambettes.png	The corrected truss: jambettes reversed into liens (braces) footed in the bottom of the poinçon	elevation	no	VERIFIED	https://upload.wikimedia.org/wikipedia/commons/3/38/Charpente.et.jambettes.png	fig. 5 | DRAWING: geometrical elevation, full symmetric truss | SEEN: Symmetric truss, entrait carried across, poinçon full height with a moulded pendant boss at its foot, and two CURVED liens B B springing from the poinçon foot up to the arbalétriers - i.e. the fig.3 jambettes turned upside down. Collar above. Joints drawn with the little X-in-square convention Viollet uses for a keyed/pegged assembly. Eyeball pitch about 39 deg. | FACTORY: Structural inversion worth encoding as two distinct kit parts: JAMBETTE (compression, foot on the tie, head on the rafter -> loads the tie) vs LIEN (foot in the king-post, head on the rafter -> unloads the tie). Same silhouette, opposite force path. Viollet treats the first as a mistake. | VERIFICATION: pitch measures ~39 deg.
viollet_dictionnaire	frwikisource	Charpente	0	Charpente.eveche.Auxerre.2.png	Auxerre great hall: one chevron portant ferme (a common rafter framed as a truss)	elevation	no	VERIFIED	https://upload.wikimedia.org/wikipedia/commons/0/09/Charpente.eveche.Auxerre.2.png	fig. 20 | DRAWING: geometrical elevation, half about a dotted centre line | SEEN: Single rafter pair with no tie and no king-post. Curved jambettes N at the foot, standing on a blochet drawn with its keyed sablières; a collar O; and two contre-fiches P P crossing on the centre line, halved into the collar and rising to prop the rafters at R R just above the boarded barrel. The rafter is one continuous member that is curved in its lower length and straight above. | FACTORY: Definition of CHEVRON_PORTANT_FERME: rafter pair + curved jambettes + one collar + crossed contre-fiches, footed on a blochet, NO tie and NO king-post; otherwise identical to the ferme. Viollet's stated reason for the crossed contre-fiches is explicitly wind and asymmetric load ('elles empêchent le triangle de se déformer par l'action du vent ou d'une charge plus forte d'un côté que de l'autre') - so cross-bracing in the truss plane is an ASYMMETRIC-LOAD device, distinct from longitudinal St-Andrew crosses.
viollet_dictionnaire	frwikisource	Charpente	0	Charpente.eveche.Auxerre.3.png	Auxerre, the small hall (4.80 m wide): ferme A, chevron portant ferme B, longitudinal section C	section	yes	VERIFIED	https://upload.wikimedia.org/wikipedia/commons/3/38/Charpente.eveche.Auxerre.3.png	fig. 21 | DRAWING: half elevation + chevron + longitudinal section, with two written dimensions | SEEN: Right: half ferme A about a dotted centre line, with the dimension 2,40 written on the base - i.e. half of the 4 m 80 stated in the text. Middle: chevron portant ferme B, same courbes but no poinçon/entrait. Left: longitudinal section C with the dimension 2,72 written across one bay, which reads as the axis-to-axis spacing of the fermes. Boarded barrel drawn as a plein-cintre. Eyeball pitch about 57 deg. | FACTORY: Small-span calibration point: span 4.80, ferme spacing about 2.72 (figure-read), pitch about 57 deg. Gives us spacing/span about 0.57 at the small end. | VERIFICATION: pitch measures ~57 deg.
viollet_dictionnaire	frwikisource	Charpente	0	Charpente.eveche.Auxerre.4.png	Auxerre: the grain d'orge (barley-corn) edge joint between riven oak bardeaux	detail	no	FIGURE	https://upload.wikimedia.org/wikipedia/commons/0/0b/Charpente.eveche.Auxerre.4.png	fig. 22 | DRAWING: detail
viollet_dictionnaire	frwikisource	Charpente	0	Charpente.eveche.Auxerre.png	Great hall of the former bishop's palace at Auxerre, mid-13th c - the lightest apparent charpente in the article	section	yes	VERIFIED	https://upload.wikimedia.org/wikipedia/commons/e/ee/Charpente.eveche.Auxerre.png	fig. 19 | DRAWING: half elevation of a ferme A + longitudinal section E + detail M, with 5 m scale bar | SEEN: Right: half of the ferme. Entrait B at the bottom, collar D above, and between them a run of assembled courbes C forming a slightly depressed semicircular barrel; poinçon I passes THROUGH the barrel at each truss and suspends the tie, its exposed length finishing in a small capital (detail M). Left: longitudinal section E showing one ferme F, the chevrons portant ferme G between, sous-faîte K, entretoise L, big croix de Saint-André, and the boarded barrel H drawn as closely ruled bardeaux. Eyeball geometry with the 5 m bar: half-span ~275 px, rise ~518 px -> pitch about 62 deg. | FACTORY: The 'minimum timber' benchmark: poinçon an OCTAGON 0.13 m across the flats in its visible length, arbalétriers 0.14 x 0.12, chevrons 0.13 x 0.12. Model the visible poinçon as an octagonal prism with a small capital where it pierces the boarded barrel - that is a strong silhouette cue for 13th-c French halls. Barrel = plein-cintre légèrement surbaissé (slightly depressed semicircle), NOT a true semicircle.
viollet_dictionnaire	frwikisource	Charpente	0	Charpente.ferme.et.entraits.png	Late-15th-c ferme-maîtresse with contre-fiches carrying two courses of pannes, and a jambe de force	elevation	no	VERIFIED	https://upload.wikimedia.org/wikipedia/commons/b/bf/Charpente.ferme.et.entraits.png	fig. 15 | DRAWING: geometrical half-elevation | SEEN: Half truss, poinçon at left. Collar C with entretoise/L below the apex; two contre-fiches A and A' footed low and rising to two panne courses B, B; the upper contre-fiche A' is set PERPENDICULAR to the arbalétrier and is stopped from sliding by a renfort E left standing in the solid under the rafter and by moises D; the lower one is stopped by the jambe de force F. Above the jambe de force joint, moises pendantes G held by a wooden key suspend the entrait between sablière and poinçon. Goussets H run from the contre-fiches to the pannes. Chevrons K drawn free of the truss, tied only by their own collars I bearing on entretoise L. Eyeball pitch about 59 deg. | FACTORY: Best 'mature system' truss to parameterise. Its distinguishing invariant, in Viollet's words, is that the more load you put on, the stiffer the tie and rafters become ('plus la charge agit et plus l'entrait et les arbalétriers se roidissent') - i.e. the jambe-de-force + hanging-moise couple is self-tightening. Encode renfort-and-moise as the anti-slip pair for any strut meeting a rafter at 90 deg.
viollet_dictionnaire	frwikisource	Charpente	0	Charpente.ferme.primitive.2.png	Same truss upgraded for a longer span: full poinçon, pannes on the rafters, chevrons over	elevation	no	VERIFIED	https://upload.wikimedia.org/wikipedia/commons/a/a7/Charpente.ferme.primitive.2.png	fig. 2 | DRAWING: geometrical elevation with wall heads | SEEN: Now the poinçon runs from apex C/L all the way down to F on the entrait AB, so the tie is SUSPENDED at mid-span; the collar DE is tenoned into the poinçon at G-H. Pannes (purlins, marked I in the text) sit ON TOP of the rafters, held by chantignolles K, and the chevrons LM lie on their outer face - hence three thicknesses stacked outside the rafter line. Wall heads drawn at M/N/O as very wide masonry blocks; the drawing makes the wall-thickness problem visible. Eyeball pitch about 42 deg. | FACTORY: This is the figure that generates the wall-thickness rule: wall_head_width >= rafter_scantling + panne_depth + chevron_depth + bearing. Viollet's worked case: span 7.60 m, arbalétriers 0.20 sq, pannes 0.20, chevrons 0.12 -> wall 1.10 m thick. Use this as the CONSTRAINT that motivates every later French change (purlins moved into/under the rafter, pitch raised). | VERIFICATION: pitch measures ~42 deg.
viollet_dictionnaire	frwikisource	Charpente	0	Charpente.ferme.primitive.png	The 'ferme primitive' - antique/Romanesque truss without king-post	section	no	VERIFIED	https://upload.wikimedia.org/wikipedia/commons/7/70/Charpente.ferme.primitive.png	fig. 1 | DRAWING: geometrical elevation (half-section not used; full symmetric truss) | SEEN: Full symmetric triangle. entrait AB (tie) running the whole span, two arbalétriers AC/BC (principal rafters) meeting at C, one entrait retroussé DE (collar) at roughly 45% of the rise, and a very short poinçon C-F dropping from the apex only as far as the collar (F is on DE, not on the tie). Members drawn as plain rectangular sticks with no chamfers, no braces, no bracing in the longitudinal plane. Eyeball geometry off the woodcut: half-span ~272 px, rise ~240 px -> pitch about 41 deg, i.e. the 'faible inclinaison' band. | FACTORY: Generator: TRUSS_PRIMITIVE(span, pitch~40-45deg, collar_height_frac~0.45, king_post=stub_only). The stub poinçon exists ONLY to gather the two rafter heads (tenon+mortise at F); it is not a hanger. Do not attach the poinçon to the tie in this variant. | VERIFICATION: pitch measures ~41 deg (French, pre-1150) - inside Viollet's stated 40-50 deg band, and below the band the reader assigned to France.
viollet_dictionnaire	frwikisource	Charpente	0	Charpente.maison.Chartres.2.png	Jettied timber house (ligneaux): posts A, consoles B, beams C, plates D, poitrail E, liens F, posts G standing on the projecting beam ends, beams K, low plates I of the second floor	perspective	no	FIGURE	https://upload.wikimedia.org/wikipedia/commons/4/43/Charpente.maison.Chartres.2.png	fig. 38 | DRAWING: perspective/section
viollet_dictionnaire	frwikisource	Charpente	0	Charpente.maison.Chartres.png	Timber house at Chartres, 14th c: the pan-de-bois of the facade (destroyed; drawn by Viollet in 1853)	section	no	VERIFIED	https://upload.wikimedia.org/wikipedia/commons/f/ff/Charpente.maison.Chartres.png	fig. 37 | DRAWING: elevation of the frame (right) + section K (left) | SEEN: Right: three-bay elevation. Ground floor solid masonry with stone quoins; floor beams A pass through the wall and show outside; sablière basse B on their ends; poteaux principaux P set directly over the beams; secondary poteaux C between; alléges D (window aprons) with St-Andrew crosses and light masonry infill; chapeau F tenoned into the principal posts; liens G lightened to a pointed arch with redents (cusps), which is what forms the window heads; potelets H over the secondary posts carrying the high plate; carved/rubble panels H at the top. Left: section K showing the DOUBLE high sablière - outer plate I (carrying only the coyaux) on the ends of the upper beams L, inner plate M (supported by the potelets) receiving the rafter feet - plus liens N shouldering the beam ends. | FACTORY: Complete parametric pan-de-bois: module = one principal post per floor beam, with N secondary posts between; window head = the two liens G cut to a pointed arch with redents; apron panel = allége + St-Andrew cross; roof foot = double plate, outer for the coyaux, inner for the rafters. Note the load path Viollet insists on: the upper beams L ARE the entraits of the roof trusses and also carry the attic joists.
viollet_dictionnaire	frwikisource	Charpente	0	Charpente.voute.berceau.png	Roof over a pointed barrel vault: the false-tie problem (Autun, Beaune, Saulieu type)	section	yes	VERIFIED	https://upload.wikimedia.org/wikipedia/commons/2/24/Charpente.voute.berceau.png	fig. 6 | DRAWING: transverse section (labelled COVPE for the longitudinal section at left) with 0-5 m scale bar | SEEN: Right: a pointed barrel vault (berceau tiers-point) drawn in section with the roof frame sitting on it. The cornice of the gutter walls is at A, well BELOW the crown of the vault at B, so no tie can pass. In place of the tie there are two pieces crossed as a croix de Saint-André (C-D, E-F) halved together over the crown, lightened (élégi) between the joints. Upper right shows the remedy H: the gutter wall raised until the cornice reaches the level of the vault crowns so a real entrait K can be laid. Left panel is the longitudinal section through the frame. | FACTORY: This is the single most generator-relevant figure in the article: it defines the ROOF/VAULT COLLISION test. Rule: if cornice_level < vault_crown_level then the tie is impossible -> emit either (a) crossed false ties over the crown, (b) masonry piers on the vault extrados carrying the rafters (Viollet says this deforms the vault and overturns the walls), or (c) raise the wall (large volume of 'construction inutile'). Options (a) and (b) are FAILURE MODES: Viollet says both eventually spread.
viollet_dictionnaire	frwikisource	Charpente	0	Poutre.armee.Hotel.la.Tremouille.png	Armed floor beam of about 12 m span from the former hotel de la Tremoille, Paris (late 15th c): two pieces B B set end to end and half buried in the depth of beam A, bolted with cotters; section C	section	no	FIGURE	https://upload.wikimedia.org/wikipedia/commons/a/a8/Poutre.armee.Hotel.la.Tremouille.png	fig. 40 | DRAWING: elevation + section
viollet_dictionnaire	frwikisource	Charpente	0	Poutre.armee.chateau.Blain.png	Armed beam (poutre armée) of the great hall of the château of Blain, Brittany - two horizontal pieces A and B, B wider to form lambourdes, with a curved timber tenoned into B and tied by two iron bolts with cotters	elevation	no	FIGURE	https://upload.wikimedia.org/wikipedia/commons/0/05/Poutre.armee.chateau.Blain.png	fig. 39 | DRAWING: elevation
viollet_dictionnaire	frwikisource	Escalier	0	Escalier.romain.png	fig.1 — the ordinary Roman stair	plan+section	yes	VERIFIED	https://upload.wikimedia.org/wikipedia/commons/9/98/Escalier.romain.png	fig. 1 | DRAWING: plan + coupe | SEEN: Plan (top) shows two parallel straight flights separated by a mur de refend (spine wall); the section below shows landing A (entresol) and landing B (first floor), the flights carried on voutes rampantes (raking barrels), with round-arched openings under the flights and human figures for scale. The flights run perpendicular to the face walls. | FACTORY: Type STRAIGHT_TWO_FLIGHT_SPINE_WALL. Generator: rectangular well, central spine wall of thickness t, two flights of equal length, landings alternating at each end. Landing height must be forced to coincide with floor levels because the flights sit perpendicular to the facade (Viollet's stated rule).
viollet_dictionnaire	frwikisource	Escalier	0	Escalier.chateau.Montargis.png	fig.2 — external covered stair, chateau de Montargis (2nd half XIII c.)	plan+elevation	yes	VERIFIED	https://upload.wikimedia.org/wikipedia/commons/9/9a/Escalier.chateau.Montargis.png	fig. 2 | DRAWING: elevation + plan, with 10 m scale bars | SEEN: Elevation: a timber-roofed (comble en bois) gallery on stone arches and columns, a gabled porch over the arrival, crested ridge, open tracery in the gable; figures standing on the steps and on the ground. Plan below is a cross of galleries with the three flights B, C, D radiating from the grand'salle A. Both elevation and plan carry a graduated bar reading 5 and 10 m. | FACTORY: Type EXTERNAL_COVERED_STRAIGHT. Generator: flight sits on an arcade; roof carried on stone piers/columns with horizontal wall-plates; landing gallery links to the hall door. Three flights let you leave the hall to the courtyard at three points.
viollet_dictionnaire	frwikisource	Escalier	0	Escalier.Chambre.des.Comptes.png	fig.3 — external stair of the Chambre des comptes, Paris (Louis XII)	plan+elevation	yes	VERIFIED	https://upload.wikimedia.org/wikipedia/commons/b/bd/Escalier.Chambre.des.Comptes.png	fig. 3 | DRAWING: elevation + plan, 10 m scale bars | SEEN: Elevation: a straight flight climbing along the building face behind a pierced balustrade with heraldic panels, arcaded openings, pinnacles, a richly gabled porch B at the top right with an armorial tympanum; a figure on the stair for scale. Plan shows the flight as a hatched raking band along the wall, landing loge A at one end, porch B at the other, with pier positions marked. | FACTORY: Type EXTERNAL_COVERED_STRAIGHT_AGAINST_WALL. Generator: flight parallel to and against the facade, roofed by a lambris (boarded ceiling) while the loge and porch are vaulted; balustrade is a solid panelled parapet raking with the flight; decoration is heraldic semis, not architectural order.
viollet_dictionnaire	frwikisource	Escalier	0	Escalier.fortification.png	fig.4 — external open stair to a rampart chemin de ronde	perspective	no	VERIFIED	https://upload.wikimedia.org/wikipedia/commons/a/ac/Escalier.fortification.png	fig. 4 | DRAWING: perspective | SEEN: Two long straight flights of steps climbing the inner face of a curtain, each carried on a segmental arch springing from the wall, the step noses visibly profiled on the outside face of the flight; a square tower and a round turret above; two men-at-arms with polearms on the steps give scale (the flight reads as roughly 1.2-1.5 m wide). | FACTORY: Type RAMPART_STAIR_ON_ARCHES. Generator: place along the inside of a curtain (courtine/courtille) with a parapet at the top; steps span between wall and arch; the raking arch is the load path, so the arch springing points are the parameter. Viollet: profiling the steps on the outside both widens the emmarchement and advertises the function.
viollet_dictionnaire	frwikisource	Escalier	0	Escalier.en.encorbellement.png	fig.5 — corbelled steps (escalier en encorbellement), tour d'Orange, Carpentras (early XIV c.)	perspective	yes	VERIFIED	https://upload.wikimedia.org/wikipedia/commons/e/ef/Escalier.en.encorbellement.png	fig. 5 | DRAWING: detail: single-block trace A, perspective G, elevation H, profile K, with a 1 m bar | SEEN: A single step block is drawn at A with the tail B destined to be built into the wall and points c and D marked; the perspective G shows the blocks laid so that point C of one falls on point D of the next, producing a stepped series of corbelled retreats with deeply undercut (scooped) soffits; the elevation H shows the run bedded into coursed ashlar; K is the profile. A graduated bar reading 1 m sits under H. | FACTORY: Type CORBELLED_WALL_STAIR. Generator: each step is one block; projection is obtained not by cantilever alone but by stacking so each block's rear bears on the previous block's top rear (C on D). Parametrise by block length, tail length in the wall, and the C/D offset. Verified against the plate: the soffits are hollowed, giving the characteristic scalloped underside.
viollet_dictionnaire	frwikisource	Escalier	0	Escalier.a.45.degres.png	fig.6 — 45-degree stair with wedge (coin) steps	perspective	yes	VERIFIED+CORRECTED	https://upload.wikimedia.org/wikipedia/commons/0/05/Escalier.a.45.degres.png	fig. 6 | DRAWING: plan, elevation on ab, perspective C | SEEN: Plan at top left shows a run of triangular treads alternating apex left/right, dimensioned 0,30 between the two flanking lines; the elevation top right is dimensioned 0,30 c. for the rise of a pair; perspective C shows a booted pair of legs standing with one foot on tread A and the other on tread B, the treads wedge-shaped so each is 0,30 wide at one end and nothing at the other. | FACTORY: Type WEDGE_STEP_45_DEGREE (service/fortification only). Generator: alternate left and right wedges; pair rise 0,30 m so single rise 0,15 m; each tread 0,30 m at its wide end. Gait is forced: left foot always on A, right on B. Viollet's reason: only one foot is ever on a step at a time, so full tread width is wasted. | VERIFICATION: the '0,30' arrow lies HORIZONTALLY along the line a-b, spanning one cell, and the companion drawing is lettered 'Elevat. sur a.b' with '0,30 c.' as a VERTICAL dimension spanning two rises - which proves a-b is the direction of ascent. So in this passage 'emmarchement' means the GOING at one end of the wedge, not the stair's clear width. Do not feed a generator a single meaning for emmarchement.
viollet_dictionnaire	frwikisource	Escalier	0	Escalier.XIe.siecle.png	fig.7 — vis with helical barrel vault, XI-XII c.	plan+section	no	VERIFIED	https://upload.wikimedia.org/wikipedia/commons/a/ab/Escalier.XIe.siecle.png	fig. 7 | DRAWING: coupe (upper) + plan (lower), section on line AB of the plan | SEEN: Section shows the round tower shaft: rubble base, then coursed ashlar, the helical vault visible in section with the newel drums bearing an epaulement H on one side and the vault courses notched into the circular wall I on the other; two round-arched embrasures. Plan: black wall mass, thin circular cage face, small solid black newel at the centre, 18 radial treads; the outer door is at D (lower right, splayed passage through the wall), the first step at C (the horizontal radial to the east, which is also the section line), G marks where the solid fill (massif) ends and the spiral vault begins (lower left). A curved arrow with a hatched tail glyph in the upper right shows the direction of ascent. MEASURED on the plate: 18 radial treads per full revolution = 20.0 deg per step (radii 55/70/85 px all give 18 evenly spaced lines); newel radius 18.5 px, cage inner radius 94.5 px, so newel diameter = 0.196 x cage internal diameter; scaling by Viollet's stated 1,90 m cage gives newel 0.37 m, tread net 0.76 m, matching his stated 'au moins un pied' and '0,80 c. au plus'. ARROW GEOMETRY: tail at 28 deg, head at 67 deg (measured from centre 182.5, 818) => ascent is COUNTER-CLOCKWISE in plan. | FACTORY: Type VIS_ON_HELICAL_BARREL (earliest medieval). Assembly order: (1) build round tower shaft; (2) raise newel as stacked drums, each with an epaulement to receive the vault springer; (3) bed the low steps on solid fill up to point G; (4) turn the helical barrel of small rubble on couchis, springing off the newel epaulements and notched into the cage wall; (5) lay the stone steps on the extrados of the barrel, arrises on the radii of the circle. Parameters: cage internal dia (1.90 m nominal), newel dia = 0.20 x cage dia, 18 winders/turn. | VERIFICATION: 18 radial treads confirmed independently, mean gap 20.0 deg (two spurious minima caused by the ascent arrow itself discarded). Ascent arrow re-measured counter-clockwise: tail 31 deg -> head 70 deg about newel centroid (183.8, 816.2).
viollet_dictionnaire	frwikisource	Escalier	0	Noyau.escalier.eglise.Eu.png	fig.8 — newel drum cut to receive the helical vault springers, abbey church of Eu (XII c.)	perspective	no	VERIFIED	https://upload.wikimedia.org/wikipedia/commons/7/7b/Noyau.escalier.eglise.Eu.png	fig. 8 | DRAWING: perspective detail | SEEN: A single cylindrical newel drum with a helical seating cut around it: a flat sloping ledge sweeping up around the drum with a raised fillet, leaving a spiral shoulder for the vault voussoirs. Vertical tooling/hatching over the barrel. | FACTORY: Newel drum primitive: cylinder + helical sweep cut. Viollet notes the alternative (notching the vault bearings straight into the plain cylinder) badly weakens the newel, so the cut-shoulder drum is the better version. One reusable Blender operation: helical boolean/sweep on a cylinder, parametrised by pitch = riser and by shoulder depth.
viollet_dictionnaire	frwikisource	Escalier	0	Escalier.XIIe.siecle.png	fig.9 — vis with each step carrying a piece of the newel (from early XIII c.)	perspective	no	VERIFIED	https://upload.wikimedia.org/wikipedia/commons/a/a1/Escalier.XIIe.siecle.png	fig. 9 | DRAWING: coupe + plan + perspective detail C + step profile D | SEEN: Perspective C at left shows one step: a wedge-shaped slab whose inner end swells into a rounded segment of the newel; D below is the step seen from beneath with the chamfered (delarde) underside indicated by a dotted line. The section at right (taken on ab but 'en pourtournant le noyau', i.e. developed around the newel, per footnote 7) shows the steps stacked with their newel-blocks and their overlaps; the polygonal outer mass is hatched. Plan bottom right: hatched wall, hatched newel, radial steps, the exterior door at A (lower right, cut through the canted mass) and the first step at B (the east radial); dotted lines in the upper right quadrant are the recouvrements (the overlap of the following step). MEASURED: centre (367, 678), cage radius 110 px, newel radius approx. 21 px => newel/cage = 0.19 (same ratio as fig.7); step spacing 19.5-20.5 deg => 18 winders per revolution. | FACTORY: Type VIS_MONOLITHIC_STEP_WITH_NEWEL_BLOCK — the workhorse. Each step is ONE stone = wedge tread + integral newel drum segment + a bearing notched a few cm into the cage wall. Steps overlap slightly (mordre l'une sur l'autre). Generator consequence: a single parametric step mesh, instanced 18x per turn with a 20 deg rotation and one riser of Z; no vault, no centring. The steps themselves tie newel to cage (etresillons), so the cage wall can be thin. | VERIFICATION: 18 winders confirmed, mean gap 20.0 deg.
viollet_dictionnaire	frwikisource	Escalier	0	Escalier.Louvre.png	fig.10 — Viollet's reconstruction of the grande vis of Charles V's Louvre (Raymond du Temple, 1365), ground-floor plan	plan	yes	VERIFIED (CONJECTURAL RESTORATION)	https://upload.wikimedia.org/wikipedia/commons/5/54/Escalier.Louvre.png	fig. 10 | DRAWING: plan, with a 0-15 m scale bar | SEEN: A free-standing circular stair tower. Centre: a large hollow newel drawn as a thick dark ring, opened north and south by a rectangular rib-vaulted passage so that at ground level one walks straight through from the portico C to the north range B. Left half of the circle shows the rib vaults under the flight (keystones marked at F top and E bottom, springing G); right half shows the radial winders. Ten buttresses H stand round the outside (counted: 10, matching the ten statue niches Sauval describes). A at bottom is the junction with the north range, C at top the portico carrying the gallery to the donjon, D the first step, B an arrow leaving the plan. MEASURED against the plate's own scale bar (ticks at 0/5/10/15 m give 29.55 px per m): newel outer diameter 115 px = 3.89 m, newel ring wall 31 px = 1.05 m, central void 45 px = 1.52 m, cage internal radius 125 px = 4.23 m (internal diameter 8.46 m). Step length = 125-58 = 67 px = 2.27 m, which is EXACTLY Sauval's stated 'sept pieds de longueur'. Winder spacing measured at radii 80/95/110 px = 9.7 deg => about 37 winders per revolution. | FACTORY: CONJECTURAL RESTORATION — Viollet says so explicitly. Still the single richest parametric target: GRAND_VIS_HORS_D_OEUVRE. Generator: circular tower set entirely outside the ranges, tied in only by a landing; hollow newel large enough (a) to carry a second smaller vis above and (b) to be walked through at ground level; buttress count = statue count = 10; landings carried on rib vaults or pierced arches because no single stone could span them. | VERIFICATION: scale bar confirmed at 29.6 px/m (major ticks y=153/301/448/597 = 15/10/5/0 m); 10 buttresses confirmed by count; winders re-measured at ~36 per revolution against the reader's 37 (inside noise). Viollet states outright that this is not a survey: 'Nous ne pretendons pas ... presenter ces figures comme un releve scrupuleux de ce monument detruit depuis le XVIIe siecle, et dont il ne reste aucun dessin.'
viollet_dictionnaire	frwikisource	Escalier	0	Coupe.escalier.Louvre.png	fig.11 — the same, section on line CB	section	yes	VERIFIED	https://upload.wikimedia.org/wikipedia/commons/b/bc/Coupe.escalier.Louvre.png	fig. 11 | DRAWING: coupe, with a 0-10 m scale bar | SEEN: Tall section: the ground-level arcade with mounted figures under it, then three storeys of the adjoining range at the right with vaulted rooms and traceried windows, the stair cage at the centre showing the successive revolutions of the flight and the landings level with each floor, the pierced/openwork newel structure, K marking the level of the last landing of the great vis from which the small vis rises inside arcatures ressautantes (stepped arcading), and above that a crowning lantern with a spire, crocketed pinnacles, a terrace balustrade with fleurs-de-lis cresting, and a statue on a pinnacle. Graduated bar 0-10 m at the base. | FACTORY: CONJECTURAL. Encodes the vertical rules: landings must be de plain-pied with the floors of the adjoining range; a smaller vis continues from the top landing to the terrace inside the cage of the greater, lit through the great cage by stepped arcading; a lantern crowns the whole and gives access to the terrace.
viollet_dictionnaire	frwikisource	Escalier	0	Escalier.Louvre.2.png	fig.12 — perspective taken beneath the upper landing of the same	perspective	no	VERIFIED	https://upload.wikimedia.org/wikipedia/commons/e/e3/Escalier.Louvre.2.png	fig. 12 | DRAWING: perspective | SEEN: Looking up into the stair: openwork tracery arches carry the landing overhead, the raking soffit of the steps visible above, two traceried doorways off the landing, a large canted statue on a corbel with a dais at the right, a lady descending at the left and a servant standing in the doorway. Wall is fine ashlar with narrow lancets. | FACTORY: CONJECTURAL. Useful for the interior read: landings are supported by pierced arches (arcs ajoures) not by single slabs; the doorways off a vis landing can be multiple and set at an angle to each other; sculpture is carried on corbels that ressaut with the helix.
viollet_dictionnaire	frwikisource	Escalier	0	Escalier.Bernardins.Paris.png	fig.13 — Viollet's plan explaining Sauval's double-newel double-revolution vis at the Bernardins, Paris (begun 1336)	plan	no	VERIFIED (CONJECTURAL SUBJECT)	https://upload.wikimedia.org/wikipedia/commons/1/17/Escalier.Bernardins.Paris.png	fig. 13 | DRAWING: plan | SEEN: An OVAL (two-centred) cage, hatched. Two hatched newels, one in the upper half and one in the lower, joined by a straight neck. The upper half's winders radiate from the upper newel, the lower half's from the lower newel; solid lines for one flight, dashed for the other. A and B are the two entrances at left and right on a dashed horizontal, C and D the two first steps, E the middle zone. Two curved arrows with hatched tails. MEASURED (upper arrow, newel centre approx. 197, 189): tail at 28 deg, head at 51 deg => COUNTER-CLOCKWISE ascent. | FACTORY: CONJECTURE — Viollet writes 'En cherchant a expliquer par une figure la description de Sauval, on trouverait le plan (13)'. Type DOUBLE_VIS_TWO_NEWELS: two interleaved helices in one cage, each flight passing over the other, two doors, two occupants who can neither meet nor see each other. Generator: pitch of each flight = 2 x giron; the two helices are offset 180 deg in phase. | VERIFICATION: both ascent arrows re-measured counter-clockwise (upper tail 27 -> 53 deg, lower tail 214 -> 238 deg). Viollet's plates therefore disagree with each other on handedness - figs 7 and 13 counter-clockwise, fig 15 clockwise - which is itself the evidence that he did not treat handedness as a rule.
viollet_dictionnaire	frwikisource	Escalier	0	Escalier.chateau.Gaillon.png	fig.14 — stair tower of the chateau de Gaillon (first years of XVI c.)	plan	no	VERIFIED	https://upload.wikimedia.org/wikipedia/commons/c/c6/Escalier.chateau.Gaillon.png	fig. 14 | DRAWING: plan | SEEN: An octagonal stair tower set in the re-entrant angle of two porticoes E and F. Heavy black buttresses/piers at the octagon angles. Two outer arches A A give entry from outside, two arches B B give entry from under the portico; D is the first step; G is the opening in the angle by which the upper storeys enter the galleries. The newel is a small circle drawn as a clustered/ringed shaft. Radial winders fill the octagon. | FACTORY: Type VIS_IN_RE_ENTRANT_ANGLE, hors d'oeuvre. Generator rule extracted: putting the tower in the angle between two ranges lets you open FOUR doors at ground level (two exterior, two into the portico) and, at each upper level, one door through the angle into the galleries — and it disturbs no interior distribution at all.
viollet_dictionnaire	frwikisource	Escalier	0	Escalier.XVe.siecle.png	fig.15 — vis in a SQUARE cage with corner trompes, XV c.	plan	yes	VERIFIED+CORRECTED	https://upload.wikimedia.org/wikipedia/commons/b/bc/Escalier.XVe.siecle.png	fig. 15 | DRAWING: plan | SEEN: Square cage, black walls. Large dark newel at the centre with a ring (the bandeau/cornice) around it. A circle is inscribed in the square: the cylinder within which the treads giron. Radial treads: on the left half all solid; on the right half alternating solid and dashed (the revolution above). C labels the first step on the south radial; E marks the entry; below the cage a rib-vaulted portico A-B with round piers. A curved arrow with a hatched tail lies at the lower left. MEASURED: newel radius approx. 21 px, cage inner face approx. 130 px, step spacing 13.3 deg => about 27 winders per revolution; taking the companion section's scale (59.4 px/m) gives cage internal 4.3 m, newel 0.71 m, tread 1.80 m, giron at the wall 0.50 m. ARROW GEOMETRY: tail at 251 deg, head at 226 deg (centre 279.5, 187.5) => ascent is CLOCKWISE — the OPPOSITE hand to figs 7 and 13. | FACTORY: Type VIS_IN_SQUARE_CAGE_WITH_TROMPES. Generator: square cage; the treads giron in the inscribed cylinder so all treads are the same length and all delardees the same way; the four corners are filled by trompes (squinches) rising to a spiral cornice, and only the corner treads are longer. Payoff Viollet states: users get the whole square cage, but the masons still cut one repeated tread. Bigger cage => more winders per turn (27 here vs 18 in the small early vis). | VERIFICATION: 27 winders per turn at ~13.4 deg CONFIRMED, tread 1.80 m confirmed, and the clockwise ascent arrow confirmed (tail ~282 deg -> head ~224 deg, cross-checked by the dotted-tread convention). REFUTED: newel diameter is 0.92-0.95 m (filled disc r=24 px with its bandeau outline at r~27-28, so 54-56 px at 59 px/m), not 0.71 m; cage internal is 4.47 m square (inner faces x=147 and x=411, newel centre 278.4, symmetric to 1.2 px), not 4.2-4.3 m. Scale-free the ratio also disagrees: 0.205 measured against 0.165 claimed. Recomputed giron at the wall: 2*pi*2.235/27 = 0.52 m, so the reader's 0.50 m survives.
viollet_dictionnaire	frwikisource	Escalier	0	Coupe.escalier.XVe.siecle.png	fig.16 — section of fig.15 on line AB	section	yes	VERIFIED	https://upload.wikimedia.org/wikipedia/commons/8/80/Coupe.escalier.XVe.siecle.png	fig. 16 | DRAWING: coupe, drawn in three stacked registers, with a 0-4 m scale bar | SEEN: The tall section is broken into three horizontal strips to fit the page: bottom = ground/portico level with the doorway into the stair and the raking soffit of the first revolution, middle = arrival G at the entresol, top = arrival H at the first floor with a standing figure. Turned/pierced balustrades rake with each flight; moulded spiral cornices; two-centred arches over the arrivals; the helical soffit of the flight is drawn sweeping across the openings. MEASURED: scale ticks at 1 m intervals give 59.4 px/m; cage internal width approx. 247 px = 4.16 m; each register approx. 250 px = 4.2 m of height. If one revolution serves one 4.2 m level at 27 winders, the riser is about 0.155 m, inside Viollet's stated 0.15-0.20 m band. | FACTORY: Confirms the vertical parameters for the square-cage vis: arrivals at portico, entresol (G) and first floor (H); balustrade at every flight; storey approx. 4.2 m. Use with fig.15 as the matched plan/section pair for the generator. | VERIFICATION: scale bar confirmed at 59.0 px/m (major ticks x=72/130/188.5/249/308 with '2' and '4 m' labels) against the reader's 59.4.
viollet_dictionnaire	frwikisource	Escalier	0	Escalier.Chateaudun.png	fig.17 — view at the level of the first revolution, chateau de Chateaudun	perspective	no	VERIFIED	https://upload.wikimedia.org/wikipedia/commons/f/f2/Escalier.Chateaudun.png	fig. 17 | DRAWING: perspective | SEEN: Taken where the first revolution cuts the ground-floor portico in its height. Shows the corner trompes as slightly inclined jointed plates-bandes, foliate culs-de-lampe at the octagon angles, the moulded SPIRAL CORNICE with a beaded/billet enrichment running round and carrying the outer ends of the steps, the underside of the steps delarde (dressed off) into a smooth raking soffit above, a pierced balustrade with quatrefoil-and-mouchette panels, and coursed ashlar behind. | FACTORY: Verified assembly for the large square-cage vis: square -> octagon via appareilles trompes -> culs-de-lampe at the octagon angles -> spiral cornice whose horizontal projection is a perfect circle -> step ends bear on that cornice. That is the load path a generator must reproduce; the cornice is the ring that converts a square cage into a circular stair.
viollet_dictionnaire	frwikisource	Escalier	0	Plan.escalier.Chateaudun.png	fig.18 — horizontal projection of the same	plan	no	VERIFIED	https://upload.wikimedia.org/wikipedia/commons/e/ee/Plan.escalier.Chateaudun.png	fig. 18 | DRAWING: plan | SEEN: Square hatched cage; the corners cut by trompes drawn as arcs with small circles at the angle points; a large true circle inscribed (the spiral cornice, whose horizontal projection is a perfect circle) filling almost the whole square; a small circle at the dead centre = the newel; three thickened bases at the bottom and a small dark segment at the bottom centre (the doorway). | FACTORY: The diagnostic drawing for the type: the cornice circle is tangent to the square, and the newel is small relative to it. Generator: newel radius approx. 1/5 of the cornice radius on this plate — much slenderer than the fig.15 example, so newel diameter is NOT a fixed fraction across the XV c. group.
viollet_dictionnaire	frwikisource	Escalier	0	Escalier.hotel.Tremoille.png	fig.19 — trompillon from the hotel de la Tremoille, Paris (demolished 1840)	perspective	no	VERIFIED	https://upload.wikimedia.org/wikipedia/commons/7/77/Escalier.hotel.Tremoille.png	fig. 19 | DRAWING: perspective + small plan inset | SEEN: A corner squinch carved from a single stone: a large fluted shell/palmette flanked by curling acanthus, under a heavy moulded spiral cornice which carries the raking step soffits above (their undersides shown as smooth rakes). Ashlar pier below with vertical tooling. A small plan inset at the lower right shows the corner triangle with its radial ribs. | FACTORY: Type TROMPILLON: for smaller square-cage vis the corner is a single carved stone (one gousset), not a jointed trompe. Viollet adds the functional detail: these corner pockets are where the torches went — on small culs-de-lampe, in little niches, or on iron brackets sealed into the wall. That is a light-source placement rule for a game.
viollet_dictionnaire	frwikisource	Escalier	0	Noyau.escalier.Chateaudun.png	fig.20 — a piece of the newel of the Chateaudun vis	elevation	no	VERIFIED	https://upload.wikimedia.org/wikipedia/commons/c/ce/Noyau.escalier.Chateaudun.png	fig. 20 | DRAWING: elevation detail | SEEN: A tall segment of newel built in high courses (assises hautes), its face covered with delicate foliate ornament set in two tall panels under trefoiled arches, with vase-and-stem motifs. A = the main-courante (handrail) worked in the solid of the newel and running helically; B = the bandeau (spiral fillet) receiving the inner ends of the steps, with the incrustement (housing) of the steps indicated. The raking soffits of the steps sweep across the top left and bottom right; small stepped blocks show where each tread beds in. | FACTORY: Newel primitive for the grand XV c. vis: cylinder in tall courses + helical handrail moulding cut in the solid + helical bandeau with step housings. Two helices at the same pitch (riser), different radius and profile. Fragments of the Tremoille newel survive at the Ecole des Beaux-Arts (Viollet's footnote). | VERIFICATION: re-opened. The sheet is lettered A on the upper roll moulding and B on the moulded band beneath the housed step ends, matching 'En A est la main-courante, et en B le bandeau recevant les marches'. The two-helices-at-one-pitch reading is consistent with the woodcut.
viollet_dictionnaire	frwikisource	Escalier	0	Escalier.XIVe.siecle.sans.noyau.png	fig.21 — vis with NO newel (from XIV c., for very tight spaces)	perspective	no	VERIFIED	https://upload.wikimedia.org/wikipedia/commons/2/2d/Escalier.XIVe.siecle.sans.noyau.png	fig. 21 | DRAWING: perspective G + coupe B on CD + plan A | SEEN: G: one step in perspective, a wedge slab whose inner end swells into a rounded boudin (roll) that forms the handrail, with the delarde underside dotted. B: section against coursed ashlar showing four or five steps simply superposed in a spiral, their boudins stacking into a continuous roll and the soffits scooped. A: half-plan, radial treads converging on a RING of boudins around an open void (no newel at all), the outer wall hatched. MEASURED: step spacing at radii 80/100 px = 20.5 deg => about 18 winders per revolution; the open jour is roughly 12 per cent of the cage diameter. | FACTORY: Type VIS_SANS_NOYAU. Generator: identical tread instancing to the standard vis, but the inner end terminates in a boudin instead of a newel block, and the axis is a void. Viollet's stated reason: it frees the centre for the people passing, which is what you want when the cage is tiny. The stacked boudins ARE the handrail — no separate rail geometry needed. | VERIFICATION: half-plan gives 8 interior radials + 2 boundaries = 9 sectors x 20.2 deg = 18 per turn. Confirmed.
viollet_dictionnaire	frwikisource	Escalier	0	Escalier.cathedrale.Mayence.png	fig.22 — open (ajouree) vis enclosed by colonnettes, Mainz cathedral (mid XIII c.)	plan+elevation	yes	REFUTED READING	https://upload.wikimedia.org/wikipedia/commons/3/33/Escalier.cathedrale.Mayence.png	fig. 22 | DRAWING: elevation of one whole revolution + half-plan, with a 2 m dimension arrow | SEEN: Elevation: a helix of steps, each step's outer end carried by its own slender colonnette with base, shaft and foliate/Corinthianesque capital, all the colonnettes of equal height, so the capitals climb in a helix; the steps carry the newel; behind, coursed and rubble masonry rises only to level A. Half-plan below: outer arc, nine colonnette shafts drawn as circles with dark cores, radial treads, a small dark newel at the centre. MEASURED against the plate's own 2 m arrow (334 px = 2 m, so 167 px/m): outer radius 168 px = 1.01 m (outer diameter approx. 2.0 m); newel radius approx. 25 px => newel diameter approx. 0.30 m (one pied); tread length approx. 0.85 m; radial spacing at radii 60/75/90/105 px = 20.4 deg => 18 winders per revolution; the repeating step-course spacing in the elevation is 27.2 px = 0.163 m, i.e. the riser is about 0.16 m (half a pied); one revolution therefore rises about 2.9 m. | FACTORY: Type VIS_AJOUREE_ON_COLONNETTES — the fully parametric case, and the ONLY plate in the article from which riser, going, newel and diameter can all be measured. 'Rien n'est plus simple et plus elegant.' Generator: above level A there is no wall at all; the structure is (step carrying newel segment) + (one colonnette per step, all identical). Instance count 18 per turn, 20 deg, 0.163 m rise. | VERIFICATION REFUTES four of the reader's six numbers on the plate it called 'the fully determined vis' and 'the reference instance'. CONFIRMED: scale 167 px/m from the plate's own dimension arrow (tips y=210 and y=544 = 334 px, label read at 8x as '2 m 00'); tread length 142 px = 0.85 m; riser ~0.16 m (consecutive colonnette abaci at y 645/620/596/566/539, mean 26.5 px = 0.159 m). REFUTED: colonnettes in the half-plan are EIGHT, not nine (re-rendered as two 5x quarter crops, 4+4, centres at x = 92, 109, 140, 186, 237, 288, 324, 346); winders per revolution are SIXTEEN at 22.5 deg, not eighteen at 20.4 - the half-plan has exactly 7 interior radials at 202.0/225.0/247.5/270.0/294.0/317.0/339.0 from centre (219.8, 797.0), which with the two diameter ends gives 8 sectors whose gaps (22.0/23.0/22.5/22.5/24.0/23.0/22.0/21.0) sum to exactly 180.0, and one colonnette per step is what the text requires ('des colonnettes ... soutenant chacune l'extremite exterieure d'une marche'); the newel is 0.17 m in diameter (black semicircle r=14.2 px, half-widths 14.0/11.5/6.0 at dy 3/8/13 below the diameter line y=797), not 0.30 m - so the rhetorical clincher 'almost exactly the un pied minimum Viollet states' is fabricated, and this vis in fact has a newel about HALF his stated minimum, which is the genuinely interesting datum for a light open tower vis; outer diameter is 1.87 m (outer arc x 63.5->375.5 = 312 px, r=156 px), not 2.00 m; rise per revolution is therefore ~2.55-2.61 m, not 2.9 m. The newel/outer-diameter ratio fails even scale-free: 0.089 measured against 0.15 claimed.
viollet_dictionnaire	frwikisource	Escalier	0	Escalier.tour.cathedrale.Reims.png	fig.23 — vis in the tower pinnacles of Reims cathedral	perspective	no	VERIFIED	https://upload.wikimedia.org/wikipedia/commons/6/6f/Escalier.tour.cathedrale.Reims.png	fig. 23 | DRAWING: perspective of one block | SEEN: One enormous block cut as THREE steps in a single course, its inner end forming the newel D as a bulbous shaft; the outer ends of the treads are relieved by separate stones set in delit: slender stone chandelles B rise as posts, their tops A supporting the tread bearings and then re-appearing over the step ends at C. The stone is stippled. | FACTORY: Type VIS_MULTI_STEP_MONOLITH (only where the quarry yields huge blocks). Generator: step count per course becomes a parameter (3 at Reims). Viollet's structural reading matters: the newel D carries the entire load and the chandelles B are only a series of props forming an open screen — so they can be slender and are not a load path.
viollet_dictionnaire	frwikisource	Escalier	0	Plafond.escalier.png	fig.24 — covering a wide stair inside a massive wall with juxtaposed arches	section	yes	VERIFIED	https://upload.wikimedia.org/wikipedia/commons/8/87/Plafond.escalier.png	fig. 24 | DRAWING: elevations A and A-prime, coupe B, trace D, coupe E | SEEN: A = a pointed (brise) arch and A-prime = a semicircular arch, each drawn as a series of concentric voussoir rings in ashlar, all springing from the same nu (face); c marks the springer level. D at the left is a stack of corbelled blocks in elevation; B (bottom right) is the raking flight itself, covered by a series of lintels stepped up the rake with corbels under each bearing, with a man-at-arms with a polearm on the steps for scale; E (bottom left) shows the same construction in coarse rubble. | FACTORY: Type COVERED_RAKING_PASSAGE. Two variants and the stated reasons: (1) WIDE flights are covered by a series of arches juxtaposed and stepped up the rake — all springings on one nu, all arches cut to the SAME curve, so the springers are equally bedded and you avoid the long tracing, heavy stone waste and delicate setting of a true raking barrel; and stepped arches do not let the construction above slide, which a raking barrel can. (2) NARROW flights get a series of lintels stepped up the rake, relieved by corbels at the bearings. Both are cheap to generate: one arch mesh, or one lintel mesh, translated along the rake.
viollet_dictionnaire	frwikisource	Escalier	0	Plafond.escalier.2.png	fig.25 — the same lintelled covering with a continuous moulded profile	perspective	no	VERIFIED	https://upload.wikimedia.org/wikipedia/commons/5/50/Plafond.escalier.2.png	fig. 25 | DRAWING: perspective | SEEN: Looking up a raking passage: instead of separate corbels, a broad continuous moulding ressauts at right angles at each covering stone, so the soffit reads as a stepped moulded band; the flight's steps and the ashlar cheeks are drawn beneath. | FACTORY: The decorative variant of fig.24 D/E: 'D'une necessite de construction ces architectes ont fait ici, comme partout, un motif de decoration.' Generator: replace the discrete corbel with a swept profile that steps at each lintel — one profile curve plus a stepping path.
viollet_dictionnaire	frwikisource	Escalier	0	Escalier.a.limon.droit.png	fig.26 — elements of a straight wooden flight: the limon	perspective	no	VERIFIED	https://upload.wikimedia.org/wikipedia/commons/d/d9/Escalier.a.limon.droit.png	fig. 26 | DRAWING: perspective A, section B, log-conversion diagram | SEEN: A: the inner face of a straight limon (string) with the steps housed into it, their front ends rounded; c, D, E mark the tenon, the epaulement and the embrevement; G are the balustrade posts standing on the limon, H the renforts (thickened blocks) mortised to receive them. B (right) is the limon in section with c and D again. Middle: the limon and step in perspective from beneath, showing the delarde underside forming a raking soffit. Bottom: a circle = the end of an oak log, divided by three saw cuts (I-I lines, plus L) into six triangles, each containing one wavy step profile, with M marking the leftover dosses. | FACTORY: Type TIMBER_STRAIGHT_FLIGHT. Steps are always SOLID (pleines), tenoned and mortised into the limon, and delardees beneath to form a raking soffit — there are no contremarches in medieval work. The log diagram is a manufacturing rule worth keeping: 0.50 m oak log, 3 saw cuts, 6 triangles, 1 step each, front of step toward the heart because that is the face that wears, sapwood and flaches end up in the tail, and the cuts follow the direction of the shakes so the step cannot check or warp.
viollet_dictionnaire	frwikisource	Escalier	0	Escalier.a.deux.rampes.png	fig.27 — wooden stair of two flights with landings, straight limons and corner posts	plan+section	yes	VERIFIED	https://upload.wikimedia.org/wikipedia/commons/7/79/Escalier.a.deux.rampes.png	fig. 27 | DRAWING: plan A (1:100) + longitudinal coupe on ab (1:50), with a 0-2 m bar | SEEN: Plan (top): rectangular hatched cage; the two flights flank a narrow well; four black corner posts; B = first step, C = first landing, D = second flight's first step, E = the landing at first-floor level. Section (below): four corner posts rising from a stone parpaing, limons framed into them, the marche palière G halved into post F and further relieved by a poutrelle tenoned onto the renfort H, gousset I and a long lien K under the third flight, a turned balustrade with rail framed into the posts, a pierced trefoil panel in the triangle between post, limon and lien; a robed man with a staff at the lower left for scale; L marks the detailed junction. MEASURED against the bar (58.8 px/m): cage internally about 3.16 m x 4.68 m; the well between the flights about 1.0 m; posts spaced 0.99 m across and 2.30 m along. | FACTORY: Type TIMBER_TWO_FLIGHT_WITH_LANDINGS — 'l'escalier de charpente le plus simple'. Generator skeleton: 4 posts running from foundation to head, limons framed post-to-post, one marche palière per landing halved into the post, poutrelle + gousset + lien as the stiffening set. Viollet's reason for the liens: they stop the roulement and poussees a multi-storey timber stair develops, and the pierced panel in the triangle stiffens the whole frame. He notes this system lasted to the XVII c. and does NOT sag the way modern strings attached only to landing treads do.
viollet_dictionnaire	frwikisource	Escalier	0	Escalier.assemblage.limons.png	fig.28 — the joints: limons into posts, landing treads, thrust beams	perspective	yes	VERIFIED	https://upload.wikimedia.org/wikipedia/commons/2/28/Escalier.assemblage.limons.png	fig. 28 | DRAWING: perspective details + dimensioned projection A | SEEN: Top: the marche palière Q in perspective with tenons U, V, X and the peg hole Y. Left: the post in perspective (O) with N the renfort for the poutrelle de buttee, P the two mortises and the embrevement, R the housing for the landing tread with the bolt hole S, T the gousset — drawn as a slender post with a splayed foliate stop. Right: projection A with the two facing posts, DIMENSIONED 0,20c across and 0,18 (ringed) the other way; the arriving and departing limons E-E-prime and F-F-prime, the gousset D, the poutrelle C with its double tenon and its profile C-prime, the landing tread K with its bolt M, and the bolt holes; B at the bottom is the post continuing down. | FACTORY: The dimensions on the plate CONFIRM the text: posts 0,18 x 0,20 m, set on edge in the direction of the emmarchement; limons 0,15 m thick, flush with the OUTER face of the posts (not centred on them). The landing tread is halved into the post, part-borne on the poutrelle, and drawn up tight by a bolt through the gousset. Everything is visible joinery and IS the decoration.
viollet_dictionnaire	frwikisource	Escalier	0	Escalier.a.vis.en.bois.png	fig.29 — wooden vis with two newels and two flights	plan	no	VERIFIED	https://upload.wikimedia.org/wikipedia/commons/c/c6/Escalier.a.vis.en.bois.png	fig. 29 | DRAWING: plan | SEEN: Oval hatched cage. At the centre two newels B B drawn as a rounded double form joined by two crossing limons. C-prime at the left and C at the right are the two doors. A (upper) and A (lower) are the two first steps. Solid radial lines are one flight, dashed the other, the two gironning one above the other. | FACTORY: Type TIMBER_DOUBLE_VIS. Steps are debillardees and solid, tenoned at the inner end into BOTH newels and into the limons, and at the outer end either built into the masonry or borne on a filet (fillet) nailed along a pan de bois. Viollet: these were very common through to the XVII c. and 'on ne s'explique pas pourquoi on a cesse de les mettre en oeuvre'. The two doors let two households share one shaft without meeting.
viollet_dictionnaire	frwikisource	Escalier	0	Escalier.a.vis.en.bois.2.png	fig.30 — joinery vis: step, montants, newel blocks, bolt	perspective	no	VERIFIED+CORRECTED	https://upload.wikimedia.org/wikipedia/commons/9/9b/Escalier.a.vis.en.bois.2.png	fig. 30 | DRAWING: perspective M + elevation G + plan A + details O, N, P | SEEN: Top (M): one step in perspective — front elege at S, visible about T, two notches Q where the montants pass and embreve, the gousset tongue housing beneath, and the rear debillardement V. Middle (G): elevation of a quarter of the circumference showing the montants as tall posts, the step abouts K bearing on goussets J embreved into the montants, I the bolt threading the newel blocks, K/L the scooped step undersides; N is the gousset alone, P and R details, b-prime the tongue. Bottom left (A): fan plan with the newel C at the apex (drawn as a ring = the bolt) and seven black montants B round the arc, steps A and B labelled, dashed lines E and F giving the recouvrement. Bottom right (O): horizontal section of a montant at 1/10 full size, with a and b the tenon and the gousset embrevement. | FACTORY: Type JOINERY_VIS (Sainte-Chapelle sacraire, XIII c.; tour Saint-Romain, Rouen, XV c.). STATED: 12 steps per circumference (30 deg per step). Each step carries its own newel block; a round iron rod/bolt threads all the blocks and stops them deviating; one montant per step, one piece per storey, tenoned at the foot into a plateau and at the head into a cercle — so the cage is a prism with as many faces as there are steps. Apart from the axis bolt there is NO ironwork. Entry: two montants cut off 2 m above the floor and carried on a traverse framed into the neighbouring posts. | VERIFICATION: the reader's 'seven black montants B round the arc' is wrong - there are SIX (centroids x = 46.7, 97.4, 165.4, 243.4, 311.5, 360.9; angles 215.3/236.6/258.5/281.9/304.0/325.6 about a fitted centre 203.8, 792.8, with no gap for a seventh). NEW FINDING: this plate CONTRADICTS the article's only stated steps-per-turn figure. The text says 'le plan d'un quart d'un escalier de ce genre portant douze marches sur sa circonference' (12/turn = 30 deg, so a quarter should show 3 steps), but plan A draws 5 steps between 6 montants spanning 110 deg, i.e. ~22 deg each and ~16 per turn, and is not a quarter. Keep 12 as the quoted statement; do not use it as a verified timber-vis parameter without noting the plate says otherwise.
viollet_dictionnaire	frwikisource	Escalier	0	Escalier.college.Montaigu.png	fig.31 — newel of the joinery vis of the college de Montaigu, Paris (demolished, seen by Viollet)	elevation	no	VERIFIED	https://upload.wikimedia.org/wikipedia/commons/f/fb/Escalier.college.Montaigu.png	fig. 31 | DRAWING: elevation detail + profiles D and E | SEEN: A turned newel worked from a single timber as a column with two TWISTED ribs (nervures torses) winding round it. A = the mortises for the steps, stepping up the helix; B = the epaulement below each mortise to relieve the bearing; C = the main courante worked in the solid; D = the handrail profile cut perpendicular to its inclination; E = the cornice profile with the epaulement. | FACTORY: From about the beginning of the XV c. the newel stops being made of one block per step and becomes ONE piece with mortises cut up the rake — Viollet says the same change happened in stone at the same date. The Montaigu newel came from a single timber 12 to 15 m tall. Generator: one lathe/screw primitive + a helical array of mortise cuts + two helical rib sweeps + a helical handrail sweep, all sharing one pitch.
viollet_dictionnaire	frwikisource	Escalier	0	Escalier.pivotant.png	fig.32 — the PIVOTING wooden vis (escalier pivotant), after Mathurin Jousse	plan+section	no	VERIFIED	https://upload.wikimedia.org/wikipedia/commons/b/b1/Escalier.pivotant.png	fig. 32 | DRAWING: coupe B (upper) + plan A (lower) | SEEN: Section: a masonry cylinder, the timber stair inside quite independent of it; the arbre/noyau O runs the full height as a single shaft; at the foot the iron pivot G with I above it; the first steps and then, higher, the steps relieved by short liens K; landings framed into the masonry at two levels at the right; a cylindrical timber partition with door openings. Plan: hatched masonry cylinder with landings/openings at A (left) and D (lower left), the timber cylinder inside, the newel hatched at the centre with radial treads (solid in the upper half, dashed in the lower), E and F on the horizontal, H just below F, C the first step at the lower left. | FACTORY: Type PIVOTING_VIS — a defensive device, for logis 'ou l'on avait a craindre les surprises de nuit', in manoirs and donjons. Mechanism: steps E to F are FIXED and independent of the rotating newel; from step H upward everything (steps, spiral limon, cylindrical timber partition pierced with doors) bears on the pivoting arbre O, which turns on an iron pivot below and is held at the top in a ring formed in two horizontal timbers; the first four steps off H are relieved by long potences I, the rest by shorter liens K to keep headroom. A quarter turn of the cylinder masks every door on every floor; the gap between F and H stops an intruder, and a simple arret placed on a landing locks the whole thing. Viollet believes the invention is very old and reports finding cylindrical masonry cages with doors at each level and NO trace of any stone or timber stair — inference, not proof.
viollet_dictionnaire	frwikisource	Maison	0	Sculpture.maison.eglise.Vezelay.png	House carved on a capital of the primitive church of Vezelay, earlier than the early-12th-c rebuilding; Viollet cites it as evidence of timber building	sculpture-copy	no	FIGURE	https://upload.wikimedia.org/wikipedia/commons/b/b8/Sculpture.maison.eglise.Vezelay.png	fig. 1 | DRAWING: sculpture copy | FACTORY: Viollet's own footnote says this is a house sculpted on a capital, i.e. a conventionalised image, not a measured building. Treat as weak evidence.
viollet_dictionnaire	frwikisource	Maison	0	Sculpture.maison.eglise.Vezelay.2.png	House copied from a capital of the cloister of Moissac (12th c); shows an external stair	sculpture-copy	no	FIGURE	https://upload.wikimedia.org/wikipedia/commons/f/fd/Sculpture.maison.eglise.Vezelay.2.png	fig. 2 | DRAWING: sculpture copy | FACTORY: Cited by Viollet for the escalier exterieur / grand perron, which he says plays an important role in 11th-12th-c houses.
viollet_dictionnaire	frwikisource	Maison	0	Maison.XIIe.siecle.png	Composite type-plan and street facade of a house of the beginning of the 12th c	plan+elevation	yes	VERIFIED+CORRECTED	https://upload.wikimedia.org/wikipedia/commons/1/1e/Maison.XIIe.siecle.png	fig. 3 | DRAWING: plan + elevation | SEEN: Plan (street at bottom): front salle A occupying the full width; passage/degagement B down the left rear with a spiral stair (limacon) drawn as a circle in the rear-left corner; back room C (kitchen) lit from the court D beyond the rear wall; the whole is two rooms deep (batiment double). Elevation: ashlar ground storey with a two-light round-headed window; an external stair (perron) curving up to a closed landing carried on corbelling and an angle colonnette, with the cellar descent sheltered beneath it; the whole first storey is a jettied pan de bois whose window band occupies well over half the frontage; heavily projecting eaves roof with tile cresting. Scaled off the 5 m bar: about 8.5 m wide x 11 m deep externally (+/-10%). | FACTORY: This is the master generator template for the French 12th-c town house: stone base + timber jettied upper + rear court. Parts: perron with bench landing, closed second landing on corbel/colonnette, cellar hatch under the landing, peephole beside the door, spiral stair at rear-left, court with shared well. Viollet's footnote says the plan is a COMPOSITE from plans collected in Burgundy, the Nivernais and haute Champagne - so it is a type, not a single building: perfect for a parametric generator, useless as a citation for one house. | VERIFICATION: bar x=464->553 = 89 px for 5 m = 17.8 px/m; walls x=221->390 = 169 px = 9.5 m wide; depth y=42->238 = 196 px = 11.0 m. The reader's 8.5 m width is 11 per cent low and outside its own stated +/-10 per cent band; the 11 m depth is exact. NOTE the method claim 'the engraved bars run about 59 to 62 pixels per metre' is FALSE AS WRITTEN - 59-62 px is one bar DIVISION, and the division is 1 m on figs 12/14/15/16 but 10 m on fig 17 and about 17.3-17.8 px/m here. Read each bar's LABEL before scaling.
viollet_dictionnaire	frwikisource	Maison	0	Maison.XIIe.siecle.Cluny.png	House of the town of Cluny, 12th c: ground-floor and first-floor plans	plan	yes	VERIFIED+CORRECTED	https://upload.wikimedia.org/wikipedia/commons/d/dd/Maison.XIIe.siecle.Cluny.png	fig. 4 | DRAWING: plan (2 levels) | SEEN: Both plans have the street at the bottom. Ground floor A: allee with straight stair (degre droit) C along the left party wall; boutique D filling the street frontage; open galerie/portique E along the left of an open court F drawn with a diagonal cross; well G; kitchen H at the far rear with its great chimney I in the back wall. First floor B: stair arrival K, salle L over the shop, glazed or open galerie N along the court with a small stair up to the galetas, chamber O over the kitchen. Scaled off the 10 m bar: plot roughly 8 m wide x 20 m deep (+/-10%). | FACTORY: The canonical deep burgage plot: shop-front block, open court with a covered gallery on one side, detached kitchen block at the rear, all on a plot 8 x 20 m. Generator sequence: front block (2 storeys + galetas) -> court -> gallery strip -> kitchen block; stair against one party wall, court well on the shared boundary. | VERIFICATION: the bar is 10 equal divisions x=29->202 with a taller mid-tick and the label '10' = 17.3 px/m. External walls x=69->181 = 112 px = 6.5 m (7.0 m if the flanking outline lines are counted); depth y=37->356 = 319 px = 18.4 m. So the canonical deep burgage plot is about 6.5 x 18.5 m, NOT 8 x 20 m - which also removes the reader's internal contradiction with its own fig-5 frontage of 6.9 m.
viollet_dictionnaire	frwikisource	Maison	0	Coupe.maison.XIIe.siecle.Cluny.png	The same Cluny house: general section on ab (A), street elevation (B), and vertical profile with the surviving level C	section	yes	VERIFIED	https://upload.wikimedia.org/wikipedia/commons/e/e3/Coupe.maison.XIIe.siecle.Cluny.png	fig. 5 | DRAWING: section + elevation | SEEN: Section A cuts through front block, court and rear block: ground storey masonry, timber upper with an open gallery to the court, tall chimney stack. Elevation B: ashlar ground storey pierced by one large round-headed shop arch (goods on a counter, a figure standing in it) and a narrower grilled door for the allee; first storey an unbroken arcature of seven round-headed windows on shafts over a corbel-table string; above it an open timber loggia (the galetas) under a wide projecting tiled roof. Scaled off the 5 m bar: facade about 6.9 m wide, ground storey about 4 m high, eaves about 9 m (+/-10%). | FACTORY: CONJECTURE FLAG: the text says the facade survives only up to level C and that only the galetas storey has been destroyed - so the top timber loggia storey as drawn is Viollet's restitution. Model it as an optional top storey. The seven-bay arcature over a 6.9 m front gives a window module of about 0.95 m.
viollet_dictionnaire	frwikisource	Maison	0	Plan.maison.XIIe.siecle.Montreale.png	Double (twin) house at Montreal, Yonne, first years of the 13th c: ground-floor plan	plan	yes	VERIFIED+CORRECTED	https://upload.wikimedia.org/wikipedia/commons/a/a6/Plan.maison.XIIe.siecle.Montreale.png	fig. 6 | DRAWING: plan | SEEN: Street at the bottom. Two mirrored dwellings C and C' either side of one central party wall running front to back. A = the two entrances with perrons and stone benches; B = the two cellar descents opening directly on the public way (stated to be the Burgundian habit); D = two small rear courts ringed with single-storey timber lean-tos (appentis); the stair cage is shared in the middle at the rear with separate flights, landing E serving C and F serving C', with upper doors G and H; I = one well shared between the two houses, on the rear wall axis. Dark strips at the far left and right are the neighbours across the lateral ruelles. Scaled off the 10 m bar: about 12.9 m overall x 12.7 m deep, i.e. about 6.4 m per dwelling (+/-10%). | FACTORY: A ready-made town-generator primitive: the semi-detached pair. Two plots merged to recover the land of one alley; one common party wall, one common stair cage with split flights, one common well, one roof. 6.4 m per dwelling is the plot-width datum. | VERIFICATION: bar = 29.2 px/m. Overall x=85->430 = 11.8 m wide, y=29->400 = 12.7 m deep, i.e. about 5.9 m external per dwelling (5.3 m internal) - not 12.9 m / 6.4 m per dwelling. The 6.4 m 'plot-width datum' should be 5.9 m.
viollet_dictionnaire	frwikisource	Maison	0	Maison.XIIIe.siecle.Montreale.png	The same Montreal double house: street facade	perspective	no	VERIFIED	https://upload.wikimedia.org/wikipedia/commons/7/74/Maison.XIIIe.siecle.Montreale.png	fig. 7 | DRAWING: elevation (perspective) | SEEN: Gable to the street, shared between the two dwellings (pignon commun). A central pilaster/buttress rises through the gable to a finial carrying a carved figure; two front buttresses with corbelling carry a continuous first-floor balcony with a stone arcaded balustrade of colonnettes; below, the two doors with stone bench and perron steps, and the cellar descents; behind the balcony, two-light and paired arched windows. The roof verge oversails the facade very deeply so that both perrons, both cellar descents and both balconies are covered. | FACTORY: Verifies the stated rule 'la saillie du toit a deux egouts avec pignon commun, de sorte que les deux perrons, les deux descentes de caves et les deux balcons sont abrites'. Generator: deep gable-end verge overhang as the weather strategy, not a jetty.
viollet_dictionnaire	frwikisource	Maison	0	Maison.XIIIe.siecle.Saint.Antonin.png	House on the square of Saint-Antonin (Tarn-et-Garonne), mid-13th c	elevation	yes	REFUTED READING	https://upload.wikimedia.org/wikipedia/commons/9/9d/Maison.XIIIe.siecle.Saint.Antonin.png	fig. 8 | DRAWING: elevation | SEEN: Four levels. Ground: three tall pointed arcades used as market stalls with cloth curtains hung under the arches. First and second floors: continuous arcatures, each bay of four pointed lights divided by narrow trumeaux, with pierced roundels in the spandrels. Iron ring-hooks are visible on the window jambs at springing level on both upper floors. Top: the galetas as an open timber loggia under a projecting tile roof with round-tile cresting. Scaled off the 5 m bar: about 9.9 m frontage; ground arcade about 4.6 m high; upper storeys about 3.7 and 4.0 m; eaves about 14 m (+/-10%). | FACTORY: The Midi 'monumental' town house. Note the ground arcade is a market device (curtains under the arches on market days), not a portico. Iron ring-hooks are a repeatable facade fitting keyed to the window module. | VERIFICATION REFUTES 'each bay of four pointed lights divided by narrow trumeaux' and 'four lights per window bay'. The French is 'Les grandes salles du premier et du second etage sont eclairees largement par des arcatures continues, qui a l'interieur forment quatre fenetres separees par des trumeaux etroits' = the continuous arcatures form FOUR WINDOWS AS SEEN FROM INSIDE. The plate shows EIGHT arcature lights per storey, paired under roundels. The reader's own vocabulary entry had this right and its figure entry contradicted it.
viollet_dictionnaire	frwikisource	Maison	0	Bannes.maison.XIIIe.siecle.png	The bannes (fabric awnings) of the Saint-Antonin type of house: assembly details	section	no	VERIFIED	https://upload.wikimedia.org/wikipedia/commons/4/40/Bannes.maison.XIIIe.siecle.png	fig. 9 | DRAWING: detail + section | SEEN: A = the anneau-crochet (ring-and-hook) sealed into the masonry with the pole passing through the ring; D = the tie hooks; B = the socketed scarf by which one perche is emmanchee into the next, so the poles run in bay-length modules. Main drawing: the cloth slung from the horizontal pole across a window bay, gathered, with a deep frilled valance hanging at the front; prop-poles C lift the outer edge and cords crossing beneath in croix de saint Andre hold the fall and are tied back to hooks D. The right-hand drawing labelled Coupe is the section showing the prop-pole angle from sill to awning edge. | FACTORY: Fully parametric street-dressing kit: ring spacing = window bay; pole = bay-length module with socket joints; two prop-poles per bay; crossed under-cords; weighted frilled valance whose stated function is both shade and to keep the prop-poles inclined. Cheap, high-value town-set detail.
viollet_dictionnaire	frwikisource	Maison	0	Maison.XIIIe.siecle.Amiens.png	House in the rue Saint-Martin, Amiens, 1230-40; compared to Beauvais and Soissons of the same date	elevation	yes	VERIFIED	https://upload.wikimedia.org/wikipedia/commons/c/c8/Maison.XIIIe.siecle.Amiens.png	fig. 9bis | DRAWING: elevation | SEEN: All-stone facade, gable to the street with a lancet in the gable. Ground floor: a wide segmental-arched porte cochere, a small pedestrian door, and a broad shop window with iron grille and traceried head. First and second floors: each an unbroken arcature of four bays of two-light windows on colonnettes under relieving arches, with string courses at floor level. Chimney stack at the right on the party wall. Scaled off the 5 m bar: about 9.3 m frontage; ground storey about 4.8 m; upper storeys about 3.7 and 4.1 m; gable apex about 16 m (+/-10%). | FACTORY: CONJECTURE FLAG: Viollet states 'Nous avons retabli le pignon et le rez-de-chaussee d'apres d'autres fragments du meme temps et des memes contrees' - only the two arcatured upper storeys are surviving fabric. Use the arcatures as evidence, the gable and shopfront as reconstruction.
viollet_dictionnaire	frwikisource	Maison	0	Maison.XIIIe.siecle.Caussade.png	House at Caussade (Tarn-et-Garonne), mid-13th c, brick	elevation	yes	VERIFIED	https://upload.wikimedia.org/wikipedia/commons/d/da/Maison.XIIIe.siecle.Caussade.png	fig. 10 | DRAWING: elevation + side profile | SEEN: Facade almost entirely brick; hard Caylus stone confined to the pier bases, window colonnettes, bandeaux and sommiers, exactly as the text states. Four storeys: ground with two large pointed brick arcades containing shop counters and wares; first and second floors with pairs of twin windows under big brick relieving arches; third floor with smaller paired windows; then a timber band with croix de Saint-Andre under a widely projecting eaves. Iron ring-hooks for the bannes on the window jambs. Scaled off the 5 m bar: about 8.4 m frontage; storeys about 4.7, 4.2, 3.9 m plus a 1.9 m timber loft; eaves about 14.7 m (+/-10%). | FACTORY: Material-substitution variant of the Saint-Antonin type: same massing, brick shell with stone only at load points and mouldings. Gives a clean rule for a brick-town material set: stone = bases, colonnettes, string courses, springers; brick = everything else.
viollet_dictionnaire	frwikisource	Maison	0	Maison.des.musiciens.Reims.png	One bay of the facade of the Maison des Musiciens, rue du Tambour, Reims, about 1240-50	elevation	no	FIGURE	https://upload.wikimedia.org/wikipedia/commons/9/9f/Maison.des.musiciens.Reims.png	fig. 11 | DRAWING: elevation of one bay | FACTORY: Useful as the 'rich north-French merchant/guild house': simple construction, rich ornament, sculpture in the trumeaux between wide windows. Possibly the house of the confrerie of ministrels.
viollet_dictionnaire	frwikisource	Maison	0	Plan.maison.XIIIe.siecle.Bourgogne.png	Burgundian house type with the spiral stair planted in the street wall: ground-floor plan (Avallon, Flavigny, Semur-en-Auxois, Dijon)	plan	yes	VERIFIED	https://upload.wikimedia.org/wikipedia/commons/6/68/Plan.maison.XIIIe.siecle.Bourgogne.png	fig. 12 | DRAWING: plan | SEEN: Street at the bottom. The vis A sits in the middle of the street facade and bulges out as a half-round projection, partly corbelled over the entrance door B; door C, placed left or right according to the way the stair gironne, opens into the first room D, from which one passes into E and then F, the same at every storey; door G at the rear leads from the middle room E to a court or small garden. Scaled off the 5 m bar: about 9.9 m frontage x 6.1 m deep, three rooms in file parallel to the street (+/-10%). | FACTORY: The second French urban type, and the opposite of the burgage plot: broad-fronted, one room deep, rooms in file, stair in the FRONT wall doubling as ground-floor vestibule. Stated reason it is regional: Burgundy has excellent hard stone able to carry a thin turret corbelled on the tread-ends of the first revolution. Generator: enfilade of 3 rooms, stair-turret at facade centre, door beside it on the side determined by the stair's hand. | VERIFICATION: scales to 9.73 x 5.88 m against the reader's 9.9 x 6.1 - confirmed. Broad-front Burgundian type, the inverse proportion to the burgage plot.
viollet_dictionnaire	frwikisource	Maison	0	Maison.XIIIe.siecle.Bourgogne.png	The same Burgundian type: street elevation	elevation	no	VERIFIED	https://upload.wikimedia.org/wikipedia/commons/6/62/Maison.XIIIe.siecle.Bourgogne.png	fig. 13 | DRAWING: elevation | SEEN: The round stair turret stands in the middle of the facade, corbelled forward on the stepped soffit of the treads, rises through two storeys and is capped by a conical shingled spire with a figure finial. Door B at its foot, sheltered by the projection. Cellar entrance O, a segmental opening under the sill (allege) of a ground-floor window at the right. Ground floor: two-light trefoiled windows; upper floor: paired lights with colonnettes under arcades. At the eaves a stone chene0u carried on projecting corbels, sloping to a gargoyle at the end. Steep roof laid in patterned polychrome tiles in lozenges, with ridge cresting. | FACTORY: Verifies two Burgundian signatures at once: the facade stair turret and the stone eaves gutter with end gargoyles on corbels. Patterned lozenge tiling is a cheap high-impact regional texture rule for a Burgundian town.
viollet_dictionnaire	frwikisource	Maison	0	Plan.maison.XIIIe.siecle.Vitteaux.png	House at Vitteaux (Cote-d'Or), second half of the 13th c: ground-floor plan	plan	yes	VERIFIED	https://upload.wikimedia.org/wikipedia/commons/d/d3/Plan.maison.XIIIe.siecle.Vitteaux.png	fig. 14 | DRAWING: plan | SEEN: Street at the bottom. The stair cage projects at the right end of the street front: A the entrance door beneath it, B the cellar door opening on the street. Through the door is a small vestibule C, straight ahead the kitchen D, to the left the salle (lettered E on the plate). The rear wall on the garden side is drawn as a pan de bois, matching the text. Scaled off the 5 m bar: about 7.5 x 6.9 m, i.e. roughly 52 sq m footprint - a good cross-check on the stated 49 sq m of building (+/-10%). | FACTORY: The costed reference house. Only the front wall and the two party walls are masonry; the floors bear on the two party walls and on the middle pan de bois. The same distribution repeats on the first floor giving two chambers, and the second floor under the roof is one large room split in the depth of the building. Cheapest possible generator variant: 3 masonry walls + 1 timber spine + 1 timber rear wall. | VERIFICATION: the cross-check is genuine - scaled 7.55 x 6.79 = 51.3 sq m against the stated 49 'metres superficiels'. But note the reader's own caveat: the text says the floors bear 'sur le pan de bois du milieu' while the plan draws that wall like masonry; do not treat the timber middle spine as certain.
viollet_dictionnaire	frwikisource	Maison	0	Maison.XIIIe.siecle.Vitteaux.png	The same Vitteaux house: street elevation	elevation	yes	VERIFIED	https://upload.wikimedia.org/wikipedia/commons/e/e1/Maison.XIIIe.siecle.Vitteaux.png	fig. 15 | DRAWING: elevation | SEEN: Three storeys of stone, the top one in the gable. Stair turret at the right, no longer corbelled on the tread-ends but on a well-cut raking flat course (plate-bande rampante), visible as the sweeping curved corbel; at its top the cylinder becomes hexagonal to make the shingle roof easier to lay. Door A with ironwork at the turret foot; cellar door B with segmental head to the right. A ferme boiteuse projects over the whole facade, sprung from the stair projection and from a corbel plumb with the left jambe-etriere; a wooden gargoyle throws the gutter water left onto the street. Two chimney stacks on the party walls at the left, their heads visible. Windows: 3 lights at ground level, 4 at the first floor, 3 in the gable. Scaled off the 5 m bar: storeys about 3.4 and 3.3 m, ridge about 13 m over a 7.5-8.5 m front (+/-10%). | FACTORY: The clearest single lesson in the article for a generator: a half-truss (ferme boiteuse) can be hung off two existing projections - the stair turret and one corbel - to shelter a whole facade for almost nothing. Also the cylinder-to-hexagon transition at the turret head, whose stated reason is to simplify the shingle covering. | VERIFICATION: storeys re-measured at 3.25 m and 3.36 m (reader 3.4 / 3.3), ridge 13.0 m (reader 13). Confirmed. Remember the article states NO storey height anywhere - every storey height is inferred from a plate.
viollet_dictionnaire	frwikisource	Maison	0	Maison.XIIIe.siecle.Provins.png	House in the rue de Paris, Provins, second half of the 13th c	elevation	yes	REFUTED READING	https://upload.wikimedia.org/wikipedia/commons/2/2e/Maison.XIIIe.siecle.Provins.png	fig. 16 | DRAWING: elevation | SEEN: Gable to the street. Ground floor a nearly blank rubble (moellon) wall with quoins, pierced only by one window and one door with elaborate ironwork - the inhabitant shuts himself in. First floor, the salle: two wide two-light transomed windows under large stone relieving arches. Two more small windows in the gable. Carved corbels/gargoyles at the springing level of the eaves. Scaled off the 5 m bar: about 9.3 m frontage; ground storey about 5.5 m, confirming the stated 'etages hauts entre planchers'; apex about 16 m (+/-10%). | FACTORY: The closed variant. Rule stated with a reason: relieving arches in stone carry the wall over the window voids so that a plain rubble wall with big openings still stands. Use as the type for a landowner/rentier town (Provins, Laon) as against a manufacturing town (Reims, Troyes, Beauvais, Amiens). | VERIFICATION REFUTES the reader's window count. The reader recorded 'two wide two-light transomed windows under large stone relieving arches' on the first floor. Cropped and enlarged, the plate shows FOUR two-light transomed windows, each under its own pointed head, GROUPED IN TWO PAIRS under two relieving arches. Scaled dimensions stand: ground storey 5.43 m (reader 5.5), frontage 9.33 m (9.3), apex 15.6 m (16).
viollet_dictionnaire	frwikisource	Maison	0	Plan.maisons.XIIIe.siecle.Montpazier.png	One block (ilot) of houses of the bastide of Montpazier, founded about 1284	plan	yes	VERIFIED+CORRECTED	https://upload.wikimedia.org/wikipedia/commons/8/8c/Plan.maisons.XIIIe.siecle.Montpazier.png	fig. 17 | DRAWING: plan | SEEN: Five identical cells in a row. Each has a straight stair against one lateral wall about halfway back, a fireplace on a lateral wall, and a partition dividing a front and a back room. Between neighbouring cells there is not one party wall but TWO independent walls with a hairline gap - the endronne or gutter-width alley, exactly as Viollet's footnote states for Montpazier. The block is flanked by wider gaps to the neighbouring blocks: about 7.5 m on one side and about 3.5 m on the other, matching the stated 10 m street and 3 m rear ruelle. Scaled off the 10/20/30 m bar: each house about 7.6 m frontage x about 21.6 m deep (+/-10%). | FACTORY: The single most valuable plate in the article for a town generator: a repeatable, identical, uniformly lotted cell with an exact plot ratio (about 7.6 x 21.6 m, i.e. roughly 1:3), no party walls, a hairline drainage alley between each pair, two streets of unequal width, and one stair + one hearth per cell. Instantiate by array. | VERIFICATION (PNG decoded): the plate's own bar has ticks at x=108.5/168.0/227.5/287.0 labelled 10/20/30, i.e. 59.5 px per TEN-metre division = 5.95 px/m. Street gap (block face x=167.5 to facing block x=107.5) = 60-64 px = 10.1-10.8 m, CONFIRMING Viollet's stated 'une rue de 10 metres de largeur'; rear gap x=289->308 = 19 px = 3.2 m, confirming 'une ruelle de 3 metres environ'. The reader's claimed 7.5 m plate figure and its 25 per cent text/plate discrepancy DO NOT EXIST. Corrected cell: 8.3 m frontage (pitch 49.6 px) x 20.2 m deep (120 px), plot ratio ~1:2.4, not 7.6 x 21.6 / 1:3. The endronne between cells is a 0.4-0.8 m slot between two independent walls.
viollet_dictionnaire	frwikisource	Maison	0	Plan.place.bastide.Montpazier.png	Plan of a quarter of the square of the bastide of Montpazier	plan	yes	VERIFIED	https://upload.wikimedia.org/wikipedia/commons/a/a1/Plan.place.bastide.Montpazier.png	fig. 18 | DRAWING: plan | SEEN: The corner of the square with its surrounding portiques drawn as arcades on square piers, the arcade bays dashed in. Each house corresponds to one arcade bay of about 7.7 m. The corner houses have pans coupes - the angle cut back diagonally - and the streets debouch at the corners, not at the middles of the sides. A marks the viewpoint of fig 19. Scaled off the 10/20 m bar: portico depth about 3.5 m (+/-10%). | FACTORY: Encodes the stated town-planning rule: never pierce a street through the middle of a side of the square, because people crossing would obstruct people gathering; put circulation on the sides and leave the centre out of traffic; chamfer the angle houses so carts can turn in diagonally on market days.
viollet_dictionnaire	frwikisource	Maison	0	Place.bastide.Montpazier.png	Perspective of one of the entrances to the square of Montpazier, taken from point A of fig 18	perspective	no	VERIFIED	https://upload.wikimedia.org/wikipedia/commons/e/ef/Place.bastide.Montpazier.png	fig. 19 | DRAWING: perspective view | SEEN: Wide, low arcades (couverts) on massive piers, with segmental and pointed heads. At the chamfered corner the upper storey is carried out on corbelling over the pan coupe. Upper walls with plain windows and a corbelled cornice/eaves course; low-pitched Midi roofs. | FACTORY: Gives the three-dimensional consequence of fig 18: jettied corner over the chamfer. A town-corner asset: pier arcade + pan coupe + corbelled angle above.
viollet_dictionnaire	frwikisource	Maison	0	Maison.bois.Chateaudun.png	House at Chateaudun drawn by Viollet in 1841, beginning of the 14th c: plan and elevation	plan+elevation	yes	REFUTED READING	https://upload.wikimedia.org/wikipedia/commons/3/3d/Maison.bois.Chateaudun.png	fig. 20 | DRAWING: plan + elevation | SEEN: Plan (street at bottom, lettered A): a large shop filling the frontage with a central post (visible as a small black square) and a stub of cross-wall B; a pierced spiral stair; corridor C leading to court D and back room E. A dimension line lettered on the plan gives the depth as 16 m. Scaling that, the frontage is about 7.7 m. Elevation: ground and first storeys in stone with rubble party walls; two segmental shop openings with shutter hooks; at the first floor two wide three-light traceried openings set under two flat relieving arches, the openings themselves being very pierced stone frames (chassis en pierre); above, the timber gable with a truss standing forward of the wall face, its ends carried on the sablieres eased by curved liens and its ridge purlin (filiere d'axe) also eased by a lien; big arched brace in the gable, finial at the apex; chimney stack at the left; G and H mark the two joist levels. Storeys about 3.2 and 3.4 m, apex about 12.6 m. | FACTORY: The transitional stage: masonry house with a projecting timber roof truss but NO jetty (the text notes the comble storey here is not corbelled). Model the projecting gable truss as a separate component that can be added to a masonry shell. Also records that at first-floor level the main beam passes THROUGH the front wall and receives the roof tie-beams (entraits), which is why the truss can stand forward. | VERIFICATION REFUTES the reader's window count: not 'two wide three-light traceried openings under two flat relieving arches' but FOUR two-light traceried stone frames, two under each relieving arch - eight lights, none of three. The plate-lettered depth of 16 m IS right (independently corroborated at 16.3 m from the elevation's own 5 m bar, x=179->476 = 297 px giving a 7.86 m frontage on a 239x115 px plan).
viollet_dictionnaire	frwikisource	Maison	0	Maison.bois.Laval.png	House at Laval on a steeply sloping street, somewhat later than fig 20: plan and elevation	plan+elevation	yes	VERIFIED	https://upload.wikimedia.org/wikipedia/commons/6/6f/Maison.bois.Laval.png	fig. 21 | DRAWING: plan + elevation | SEEN: One building divided for two households by a pan de bois de refend on the axis of the facade, from top to bottom; plan P shows each household with its own stair from shop to first floor. The street slope lets the left household have an entresol A (joist levels B and C) while the right has only a raised ground floor and a first floor (joist level C'). The first-floor pan de bois stands forward of the ground-floor frame on three corbelled sablieres, and is itself sheltered by the ferme de tete of the roof set on the ends of the sablieres S. Visible: stone plinth stepping down with the street, shop counters with hanging cloths, curved liens under the sabliere ends, croix de Saint-Andre in the window alleges, a tall traceried gable with a big arched brace, a chimney on the right party wall. Scaled off the 5 m bar: about 8.6 m for the two dwellings, i.e. about 4.3 m each; apex about 15.4 m (+/-10%). | FACTORY: KEY STRUCTURAL STATEMENT, verified by the drawing: 'Les poteaux corniers de face ne sont la que pour maintenir le pan de bois sur la rue, car derriere ces poteaux corniers s'elevent les murs mitoyens en moellon portant cheminees.' The timber front is NOT the structure - the rubble party walls are, and they carry the chimneys. Also the slope-driven entresol: use street gradient as a generator input that produces a half-storey.
viollet_dictionnaire	frwikisource	Maison	0	Maison.XIVe.siecle.Annonay.png	House at Annonay (Ardeche), classed by Viollet as 14th c	perspective	no	VERIFIED	https://upload.wikimedia.org/wikipedia/commons/1/1a/Maison.XIVe.siecle.Annonay.png	fig. 22 | DRAWING: perspective view | SEEN: Ground floor of large stone blocks. On it a thick fir enrayure whose third course forms the floor and oversails to carry, in corbelling, the first-floor pan de bois, whose front face is made of three superposed jointed sablieres onto which the montants are assembled; two corner posts hold the ends of the three sablieres; laterally, ordinary pans de bois hourdes in rubble and mortar form the party walls (big X-braces visible on the flank). A second cantilever floor (plancher en bascule) carries a second pan de bois storey, the whole crowned by a roof projecting very far over the street on long raking outriggers. | FACTORY: Verifies the stated 3.50 m roof projection beyond the ground-floor wall face, with the reason given twice: to keep rain and snow off the facade in a climate hot in summer and very harsh in winter, AND to shelter the steep streets so people can circulate in winter. A generator rule where roof overhang is a function of climate and street gradient, not of style.
viollet_dictionnaire	frwikisource	Maison	0	Maison.XIVe.siecle.Nantua.png	House at Nantua (Ain), roughly contemporary with the Annonay house, closer to the Swiss chalet	perspective	no	VERIFIED	https://upload.wikimedia.org/wikipedia/commons/2/2b/Maison.XIVe.siecle.Nantua.png	fig. 23 | DRAWING: perspective view | SEEN: Masonry ground floor of large blocks. The projecting first-floor front is built of horizontally stacked timbers (empilage) - clearly different from a studded frame - while the return flank is an assembled pan de bois with X-braces of the north-French kind. Doubled sablieres under the roof. The front truss (ferme de face) projects to form an auvent. Wrought-iron sign bracket; wide overhanging shingled roof. | FACTORY: The hybrid: log-stacked front, assembled frame flank. Exactly what the text claims - primitive empilage traditions mixed with assembled carpentry from the north. Good evidence that the two timber systems coexist in one building, so a generator can mix them per wall rather than per building.
viollet_dictionnaire	frwikisource	Maison	0	Maison.XIVe.siecle.Perpignan.png	House at Perpignan, later converted to the palais de justice; facade of almost antique taste with Aragonese detail	elevation	no	FIGURE	https://upload.wikimedia.org/wikipedia/commons/0/05/Maison.XIVe.siecle.Perpignan.png	fig. 24 | DRAWING: elevation | FACTORY: Evidence for the dating trap: in provinces that were not French in the 14th c (Roussillon), Romanesque forms persist. A generator must decouple style-age from build-date by region.
viollet_dictionnaire	frwikisource	Maison	0	Maison.XIVe.siecle.Treves.png	House at Trier (Treves), beginning of the 14th c, showing its chimney in the middle of the street gable	plan+elevation	yes	VERIFIED	https://upload.wikimedia.org/wikipedia/commons/9/9d/Maison.XIVe.siecle.Treves.png	fig. 25 | DRAWING: elevation + hearth plan + chimney cap | SEEN: Stone facade with a stepped (corbie) gable to the street. The flue rises in the middle of the gable wall, carried out on corbelling from the first floor on three consoles shaped like capitals and on two small arches set between the first-floor windows; it continues up the gable to the crowning cap B, drawn separately as a cylindrical shaft with a hood. A is the fragment of plan showing the hearth against the front wall. A carved lion sits on a set-back of the gable; the ground floor has a pointed door with ironwork and small windows; the first floor two tall two-light trefoiled windows. Scaled off the 5 m bar: about 9 m frontage, ground storey about 4.5 m, gable about 15 m (+/-10%). | FACTORY: A dating rule with a stated reason: hearth against the STREET wall with the flue corbelled out under the facade from the first floor up is, in France, a 12th- or early-13th-c disposition; it survives to the 14th c on the Rhine. Viollet's stated rationale is comfort - you warm yourself and see out, and windows either side of the flue let you work by the fire without the glare of the flame.
viollet_dictionnaire	frwikisource	Maison	0	Maison.XVe.siecle.Beauvais.png	House at Beauvais, beginning of the 15th c (still standing on the square in 1834)	elevation	yes	VERIFIED	https://upload.wikimedia.org/wikipedia/commons/e/ef/Maison.XVe.siecle.Beauvais.png	fig. 26 | DRAWING: elevation | SEEN: Eaves to the street (mur goutterot) with a big roof overhang and a crested ridge; two dormers in the slope, one small and pointed, one large gabled lucarne with finials and figures. First floor a timber frame with two large traceried windows and X-braced panels. Ground floor a portico on posts with arched brackets, the shops set back behind it, the allee A at the left. Stone party wall and chimney at the right. Scaled off the 5 m bar: about 7.8 m frontage; portico about 3.3 m high; first floor about 4.3 m; eaves about 14.3 m (+/-10%). | FACTORY: The eaves-on variant, which the text says occurs when the plot is 'en bordure' (broader than deep): then the gables sit on the party walls and the street front is goutterot. Two rooms at the first floor reached by a spiral stair at the back of the allee A; one big room under the roof lit by two lucarnes, one to the street and one to a small court.
viollet_dictionnaire	frwikisource	Maison	0	Maison.XVe.siecle.Reims.png	House at Reims, Place des Marches, 15th c: timber facade preserved top to bottom, corbelled 1.65 m over the public way on five potences	perspective	no	VERIFIED	https://upload.wikimedia.org/wikipedia/commons/2/27/Maison.XVe.siecle.Reims.png	fig. 26bis | DRAWING: perspective view | SEEN: The jetty is carried on heavy curved brackets sweeping out below the first floor, projecting the whole timber front over the shop front. Verified against the text: there is NO croix de Saint-Andre anywhere in the height of the frame, only posts, transoms and moulded panels, yet the carpentry is undeformed. At the right the stone party wall A carries the chimneys and its jambe-etriere receives two liens (the two carved brackets at the bottom right); on the other side the mitoyennete is only a simple pan de bois. The front takes a lateral light on the return face, which is why Viollet calls it a bretche. Numerous small leaded windows; carved figures on the intermediate posts (the applied statues on the corner post are lost; the two outer lower liens carry Samson killing the lion and Saint Michael overcoming the demon in half-relief). Panels hourdes in masonry and rendered. | FACTORY: The one measured jetty in the article: 1.65 m on five potences. Also the asymmetry rule - one flank a masonry party wall carrying flues, the other flank only a timber partition. And a counter-example to the bracing rule: a first-class frame can omit St-Andrew crosses if the joints are perfect.
viollet_dictionnaire	frwikisource	Maison	0	Maison.XVe.siecle.Rouen.png	House at Rouen forming the angle of two streets, first half of the 15th c, four storeys of pan de bois	section	yes	VERIFIED	https://upload.wikimedia.org/wikipedia/commons/0/03/Maison.XVe.siecle.Rouen.png	fig. 27 | DRAWING: elevation + section | SEEN: The section A at the left shows four successive corbelled steps, one per storey, so that the third floor occupies a sensibly greater area than the ground floor. The cornice at the base of the gable is a run of imitation machicolations. Windows numerous and small; the alleges beneath them filled with croix de Saint-Andre; at every storey long diagonal decharges carry the weight of the frame back to the corner posts; carved statuettes on the posts; shopfront with grilles and a pointed door. Scaled off the 5 m bar: about 7.5 m frontage; storeys about 3.1-3.4 m each; ridge about 16 m (+/-10%). | FACTORY: The cumulative-jetty geometry, in section: this is the plate to copy for a narrow-street generator, since it defines how much the street closes at each level. Note that both bracing devices - crosses in the alleges, decharges to the corner posts - are given explicit structural jobs (stop the jamb-posts leaning out; carry the storey weight to the corner posts).
viollet_dictionnaire	frwikisource	Maison	0	Maison.XVe.siecle.Rouen.2.png	Another Rouen house, rue Malpalu, end of the 15th c: the timber facade become a lantern	elevation	no	FIGURE	https://upload.wikimedia.org/wikipedia/commons/b/ba/Maison.XVe.siecle.Rouen.2.png	fig. 28 | DRAWING: elevation | FACTORY: The end state of the timber-facade progression: maximum glazing, minimum solid, bracing confined to the aprons.
viollet_dictionnaire	frwikisource	Maison	0	Maison.abbaye.Saint.Amand.Rouen.png	Part of a dwelling of the abbey of Saint-Amand, Rouen: masonry ground floor with two storeys of pan de bois entirely faced in carved joinery panels	elevation	no	FIGURE	https://upload.wikimedia.org/wikipedia/commons/9/96/Maison.abbaye.Saint.Amand.Rouen.png	fig. 29 | DRAWING: elevation | FACTORY: The final substitution: hourdis hidden behind panelling. For a generator, this is a skin swap on the same frame.
viollet_dictionnaire	frwikisource	Maison	0	Maison.rue.Grosse.Horloge.Rouen.png	Part of one of two houses in the rue de la Grosse-Horloge, Rouen: timber house with Renaissance pilasters and bandeaux	elevation	no	FIGURE	https://upload.wikimedia.org/wikipedia/commons/a/a7/Maison.rue.Grosse.Horloge.Rouen.png	fig. 30 | DRAWING: elevation | FACTORY: Dating rule: classical mouldings on a timber frame = 16th c, and Viollet flags them as constructionally false. A style layer that can be applied over the same frame geometry.
viollet_dictionnaire	frwikisource	Maison	0	Plan.hotel.Provins.png	One of the oldest surviving hotels, at Provins, belonging to a rich canon of Saint-Quiriace	plan	no	FIGURE	https://upload.wikimedia.org/wikipedia/commons/c/c5/Plan.hotel.Provins.png	fig. 31 | DRAWING: plan | FACTORY: The earliest hotel pattern: two blocks + vaulted through-passage, hall at first floor reached by an external timber stair, barrel-boarded roof. Note the hall is still at the FIRST floor, not the ground.
viollet_dictionnaire	frwikisource	Maison	0	Plan.hotel.Cordes.png	Hotel in the grande rue of Cordes, first years of the 14th c: mixed hotel and shop-house	plan	yes	VERIFIED	https://upload.wikimedia.org/wikipedia/commons/1/19/Plan.hotel.Cordes.png	fig. 32 | DRAWING: plan | SEEN: Street at the bottom. Entry A between two shops L L that have no access to the court - probably let, or used by the owner. Main court B; small service court C reached by passage D; open room E, probably the stable; cellar F; a broad spiral stair G in a projecting polygonal cage giving into the great ground-floor hall H, raised seven steps above the court; passage I to a garden K lying outside the old rampart, against which the hotel backs (the rampart is the heavy black wall across the plan); terrace N with perron on the court facing the hall; recent buildings encroach on the garden from a to b. Scaled off the 10 m bar: site about 37 m wide x 34 m deep, plus about 15 m of garden beyond the rampart (+/-10%). | FACTORY: The southern merchant compromise: hotel behind, lettable shops on the street. Generator: street range of shops + entry passage -> court -> hall block raised on steps -> service court -> garden beyond the wall. Also records that the great hall can be at ground level in the Midi, reached up seven steps.
viollet_dictionnaire	frwikisource	Maison	0	Plan.hotel.Jacques.Coeur.Bourges.png	Hotel of Jacques Coeur, Bourges, built from 1443: ground-floor plan	plan	yes	VERIFIED	https://upload.wikimedia.org/wikipedia/commons/b/bc/Plan.hotel.Jacques.Coeur.Bourges.png	fig. 33 | DRAWING: plan | SEEN: The street runs down the right side. Entrance A, a porte cochere with poterne B beside it; stair F up to the chapel over the entrance so that the chapel can be reached without entering the house; great court C; closed portico D (used as the waiting place for the poor who were given the leftovers of the table, so that they never entered the hotel); portico E open onto a small court G with a shared well G'; principal stair H; great ground-floor dining hall I with an immense chimney c and a minstrels' tribune I' reached by its own stair f; a trap i in the floor of I down to the cellars; service gallery J to kitchens K and K', K' having an oven with chimney and a fourneau potager; a service corridor L and small court L' connecting the street directly to the kitchens, and L'' to the great court; office M with a serving turntable m; a vaulted and paved scullery under the oven with a gargoyle to a soakaway, and servants' latrines beside it under the stair mass; rooms T and T' with a wardrobe in the square tower R, forming with tower Q a complete independent apartment; concierge V; passage under stair O to the place de Berri P. Towers S, R, Q are old city rampart towers reused, and the open angle of the rampart on which the front wall was built forces the whole oblique geometry. Scaled off the 10/20 m bar: site about 35 x 55 m; the great dining hall about 11 x 12 m; the black chimney mark c measures about 5.7 m, corroborating the stated 6 m opening (+/-10%). | FACTORY: The best service-adjacency graph in the article. Explicit design rules: every service in its place, communications easy but independent, all symmetry sacrificed, every room big or small lit, numerous concealed degagements, and a separate street door for the kitchens. Also a site rule: build on a fief of the ramparts and reuse the towers, and the rampart alignment dictates the plan angles.
viollet_dictionnaire	frwikisource	Maison	0	Plan.hotel.Jacques.Coeur.Bourges.2.png	Hotel of Jacques Coeur: first-floor plan	plan	no	FIGURE	https://upload.wikimedia.org/wikipedia/commons/4/4d/Plan.hotel.Jacques.Coeur.Bourges.2.png	fig. 34 | DRAWING: plan | FACTORY: Eight named stairs on one floor: the generator lesson is that independence of services in a French hotel is bought with stairs, not with corridors. The dais in the great hall is the one clear parallel with the English hall.
viollet_dictionnaire	frwikisource	Maison	0	Hotel.Jacques.Coeur.Bourges.png	Hotel of Jacques Coeur: cavalier (bird's-eye) view taken from point P' of fig 33	perspective	no	FIGURE	https://upload.wikimedia.org/wikipedia/commons/3/3a/Hotel.Jacques.Coeur.Bourges.png	fig. 35 | DRAWING: perspective view | FACTORY: Programmatic sculpture: the carving over each door advertises the function behind it. A cheap, very legible way to signpost rooms in a game building.
viollet_dictionnaire	frwikisource	Maison	0	Plan.hotel.Tremoille.png	Hotel de La Tremoille, rue des Bourdonnais, Paris, rebuilt about 1490, demolished 1840: ground-floor plan and general view X	plan	no	FIGURE	https://upload.wikimedia.org/wikipedia/commons/7/71/Plan.hotel.Tremoille.png	fig. 36 | DRAWING: plan | FACTORY: A complete Parisian hotel adjacency list, including a stated storey-count rule: main logis 3 levels + cellars, service ranges 1 level. Note the gallery lit generously to the court and almost blind to the street - a directional glazing rule.
viollet_dictionnaire	frwikisource	Maison	0	Hotel.Tremoille.png	Hotel de La Tremoille: facade of the main logis between the turret and the stair	elevation	no	FIGURE	https://upload.wikimedia.org/wikipedia/commons/d/d9/Hotel.Tremoille.png	fig. 37 | DRAWING: elevation | FACTORY: Records the asymmetry of display: rich court facade, plain garden facade, near-blind street wall. Useful ruleset for how much detail to spend on which face.
viollet_dictionnaire	frwikisource	Maison	0	Plan.hotel.Cluny.png	Hotel de Cluny, Paris, begun 1485 and carried on from 1490: ground-floor plan	plan	no	VERIFIED	https://upload.wikimedia.org/wikipedia/commons/2/20/Plan.hotel.Cluny.png	fig. 38 | DRAWING: plan | SEEN: The rue des Mathurins-Saint-Jacques runs along the bottom right behind a crenellated boundary wall with the main door A and poterne A'; the wall carried a timber chemin de ronde on corbels, now destroyed and replaced by iron brackets. Concierge B; portico C giving into the ground-floor rooms H, also reached by the great stair F and a small door f; kitchen D with its perron and its own stair P having issues outside, into the kitchen floor and into hall H'; door g from the court straight into the kitchen; room I returning onto the garden with an angle stair R opening onto the garden, onto I and onto gallery L; K an open hall, a kind of covered preau under the chapel at the first floor; court E; the reused antique halls of the Thermes at M (probably the stables) and beyond O; gallery L formerly leading to latrines; a small stair S from I down into the preau K and up to the chapel. The great stair F ends in a platform reached by a small vis from the roof storey. The chapel has an absidiole corbelled out on the outer pier of the covered preau, and four rib vaults on one central column. | FACTORY: Stated levels: cellars, ground floor, first floor and a mansarded roof storey - the same as La Tremoille. Old floors of beams carrying joists still exposed, several original chimneys. The garden is stated as about 17 x 35 m, though scaling the drawn parterre gives roughly 15 x 27 m, so treat the drawn garden outline as indicative only.
viollet_dictionnaire	frwikisource	Maison	0	Hotel.Cluny.png	Hotel de Cluny: cavalier view taken from the entrance side	perspective	no	FIGURE	https://upload.wikimedia.org/wikipedia/commons/6/65/Hotel.Cluny.png	fig. 39 | DRAWING: perspective view | FACTORY: Second reference elevation for the Paris hotel type.
viollet_dictionnaire	frwikisource	Maison	0	Maison.medievale.Morvan.png	Old peasant house of the Morvan	perspective	no	VERIFIED	https://upload.wikimedia.org/wikipedia/commons/d/d2/Maison.medievale.Morvan.png	fig. 40 | DRAWING: perspective view | SEEN: A mass of piled granite blocks. A very low ground floor used as cellar, store, hen-house or pigsty, entered by a low arched opening; the door raised one or two metres above the ground and reached by an external stone stair with a landing engaged in the wall thickness; small openings; a heavy roof covered in thin stone plates (laves in local speech) clearly drawn as overlapping slabs; chimney on the gable slope; a single room with its chimney per house. | FACTORY: Rural generator with an explicit growth rule: 'Chaque maison ne contient qu'une piece avec sa cheminee ; si l'on veut deux pieces, ce sont deux maisons qui se joignent par les pignons.' Extension happens by cell addition gable to gable, never by subdivision. No ornament at all; timbers barely squared; floor of beaten earth washed with granitic sand and clay.
viollet_dictionnaire	frwikisource	Maison	0	Maison.medievale.Nivernais.Bourgogne.png	Peasant house of the Nivernais / haute Bourgogne	perspective	no	FIGURE	https://upload.wikimedia.org/wikipedia/commons/b/b8/Maison.medievale.Nivernais.Bourgogne.png	fig. 41 | DRAWING: perspective view | FACTORY: A quality gradient for rural assets, keyed to region and to proximity to an abbey: same programme, better finish. The projecting joist-ends forming an auvent and framing into the rafters is a specific, modellable detail.
viollet_dictionnaire	frwikisource	Maison	0	Maison.medievale.Rougemont.png	Peasant houses in the village of Rougemont, between Montbard and Aisy, mostly early 13th c	perspective	no	FIGURE	https://upload.wikimedia.org/wikipedia/commons/a/a8/Maison.medievale.Rougemont.png	fig. 42 | DRAWING: perspective view | FACTORY: Dating/quality rule with a stated cause: monastic patronage raises rural building quality and pushes it into masonry. Also gives a rural street form - gables to the road, doors all on the same side, from the equal division of boels.
viollet_dictionnaire	frwikisource	Maison	0	Maison.medievale.Eure.png	Weakened survival of the Norman timber tradition still to be seen in the countryside of the Eure	perspective	no	FIGURE	https://upload.wikimedia.org/wikipedia/commons/2/25/Maison.medievale.Eure.png	fig. 43 | DRAWING: perspective view | FACTORY: The one French case that matches the English open hall: single tall room, central hearth, timber smoke flue, no upper floor. Note it is RURAL Normandy, not urban France. Decorated ridge poincons plus a carved crest board is a strong silhouette asset.
viollet_dictionnaire	frwikisource	Maison	0	Maison.medievale.Vosges.png	Peasant house of the Vosges, near Gerardmer and Retournemer: plan and view	perspective	yes	VERIFIED	https://upload.wikimedia.org/wikipedia/commons/2/27/Maison.medievale.Vosges.png	fig. 43bis | DRAWING: plan + perspective | SEEN: Plan A at ground level: entrance hall B, from which one passes either into the great room C or into the back room D which holds the only stair up to the roof storey. It is in C, lit from both ends, that the whole household gathers for meals and the evening, and where food is prepared. Verified in the view: low broad log-built (empilage) walls on a stone plinth; the roof covered in thin slabs and weighted down with loose stones, with long poles laid over it; the log courses visible in the gable; the windows all in the gable frames; a masonry chimney through the roof. Scaled off the vertical 10 m bar: about 15 m long x 10 m deep. | FACTORY: Stated numbers: three rooms on the ground and four under the roof; a plinth of large sandstone blocks about 1.00 m high; the great chimney with jambs, fireback, hood and flue in masonry is, with the socles, the ONLY non-timber part; covering of tiles or schistose sandstone, loaded with stones. A pan de bois runs down the middle of the length carrying the tops of the rafters, and it and the two lateral frames oversail both gables in corbelling to form pronounced auvents; a joisted floor bears on those three parallel frames; light comes only through the gable frames. That is a complete, closed generator spec.
viollet_dictionnaire	frwikisource	Maison	0	Maison.medievale.Toulouse.png	Rural house of the plains of Toulouse / Ariege / Aude near Limoux, relatively old, i.e. 15th c	perspective	no	FIGURE	https://upload.wikimedia.org/wikipedia/commons/e/e8/Maison.medievale.Toulouse.png	fig. 44 | DRAWING: perspective view | FACTORY: The Mediterranean rural type: shallow, wide, oriented, with an attached open lean-to. Orientation is stated as a design input, unlike the northern types.
viollet_dictionnaire	frwikisource	Maison	0	Maison.medievale.mediterranee.png	Fortified rural house known as the Maison du brigand at Le Cannet near Cannes, half-way up the slope about 4 km from the sea	perspective	yes	FIGURE	https://upload.wikimedia.org/wikipedia/commons/6/6a/Maison.medievale.mediterranee.png	fig. 45 | DRAWING: perspective view | FACTORY: Isolated defensible farmstead: vertical circulation by ladder and trap only, no ground-floor door, hopper machicolations. Viollet says these were more likely pirates' than farmers' houses. Similar ones survive in Corsica.
viollet_dictionnaire	frwikisource	Maison	0	Maison.medievale.Bordeaux.png	Fortified rural house near Bordeaux, formerly surrounded by a water-filled ditch	perspective	no	FIGURE	https://upload.wikimedia.org/wikipedia/commons/c/ca/Maison.medievale.Bordeaux.png	fig. 46 | DRAWING: perspective view | FACTORY: Viollet suspects these date from the English domination in Guienne and compares Wenham Hall in Suffolk, a small brick house of the end of the 13th c on the same system: a parallelogram with a spiral stair in a corner turret, raised entrance, steps engaged in the wall. A direct Anglo-French comparison, and a ready tower-farm asset: one room per floor, chimney each, trap to cellar, corner vis.
viollet_dictionnaire	frwikisource	Construction -- Voutes	0	Schema.calcul.voute.XVIe.siecle.png	The 16th-century geometrical rule for the thickness of an abutment, shown for three arch forms (near-semicircular, moderately pointed, sharply pointed)	diagram	no	VERIFIED	https://upload.wikimedia.org/wikipedia/commons/0/09/Schema.calcul.voute.XVIe.siecle.png	fig. 32 bis | DRAWING: Construction / geometric diagram | SEEN: Three stacked panels, identical construction each time. Springing line A-B; the arch curve is divided into three equal parts giving D (upper left) and C (upper right); a dashed circle arc is swung from centre B with radius = chord BC; the chord C-B is produced downward-right to meet that arc at E; a vertical through E gives the outer face G, a vertical through B the inner face H; the pier thickness is the horizontal distance GH. Measured off the plate the ratio thickness/span falls as the arch sharpens: roughly 0.23, 0.19, 0.175 of the span for panels 1, 2, 3. For a TRUE semicircle the construction closes exactly at thickness = R/2 = span/4 (E lands at x=1.5R, y=-0.866R), and the measured 0.23 for panel 1 is consistent with a slightly pointed drawn arch. | FACTORY: Directly implementable: buttress_depth = f(arch_form). Semicircle -> span/4. Two-centred -> less, scaling with sharpness. Note Viollet's own validity limit: only for piers of equal height not exceeding 1.5x the arch base.
viollet_dictionnaire	frwikisource	Construction -- Voutes	0	Schema.poussee.voute.romane.png	Roman semicircular barrel vault: pressure curve AB, thrust BC, wall height FD, required thickness CD, and the 'useless' triangle of masonry EDF	section	no	FIGURE	https://upload.wikimedia.org/wikipedia/commons/0/0a/Schema.poussee.voute.romane.png	fig. 33 | DRAWING: Coupe (section) / thrust diagram | FACTORY: Gives the Gothic-vs-Roman wall-mass argument as a shape subtraction: the Roman wall contains a triangle of stone the thrust line never uses.
viollet_dictionnaire	frwikisource	Construction -- Voutes	0	Schema.nef.gothique.png	Half-section of a three-aisled Gothic nave, with the plan diagram of thrust resolution inset at lower left	plan+section	no	VERIFIED	https://upload.wikimedia.org/wikipedia/commons/5/5d/Schema.nef.gothique.png	fig. 34 | DRAWING: Coupe (section) + plan diagram | SEEN: Lower left inset: three oblique thrusts BA, CA, DA meeting at A and resolving in plan into AE. In section: springing G, a freehand dotted thrust line G-H descending through the springer T, past the corbelled capital M at O and the capital at I, reaching the floor at H, clearly OUTBOARD of the axis P of the lower monocylindrical column. K = the flying buttress springing from the buttress head R. L = the aisle vault, its thrust bearing on column P. R-S = the superimposed vertical load. The corbelled capitals visibly step OUTWARD going up so their projection follows the direction GH. | FACTORY: Assembly rule: the pier is a stack of corbelled (en decharge) capitals whose successive offsets track a straight oblique line from vault springing to floor; the offset per storey is the parameter. Flag: the thrust line is drawn by eye, never computed.
viollet_dictionnaire	frwikisource	Construction -- Voutes	0	Detail.plan.abside.eglise.Notre.Dame.du.Port.png	Plan slice of the apse and ambulatory of Notre-Dame-du-Port, Clermont: how a groin is obtained on a radial (trapezoidal) bay by stilting the narrower arch	plan	no	VERIFIED	https://upload.wikimedia.org/wikipedia/commons/5/53/Detail.plan.abside.eglise.Notre.Dame.du.Port.png	fig. 36 | DRAWING: Detail plan | SEEN: The annular barrel CC' over the ambulatory; a wide half-cylinder A penetrating it over the outer opening HF, and a narrower one B over the inner opening EG. Their penetrations give the crossed plan lines EF and GH. Because the portico is on a circular plan, HF > EG; a semicircle on EG would crown far below the one on HF and would give no groin at all, only a small cylinder piercing a large one. The fix drawn here: the arch on EG is STILTED, shown by the rabattement IKM taking a rise NM equal to the rise OP of the wide arch, so both crowns M and P land on one horizontal line - which in turn fixes the rise of the annular barrel CC'. Four columns R, S, T, V with their tailloirs at one level. | FACTORY: Radial-bay generator rule: given two unequal spans that must crown level, stilt the narrower arch by (rise_wide - semicircular_rise_narrow) rather than changing its radius. Directly parameterisable.
viollet_dictionnaire	frwikisource	Construction -- Voutes	0	Colonne.cathedrale.Langres.png	Springing of the ambulatory vaults on a monocylindrical column, choir of Langres cathedral: the wedge-shaped tailloir and the three superposed springers	perspective	no	VERIFIED	https://upload.wikimedia.org/wikipedia/commons/4/4e/Colonne.cathedrale.Langres.png	fig. 37 | DRAWING: Perspective + plan inset | SEEN: Monocylindrical shaft with a quasi-Roman Corinthian capital. Plan inset X: the tailloir has two NON-PARALLEL sides forming a wedge (coin), so the intrados of the archivoltes A stays a true portion of a cylinder rather than a warped surface; on the ambulatory side the tailloir plan is a broken line to give a projecting seat to the arc doubleau B. Above the tailloir a corbelled projection C. THREE springers one above the other: the first two E and F have horizontal beds, the third G carries the cuts normal to the rib curves. The arc ogive D barely clears the mass and has to be embedded between the voussoirs of the archivoltes and doubleaux; the second arch I is thrown above the ogive, once the ogive has cleared the springers, to double the archivolte A because the wall over it is thick and carries a cul-de-four. Web courses in the ramping cells run roughly parallel to the wall arch. | FACTORY: Two hard rules: (1) wedge-shaped abacus keeps rib intrados cylindrical on radial plans, at the cost of an ugly capital that is sharper on the ambulatory side; (2) springer stack = N courses with horizontal beds then one with radial cuts. Both are cheap to parameterise.
viollet_dictionnaire	frwikisource	Construction -- Voutes	0	Voute.cathedrale.Langres.png	Section of the ramping ambulatory vault at Langres: the inclined ridge line, the roof slope A, the gallery B	section	no	FIGURE	https://upload.wikimedia.org/wikipedia/commons/9/96/Voute.cathedrale.Langres.png	fig. 39 | DRAWING: Coupe (section) | FACTORY: Ramping-vault generator: crown line is a straight incline between two unequal crowns; the roof slope and gallery floor are consequences, not independent choices.
viollet_dictionnaire	frwikisource	Construction -- Voutes	0	Calcul.poussee.voute.png	Method 1, USING the thrust: monolithic corbel stones tailed into the buttress, set on the thrust line itself, so the oblique load is drawn off along its own direction	section	no	VERIFIED	https://upload.wikimedia.org/wikipedia/commons/a/ab/Calcul.poussee.voute.png	fig. 40 | DRAWING: Coupe (section) / construction diagram | SEEN: Section with a human figure at lower left for scale (~1.7 m, making the drawn section roughly 13-14 m tall). The high vault springs at A on a bundle of en-delit shafts standing on pier X. A dotted straight thrust line runs from A down to B, leaving the line of the pier and passing INTO the buttress mass, reaching the ground at B well outboard of E, the axis of the lower shaft. Two large single stones C and D are corbelled out at exactly the level where that line crosses the pier, and are tailed (engagees a la queue) into the buttress behind, so the oblique load is delivered straight into the buttress instead of into the shaft below. Below them the pier continues as a slender shaft down to E, carrying no oblique load at all. Flying buttress G lands on the pier head. Buttress wall at the right with a water-spout. | FACTORY: A distinctive assembly pattern worth generating: a slender lower shaft that does NOT continue the load path, interrupted by two monolithic corbel stones that hand the thrust sideways into the buttress. Note Viollet's claim that this is STRONGER than a full pier under the springer - a bending-resistance claim about a single stone, which should be flagged rather than repeated.
viollet_dictionnaire	frwikisource	Construction -- Voutes	0	Calcul.poussee.voute.2.png	Method 2, the 'methode preventive': oppose thrust AB with a weaker opposite thrust CD and load the two springings with a weight E, converting both obliques into a vertical	diagram	no	FIGURE	https://upload.wikimedia.org/wikipedia/commons/5/58/Calcul.poussee.voute.2.png	fig. 40 bis | DRAWING: Construction diagram | FACTORY: Two-mode buttressing model for a generator: OPPOSE (flyer) vs PREVENT (asymmetric spans + superimposed dead load). Choose per storey.
viollet_dictionnaire	frwikisource	Construction -- Voutes	0	Plan.travee.abside.Notre.Dame.Chalons.png	Plan of one apse bay of Notre-Dame de Chalons-sur-Marne at four levels: A ground, B vaulted first-floor gallery, C triforium, D vault springings	plan	no	FIGURE	https://upload.wikimedia.org/wikipedia/commons/6/64/Plan.travee.abside.Notre.Dame.Chalons.png	fig. 41 | DRAWING: Plan (4 levels) | FACTORY: Two reusable tricks: (1) insert extra columns to convert trapezoids into parallelograms; (2) polygonal inside / circular outside, so wall arcs are straight in plan while the envelope stays round.
viollet_dictionnaire	frwikisource	Construction -- Voutes	0	Collateral.Notre.Dame.Chalons.png	Perspective of the Chalons ambulatory with a chapel entrance; single isolated capital receiving all the ribs	perspective	no	FIGURE	https://upload.wikimedia.org/wikipedia/commons/a/a9/Collateral.Notre.Dame.Chalons.png	fig. 42 | DRAWING: Perspective | FACTORY: Threshold rule: below a certain abacus area you must switch from side-by-side voussoirs to one interpenetrated springer stone.
viollet_dictionnaire	frwikisource	Construction -- Voutes	0	Coupe.collateral.Notre.Dame.Chalons.png	Section through the choir of Notre-Dame de Chalons-sur-Marne on line MN: aisle, vaulted gallery, triforium, clerestory, two tiers of flyers	section	yes	VERIFIED	https://upload.wikimedia.org/wikipedia/commons/e/ee/Coupe.collateral.Notre.Dame.Chalons.png	fig. 43 | DRAWING: Coupe (section) + detail U | SEEN: Monocylindrical column A; aisle archivolte and vault springing B; RAMPING gallery vault G whose formeret C, being wider at the base than the archivolte D, crowns higher and so opens large windows; triforium E; roof F over the gallery. Monolithic shafts set EN DELIT (against the natural bed) around a coursed core - shaft H at aisle level, engaged column I at gallery level, column V standing on the outer triforium wall 'comme une forte chandelle de charpente'. Lower flyer L carrying the gallery vault thrust out to a remote abutment; upper flyer S springing not from the wall face M but ADVANCED to O, giving a deep abutment O-P; extra load R on the abutment; arch Q thrown under the springer T which acts as a lintel in the triforium. Pier X is corbelled OUT over the lower column Y. Detail U: the flyer voussoirs pass toward the arch centre above column V as if it did not exist, and a simple stone wedge (cale a) fills the angle between the abacus and the voussoirs. Scale bar at lower left: 5 m in five 1 m graduations. | FACTORY: The most implementable elevation in the article. Also the plate to measure from: in the 602x1036 Commons PNG the 5 m bar spans about 195 px, i.e. ~39 px/m (cross-checked against the two human figures at ~1.65 m). From that the column A shaft reads ~1.0 m diameter and ground-to-abacus ~3.7 m, vault springing ~14.5 m - measured from the plate, +/-10%, NOT from the text. | VERIFICATION: re-opened. Detail U, the stone wedge a between abacus and voussoirs, flyers L and S, column V on the triforium wall, pier X corbelled over Y, the 5 m bar and the two human figures are all present as described. But the anticipated-settlement INTENT read into them is Viollet's conjecture and he concedes 'trop subtil' - model the geometry, discard the mechanism.
viollet_dictionnaire	frwikisource	Construction -- Voutes	0	Detail.plan.sanctuaire.cathedrale.Paris.png	Plan of the circular part of the choir of Notre-Dame de Paris (c.1165) with its double ambulatory; inset X = axonometric of a triangular vault cell	perspective	no	VERIFIED	https://upload.wikimedia.org/wikipedia/commons/c/cd/Detail.plan.sanctuaire.cathedrale.Paris.png	fig. 44 | DRAWING: Detail plan + axonometric inset | SEEN: Quarter/half plan. The hemicycle stands on SIX piers, the second ring has ELEVEN, the third FOURTEEN. Result: the archivoltes AB, BC and the doubleaux DE, EF, GH, HI, IP are all planted on nearly equal diameters, so all crowns reach one level. The ambulatory cells are TRIANGULAR in plan and each is covered on a SINGLE diagonal rib (BE, EC, FI, IE, EH, HD) - no crossed pair. Heavy buttresses K, L, M (drawn solid black, deep) alternate with lighter intermediate ones O, R, S. Inset X shows one triangular cell in axonometric with its web hatched. | FACTORY: Direct generator recipe for a double ambulatory: pier counts 6 : 11 : 14; alternate heavy/light buttresses; triangular cells with one diagonal each; the extrados carries a walkable floor falling outward. Main thrusts and loads go to KLM, secondary to ORS.
viollet_dictionnaire	frwikisource	Construction -- Voutes	0	Detail.plan.sanctuaire.Saint.Leu.Esserent.png	Plan of the Saint-Leu-d'Esserent hemicycle: four monostyle columns, two stout and two slender	plan	no	FIGURE	https://upload.wikimedia.org/wikipedia/commons/1/10/Detail.plan.sanctuaire.Saint.Leu.Esserent.png	fig. 45 | DRAWING: Detail plan | FACTORY: Two real column diameters with a date and a building.
viollet_dictionnaire	frwikisource	Construction -- Voutes	0	Sanctuaire.eglise.Saint.Leu.Esserent.png	Perspective of two circular-plan bays at Saint-Leu-d'Esserent carried on the 0.50 m columns	perspective	no	FIGURE	https://upload.wikimedia.org/wikipedia/commons/e/ee/Sanctuaire.eglise.Saint.Leu.Esserent.png	fig. 45 bis | DRAWING: Perspective | FACTORY: Extreme-slenderness datum: 0.50 m shaft under a full clerestory, stabilised by vertical load plus circular plan. Good as an upper-bound stress test for a pier generator.
viollet_dictionnaire	frwikisource	Construction -- Voutes	0	Base.colonne.gothique.png	The naive early springing: the first voussoirs of doubleau, two ogives and two formeret shafts simply arranged side by side on a broad abacus	perspective	no	VERIFIED	https://upload.wikimedia.org/wikipedia/commons/e/ed/Base.colonne.gothique.png	fig. 46 | DRAWING: Perspective + detail B | SEEN: Axonometric of an abacus carrying, jigsaw-fashion, the separate moulded first voussoirs of several arches; their tails (queues) are visibly CLIPPED (ecornees) at A so they can sit beside each other and stay within their bed. At the right, the round base of the formeret shaft sits FLUSH with the abacus edge. Detail B (left) shows the setting-out: the front of the voussoirs/springers is always plumb with the upper square of the capital's corbeille; the square of the formeret shaft base is set flush with the abacus so the shaft face comes plumb with the corbeille square. | FACTORY: Two hard plumb-line rules for the springing, and the failure mode of the method: needs a wide seat and a very splayed capital; gives crushable springers with no cohesion; and diffuses the thrust so no single resultant can be located.
viollet_dictionnaire	frwikisource	Construction -- Voutes	0	Plans.claveaux.divers.png	Rib voussoir sections: on edge vs flat, and the evolution of the profile envelope	plan+section	no	VERIFIED	https://upload.wikimedia.org/wikipedia/commons/7/7e/Plans.claveaux.divers.png	fig. 47 | DRAWING: Plan/section of voussoirs | SEEN: A = a voussoir set on edge (tall, narrow); B = the same cross-sectional area laid flat (wide, shallow) - A resists pressure far better. C = the mid-12th-century square envelope with mouldings inscribed, drawn as a full square. D/E-F-G = the later ogive section: narrower from E to F, keeping depth to G, its outer arris only a blunt edge or a plain roll (boudin) at G so the skew springing on the abacus no longer produces warped surfaces. H/L-I-M-K = the later doubleau section: great depth on edge from I to K, with enough flat width L to M to resist torsion, torsion being already restrained by the web. | FACTORY: Rib profile generator: bounding box parameterised as (width, depth) with depth dominant; width shrinks over time while depth is kept; outer arris blunted to ease skew springings. Section side lengths given in the text: 0.22 / 0.33 / 0.50 m.
viollet_dictionnaire	frwikisource	Construction -- Voutes	0	PSEUDO-ENTRY (no separate Commons file identified)	Why springers must have horizontal beds: an upper pier B standing over a vault C, with and without a tas-de-charge	diagram	no	FIGURE		fig. 46 bis | DRAWING: Construction diagram | FACTORY: A load-path constraint that DERIVES the tas-de-charge: the vertical footprint of everything standing above the springing must land on a horizontal bed.
viollet_dictionnaire	frwikisource	Construction -- Voutes	0	Schema.arcs.ogives.barlongs.png	Setting out the arches of an oblong (barlong) bay: give the ogive and the doubleau the SAME radius	diagram	no	VERIFIED	https://upload.wikimedia.org/wikipedia/commons/a/a8/Schema.arcs.ogives.barlongs.png	fig. 48 | DRAWING: Construction diagram | SEEN: Rectangle with A top-left, E top-right, C bottom-right, D at the centre. The rabatted diagonal AC is the full semicircle A-B-E (a plein cintre on the diagonal, radius AD = half the diagonal). For the doubleau on AE: carry AD along AE to get F, strike arc AG from F with radius FA = AD; carry AF from E to F' and strike EG from F'. The doubleau is therefore a two-centred (tiers-point) arch of the SAME radius as the diagonal, its crown G reaching close to the diagonal crown. | FACTORY: One-line generator rule: R_doubleau = R_ogive = 0.5 * bay diagonal, two centres offset from each springing by that same radius. Yields identical voussoir cuts for both ribs and near-level crowns without any trial and error.
viollet_dictionnaire	frwikisource	Construction -- Voutes	0	Schema.arcs.ogives.barlongs.2.png	The full epure for the springer of a barlong bay: how the abacus plan is DERIVED from the springer bed, not chosen	epure	no	VERIFIED	https://upload.wikimedia.org/wikipedia/commons/e/ef/Schema.arcs.ogives.barlongs.2.png	fig. 48 bis | DRAWING: Epure (setting-out drawing), plan + rabatted elevations | SEEN: Right: A is set on the wall face; AD along the doubleau directrix equals the thickness of the doubleau voussoir and becomes the radius of the semicircle D'DD'; the doubleau section is drawn on plan; two parallels EF are drawn to the ogive directrices AC at a spacing equal to the ogive voussoir width, giving the ogives in plan; the points G where the ogive axes meet the semicircle D'DD' are taken as the ogive intrados. That contour IS the lower bed of the first springer. Only THEN is the abacus drawn - either square-return I-K-L or star-shaped I'-K'-L'. The leftover gaps H receive the formeret shafts. A single capital and a single column M can stand under it, the capital being a corbelled console throwing three baskets out of one astragal. Upper: the rabatted doubleau on NO and ogive on AC; P is where they cease to interpenetrate in plan; perpendiculars PP' and PP' give Q on the doubleau extrados, which is the level of the LAST springer bed; PQ is divided into courses (three shown: R, S, T and R', S', T'); at Q the first radial cut QV is drawn, above which voussoirs U are independent. Because the ogive is thinner than the doubleau, a small horizontal ledge remains behind its extrados at Q', useful for starting the web. Left: the bed contours a, b, c, e transferred to plan for the setter-out, with the inclined cuts d. | FACTORY: The single most valuable figure for a rib-springing generator. Ordered algorithm: (1) wall face point A; (2) doubleau voussoir thickness -> radius of the bundling circle; (3) ogive voussoir width -> parallel pair; (4) intersect -> springer bed outline; (5) abacus = offset of that outline (square or star variant); (6) leftover gaps -> formeret shafts; (7) find the plan point P where the ribs separate, project to Q on the extrados, divide PQ by bank height into N horizontal beds; (8) radial cuts above Q. Tightening the ogive axes toward A (sometimes meeting AT A) is the knob for a tighter bundle.
viollet_dictionnaire	frwikisource	Construction -- Voutes	0	Sommier.arc.ogive.barlong.png	The three superposed moulded springers of fig. 48 bis seen in perspective, plus the first free voussoirs	perspective	no	VERIFIED	https://upload.wikimedia.org/wikipedia/commons/6/61/Sommier.arc.ogive.barlong.png	fig. 48 ter | DRAWING: Perspective / detail | SEEN: Three stacked springer blocks A, B, C on a foliate capital with an octagonal abacus. Each is one stone whose top bed carries the horizontally sliced, interpenetrating mouldings of all the ribs; the profiles are visibly MORE SEPARATED on each successive bed. C carries the cuts normal to the rib curves. Above, detached: D = a doubleau voussoir, D' = an ogive voussoir, henceforth identical to one another all the way to the keystone. | FACTORY: Confirms the assembly order and gives the visual law: the rib profiles emerge progressively out of a solid mass. A generator should compute, per bed height, the boolean union of the rib profiles swept to that level - the union is one blob at the bottom and N separate profiles at the top. | VERIFICATION: confirmed - three stacked one-piece springers A, B, C on a foliate capital, rib profiles progressively more separated on each higher bed, free voussoirs D (doubleau) and D' (ogive) detached above. Supports the 'abacus is DERIVED' claim, incl. Viollet's own parenthesis '(seulement alors)'.
viollet_dictionnaire	frwikisource	Construction -- Voutes	0	Schema.arcs.ogives.differentes.hauteurs.png	Vaulting an irregular hall: one row of piers, a wide bay A-B and a narrow one between pier B and wall CD, with all crowns stepping down imperceptibly	plan	no	FIGURE	https://upload.wikimedia.org/wikipedia/commons/2/2a/Schema.arcs.ogives.differentes.hauteurs.png	fig. 49 | DRAWING: Plan + rabatted arches | FACTORY: Explicit aesthetic constraint that becomes a generator constraint: crown heights across adjacent unequal bays must form a monotone, near-continuous sequence; permitted knobs are stilting the springing and pushing the diagonal slightly above semicircular.
viollet_dictionnaire	frwikisource	Construction -- Voutes	0	Sommiers.arcs.ogives.differentes.hauteurs.png	Four superposed springers on one column where the arches spring at different heights: springer courses carrying 1, 2, 0 and 5 rib cuts	perspective	no	VERIFIED	https://upload.wikimedia.org/wikipedia/commons/f/fc/Sommiers.arcs.ogives.differentes.hauteurs.png	fig. 49 bis | DRAWING: Perspective / detail | SEEN: Monocylindrical column, foliate capital, octagonal abacus, then FOUR springer courses. A = first springer, carrying the cut of ONE arch (doubleau EF). B = second, with the two cuts of the ogives EI. C = third, its upper bed COMPLETELY HORIZONTAL with no cuts at all. D = fourth, carrying the cuts of FIVE arches (two doubleaux PN, two ogives KL and the doubleau from pier A to pier B). Marked R on several courses: the RENFORTS - nibs of stone left in the springer courses behind the free voussoirs to receive the moellon web. | FACTORY: Proves the springer stack is a per-course table, not a uniform extrusion: course -> set of rib footprints (possibly empty). Plus the renfort: every springer course needs a web-bearing nib behind each freed rib. Both are cheap to encode.
viollet_dictionnaire	frwikisource	Construction -- Voutes	0	Schema.arc.ogive.salle.irreguliere.png	Vaulting an irregular quadrilateral with windows at very different heights - the fully parameterised case	perspective	no	VERIFIED	https://upload.wikimedia.org/wikipedia/commons/8/84/Schema.arc.ogive.salle.irreguliere.png	fig. 49 ter | DRAWING: Axonometric + plan | SEEN: Irregular quadrilateral ABCD (A top-left, D right, B left, C bottom). The midpoints of the four sides are joined by GH and IK; their intersection F is the plan projection of the ogive crown. A vertical FE is raised and the crown level L chosen on it. The four ogives are then drawn as CIRCLE PORTIONS AL, BL, CL, DL, whose plan projections are AF, BF, CF, DF. The tall pointed formeret at the left is the 10 m window on face AB; a low semicircular formeret springing from the FLOOR ITSELF is drawn on the 8 m face CD. The dotted lines MN, OP, QR, ST are the ridge lines of the four web cells; the central keystone is assumed already placed. | FACTORY: The cleanest generator contract in the article: inputs = arbitrary convex quadrilateral + one crown height + per-face formeret crown heights; construction = midpoint lines to find the crown in plan, then one circular arc from each corner to the crown. Everything else (ridges, web) follows.
viollet_dictionnaire	frwikisource	Construction -- Voutes	0	Plans.arcs.ogives.salles.polygonales.png	Polygonal halls: pentagon, hexagon, octagon, canted-corner square, decagon - each divided into triangles by ribs from the re-entrant angles to the centre	plan	no	VERIFIED	https://upload.wikimedia.org/wikipedia/commons/5/5f/Plans.arcs.ogives.salles.polygonales.png	fig. 50 | DRAWING: Plans (5 variants) | SEEN: Five plans stacked. In each, every re-entrant angle of the polygon is joined to the centre; those lines are the plan projections of the ogives, the polygon sides are the plan projections of the formerets. The 4th variant is a square with canted corners, which reads as an irregular octagon. | FACTORY: Trivial but exact: n-gon -> n triangular cells, one rib per vertex to the centre. Formeret crowns may sit above OR below the central crown as needed.
viollet_dictionnaire	frwikisource	Construction -- Voutes	0	Plans.arcs.ogives.salles.polygonales.2.png	Apse termination on a parallelogram: make the straight bay equal to one polygon side	plan	no	VERIFIED	https://upload.wikimedia.org/wikipedia/commons/a/a7/Plans.arcs.ogives.salles.polygonales.2.png	fig. 51 | DRAWING: Plan | SEEN: The nave rectangle ends in a polygonal apse. A straight bay A-A is made EQUAL in length to one polygon side B-C, so the crown D is equidistant from B, C and E, and the triangles BCD and CED have BD = CD = ED. The arches A-D abut the radiating arches BD, CD, ED. All cells are triangles. | FACTORY: Sizing rule: last straight bay length = polygon side length. This is the condition that makes all radiating ribs equal and all crowns level, so it should be a hard constraint in an apse generator.
viollet_dictionnaire	frwikisource	Construction -- Voutes	0	Plans.arcs.ogives.salles.polygonales.3.png	The vicious exception: radiating ribs butting on the crown of a transverse arch, and the repair	plan	no	VERIFIED	https://upload.wikimedia.org/wikipedia/commons/8/87/Plans.arcs.ogives.salles.polygonales.3.png	fig. 51 bis | DRAWING: Plan | SEEN: Half of a ten-sided polygon. All the radiating ribs butt their heads at D', which sits on the crown of the doubleau GH and is NOT itself abutted, so they can warp GH. Drawn repair: two extra ogive branches ID' and RD' thrown from the corners of the last straight bay to abut D' powerfully. | FACTORY: A named failure mode with a named fix. A generator should detect 'radiating ribs converge on an unabutted point of another arch' and insert the two counter-branches.
viollet_dictionnaire	frwikisource	Construction -- Voutes	0	Plan.porche.eglise.Notre.Dame.Dijon.png	Plan of the porch of Notre-Dame de Dijon: arches of very unequal span with ALL crowns levelled, because a flat first-floor pavement sits on top	plan	no	FIGURE	https://upload.wikimedia.org/wikipedia/commons/e/e9/Plan.porche.eglise.Notre.Dame.Dijon.png	fig. 52 | DRAWING: Plan with rabatted arches | FACTORY: The complementary case to fig. 49 ter: fix all crowns to one plane and let the SPRINGING heights vary. Rule: springing_height = crown_level - rise(span), so wide arches spring lower.
viollet_dictionnaire	frwikisource	Construction -- Voutes	0	Detail.porche.eglise.Notre.Dame.Dijon.png	Perspective of pier M at the Dijon porch: one doubleau springing far below the others, its capital placed to suit	perspective	no	FIGURE	https://upload.wikimedia.org/wikipedia/commons/3/3e/Detail.porche.eglise.Notre.Dame.Dijon.png	fig. 53 | DRAWING: Perspective / detail | FACTORY: Pier generator: capitals at multiple levels on one shaft, each level serving the arches whose spring height it matches.
viollet_dictionnaire	frwikisource	Construction -- Voutes	0	Plan.pilier.cathedrale.Peterborough.png	Horizontal section of a Romanesque pier at Peterborough with the abacus plan and the lower bed traces of every arch	plan+section	no	FIGURE	https://upload.wikimedia.org/wikipedia/commons/7/70/Plan.pilier.cathedrale.Peterborough.png	fig. 54 | DRAWING: Plan | FACTORY: Anglo-Norman early-12c rule and a dating marker: segmental diagonals (less than a semicircle) to keep the diagonal crown DOWN, the exact inverse of the later French practice. Also: capitals divided into as many members as there are arches.
viollet_dictionnaire	frwikisource	Construction -- Voutes	0	Detail.pilier.cathedrale.Peterborough.png	Perspective of the Peterborough capital with the arch springings, and the geometral drawing of the ogive branch A, the common springer and the capital corbellings	perspective	no	FIGURE	https://upload.wikimedia.org/wikipedia/commons/f/fb/Detail.pilier.cathedrale.Peterborough.png	fig. 54 bis / 54 ter | DRAWING: Perspective + geometral | FACTORY: Anglo-Norman variant of the springer: capital split into one member per arch, corbelled out from the pier section.
viollet_dictionnaire	frwikisource	Construction -- Voutes	0	Plan.arc.ogive.et.arc.doubleau.png	THE web epure: how the courses of the moellon web are set out for a square bay crossed by an intermediate doubleau	epure	yes	VERIFIED+CORRECTED	https://upload.wikimedia.org/wikipedia/commons/5/5b/Plan.arc.ogive.et.arc.doubleau.png	fig. 55 | DRAWING: Epure (setting-out drawing), plan with rabatted extradoses | SEEN: Quarter plan, A at the corner, C the crown, D and E on the sides. Rabatted on the plan: the formeret extrados as the broken curve A-F-D including its raised (vertical) springing; the principal doubleau as E-G; the ogive as the exact quarter-circle A-I; the intersecting doubleau as D-H. A scale bar X-X' at the left is the width of a hand-manageable moellon. The formeret half A-F is stepped off with that unit, giving four rows and division points L, M, N; those are brought back onto the plan line AD as L', M', N'. The ogive half A-I is then divided into FOUR EQUAL PARTS - equal in number, not in size - giving O, P, Q, brought back to O', P', Q' on AC. Joining N'-O', M'-P', L'-Q', K-C by STRAIGHT lines gives the horizontal projections of the VERTICAL PLANES in which the intrados joints of the web courses must lie. The lower triangle ECJ is done the same way but with SIX divisions (U, V, Z and Y, Y', Y'), because the principal doubleau commands there. Rise conditions stated: with a semicircular ogive, the intersecting doubleau must have a rise CH equal to the radius CI; the principal doubleau a rise JG LESS than CI; the formeret, including its raised springing, a rise KF less than that of the principal doubleau. | FACTORY: The core web-coursing algorithm, fully specified: (1) the WALL ARCH commands - divide its rabatted extrados by the moellon width to get the course count n; (2) divide the diagonal's rabatted extrados into the SAME n parts (which are therefore larger); (3) join corresponding points; (4) each joint arris lies in a vertical plane. Also a rise ordering constraint: rise(intersecting doubleau) = R_ogive > rise(principal doubleau) > rise(formeret incl. stilting). | VERIFICATION: all joint lines (N'O', M'P', L'Q', K-C) confirmed running from the formeret plan line AD across to the diagonal AC, the last being the ridge K-C. The rise-ordering chain is verbatim. CORRECTION: Viollet divides the extrados of the HALF formeret - 'combien l'extrados du demi arc formeret AF, compris sa naissance verticale, contient de fois XX' : soit quatre fois' - so n=4 is courses PER HALF-CELL. The reader's headline said 'the formeret', which halves the course density. Note also the wikisource transcription reads 'conformement a l'epure tracee fig. 50' where it must mean fig. 55.
viollet_dictionnaire	frwikisource	Construction -- Voutes	0	Fermeture.triangle.voute.gothique.png	The mason's master template arc drawn on a board: chord C'K' with rise ab	detail	no	VERIFIED+CORRECTED	https://upload.wikimedia.org/wikipedia/commons/9/9c/Fermeture.triangle.voute.gothique.png	fig. 56 | DRAWING: Detail / template | SEEN: A nearly flat circular arc struck through three points C', b, K'. The chord C'K' is the length from the ogive crown to the formeret crown (CK or CJ of fig. 55); the perpendicular ab erected at its midpoint is the stated rise, 0.50 m. Nothing else on the plate. | FACTORY: Replaces the whole epure on site. The mason measures each course length with a string, lays that length off as a chord on this arc, reads the resulting rise, and uses it for that course. One number (0.50 m rise) drives every course of the cell. | VERIFICATION: the 0.50 m rise is an EXAMPLE value, not a constant - 'Le constructeur dit, PAR EXEMPLE : la ligne CK ... aura 0,50 c. de fleche'. The reader's figure note said 'one number drives every course of the cell' without the hedge; its dimensions entry had it right.
viollet_dictionnaire	frwikisource	Construction -- Voutes	0	Fermeture.triangle.voute.gothique.2.png	The first third of a web cell rising 'like a wall' without any support	perspective	no	VERIFIED	https://upload.wikimedia.org/wikipedia/commons/c/cb/Fermeture.triangle.voute.gothique.2.png	fig. 57 | DRAWING: Perspective / detail | SEEN: A springing seen from below-inside: the tas-de-charge with its horizontal beds, the ribs freeing themselves and running up as coursed voussoirs, and between them the first courses of the moellon web - laid with nearly horizontal beds, coursed like ordinary walling, standing unsupported. Stippling marks the mortar. Base moulding and plinth below. | FACTORY: Confirms the staged web build: cell = [zone 1, near-vertical, built as walling, no support] + [zone 2, built on the sliding cerce]. The boundary is at about one third of each side of the triangle. | VERIFICATION: confirmed - coursed near-horizontal-bedded rubble rising between the ribs. Text says 'au MOINS un tiers' (at least a third), a lower bound; the reader softened it to 'about one third'.
viollet_dictionnaire	frwikisource	Construction -- Voutes	0	Fermeture.triangle.voute.gothique.3.png	The cerce: the extensible curved board that replaces centering	perspective	no	VERIFIED	https://upload.wikimedia.org/wikipedia/commons/a/a7/Fermeture.triangle.voute.gothique.3.png	fig. 58 | DRAWING: Perspective / tool detail | SEEN: Two thin curved boards overlapping, each with a hollowed central GROOVE (rainure) concentric with the template arc of fig. 56; two keys/wedges C pass through the grooves and are tightened to lock the pair rigid, so the assembly can be LENGTHENED course by course by sliding one board against the other. Iron squares (equerres en fer) A and B are nailed at the outer ends, forming beaks that sit on the points previously marked on the ribs. Board thickness stated in the text as about 0.04 m. | FACTORY: A fully modellable medieval tool, and an important negative: no centering, no lagging, no falsework in the cell. Constraint recorded in the text: the two boards together must be LONGER than the ridge line of the cell, and one of them no longer than the most steeply inclined course that cannot be turned unsupported.
viollet_dictionnaire	frwikisource	Construction -- Voutes	0	Fermeture.triangle.voute.gothique.4.png	Fig. 59: the cerce placed UNDER the joint line between two courses. Fig. 60: why the joint arris must lie in a vertical plane	plan	no	VERIFIED	https://upload.wikimedia.org/wikipedia/commons/3/35/Fermeture.triangle.voute.gothique.4.png	fig. 59 / 60 | DRAWING: Details / geometric proof | SEEN: Fig. 59 (left): a run of moellon courses with the cerce and its key shown fixed beneath the SEPARATING joint line, not beneath the middle of a course. Fig. 60 (right): the cell triangle with A at the top of the vertical springing zone, B and B' at the foot, D at the far corner; near-vertical joint lines fan from the base line B-D up to the hypotenuse A-D; a dashed line C-D crosses them. Inset E = the resulting intrados face (douelle) of one course, a strip visibly wider in the middle than at the ends; inset G = the plan of a course, lens-shaped. | FACTORY: The generator consequence: because the intrados beds trace curves, the developed length of an intermediate section CD exceeds that of the base section DB which set the course count, so the surplus development must be spread over all the courses. Forcing the joint arris into a vertical plane does that automatically. Each web course is therefore a LENS: thicker at mid-length than at either end.
viollet_dictionnaire	frwikisource	Construction -- Voutes	0	Fermeture.triangle.voute.gothique.5.png	Coursing of a hemispherical dome: concentric rings in horizontal projection	plan+section	no	VERIFIED	https://upload.wikimedia.org/wikipedia/commons/9/94/Fermeture.triangle.voute.gothique.5.png	fig. 61 | DRAWING: Coupe + quarter plan | SEEN: A = the section, with voussoirs radiating from the centre; B = a quarter of the horizontal projection, the joints appearing as a family of CONCENTRIC CIRCLES with radial cross joints. | FACTORY: The alternative coursing topology (rings + radials) against which the Gothic web is defined. Needed because Viollet uses it as the ancestor of the Aquitaine and English webs.
viollet_dictionnaire	frwikisource	Construction -- Voutes	0	Plan.claveaux.coupole.png	The first Aquitaine compromise: a web coursed as a DOME with diagonal ribs simply drawn across it	plan	no	VERIFIED	https://upload.wikimedia.org/wikipedia/commons/4/48/Plan.claveaux.coupole.png	fig. 62 | DRAWING: Plan | SEEN: A square bay. The web joints are drawn as complete CONCENTRIC RINGS about the centre, exactly as in fig. 61B, taking no account whatever of the two diagonals, which are drawn straight across corner to corner and merely cross the rings. | FACTORY: The 'fake rib' state: ribs present, coursing ignores them. Text is explicit that such ribs 'ne portent rien, sont meme souvent engages dans les remplissages et maintenus par eux'.
viollet_dictionnaire	frwikisource	Construction -- Voutes	0	Plan.coupole.sur.arcs.ogives.png	The second Aquitaine / Anglo-Norman state: courses sprung FROM the diagonals outward, crossing at the ridge, with a stone nerf added to hide the suture	plan	no	VERIFIED	https://upload.wikimedia.org/wikipedia/commons/4/42/Plan.coupole.sur.arcs.ogives.png	fig. 63 | DRAWING: Plan | SEEN: A square bay with two diagonals and a central boss B. The web courses now take the EXTRADOS OF THE DIAGONALS as their bearing and run outward to the formerets and doubleaux, so that they INTERLEAVE / cross one another along the ridge lines from the formeret crown A to the diagonal crown B. A stone nerf is thrown from B down to F to receive the course ends and mask the sutures. Result: eight triangles instead of four, with a hollow re-entrant arris along AB. | FACTORY: The rival web-coursing rule, and the FUNCTIONAL ORIGIN of the ridge rib: it exists because the courses overlap and because the mason needed a wooden curve along AB to lean each course against. A generator that models this should emit the ridge rib automatically.
viollet_dictionnaire	frwikisource	Construction -- Voutes	0	Plan.voute.francaise.png	The decisive comparison: half a bay coursed by Frenchmen, half by Anglo-Normans	plan	no	VERIFIED+CORRECTED	https://upload.wikimedia.org/wikipedia/commons/2/23/Plan.voute.francaise.png	fig. 64 | DRAWING: Plan | SEEN: One square bay, dotted centre line. LEFT half A: French - the web courses of each triangle run from the wall arch across to the diagonal, roughly perpendicular to the wall arch in plan and fanning slightly, meeting the diagonals and ARRIVING PARALLEL along the ridge. RIGHT half B: Anglo-Norman - the courses run off the diagonals outward, meeting the wall arches and CROSSING each other along the lines from the formeret crowns C, F, E to the diagonal crown D. The single central boss D serves both halves. | FACTORY: The clearest single image of the two coursing topologies. Should be the switch in a web generator: coursing_reference = 'wall_arch' (Ile-de-France, Beauvaisis, Champagne, 2nd half 12c) or 'diagonal' (Aquitaine, Anjou, Maine, England). | VERIFICATION: the two coursing topologies are genuinely as described (left half runs off the wall arches and butts parallel on the ridges; right half runs off the diagonals and interlaces along the ridges). POINT IDENTIFICATION CORRECTED: only C is a formeret crown - 'reunir la clef du formeret C a la clef des arcs ogives D par un nerf saillant masquant la suture formee par la rencontre des triangles de remplissage en moellon ECD, FCD'. E and F sit at the corners of the square where the diagonals land, not at wall-arch crowns; only C-D is the suture masked by the nerve.
viollet_dictionnaire	frwikisource	Construction -- Voutes	0	Voutes.anglo.normandes.gothiques.png	Three axonometrics: the bare Anglo-Norman rib skeleton, the Anglo-Norman web G, the French web H on the same skeleton	perspective	no	VERIFIED	https://upload.wikimedia.org/wikipedia/commons/a/a2/Voutes.anglo.normandes.gothiques.png	fig. 65 | DRAWING: Perspective (3 states) | SEEN: TOP: the bare ossature - two SEMICIRCULAR diagonals, four POINTED (tiers-point) formerets whose crowns sit BELOW the diagonal crown, plus ridge nerves running from each formeret crown to the centre. Viollet's reading: the Anglo-Norman vault is nothing but a hemispherical dome penetrated by four pointed arches. MIDDLE (G): the Anglo-Norman web on that skeleton - courses laid off the diagonals, producing four domical pendentive-like surfaces meeting along the ridges. BOTTOM (H): the French web on an IDENTICAL skeleton - courses laid off the formerets/doubleaux onto the diagonals, producing four distinctly CONCAVE triangular cells. | FACTORY: The best rendering reference in the article: identical rib geometry, two visibly different surfaces. Confirms that ribs alone do not determine the vault surface - the coursing rule does. | VERIFICATION: re-opened and cropped; panel G is a domical ring-coursed surface, panel H shows courses running from the formerets onto the diagonals with sharp concave ridges. Identical ossature, two different webs - the proof plate that rib_layout and web_coursing_rule are independent fields.
viollet_dictionnaire	frwikisource	Construction -- Voutes	0	Plan.voute.eglise.Mouliherne.png	Plan of the first bay of Mouliherne church near Saumur, where BOTH systems occur in one vault	plan	no	FIGURE	https://upload.wikimedia.org/wikipedia/commons/d/d6/Plan.voute.eglise.Mouliherne.png	fig. 66 | DRAWING: Plan | FACTORY: A hybrid test case: rib section = plain semicircular torus; two coursing rules in one bay; decorative ridge nerves that do nothing. Useful as a 'transitional west-of-France' preset.
viollet_dictionnaire	frwikisource	Construction -- Voutes	0	Coupe.voute.eglise.Mouliherne.png	Section of the Mouliherne vault on line GS	section	no	FIGURE	https://upload.wikimedia.org/wikipedia/commons/f/f2/Coupe.voute.eglise.Mouliherne.png	fig. 67 | DRAWING: Coupe (section) | FACTORY: Section companion to fig. 66.
viollet_dictionnaire	frwikisource	Construction -- Voutes	0	Voute.eglise.Mouliherne.png	Interior perspective of the Mouliherne vault	perspective	no	FIGURE	https://upload.wikimedia.org/wikipedia/commons/3/38/Voute.eglise.Mouliherne.png	fig. 68 | DRAWING: Perspective | FACTORY: Rendering reference for the hybrid vault.
viollet_dictionnaire	frwikisource	Construction -- Voutes	0	Voute.anglo.normande.png	Section of an Anglo-Norman vault: why raising the formeret crowns broke the ridge nerf, and the tierceron repair	plan+section	no	FIGURE	https://upload.wikimedia.org/wikipedia/commons/0/02/Voute.anglo.normande.png	fig. 69 | DRAWING: Coupe + plan | FACTORY: The stated STRUCTURAL reason for tiercerons: a near-flat ridge rib sags at midspan, so extra ribs are inserted to reach it. This is a mechanism a generator can honour - tierceron count as a function of ridge-rib flatness and span.
viollet_dictionnaire	frwikisource	Construction -- Voutes	0	Plan.voute.cathedrale.Ely.png	High vault of the choir of Ely cathedral, mid-13th century: plan of the rib net with the web coursing hatched, and the section CD	plan+section	no	VERIFIED	https://upload.wikimedia.org/wikipedia/commons/f/f1/Plan.voute.cathedrale.Ely.png	fig. 70 | DRAWING: Plan + coupe | SEEN: Oblong bay E-F top and bottom. Upper half: the rib net - bosses G on the longitudinal ridge rib, tiercerons fanning from each springing, transverse ridge ribs. Lower half: the same net with the WEB COURSING drawn - the courses fan out from each corner springing in dense radiating sets, i.e. the surfaces are conoidal, not concave cells. Left: the section CD taken on C'-D', showing the formeret crowns C' and D' raised ABOVE the boss level G in order to take very tall windows. | FACTORY: Fan/conoid web preset. Note the inversion of the French rule: here the formeret crowns go ABOVE the diagonal crown, the opposite of both the early Anglo-Norman and the classic French arrangement.
viollet_dictionnaire	frwikisource	Construction -- Voutes	0	Naissance.voute.cathedrale.Ely.png	Perspective of a springing of the Ely choir vaults: the sheaf of curves and the concave conical surface	perspective	no	FIGURE	https://upload.wikimedia.org/wikipedia/commons/e/e5/Naissance.voute.cathedrale.Ely.png	fig. 71 | DRAWING: Perspective | FACTORY: Rendering reference for the conoid springing.
viollet_dictionnaire	frwikisource	Construction -- Voutes	0	Plan.naissance.voute.cathedrale.Ely.png	Plan of the Ely springing: the compact rib bundle at bed level A, the horizontal section C at level B, and the VERTICAL web panel forced by the high formeret springing	plan+section	no	VERIFIED	https://upload.wikimedia.org/wikipedia/commons/2/2a/Plan.naissance.voute.cathedrale.Ely.png	fig. 71 bis | DRAWING: Plan / detail | SEEN: A = the lower bed of the whole bundle of ribs on the abacus, drawn as a tight cluster of moulded profiles with circular rolls. C = the horizontal section at level B: from D to E it traces a portion of a polygon standing on the rib branches, but from D to F - F being the formeret - it RE-ENTERS ABRUPTLY, because the formeret springs far higher than the ogives, doubleaux and tiercerons. Consequently the moellon web G-F has to rise VERTICALLY in the plane through GF. Above, the two window/formeret shafts F stand well outside the bundle. | FACTORY: The geometric defect that drove the next step: a vertical, flat web panel beside conoidal surfaces. Viollet's jab: 'La presence de la surface FG verticale, a cote des surfaces courbes DE, n'etait pas logique pour des rationalistes.' A generator must handle this wedge whenever formeret springing > rib springing.
viollet_dictionnaire	frwikisource	Construction -- Voutes	0	Schema.voutes.portion.ellipse.png	The English resolution: all springings at one level, all crowns in one horizontal plane, ribs become portions of ellipses	perspective	no	VERIFIED	https://upload.wikimedia.org/wikipedia/commons/f/f9/Schema.voutes.portion.ellipse.png	fig. 72 | DRAWING: Axonometric with construction lines | SEEN: An oblong bay drawn in axonometric with a full grid of construction lines. All rib springings start at one level. The crowns A, B, C lie in a single horizontal plane. To achieve that with a common springing level the doubleaux and ogives had to become very DEPRESSED curves, drawn as portions of ellipses (several superposed curves are shown), while only the formerets keep a frank tiers-point. | FACTORY: Preset 'English 14c': springing_level = uniform, crown_level = uniform, diagonal and transverse ribs = depressed elliptical, wall arch = pointed. This is the direct antithesis of the fig. 48 rule (equal radii, semicircular diagonal).
viollet_dictionnaire	frwikisource	Construction -- Voutes	0	Voute.anglo.normande.XIVe.siecle.png	The end of the line: a vault of interpenetrating inverted curvilinear cones (fan vault), intrados and extrados	perspective	no	VERIFIED	https://upload.wikimedia.org/wikipedia/commons/f/f0/Voute.anglo.normande.XIVe.siecle.png	fig. 72 bis | DRAWING: Perspective (2 views) | SEEN: TOP: the intrados of one inverted curvilinear cone, its ashlar coursing drawn as concentric rings crossed by radial joints - the coursing of a dome (fig. 61), now applied to a conoid. BOTTOM: the EXTRADOS of a whole bay, showing several such conoids interpenetrating with saddle surfaces between them; A, B, C mark the doubleaux DROWNED inside the inverted pavilions. | FACTORY: Fan-vault generator: surface = inverted conoid of revolution (plus a flat central spandrel), coursed with rings + radials; the 'ribs' are surface moulding on thin large ashlar panels, and the real transverse arches are hidden in the extrados. Text: these vaults are 'entierement composees de grandes pierres d'appareil, peu epaisses, exigeant des epures, un trace complique et certains artifices'.
viollet_dictionnaire	frwikisource	Construction -- Voutes	0	Voute.eglise.Ferte.Bernard.png	16th-century chapel vaults at La Ferte-Bernard near Le Mans: coffered slabs on stone open-work carried by ribs	perspective	no	FIGURE	https://upload.wikimedia.org/wikipedia/commons/a/a9/Voute.eglise.Ferte.Bernard.png	fig. 73 | DRAWING: Perspective | FACTORY: Dated 1543-44. Slab-on-rib construction with tracery screens between rib and slab.
viollet_dictionnaire	frwikisource	Construction -- Voutes	0	Voute.XVIe.siecle.png	A 16th-century depressed barrel over a gallery or stair ramp, vaulted with carved slabs on a rectangular net of ribs with small pendant bosses at every intersection	perspective	no	VERIFIED	https://upload.wikimedia.org/wikipedia/commons/f/f9/Voute.XVIe.siecle.png	fig. 74 | DRAWING: Perspective (worm's eye, with a corner cut away) + detail X | SEEN: Seen from below. A REGULAR RECTANGULAR GRID: transverse arris ribs running across the barrel, longitudinal flat-arch ribs running along it, and a small round pendant boss or rosette at EVERY intersection - about six panels across by five rings along in the drawing. Between the ribs, slabs D carved on their underside as foliate coffered panels. At the upper right the drawing breaks away to expose the parts: A the transverse voussoir, B its lateral cut/socket, C the longitudinal voussoir, D the slab. Detail X at the bottom centre is the section through one joint: transverse voussoir A', longitudinal flat-arch voussoir B', and the slab D' seated in a rebate, its top flush and its soffit coffered. Plain ashlar walls at both sides. | FACTORY: The most directly reusable kit-of-parts in the article, and a fully regular grid, which is ideal for an instanced asset: 4 part types (transverse rib voussoir with two sockets, longitudinal rib voussoir, pendant boss, coffered slab) tiled over a rows x cols grid on a depressed barrel. Slabs are carved BEFORE laying, so decoration can be varied per instance at no structural cost.
viollet_dictionnaire	frwikisource	Construction -- Voutes	0	Voutes.collateraux.png	Either fig. 35 (Auvergne/Poitou solution: an annular barrel on a circular plan penetrated by arches from column to column, at Notre-Dame-du-Port, Issoire, Saint-Nectaire, Saint-Savin) or fig. 38 (the Langres radial ogives set out in horizontal projection, with the crown O nearer MN than KL and the ridge RS inclined)	perspective	no	FIGURE	https://upload.wikimedia.org/wikipedia/commons/3/33/Voutes.collateraux.png	fig. 35 or 38 | DRAWING: Plan / perspective | FACTORY: If fig. 38: records the primitive assumption that ogives had to be STRAIGHT in horizontal projection, which forces the crown off-centre on a trapezoid - a constraint later builders dropped.
viollet_dictionnaire	frwikisource	Construction -- Voutes	0	Coupe.voute.romaine.plein.cintre.png	Roman semicircular vault in section	section	no	FIGURE	https://upload.wikimedia.org/wikipedia/commons/6/63/Coupe.voute.romaine.plein.cintre.png	fig. 33 (variant) | DRAWING: Coupe (section) | FACTORY: Companion to the Roman thrust diagram.
viollet_dictionnaire	frwikisource	Serrurerie	0	Mecanisme.serrure.XIIe.siecle.png	Mechanism of the simple 12th-c lock (interior actually drawn)	detail	no	VERIFIED BY VERIFIER	https://upload.wikimedia.org/wikipedia/commons/4/42/Mecanisme.serrure.XIIe.siecle.png	fig. 24 | The INTERIOR IS drawn: box outlined by corner letters a b c d, the key-rotation circle, the leaf spring r, the hooked cramponnet c, the point f, the gachette P/P' crossing the plate edge. Text: 'La figure 24 presente le mecanisme tres-simple de ces serrures. La boite est circonscrite par les lettres abcd.' Verifier zoomed 3x on the right half to read r and c directly.
viollet_dictionnaire	frwikisource	Serrurerie	0	Serrure.XIIIe.siecle.Angers.png	Lock from Angers, 13th c: exterior bosse, horizontal section, and a lower inset showing the interior	plan+section	yes	VERIFIED BY VERIFIER	https://upload.wikimedia.org/wikipedia/commons/6/61/Serrure.XIIIe.siecle.Angers.png	fig. 26 | Three-part plate; the LOWER INSET IS the interior. At 2.5x: keyhole b ringed by its ward circles (fouets), pele d with notched cramponnets and THREE leaf springs, estoquiaux c at the four corners. Text: 'En G , est presente l'interieur de la serrure ; en b , l'entree du panneton avec ses fouets piques sur le pallatre ; en c , les estoquiaux qui servent a maintenir la bosse de la serrure sur le pallatre ; en d , le pele avec ses cramponnets et ses ressorts.' This lock is BENARDE (two keyholes): 'est a deux entrees'. Figure-borne dimension '0,19'. The door feuillure is the only lock-section text dimension: 'cette feuillure etant large et profonde (0 m ,05, voyez en a )'.
viollet_dictionnaire	frwikisource	Serrurerie	0	Serrure.XIVe.siecle.Lalinde.Dordogne.png	Interior of a serrure a clenche, house door at Lalinde (Dordogne), end of the 14th c	detail	no	VERIFIED BY VERIFIER	https://upload.wikimedia.org/wikipedia/commons/0/03/Serrure.XIVe.siecle.Lalinde.Dordogne.png	fig. 27 | Interior drawn: loquet a fleau A on its tourillon a, spring B bottom-left, rateau h pivoting on axis s, key travel d->g, tail point i where the rateau bears on the latch. Text: 'Le mecanisme que donne notre figure se compose d'un loquet a fleau A monte sur un tourillon a.' INTERNAL TENSION worth flagging: Viollet dates this plate 'datant de la fin du XIVe siecle' yet writes elsewhere 'Des le XVe siecle, on trouve deja des serrures dites a clenche ou loquet' - his own plate predates his own statement.
viollet_dictionnaire	frwikisource	Serrurerie	0	Verrou.a.cremaillere.png	Rack bolt (verrou a cremaillere) for a great gate leaf	detail	yes	VERIFIED BY VERIFIER	https://upload.wikimedia.org/wikipedia/commons/a/af/Verrou.a.cremaillere.png	fig. 34 | Figures an EXPOSED mechanism, so 'interior' is not the test: embrasses a, paliers b, levier a engrenage c, axe d, gache g, tige t, poignee p, moraillon e, and 'En A , est figure le mecanisme en perspective' - the perspective inset is present. Figure-borne dimension '0,145'. Text gives the gate-leaf height these serve: 'd'une hauteur de 4 a 5 metres'.
viollet_dictionnaire	frwikisource	Serrurerie	0	Serrure.XIIe.siecle.png	A 12th-c lock: exterior elevation of the latticed bosse plus a section of the leaf	elevation	yes	NO INTERIOR SHOWN	https://upload.wikimedia.org/wikipedia/commons/1/19/Serrure.XIIe.siecle.png	fig. 23 | Exterior only: letters A (pele), B B (embrasses), G (gache), P (drop pull), C (bouton), plus a section of leaf V. Viollet's own wording separates it from fig. 24 - fig. 23 'presente une de ces serrures', fig. 24 'presente le mecanisme'. Figure-borne dimensions read at zoom: '0,17' high and '0, 20c' wide. Any claim that this plate figures a mechanism is refuted.
viollet_dictionnaire	frwikisource	Serrurerie	0	Serrure.crypte.Saint.Sernin.Toulouse.png	Lock plate from a grille of the crypt of Saint-Sernin de Toulouse, 15th c: pierced beaten-iron foliage over a RED CLOTH ground	elevation	yes	VERIFIED BY VERIFIER (NO INTERIOR)	https://upload.wikimedia.org/wikipedia/commons/a/a0/Serrure.crypte.Saint.Sernin.Toulouse.png	fig. 25 | Openwork beaten-iron foliage over a hatched ground, shell button A at right, pear-shaped pull B, profile C, and a small section on ab through the gaine/coque over the gachette. NO lockwork. Figure-borne dimensions '0,18' horizontal and ~'0,27' vertical. THIS IS THE DRAP-ROUGE PLATE: 'Entre ces ornements de fer battu et le pallatre, est appose un morceau de drap rouge maintenu par les rivets qui retiennent les decoupures.' The red is TEXTUAL ONLY - the woodcut is monochrome, the cloth appears only as hatched dark ground, and nothing in it shows or could show a tinned surface.
viollet_dictionnaire	frwikisource	Serrurerie	0	Serrure.XVe.siecle.png	Serrure a bosse et a pele dormant, 15th c: exterior, section A, lozenge escutcheon B, profile C	elevation	yes	VERIFIED BY VERIFIER (NO INTERIOR)	https://upload.wikimedia.org/wikipedia/commons/a/a1/Serrure.XVe.siecle.png	fig. 30 | Exterior only. TRAP: the text says the beaten-iron leaves 'donnent de la prise aux rivures du mecanisme' ('give purchase to the rivets of the mechanism') - a reader could turn that into a figured mechanism. It is not. Figure-borne vertical dimension '0,30'. Second drap-rouge plate: 'Un morceau de drap rouge garnit egalement le fond sous le feuillage de l'embase de la serrure precedente (fig. 30).'
viollet_dictionnaire	frwikisource	Serrurerie	0	Anneau.de.tirage.XVe.siecle.png	Pull-ring, 15th c: lozenge plate, openwork beaten-iron foliage over a RED CLOTH ground	elevation	no	VERIFIED BY VERIFIER	https://upload.wikimedia.org/wikipedia/commons/f/f6/Anneau.de.tirage.XVe.siecle.png	fig. 31 | Third drap-rouge plate: 'Cet anneau de tirage (fig. 31), dont le fond, sous les feuillages de fer battu, est garni de drap rouge...'. Monochrome wood-engraving; the cloth reads only as hatched dark ground.
viollet_dictionnaire	frwikisource	Serrurerie	0	Serrure.XIVe.siecle.Lalinde.Dordogne.2.png	The BOX of the Lalinde latch-lock	perspective	yes	NO INTERIOR SHOWN	https://upload.wikimedia.org/wikipedia/commons/2/22/Serrure.XIVe.siecle.Lalinde.Dordogne.2.png	fig. 28 | Explicitly only 'la boite de cette serrure a clenche': perspective of the bosse, fleau tail A, gachette b drawn below its true place, bascule B/B', platine D, plus a section. No lockwork. Figure-borne dimension '0,16'.
viollet_dictionnaire	frwikisource	Serrurerie	0	Serrurerie.XVe.siecle.png	Strasbourg-type door furniture, 15th c: beaten-iron cylinder handle K, plan N, hinge H, targettes B/B-prime, bolt E, section G	detail	yes	NO INTERIOR SHOWN	https://upload.wikimedia.org/wikipedia/commons/5/50/Serrurerie.XVe.siecle.png	fig. 36 | FILENAME TRAP: this is fig. 36, NOT fig. 30 - the filenames in this article do not encode figure numbers. Exterior only. Figure-borne dimensions '0,26' and '0,14'.
viollet_dictionnaire	frwikisource	Serrurerie	0	Vertevelle.png	Vertevelle (hasp staple / turning catch)	detail	no	NO INTERIOR SHOWN	https://upload.wikimedia.org/wikipedia/commons/f/f5/Vertevelle.png	fig. 32 | Exterior only.
viollet_dictionnaire	frwikisource	Serrurerie	0	Loquet.medieval.png	Medieval loquet (latch)	detail	no	LOCATED ONLY	https://upload.wikimedia.org/wikipedia/commons/5/5c/Loquet.medieval.png	fig. 29 | Neither reader nor verifier opened this plate. No claim is made about it.
viollet_dictionnaire	frwikisource	Serrurerie	0	Pentures.medievales.png	Notre-Dame-type pentures (hinge straps): the forging sequence	detail	no	LOCATED ONLY	https://upload.wikimedia.org/wikipedia/commons/b/bf/Pentures.medievales.png	fig. 11-13 (hinge-strap series) | Not opened. RELIABILITY FLAG from the text: Viollet's step-by-step forging sequences for these straps are reconstruction-by-replication, not observation - 'comme nous en avons fait fabriquer d'absolument pareilles, nous pouvons en parler avec une connaissance exacte des moyens employes ou a employer'. Usable as process guidance, labelled as his restoration practice. The bands themselves are built up from parallel bars: 'la bande ou le corps de la penture se compose, pour le collet, de quatre barres ; pour le premier membre, de trois barres... Ces barres, paralleles et jointives, ne sont soudees entre elles qu'a leurs extremites'.
viollet_dictionnaire	frwikisource	Serrurerie	0	Penture.XIe.siecle.png	11th-c hinge strap	detail	no	LOCATED ONLY	https://upload.wikimedia.org/wikipedia/commons/a/ad/Penture.XIe.siecle.png	fig. 11 (approx.) | Not opened.
viollet_dictionnaire	frwikisource	Serrurerie fig.24	0	Mecanisme.serrure.XIIe.siecle.png — 'le mecanisme tres-simple de ces serrures'	lock interior / mechanism	line engraving, interior view	no	VERIFIED	https://upload.wikimedia.org/wikipedia/commons/(see Commons: Mecanisme.serrure.XIIe.siecle.png)	ANSWERS THE OPEN LOCK-MECHANISM QUESTION that Gardner could not: a drawn INTERIOR of a 12th-c serrure a bosse, cover removed. Read at 2400px upscale and keyed to Viollet's own text, which names every letter: the boite (case) is bounded by letters a b c d; the pele interieur p is joined to the pele exterieur P-prime by TWO STRONG RIVETS sliding in a coulisse cut through the pallatre; a turn of the key lowers the cramponnet c which blocks the bolt; a turn of the key FROM e TO f presses the ressort r and disengages the cramponnet, freeing the inner bolt. So e and f mark the START and END of the key's sweep, and the dashed circle in the figure is that swept arc. Viollet: 'Rien n'est plus simple que ce mecanisme, encore employe aujourd'hui.' CORRECTION TO MY FIRST READ: before fetching the text I took the concentric circle for a ward assembly and r for a tumbler; r is the SPRING and the circle is the key's rotation path. Inference from form was wrong; the keyed text settled it.
viollet_dictionnaire	frwikisource	Serrurerie fig.23	0	serrure a bosse (the earliest type, 12th c)	lock, exterior + parts	line engraving	no	FIGURE	https://fr.wikisource.org/wiki/Dictionnaire_raisonn%C3%A9_de_l%E2%80%99architecture_fran%C3%A7aise_du_XIe_au_XVIe_si%C3%A8cle/Serrurerie	Text-keyed but figure not opened. 'Les plus anciennes serrures que nous connaissions ne datent guere que du XIIe siecle: ce sont des serrures dites A BOSSE' - box raised with the hammer, edges bevelled, set on a pallatre, bolt OUTSIDE the pallatre so the boss is on the outer face of the leaf and the bolt inside; the entree (keyhole) pierced in the pallatre ABOVE the bolt. Parts: pele A sliding between two riveted filets and held by two embrasses B; gache G receiving the bolt end; movable poignee P to pull the door; small bouton C to slide the bolt once the key has raised the cramponnet; box recessed into leaf V. TWO GENERATOR-RELEVANT DETAILS: filets are riveted on the pallatre both to reinforce it AND 'pour guider la clef, si l'on veut ouvrir la porte dans l'obscurite' (to guide the key in the dark); and the box is buried in a THICK door but its back shows on the outside of a THIN one - a thickness-dependent variant. Generally only one keyhole.
viollet_dictionnaire	frwikisource	Serrurerie fig.25	0	Serrure.crypte.Saint.Sernin.Toulouse.png — lock from a crypt grille	lock with pierced sheet ornament	line engraving	no	FIGURE	https://commons.wikimedia.org/wiki/File:Serrure.crypte.Saint.Sernin.Toulouse.png	THE FINISH EVIDENCE, in the original French that Gardner was working from: 'Entre ces ornements de fer battu et le pallatre, est appose un MORCEAU DE DRAP ROUGE maintenu par les rivets qui retiennent les decoupures' - a piece of RED CLOTH between the beaten-iron cut-out ornament and the plate, held by the same rivets; and at fig 25 'le morceau de drap interpose est donc VISIBLE ENTRE LES DECOUPURES' - the red shows THROUGH the piercing. Also: gachette enclosed in a gaine/coque; bouton A shell-shaped; poignee B; pallatre edges reinforced by a baguette 'en facon de torsade'. Technique: 'pas de soudures, tout est rive' except the bouton and the handle base; the sheets are beaten and modelled with the hammer A FROID (cold); handle leaves held by lateral langues-de-carpe taken in grains d'orge, the loop bent hot before welding its ends. Viollet's economics: 'beaucoup d'effet a peu de frais'.
viollet_dictionnaire	frwikisource	Serrurerie The technique is dated b	0	Schema.penture.medievale.png	The doublure/nerf stiffening principle - a lining bar welded to a hinge band ONLY at two c	schematic / generator diagram - elevation of a bar length plus one section	no	VERIFIED	https://commons.wikimedia.org/wiki/File:Schema.penture.medievale.png	FIGURE NUMBER '8' IS LEGIBLE IN THE IMAGE (matches Viollet's fig. 8). NOT a portrait of a hinge - it is a pure stiffness diagram, which is why it is worth more to us than the named examples. Content: a length of flat band running the full width of the plate, closed at each end by a clasp lettered B (left) and A (right). Between the clasps the drawing shows the band and, laid along it, a second slimmer bar whose long edge is drawn as a free line with a visible gap - i.e. the two irons touch but are NOT joined along their length. Only under the two clasps do they become one body. Detail C below is the SECTION: an outer light rectangle (the clasp's wrap, drawn as thin outline) enclosing TWO separate hatched bodies - a tall full-depth rectangle (the main band) and, alongside it, a shorter bar with rounded ends (the doublure). A hairline of white separates them. So the lamination is FACE-TO-FACE on the flat of the band, the doublure is shallower than the band, and the clasp is a thin wrap band that goes right round both. MODELLING: Generator rule for any large hinge strap: main flat bar + a shorter, rounded-edged lining bar laid on its face, banded together at two (or n) points by a thin wrap collar, DELIBERATELY unattached between. Visually this gives a strap that reads as double-thickness with a fine parting line along its length, punctuated by plain collars. Do not model it as one thick bar and do not weld it continuously - the gap is the whole point (elasticity + stiffness + lightness). Section proportion from the drawing: doublure roughly 55-65 percent of the band's depth; clasp wrap thin, roughly one-fifth of the doublure's thickness.
viollet_dictionnaire	frwikisource	Serrurerie End of the 13th century 	0	Schema.penture.medievale.2.png	The BUNDLED BAND - a hinge band composed of several parallel rods welded only at clasps	schematic / generator diagram - elevation plus section	no	VERIFIED	https://commons.wikimedia.org/wiki/File:Schema.penture.medievale.2.png	FIGURE NUMBER '9' IS LEGIBLE IN THE IMAGE (Viollet's fig. 9). This is the single most useful drawing for us. Elevation: band D running the width of the plate, terminated at each end by a clasp - I on the left, K on the right. Between the clasps the band is drawn as a run of roughly six long parallel arris lines, i.e. the flanks of the bundled rods, with slight irregularity along their length (hammered, not rolled). The LEFT clasp I is a plain wrap collar with a vertical row of about seven small half-round lobes cut or struck along it - the rod ends reading through the collar. The RIGHT clasp K is enriched: it carries a second, wider wrap outside it bearing a zigzag/lozenge chased ornament, and the band continues past it into the next member. Detail H below is the SECTION and is explicit: a thin flat plate down one side (the outer face of the band) and against it a stacked column of half-round lobes, bracketed in three groups labelled E, F and G - i.e. THREE rods, each of which sections as a doubled half-round (two lobes per rod), packed edge to edge behind one flat facing strip. Total six lobes for the three rods, matching the six arris lines in elevation. MODELLING: This is the profile authority for a great 13th-c hinge band. Extrude a section = one thin flat facing strip + a row of 3 rods each reading as a pair of half-round ridges (net effect: a REEDED / gadrooned strap of six ridges). Punctuate the extrusion at module boundaries with a plain wrap collar; every second or third collar is the enriched kind carrying an applied chased outer band. The reeding must run out UNDER the collars, never through them. Section stack order matters: flat plate to the outside (the face the viewer sees is flat-plus-reeds, and the reeds sit against the door side per the drawing's stacking).
viollet_dictionnaire	frwikisource	Serrurerie Generic/typological - Vi	0	Pentures.medievales.png	FIG. 1 - THE MASTER PLATE. 'divers genres de pentures': anatomy of the strap hinge, its fi	multi-part anatomy plate: perspective + geometral section + isolated component details	no	VERIFIED	https://commons.wikimedia.org/wiki/File:Pentures.medievales.png	Figure numeral '1' is faint at top left; identification is certain from the letter set, which matches Viollet's fig. 1 text exactly (A, B, C, G, I, K, L with sub-letters b c d d' e f g h m and the jamb line ops). CONTENTS AS DRAWN: (A) top, perspective of the simple penture: the band runs left with a FORKED/FISHTAIL terminal (p); its face is chased with a lozenge and rows of punched dots/circles; toward the right it narrows at a neck then steps up to a heavy rolled EYE drawn as a thick ring with a substantial wall. Straddling the band just behind the eye is the CRAMPON d - a staple whose two forked legs are visibly standing proud, drawn passing over the band, not through it. (B) middle, the geometral: the band shown flat and long, its face carrying a repeated X / saltire chase, nail heads reading as small half-rounds along the lower edge, the crampon d' with its double rivure e at the right, the scellement s, and the jamb face lines P / o with the rebate line running out at t. (G) isolated perspective of the eye end: the strap steps DOWN to a narrower neck before rolling into a fat torus-like eye; beside it, drawn separately, the flat annular washer g; and below that the GOND h itself - a rectangular bar (the tail to be leaded in) from which a plain CYLINDRICAL pin rises near one end. That is the whole pintle: square/rectangular shank + square shoulder + round nose. (C) left, the offset eye m: the band bends round the corner of the rebate and the eye is set off the band's plane, and the eye is visibly NARROWER than the band's width. (I) and (K) right, the FLEMISH double band: I shows two parallel plates running side by side and converging to roll into ONE common eye - i.e. the fork that grips both faces of the leaf; K shows a band in elevation with the same X chasing terminating in a large open ring eye. (L) bottom left, the oldest type: a heavy junction where two ...
viollet_dictionnaire	frwikisource	Serrurerie End of the 11th century,	0	Penture.XIe.siecle.png	FIG. 2 - the C-form penture of the END OF THE 11th CENTURY: the seed form of the whole fam	elevation on the door leaf plus profile/section below	no	VERIFIED	https://commons.wikimedia.org/wiki/File:Penture.XIe.siecle.png	Figure numeral '2' is legible at top right. The board joints of the leaf are drawn as vertical rules across the whole plate, so the ironwork's relation to the frises is explicit. THE FORM: a single band bent into a near-closed C - almost a full circle, open toward the left - springing from a rectangular collet plate at B on the right and sweeping round to end, top and left, in two tight SCROLLED VOLUTES. The two arms are lettered A (upper) and A (lower); the extent of the boards they clamp is lettered C at the left. The band is drawn with fine parallel lines along its length (hammer flats / a slight central arris), it is broad and flat, and it is studded at intervals with small SQUARE-headed nails, drawn as little pyramidal studs standing on the band. At B there is a rectangular plate with what reads as a bolt or crampon head. BELOW, the profile: the band seen edge-on, very shallow and thin relative to its width, laid flat on the leaf, with the nail POINTS projecting through the far side as small wedges (to be clenched), and at the right end the rolled EYE drawn in section as a hatched ring set on a squared return - so the eye stands proud of the door face on a short square shoulder. MODELLING: The 11th-c hinge is a FLAT RIBBON, not a moulded bar: wide, thin, no reeding, no applied clasps, no bouquets. Its only ornament is the pair of terminal scrolls and the square nail heads. Build it as a planar C-curve (roughly 300 degrees of arc) offset from the eye, extruded on a wide-shallow rectangle, with the two ends spiralled tight. Nail spacing follows the board joints. Clench the nail points on the reverse - a visible feature on the inside of an authentic door. Compare against the later series: everything that arrives after this (branches, clasps, reeded bundles, swaged leaves) is an addition to this silhouette.
viollet_dictionnaire	frwikisource	Serrurerie Generic medieval practic	0	Gond.porte.medievale.png	FIG. 21 - THE CONSOLE-FORM GOND: how a pintle is set when the rebate is close to the wall 	part-section through the jamb + elevation on the door head + plan/section on the leaf	no	VERIFIED	https://commons.wikimedia.org/wiki/File:Gond.porte.medievale.png	Figure numeral '21' is legible at top left. CENTRE: the gond drawn as a bracket in section against the wall line. A round PIN with a DOMED / bullet-shaped top (the mamelon) stands vertically at the top. From its base a horizontal tail runs left into the wall through the jamb face, wedge-tailed at its buried end (the upper scellement). The pin's body then continues downward as a curved, tapering, hatched CONSOLE arm which returns at the bottom into a second horizontal tail b, also wedge-tailed, into the masonry below - the lower scellement. The letter c marks a small pin/piton passing horizontally through the mamelon immediately under where the hinge eye will sit. RIGHT, D: elevation of the strap on the top rail t of the door, showing two large domed rivet heads, one small, a widening of the band, and the band stepping round to the leaf edge, with the board grain drawn hanging below. FAR RIGHT: the mamelon shown again standing above the wall line with the wall coursing indicated. LEFT, E: a small orthographic detail of the rail with a saltire-chased fitting and a bolt through it. BOTTOM, A: plan/horizontal section through the leaf - the flat band lying on the wood, four nails passing right through with their points CLENCHED over on the far face, the crampon at the right, and finally the rolled eye engaging the round pin, the masonry hatched around it. MODELLING: This is the answer to 'how does a medieval door actually attach to stone'. Two distinct gond assets: (1) the simple gond of fig. 1 - rect tail + round nose, leaded straight into a bed joint; (2) this CONSOLE gond - a bracket with TWO scellements (upper and lower) plus a transverse piton under the eye, used when the pin must stand clear of the wall face and a diagonal setting would split the stone. Model the nose as slightly conical with a domed tip (the text: 'presque toujours legerement coniques'). The pito...
viollet_dictionnaire	frwikisource	Serrurerie Viollet: 'qui parait app	0	Paumelle.XIVe.siecle.png	FIG. 42 - a long two-knuckle PAUMELLE (butt hinge) with a loose lift-out pin, for a tall c	elevation of the hinge open/flat, with a small plan section and a dimensioned height	no	VERIFIED	https://commons.wikimedia.org/wiki/File:Paumelle.XIVe.siecle.png	Figure numeral '42' is legible at top left. A DIMENSION IS LEGIBLE IN THE IMAGE: a vertical dashed dimension line marked '0, 27' - i.e. 0.27 m overall length of the hinge. FORM: two long mirror-image PLATINES (leaves) lying side by side, each pierced right through in a flowing openwork of long lobed voids, so each leaf reads as a lace-like strap rather than a solid plate. Each leaf's outer profile is cusped and scalloped, and each terminates at the top in an animal / beast head with an eye and jaw. Both leaves are studded with large DOMED rivet heads, roughly a dozen per leaf, set in the solid webs between the piercings. Down the centre the two leaves each roll into knuckles: an upper knuckle group and a lower knuckle group, with a clear OPEN GAP between them where the PIN (the fiche) is exposed to view. The pin has a domed / bullet head standing above the top knuckle and a sharpened point below the bottom knuckle. Around the exposed middle length of the pin a ROUND-SECTION iron tail is wound in a long open SPIRAL, its two ends finishing in curled tips - free, purely visible, and the drawing shows it not attached to the leaves. LEFT: a small plan section showing one leaf as a thin plate rolling into a circular knuckle with a short return. MODELLING: Distinguish clearly from the penture: a PAUMELLE has TWO leaves, one on the frame and one on the opening light, meeting on a common pin; no gond and no masonry are involved. Build rules from this drawing: (1) two knuckle groups with a deliberate GAP between them - Viollet's text says the two spaced eyes exist to stop the sash timber warping ('deux oeils espaces, pour empecher le gauchissement des bois'); (2) the pin is a LOOSE lift-out fiche - the leaf lifts off upward, which is exactly the medieval way to unhang a window; (3) the spiral wrap around the exposed pin is decorative-only and free-running; (4) leaves are pie...
viollet_dictionnaire	frwikisource	Serrurerie Presented by Viollet as 	0	Assemblage.fer.forge.png	THE FORGED RIGHT-ANGLE JOINT for grilles: talon-in-fork closed by a keyed bolt, plus the s	perspective construction diagram with exploded fastener detail	no	VERIFIED	https://commons.wikimedia.org/wiki/File:Assemblage.fer.forge.png	FIGURE NUMBER '45' IS LEGIBLE. A tall square vertical bar crosses a horizontal bar in three-quarter perspective. At the crossing the vertical bar's top is split into a FOURCHETTE (fork) and the horizontal bar's end carries a TALON (a shouldered stub) that lands in the fork; the horizontal bar visibly SWELLS at the crossing to a wider collar-like boss rather than being notched away - the iron is gathered, not cut. Left of centre, exploded: the keyed bolt detail C - a bolt with a broad round head and a flat shank, and separately a tapered flat wedge (the CLAVETTE) that drops through a slot near the bolt's far end. Below it the same bolt shown assembled through the fork with a shaped washer under the head. Top right, detail B: a small orthographic square-hole-in-plate showing that the hole through which the square bar passes is a square hole in a swollen boss, with a moulded profile. Right of centre, A: the SAME joint dressed as ornament - the bolt head is now a domed boss and four long slender leaves sweep out from it over the joint, so the visible decoration is exactly the fastener. The bar's own arris is chamfered and the chamfers stop dead at the joint. MODELLING: Grille kit primitives, exact: (1) square-section bar; (2) fork end - split, spread and rounded; (3) talon - shouldered stub; (4) keyed bolt = round-headed pin + separate tapered wedge through a slot, wedge tip hammered over; (5) swollen eye = a local boss with a SQUARE hole for a square bar to pass. Rule from the drawing: at a crossing the bar gains section, never loses it, and the chamfer along its arris terminates at the joint. Ornament tier = replace the plain washer with a rosette and let 4 leaves radiate from the bolt head; nothing else changes.
viollet_dictionnaire	frwikisource	Serrurerie 'Cette penture date de 1	0	Penture.porte.nord.cathedrale.Carcassonne.png	FIG. 14 - penture from the NORTH DOOR of the old cathedral of Carcassonne, c. 1320: the ea	elevation to scale with dimension line, plus section and eye profile	no	VERIFIED	https://commons.wikimedia.org/wiki/File:Penture.porte.nord.cathedrale.Carcassonne.png	Figure numeral '14' is legible at top right. A DIMENSION IS LEGIBLE IN THE IMAGE: '0, 92' on the bottom dimension line = 0.92 m overall length of the strap. FORM: one long straight band that runs from a rolled eye at the right to a broad DIAMOND / spear-head terminal at the far left. Along its length the band swells three times into flat LOZENGE widenings (diamond-shaped pads), each pierced with domed-headed nails - two or three nails per lozenge, and single nails on the plain runs between. Near the left terminal, two very large flat SPIRALS spring symmetrically from the band, one above and one below, each coiling roughly two and a half turns inward to a tight centre; a small cusped shoulder marks where each springs from the band. Below the drawing, a separate enlarged spiral repeats one of them, next to a small triangular fragment. Detail A, right of centre: the SECTION of the band, drawn as a lens/leaf shape - thin at both edges and thickest at the middle, i.e. a central raised arris, not a flat rectangle. Bottom right: the eye in profile, showing the band running flat, then kicking up through a short S and rolling into a thick ring - an offset (detourne) collet. CRUCIALLY, THERE ARE NO CLASPS (embrasses) ANYWHERE ON THIS STRAP and no bundled bars - the band is single-thickness throughout. MODELLING: This is the dated hinge-form for the early 14th c and it is a completely different generator from the 13th-c type: no welded bouquets, no clasp collars, no reeded bundle. Recipe: single flat bar, lens-section (central arris), swelling to flat diamond pads at nail groups, terminating in a spear-head; two big flat volutes near the tip. All curves lie IN THE PLANE of the door. At 0.92 m long this is a real usable scale for a church door leaf. Absence of clasps is itself the dating signal - Viollet says the clasps that were habitual up to the middle of the 13th c are gon...
viollet_dictionnaire	frwikisource	Serrurerie 14th century. Footnote p	0	Penture.XIVe.siecle.png	FIG. 16 - a 14th-century penture CUT FROM SHEET rather than welded up (from the abbey of P	process plate: the flat blank with cutting lines, the finished piece, profiles, and the fixing detail	no	VERIFIED	https://commons.wikimedia.org/wiki/File:Penture.XIVe.siecle.png	Figure numeral '16' is legible at top left. TWO DIMENSIONS ARE LEGIBLE IN THE IMAGE: '0, 46' over the profile H, and '0, 67' over the lower strap L. UPPER HALF - the process. Behind and above the finished strap, drawn as a ghost, is the FLAT BLANK before cutting: a wedge/fan of plate lettered a b c d e with internal cutting lines i k l m, showing that the whole hinge including its branches was laid out on one piece of hammered plate and the waste (i k l m) cut out. Below it the finished piece: the band runs right to left, terminating at the left in a broad fanned PALMETTE E whose edge is cut into a row of long radiating fingers; two further branches sweep down from the band and each ends in a splayed cluster of cut leaves lettered h and g - the leaves are flat, cut, and their tips visibly CURL INWARD toward the wood. At the right end, G, the collet is gripped by a BRIDE - a clip across the band - and the eye rolls beyond it. MIDDLE - profile H: the whole strap seen edge-on, showing how thin it is, its upper surface knobbled where the twisted and cut branches stand up, and the eye at the right rolled on a squared shoulder. LOWER HALF - the bride-only variant. L: a plain undecorated band crossed at five regular intervals by BRIDES, drawn as small collars standing across it, with a scalloped terminal at the left end. Profile M below shows each bride's two long POINTED legs driven right through the rail, to be hammered over. O: a perspective of one bride - a U-shaped clip whose two legs end in long forked points p and s. I: the section of the bride, a thin flat strip. MODELLING: TWO distinct 14th-c assets here. (1) The CUT-FROM-SHEET penture: model as a flat plate silhouette (branches and band are one piece, no welds), thin and constant in thickness, with branch stems TWISTED ON EDGE (the text: 'on l'a tordue de champ') so a branch turns from flat-in-plane to flat-on-e...
viollet_dictionnaire	frwikisource	Serrurerie Presented as general med	0	Schema.resistance.fer.png	WHY MEDIEVAL IRON IS TWISTED: two stiffness diagrams - equal-weight section reshaping, and	pure geometric diagram, two figures on one plate	no	VERIFIED	https://commons.wikimedia.org/wiki/File:Schema.resistance.fer.png	TWO FIGURE NUMBERS ARE LEGIBLE: '47' (left group) and '48' (right group). Fig 47: A = a hatched SQUARE section, ruled into a 3x3 grid (the 0.03 m square bar of the text). B = two alternatives forged from the SAME weight of iron - an I-section (two flanges and a web) and a CRUCIFORM / plus-shaped section - each drawn on the same grid so the equal-area claim is visible. Fig 48: A = a plain square with both diagonals drawn, i.e. the bar bends across a face. B = the same square inscribed in a CIRCLE, with a fan of several chords drawn from the centre to the arc, showing the diagonal sweeping every point of the circumscribing circle as the bar is twisted. MODELLING: Justifies, from the source, the two most recognisable silhouettes in medieval ironwork. (a) Any load-bearing forged upright should read as I or cruciform in section rather than solid square - the flanges are structural, not decorative. (b) The twisted square bar is a STIFFENING device: model it as a square section swept along the axis with continuous rotation, which automatically produces the four CONCAVE hyperbolic faces Viollet notes; he also states the twisted bar is HEAVIER than the plain one for equal length but looks lighter because of those concave faces. Corollary for our kit: twist belongs on verticals that carry load (grille uprights, well-head posts), not scattered as ornament.
viollet_dictionnaire	frwikisource	Serrurerie 15th century. Viollet: t	0	Armature.puits.Troyes.png	FIG. 53 - the WELL HEAD-FRAME at Troyes, 15th century: three-post armature carrying THREE 	elevation of one bay plus plan of the well mouth, with a graphic scale bar and isolated details	no	VERIFIED	https://commons.wikimedia.org/wiki/File:Armature.puits.Troyes.png	Figure numeral '53' is legible at top. A GRAPHIC SCALE BAR IS DRAWN ON THE PLATE, ruled and labelled '2 m.' - so the whole armature can be measured off the plate directly. PLAN A, top right: the margelle (well kerb) drawn as an IRREGULAR OCTAGON on the outside with an OVAL opening inside; three uprights are marked as small circles set at the corners of a SCALENE triangle (positions a, b at one side and c opposite), and two horizontal bars d' cross the mouth carrying the pulley hangers. ELEVATION: the left upright rises as a slender shaft with three plain rings clamped round it and finishes in a leaf-flanked SPEARHEAD finial. From near its top a long shallow S-curved tie D sweeps right and down; a second, straighter bar B runs below it; both are fine round-section irons. Where they meet at the right they gather at the poincon (king-pin). THREE pulleys hang: at the left a plain deep-grooved sheave held in a forked hanger with a through-bolt; at the centre a magnificent PIERCED IRON sheave - the wheel's web is cut into trefoil/quatrefoil openings around the hub - carried on a spindle with a projecting cross-bar; the third hanger is indicated at the right. The right-hand upright is decorated with big flat cut foliate leaves and carries a small ring in a loop at G. LOWER RIGHT: the upright's shaft is drawn as an unmistakable ROPE-LIKE TWIST - two round rods twisted together - with a moulded collar/bague at E. DETAIL F, bottom left: the foot of a twisted upright rising from the stone kerb, flanked by TWO flattened iron LOOPS lying on the kerb - the eyes that took the hook of the rope. MODELLING: A complete well-head asset with function baked in: three posts on a scalene (not equilateral) triangle SO THAT THREE PEOPLE CAN DRAW SIMULTANEOUSLY - Viollet states this explicitly. Post = two 0.02 m round rods twisted as a torsade (per the text), with plain rings at intervals, a...
viollet_dictionnaire	frwikisource	Serrurerie End of the 15th century.	0	Grille.boutique.Troyes.png	FIG. 55 - the lower supports of the projecting SHOP GRILLE (cabaust) at Troyes, end of the	large-scale perspective of the corner assembly plus isolated component details	no	VERIFIED	https://commons.wikimedia.org/wiki/File:Grille.boutique.Troyes.png	Figure numeral '55' is legible at top left. This is a BOW/ORIEL grille that stands out from the wall over a shop front. MAIN VIEW: the corner upright A and the wall-side upright B are flat bars, and their outward faces are CLAD IN ENGRAVED SHEET - the cladding is drawn covered in fine incised foliate scrollwork with small punched dots. The low transverse bar D is clad the same way. Where D meets A a large applied FLEURON is riveted over the junction - a deeply modelled multi-lobed flower with a central boss - masking the joint exactly as Viollet's law predicts. Below, the CONSOLE C sweeps down and out in a long ogee curve, its lower end drawn as a faceted DAGGER/SPEARHEAD point; on its back two heavy RING-COLLARS are threaded, and a further pair of open rings coil out from the junction. Slender scrolled bars (brindilles) run up behind the bar, tied to it and to each other by plain wrap COLLARS (embrasses), clearly visible as short cylinders where bars cross. DETAILS: E, section of a corner iron - a small square with a saltire, wrapped by a hooked lip on each side, i.e. the sheet cladding folded round the bar. H, the panel unit - two brindilles bent into a paired heart-and-volute figure, tied by two tiny collars, spanning between two verticals. F and F', the same nail/junction ornament bare and dressed: F is a plain V of two brindilles closing into a small loop, F' the same with a four-lobed cusped LOZENGE rosette riveted over it with a domed centre. G, a brindille end with a round GOUJON (stud) forged on. D', a bar end with a plain round hole. A', the upright at a with the low bar D passing BEHIND it and resting on a forged shoulder (repos). MODELLING: This is the best town-asset drawing in the article: a shop-front security grille. Kit: flat uprights + sheet cladding wrapped and hooked round them (two materials - forged bar plus incised sheet); scrolled brindilles...
viollet_dictionnaire	frwikisource	Serrurerie A, B, C and the brides D	0	Charniere.chapelle.Semur.en.Auxois.png	FIG. 43 - THE THREE PIVOT TYPES SIDE BY SIDE: paumelle (A), charniere (B), charniere-equer	comparative typology plate with dimensioned elevations, a perspective fixing detail, and one enriched example	no	VERIFIED	https://commons.wikimedia.org/wiki/File:Charniere.chapelle.Semur.en.Auxois.png	Figure numeral '43' is legible at top. A DIMENSION IS LEGIBLE, written three times over the plates: '0,055' = 0.055 m, the WIDTH of the platines. THE TYPOLOGY, which is exactly what we needed to separate: (A) centre, the PAUMELLE - a SINGLE long plate; on its right edge, at mid-height, a projecting block carrying one knuckle. It has no partner leaf: it drops over a gond sealed in the stone. Its plate is pierced with hearts and cusped lobed voids, with round-headed fixings at the corners; a long plain reserve runs down the centre. A small profile below shows the plate with the rolled eye standing off it. (B) left, the true CHARNIERE - TWO mirror plates side by side, identically pierced, meeting on a common knuckle drawn with four or five interleaved barrels. This is the folding-leaf hinge (Viollet: 'Les charnieres reunis sont des vantaux brises'). (C) top right, the CHARNIERE-EQUERRE - the same pierced plate but with a horizontal arm crossing it at right angles and two lugs projecting on the far side, i.e. a hinge that turns a corner between rail and stile. (D) bottom left, the BRIDE in perspective and this is the important fixing evidence: a flat strip standing across the plate, from the back of which project THREE pairs of long BIFURCATED points, splayed, to be driven through the timber and riveted on the outside. (G) bottom right, the late-15th-century charniere-equerre: the plates are now cut into flamboyant foliage - a beast/dragon head terminal at the top of each, big curling leaf scrolls returning along the bottom rail - the knuckle is a long many-barrelled cylinder with a domed pin head, and the whole is clamped by TWO plain vertical BARRETTES laid over the plates, each studded with round rivet heads. Detail g shows one barrette alone: a narrow strip with a washer-and-rivet at each end. MODELLING: USE THIS TO STOP CONFLATING THE THREE. paumelle = one leaf + ...
viollet_dictionnaire	frwikisource	Serrurerie 'Cet ouvrage de ferronne	0	Armature.puits.Marcoussis.png	FIG. 52 - the WELL ARMATURE of the chateau of Marcoussis, late 14th century: a complete ir	full picturesque perspective at human scale, with a figure drawing water	no	VERIFIED	https://commons.wikimedia.org/wiki/File:Armature.puits.Marcoussis.png	Figure numeral '52' is legible at top left. A WOMAN IS DRAWN leaning over the kerb hauling the rope, which gives direct human scale: the crown of the frame stands roughly at twice her height, the kerb at hip height. STRUCTURE FROM THE BOTTOM UP: a round stone margelle on a paved octagonal plinth. Three uprights rise from the kerb, each drawn as a slender flat/square bar; at every foot a pair of ROPE-TWISTED braces (the arcs-boutants) curve outward and down to the paving, plus a plain strut - and the posts lean very slightly inward. Ring collars clamp the posts at intervals. At the top the three posts are gathered by a broad SHEET-IRON CROWN BAND, decorated with punched quatrefoil rosettes and finished along its top edge with a CRESTING of small trefoil finials; from beneath the band spring cusped ogee arches (the redent ties) linking post to post, and three large flat FLEUR-DE-LYS leaves stand out radially above it. Above the crown, three tall curved ribs sweep up and inward to form the pavilion, and from the crown two great open RING-VOLUTES flank the axis, their tips finishing as fleurs-de-lys; a straight cross-bar (the moise) is drawn passing across and through them at level a, plainly pinched onto them. Down the axis the POINCON b hangs, carrying the pulley in a forged stirrup, and the rope runs down to a coopered bucket standing on the kerb. The apex finishes in a foliate spray with a small cross/vane. A spare hook hangs on the left post. MODELLING: This is the flagship well asset - a courtyard or crossroads well-head. Component list: 3 leaning posts; 2 twisted braces per post foot resolving the twisting/'hiement' Viollet names; ring collars; a sheet crown band with punched quatrefoils and trefoil cresting; 3 cusped ogee tie-arches; 3 radial fleur-de-lys leaves; 3 curved pavilion ribs; 2 great ring-volutes pinched by a straight moise; an axial king-pin with pu...
viollet_dictionnaire	frwikisource	Serrurerie 'elles datent du commenc	0	Penture.porte.cathedrale.Puy.en.Velay.png	FIG. 3 - THE TRIPLE-LIMB C-FORM PENTURE, beginning of the 12th century. FILENAME IS WRONG:	elevation on the door boards, dimensioned, with a section and a collet detail	no	VERIFIED	https://commons.wikimedia.org/wiki/File:Penture.porte.cathedrale.Puy.en.Velay.png	Figure numeral '3' is legible at top right. TWO DIMENSIONS ARE LEGIBLE: '0,055' beside the section B (= 0.055 m, the width of a branch, matching the text 'En B, est la section d'une branche sur ab'), and '0,91' on the bottom dimension line (= 0.91 m overall). THE FORM, AND THIS IS THE GARDNER TEST CASE: from a single collet at the centre-right, THREE limbs spring. (1) A great near-closed RING sweeps right, up and over, round and back - drawn as two arcs (marked a on the outer, b on the inner) that together enclose almost a full circle across four board-widths. (2) and (3) The straight BAND runs left from the collet to a second cluster. At BOTH ends the limbs break into big paired VOLUTES: on the left, two mirrored S-scrolls with tight spiral eyes forming a lyre/heart; on the right, two more inside the ring. Two flared CUFF-COLLARS grip the straight band, one at each end of its plain run. NAILS: dozens of them, every one drawn as a SQUARE head sitting on a small square pad, set along the crown of every branch and all round the ring - the nailing is dense and follows the ironwork, and the door's board joints are ruled across the plate so the clamping across the boards is explicit. The section B is a LENS/leaf shape - thin edges, raised centre. DETAIL A, bottom: the collet shown in perspective passing RIGHT THROUGH the door timber and being welded/riveted on the far side. MODELLING: GARDNER'S TRIPLE STRAP IS HERE, VISIBLE: one straight centre limb plus two lateral curved limbs springing from a common collet - and Viollet's drawing shows the curved limbs closing into a ring rather than stopping as open crescents. Build recipe for a 12th-c church door: collet that passes THROUGH the leaf (not merely nailed on), three limbs, all branch ends resolved as tight volute eyes, lens-section bar 0.055 m wide, square nail heads on square pads at short intervals along every limb. ...
viollet_dictionnaire	frwikisource	Serrurerie Not dated to a century i	0	Assemblage.grille.medievale.png	FIG. 49 - THE GRILLE UPRIGHT (montant): a rebated post built of two core bars plus cheek p	elevation, face view, base plan/section, and exploded fastener details	no	VERIFIED	https://commons.wikimedia.org/wiki/File:Assemblage.grille.medievale.png	Figure numeral '49' is legible at top right. DIMENSIONS ARE LEGIBLE ON THE PLATE: '0,49' on the vertical dimension line at the right, and '0,063' on the base detail A. RIGHT, elevation B: the post is drawn as TWO parallel core bars (the ame) with cheek plates (jouees) riveted on either side, so the post's outer faces form REBATES into which the grille panels slide. At two levels the cheeks swell into RENFORTS lettered e/K and l, each drawn as a leafy corbel-shaped projection with a DRIP (larmier) and, under it, a small shoulder - and in each shoulder a small rectangular SLOT is visible. From under the upper pair, at D, two ARCS-BOUTANTS spring and sweep down and outward in long ogee curves lettered g, splaying wide apart to reach the floor - and per the text each divides again lower down, so the two braces give FOUR anchorages. LEFT, face view F: the same post seen on its other axis, showing the row of slots up the middle and the overlapping DOUBLE KEYS pushed through them, and at the bottom the two brace feet h h passing through the floor line into their anchorages. TOP CENTRE, detail G: the double key itself, exploded - a flat plate pierced with two rectangular slots, with two curved leaf-shaped forked legs hanging from it. BELOW IT, H/m: the CLAVETTE - a small flat wedge, tapered along its length, with a rounded thickened head. BOTTOM, plan A: the section at floor level - the two core bars, the cheeks c and d, the brace feet splaying away, and the barlong (oblong) holes with the keys through them. MODELLING: This is the structural spine of any large grille or chapel screen. Post = 2 core bars + 2 cheek plates riveted on, giving a rebated section - so a grille's panels SLIDE IN and are never welded to the post, which is Viollet's thermal-expansion argument. Braces = long ogee flying buttresses, splitting to four ground anchors, resisting lean both in the grille's...
viollet_dictionnaire	frwikisource	Serrurerie End of the 13th century 	0	Penture.porte.Sainte.Anne.Notre.Dame.Paris.2.png	FIG. 12 - THE EXPLODED SPINE of the low penture on the porte Sainte-Anne, Notre-Dame de Pa	exploded / disassembly diagram - the cleanest construction drawing in the article	no	VERIFIED	https://commons.wikimedia.org/wiki/File:Penture.porte.Sainte.Anne.Notre.Dame.Paris.2.png	Figure numeral '12' is legible at top left. The five modules are laid out in a single row with DELIBERATE GAPS between them so the joints are exposed, running right to left: A (the collet, its ends lettered a and b), B (the first member, c and d), C (the second member, e and g), D (the third member, k), and E (the terminal bouquet). EVERY MODULE IS DRAWN AS A BUNDLE OF PARALLEL BARS - long straight lines running the module's length, touching, unwelded between the ends. Reading the line counts: the collet A shows FOUR bars, the members B, C and D show THREE each, matching Viollet's text exactly. At EVERY module end the bars are gathered into a single heavily hatched PALETTE - a wide, flattened, slightly thinned scarf pad, drawn cross-hatched to show it is one solid mass where the bars have been welded together. Between the modules, pairs of long curved lines sweep away above and below: the secondary branches, springing precisely AT the module joints and not from the middle of a module's run. At the far left, E, the bundle resolves into a small spray of fine curling twigs. MODELLING: This is the authoritative build order and LOD scheme for a great 13th-c hinge, and it says three things a modeller would otherwise get wrong. (1) The strap is SEGMENTED - five modules, not one continuous bar - so seams belong at fixed intervals along it. (2) The bar count STEPS DOWN outward (4, then 3, 3, 3, thinner), so the strap tapers in DISCRETE JUMPS at the module joints rather than smoothly. (3) Branches spring AT the joints, because the joint is where the metal is already gathered - so branch attachment points and clasp positions are the SAME set of points. Author the strap as: [scarf pad][bundle run][scarf pad] x5, chain them, wrap every pad in a clasp, and hang the branches off the pads.
viollet_dictionnaire	frwikisource	Serrurerie 15th century. Viollet: '	0	Penture.Thann.Haut.Rhin.png	FIG. 19 - penture drawn at Thann (Haut-Rhin), 15th century: hot-cut flat band with welded,	large-scale elevation of the central junction, dimensioned, with one profile detail	no	VERIFIED	https://commons.wikimedia.org/wiki/File:Penture.Thann.Haut.Rhin.png	Figure numeral '19' is legible at top right. A DIMENSION IS LEGIBLE AND I CROPPED AND ENLARGED IT TO CONFIRM: '0,45' = 0.45 m. FORM: a wide flat band whose centre swells into a big cusped LOZENGE pierced right through with a QUATREFOIL - the hot-cutting technique of fig. 16 applied as an opening. From the lozenge, four heavy diagonal arms radiate; each arm is drawn as a flat tapering bar, and along its length small collar-BEADS with domed rivets mark the springing points of slender round-section stems. Those stems arch out and each ENDS IN A FLEURON, drawn as a squared cusped rosette - a lozenge with foliate cusps at the four corners and a large DOMED BOSS at the centre. There are more than a dozen such fleurons across the plate, and they are the dominant visual event. NOTABLY ABSENT: there are no clasps (embrasses) and no bundled bars anywhere - the band is single-thickness throughout. TOP RIGHT, a small PROFILE detail: the fleuron seen in section, showing that the domed boss stands proud on a short stalk above a low lobed cushion, i.e. the rosette is not flat but a two-stage relief. MODELLING: The 15th-c idiom: flat cut-and-pierced band, quatrefoil openings, and the visual weight moved entirely to the TERMINALS. The fleurons are the only parts still made by the old means - Viollet says they are welded to the stems, then swaged, then CHISELLED AFTER swaging, so their edges should read crisp and faceted while their domes read soft. Model each fleuron as a two-stage boss (lobed cushion + stalked dome) and each stem as a plain round rod. Nail every fleuron - they double as fixings. 0.45 m gives the scale. Contrast against fig. 3 (12th c) and fig. 12 (13th c) to see the whole arc: mass at the collet -> mass at the joints -> mass at the tips.
viollet_dictionnaire	frwikisource	Escalier fig.21	0	Newel-less vis: half plan (A), section on CD (B), one step in perspective (G)	stair, newel-less spiral	line engraving	no	FIGURE	https://fr.wikisource.org/wiki/Dictionnaire_raisonn%C3%A9_de_l%E2%80%99architecture_fran%C3%A7aise_du_XIe_au_XVIe_si%C3%A8cle/Escalier	TEXT-KEYED. From the 14th c, where space was very tight, «on supprimait entièrement le noyau» - the newel is omitted entirely to free passage. The steps are simply superposed in a spiral and EACH CARRIES A BOUDIN AT ITS INNER END TO SERVE AS A HANDRAIL; where the newel would be there is «un vide». Figure gives half the plan at A, the section on line CD at B, and one step in perspective at G with dotted indication of unseen surfaces and the lower bed. A distinct stair TYPE for a generator, not a variant.
viollet_dictionnaire	frwikisource	Escalier fig.22	0	Vis enclosed between columns, Mainz cathedral, mid-13th century	stair, open-caged vis	line engraving	no	FIGURE	https://fr.wikisource.org/wiki/Dictionnaire_raisonn%C3%A9_de_l%E2%80%99architecture_fran%C3%A7aise_du_XIe_au_XVIe_si%C3%A8cle/Escalier	TEXT-KEYED, and it settles what the figure does and does not state. Viollet: «nous donnons la moitié de son plan et UNE RÉVOLUTION ENTIÈRE. À partir du mur circulaire qui ne monte que jusqu'au niveau A, la construction consiste seulement en des MARCHES PORTANT NOYAU, et en des COLONNETTES, TOUTES D'ÉGALE HAUTEUR, soutenant chacune l'extrémité extérieure d'une marche.» So: newel integral with the steps; one colonnette per step, all of equal height, each carrying one step's outer end; the circular wall stops at level A. CRITICAL: the text gives NO COUNT of colonnettes or winders, so any per-revolution step count must be read off the figure and cannot be asserted from the text - which is why cycle 17's counts were refuted.
viollet_dictionnaire	frwikisource	Escalier fig.23	0	Vis of the Reims tower pinnacles, perspective cutting diagram	stair, tower vis in pinnacle	line engraving	no	FIGURE	https://fr.wikisource.org/wiki/Dictionnaire_raisonn%C3%A9_de_l%E2%80%99architecture_fran%C3%A7aise_du_XIe_au_XVIe_si%C3%A8cle/Escalier	TEXT-KEYED, and it carries two hard rules. FABRICATION: «trois marches sont prises dans une seule assise» - THREE STEPS CUT FROM ONE COURSE, because the stone at Reims is enormous. LOAD PATH: stone chandelles B relieve the bearings A and sit over the step ends at C, but «PAR LE FAIT, C'EST LE NOYAU D QUI PORTE TOUTE LA CHARGE, et les pierres B ne sont qu'une suite d'étançons formant clôture à jour» - the NEWEL carries everything and the outer props are an open screen, not structure. Note this is the opposite emphasis from Mainz (fig 22), where each colonnette supports a step end: record them as two variants, not a contradiction.
viollet_dictionnaire	frwikisource	Architecture militaire	0	Artillerie medievale	typological or diagrammatic	equipment plate	unverified	FIGURE	https://upload.wikimedia.org/wikipedia/commons/1/1c/Artillerie.medievale.png	QUOTE-AUDITED cycle 21 (dimensions 112/116 verbatim; figures still unviewed). Early gunpowder pieces, after period sources.
viollet_dictionnaire	frwikisource	Architecture militaire	0	Assaut courtine avec beffroi	typological or diagrammatic	explanatory diagram	unverified	FIGURE	https://upload.wikimedia.org/wikipedia/commons/9/95/Assaut.courtine.avec.beffroi.png	QUOTE-AUDITED cycle 21 (dimensions 112/116 verbatim; figures still unviewed). VIOLLET'S OWN DIAGRAM of an assault by belfry; explanatory, no measured building behind it.
viollet_dictionnaire	frwikisource	Architecture militaire	0	Assaut courtine et tours	typological or diagrammatic	explanatory diagram	unverified	FIGURE	https://upload.wikimedia.org/wikipedia/commons/d/de/Assaut.courtine.et.tours.png	QUOTE-AUDITED cycle 21 (dimensions 112/116 verbatim; figures still unviewed). VIOLLET'S OWN DIAGRAM of an assault on curtain and towers.
viollet_dictionnaire	frwikisource	Architecture militaire	0	Bas relief colonne Trajane 2	typological or diagrammatic	copy of ancient relief	unverified	FIGURE	https://upload.wikimedia.org/wikipedia/commons/d/d5/Bas.relief.colonne.Trajane.2.png	QUOTE-AUDITED cycle 21 (dimensions 112/116 verbatim; figures still unviewed). Copy after the Trajan Column reliefs.
viollet_dictionnaire	frwikisource	Architecture militaire	0	Bas relief colonne Trajane	typological or diagrammatic	copy of ancient relief	unverified	FIGURE	https://upload.wikimedia.org/wikipedia/commons/6/61/Bas.relief.colonne.Trajane.png	QUOTE-AUDITED cycle 21 (dimensions 112/116 verbatim; figures still unviewed). Copy after the Trajan Column reliefs - ancient evidence, not medieval.
viollet_dictionnaire	frwikisource	Architecture militaire	0	Bastilles Kingston sur Hull	Kingston sur Hull	diagram or trace	unverified	FIGURE	https://upload.wikimedia.org/wikipedia/commons/6/6a/Bastilles.Kingston.sur.Hull.png	QUOTE-AUDITED cycle 21 (dimensions 112/116 verbatim; figures still unviewed). AFTER an English source (Parker); Viollet dates the work drawn to the late 15th century, later than the castle's foundation.
viollet_dictionnaire	frwikisource	Architecture militaire	0	Bastilles Lubeck	Lubeck	diagram or trace	unverified	FIGURE	https://upload.wikimedia.org/wikipedia/commons/8/81/Bastilles.Lubeck.png	QUOTE-AUDITED cycle 21 (dimensions 112/116 verbatim; figures still unviewed). AFTER a 16th-century German engraving from the author's own cabinet.
viollet_dictionnaire	frwikisource	Architecture militaire	0	Bastion XVIe siecle 2	typological or diagrammatic	diagram or trace	unverified	FIGURE	https://upload.wikimedia.org/wikipedia/commons/e/e2/Bastion.XVIe.siecle.2.png	QUOTE-AUDITED cycle 21 (dimensions 112/116 verbatim; figures still unviewed). AFTER A PRINTED TREATISE, companion sheet.
viollet_dictionnaire	frwikisource	Architecture militaire	0	Bastion XVIe siecle	typological or diagrammatic	diagram or trace	unverified	FIGURE	https://upload.wikimedia.org/wikipedia/commons/d/d4/Bastion.XVIe.siecle.png	QUOTE-AUDITED cycle 21 (dimensions 112/116 verbatim; figures still unviewed). AFTER A PRINTED TREATISE (Italian, 16th c.), not French measured fabric.
viollet_dictionnaire	frwikisource	Architecture militaire	0	Bastion avec orillons 2	typological or diagrammatic	diagram or trace	unverified	FIGURE	https://upload.wikimedia.org/wikipedia/commons/f/f0/Bastion.avec.orillons.2.png	QUOTE-AUDITED cycle 21 (dimensions 112/116 verbatim; figures still unviewed). AFTER A PRINTED TREATISE, companion sheet.
viollet_dictionnaire	frwikisource	Architecture militaire	0	Bastion avec orillons	typological or diagrammatic	diagram or trace	unverified	FIGURE	https://upload.wikimedia.org/wikipedia/commons/0/0a/Bastion.avec.orillons.png	QUOTE-AUDITED cycle 21 (dimensions 112/116 verbatim; figures still unviewed). AFTER A PRINTED TREATISE - bastion with orillons.
viollet_dictionnaire	frwikisource	Architecture militaire	0	Bastion rempare 2	typological or diagrammatic	diagram or trace	unverified	FIGURE	https://upload.wikimedia.org/wikipedia/commons/8/8a/Bastion.rempare.2.png	QUOTE-AUDITED cycle 21 (dimensions 112/116 verbatim; figures still unviewed). AFTER Giovanni Scala, Roma 1596.
viollet_dictionnaire	frwikisource	Architecture militaire	0	Bastion rempare 3	typological or diagrammatic	diagram or trace	unverified	FIGURE	https://upload.wikimedia.org/wikipedia/commons/5/53/Bastion.rempare.3.png	QUOTE-AUDITED cycle 21 (dimensions 112/116 verbatim; figures still unviewed). AFTER Giovanni Scala, Roma 1596.
viollet_dictionnaire	frwikisource	Architecture militaire	0	Bastion rempare	typological or diagrammatic	diagram or trace	unverified	FIGURE	https://upload.wikimedia.org/wikipedia/commons/c/c4/Bastion.rempare.png	QUOTE-AUDITED cycle 21 (dimensions 112/116 verbatim; figures still unviewed). AFTER Giovanni Scala, Delle fortificationi, Roma 1596; the legend's dimensions are in Roman feet of 0.297896 m.
viollet_dictionnaire	frwikisource	Architecture militaire	0	Bastions Verone	Verone	diagram or trace	unverified	FIGURE	https://upload.wikimedia.org/wikipedia/commons/2/2c/Bastions.Verone.png	QUOTE-AUDITED cycle 21 (dimensions 112/116 verbatim; figures still unviewed). Italian bastioned front at Verona; foreign comparative material.
viollet_dictionnaire	frwikisource	Architecture militaire	0	Batterie barbette	typological or diagrammatic	diagram or trace	unverified	FIGURE	https://upload.wikimedia.org/wikipedia/commons/d/dd/Batterie.barbette.png	QUOTE-AUDITED cycle 21 (dimensions 112/116 verbatim; figures still unviewed). Barbette battery on a razed medieval tower; the text gives its 1 m command over the neighbouring curtain parapet.
viollet_dictionnaire	frwikisource	Architecture militaire	0	Belier medieval 2	typological or diagrammatic	equipment plate	unverified	FIGURE	https://upload.wikimedia.org/wikipedia/commons/d/db/Belier.medieval.2.png	QUOTE-AUDITED cycle 21 (dimensions 112/116 verbatim; figures still unviewed). Copy after a manuscript vignette showing the ram.
viollet_dictionnaire	frwikisource	Architecture militaire	0	Belier medieval	typological or diagrammatic	equipment plate	unverified	FIGURE	https://upload.wikimedia.org/wikipedia/commons/7/7d/Belier.medieval.png	QUOTE-AUDITED cycle 21 (dimensions 112/116 verbatim; figures still unviewed). Copy after a manuscript vignette showing the ram.
viollet_dictionnaire	frwikisource	Architecture militaire	0	Breteche siege Carcassonne	Carcassonne	elevation or view	unverified	FIGURE	https://upload.wikimedia.org/wikipedia/commons/2/2c/Breteche.siege.Carcassonne.png	QUOTE-AUDITED cycle 21 (dimensions 112/116 verbatim; figures still unviewed). Bretache in use during a siege - reconstruction of an action.
viollet_dictionnaire	frwikisource	Architecture militaire	0	Chateau Milan	Milan	elevation or view	unverified	FIGURE	https://upload.wikimedia.org/wikipedia/commons/7/7b/Chateau.Milan.png	QUOTE-AUDITED cycle 21 (dimensions 112/116 verbatim; figures still unviewed). Italian comparative example.
viollet_dictionnaire	frwikisource	Architecture militaire	0	Château Carcassonne et barbacane	Carcassonne	elevation or view	unverified	FIGURE	https://upload.wikimedia.org/wikipedia/commons/8/87/Ch%C3%A2teau.Carcassonne.et.barbacane.png	QUOTE-AUDITED cycle 21 (dimensions 112/116 verbatim; figures still unviewed). Chateau of Carcassonne with its barbican; the barbican element is restituted (destroyed 1821).
viollet_dictionnaire	frwikisource	Architecture militaire	0	Coupe braie	typological or diagrammatic	section	unverified	FIGURE	https://upload.wikimedia.org/wikipedia/commons/9/91/Coupe.braie.png	QUOTE-AUDITED cycle 21 (dimensions 112/116 verbatim; figures still unviewed). Section of a braie; transitional artillery-era work, generalised type.
viollet_dictionnaire	frwikisource	Architecture militaire	0	Coupe fausses braies	typological or diagrammatic	section	unverified	FIGURE	https://upload.wikimedia.org/wikipedia/commons/c/c0/Coupe.fausses.braies.png	QUOTE-AUDITED cycle 21 (dimensions 112/116 verbatim; figures still unviewed). Section of fausses braies; generalised type.
viollet_dictionnaire	frwikisource	Architecture militaire	0	Coupe hourds coursiere (fig 32 legible in image)	typological or diagrammatic	section	yes	VERIFIED	https://upload.wikimedia.org/wikipedia/commons/c/cd/Coupe.hourds.coursiere.png	QUOTE-AUDITED cycle 21 (dimensions 112/116 verbatim; figures still unviewed). Fig 32 legible in image (filename misnames it). Timber hourd in section on a curtain: wall A, stone parapet B kept behind the hourd, hoarding floor E, outer posts G. The single best generator reference for timber hoarding.
viollet_dictionnaire	frwikisource	Architecture militaire	0	Coupe hourds courtine (fig 33 legible in image)	typological or diagrammatic	section	yes	VERIFIED	https://upload.wikimedia.org/wikipedia/commons/3/33/Coupe.hourds.courtine.png	QUOTE-AUDITED cycle 21 (dimensions 112/116 verbatim; figures still unviewed). Fig 33 legible in image (filename misnames it). Stone machicolation on stacked corbels, timber coursiere L behind wall C. Carries the 0.70-1.20 m corbel spacing and 0.33-0.40 m x 2 m parapet given in the text.
viollet_dictionnaire	frwikisource	Architecture militaire	0	Coupe tour XVe siecle Langres 2	Langres	section	unverified	FIGURE	https://upload.wikimedia.org/wikipedia/commons/0/0d/Coupe.tour.XVe.siecle.Langres.2.png	QUOTE-AUDITED cycle 21 (dimensions 112/116 verbatim; figures still unviewed). Section of a 15th-century Langres tower, companion sheet.
viollet_dictionnaire	frwikisource	Architecture militaire	0	Coupe tour XVe siecle Langres	Langres	section	unverified	VERIFIED	https://upload.wikimedia.org/wikipedia/commons/3/3a/Coupe.tour.XVe.siecle.Langres.png	QUOTE-AUDITED cycle 21 (dimensions 112/116 verbatim; figures still unviewed). Section of a 15th-century Langres tower built for guns.
viollet_dictionnaire	frwikisource	Architecture militaire	0	Courtine et sapeur	typological or diagrammatic	explanatory diagram	unverified	FIGURE	https://upload.wikimedia.org/wikipedia/commons/8/8c/Courtine.et.sapeur.png	QUOTE-AUDITED cycle 21 (dimensions 112/116 verbatim; figures still unviewed). VIOLLET'S OWN DIAGRAM of the sapper at the curtain foot.
viollet_dictionnaire	frwikisource	Architecture militaire	0	Cranequin arbalete	typological or diagrammatic	equipment plate	unverified	FIGURE	https://upload.wikimedia.org/wikipedia/commons/d/dd/Cranequin.arbalete.png	QUOTE-AUDITED cycle 21 (dimensions 112/116 verbatim; figures still unviewed). Cranequin crossbow spanner - weapon detail.
viollet_dictionnaire	frwikisource	Architecture militaire	0	Detail colonne Antoine Rome	Rome	detail	unverified	FIGURE	https://upload.wikimedia.org/wikipedia/commons/3/3a/Detail.colonne.Antoine.Rome.png	QUOTE-AUDITED cycle 21 (dimensions 112/116 verbatim; figures still unviewed). Copy after the Antonine Column, Rome.
viollet_dictionnaire	frwikisource	Architecture militaire	0	Enceinte visigothe Carcassonne	Carcassonne	elevation or view	unverified	FIGURE	https://upload.wikimedia.org/wikipedia/commons/6/6b/Enceinte.visigothe.Carcassonne.png	QUOTE-AUDITED cycle 21 (dimensions 112/116 verbatim; figures still unviewed). Visigothic work at Carcassonne; surviving fabric, but the crenellation and mantlets shown are Viollet's reading.
viollet_dictionnaire	frwikisource	Architecture militaire	0	Equipement arbaletrier 2	typological or diagrammatic	equipment plate	unverified	FIGURE	https://upload.wikimedia.org/wikipedia/commons/f/f1/Equipement.arbaletrier.2.png	QUOTE-AUDITED cycle 21 (dimensions 112/116 verbatim; figures still unviewed). Crossbowman's equipment.
viollet_dictionnaire	frwikisource	Architecture militaire	0	Equipement arbaletrier	typological or diagrammatic	equipment plate	unverified	FIGURE	https://upload.wikimedia.org/wikipedia/commons/7/7b/Equipement.arbaletrier.png	QUOTE-AUDITED cycle 21 (dimensions 112/116 verbatim; figures still unviewed). Crossbowman's equipment.
viollet_dictionnaire	frwikisource	Architecture militaire	0	Equipement archer 2	typological or diagrammatic	equipment plate	unverified	FIGURE	https://upload.wikimedia.org/wikipedia/commons/0/02/Equipement.archer.2.png	QUOTE-AUDITED cycle 21 (dimensions 112/116 verbatim; figures still unviewed). Archer's equipment.
viollet_dictionnaire	frwikisource	Architecture militaire	0	Equipement archer	typological or diagrammatic	equipment plate	unverified	FIGURE	https://upload.wikimedia.org/wikipedia/commons/4/44/Equipement.archer.png	QUOTE-AUDITED cycle 21 (dimensions 112/116 verbatim; figures still unviewed). Archer's equipment.
viollet_dictionnaire	frwikisource	Architecture militaire	0	Fausse braie 2	typological or diagrammatic	diagram or trace	unverified	FIGURE	https://upload.wikimedia.org/wikipedia/commons/3/3b/Fausse.braie.2.png	QUOTE-AUDITED cycle 21 (dimensions 112/116 verbatim; figures still unviewed). Fausse braie, companion sheet.
viollet_dictionnaire	frwikisource	Architecture militaire	0	Fausse braie	typological or diagrammatic	diagram or trace	unverified	FIGURE	https://upload.wikimedia.org/wikipedia/commons/e/e1/Fausse.braie.png	QUOTE-AUDITED cycle 21 (dimensions 112/116 verbatim; figures still unviewed). Fausse braie; generalised type.
viollet_dictionnaire	frwikisource	Architecture militaire	0	Fortification Orange	Orange	elevation or view	unverified	FIGURE	https://upload.wikimedia.org/wikipedia/commons/e/e0/Fortification.Orange.png	QUOTE-AUDITED cycle 21 (dimensions 112/116 verbatim; figures still unviewed). Orange refortified under Louis XI; flanked fausses braies.
viollet_dictionnaire	frwikisource	Architecture militaire	0	Fortification en hexagone	typological or diagrammatic	diagram or trace	unverified	FIGURE	https://upload.wikimedia.org/wikipedia/commons/4/47/Fortification.en.hexagone.png	QUOTE-AUDITED cycle 21 (dimensions 112/116 verbatim; figures still unviewed). AFTER the chevalier De Ville's Traite - the hexagon trace, with his own dimensions in pas of five pieds de roy.
viollet_dictionnaire	frwikisource	Architecture militaire	0	Fortification romaine 2	typological or diagrammatic	elevation or view	unverified	FIGURE	https://upload.wikimedia.org/wikipedia/commons/6/65/Fortification.romaine.2.png	QUOTE-AUDITED cycle 21 (dimensions 112/116 verbatim; figures still unviewed). RECONSTRUCTION from ancient authors, companion sheet.
viollet_dictionnaire	frwikisource	Architecture militaire	0	Fortification romaine	typological or diagrammatic	elevation or view	unverified	FIGURE	https://upload.wikimedia.org/wikipedia/commons/4/46/Fortification.romaine.png	QUOTE-AUDITED cycle 21 (dimensions 112/116 verbatim; figures still unviewed). RECONSTRUCTION from ancient authors (Vegetius, Caesar), not from measured fabric.
viollet_dictionnaire	frwikisource	Architecture militaire	0	Fortifications Langres XVIe siecle	Langres	elevation or view	unverified	FIGURE	https://upload.wikimedia.org/wikipedia/commons/0/0b/Fortifications.Langres.XVIe.siecle.png	QUOTE-AUDITED cycle 21 (dimensions 112/116 verbatim; figures still unviewed). Langres 16th-century front; surviving fabric, source of the 7.00 m wall thickness quote.
viollet_dictionnaire	frwikisource	Architecture militaire	0	Gabions	typological or diagrammatic	diagram or trace	unverified	FIGURE	https://upload.wikimedia.org/wikipedia/commons/6/66/Gabions.png	QUOTE-AUDITED cycle 21 (dimensions 112/116 verbatim; figures still unviewed). Detail of gabions - siege field-work, after 16th-century practice.
viollet_dictionnaire	frwikisource	Architecture militaire	0	Hourd Pierrefonds apres restauration (fig 37 legible in image)	Pierrefonds	perspective construction detail	no	VERIFIED	https://upload.wikimedia.org/wikipedia/commons/1/18/Hourd.Pierrefonds.apres.restauration.png	QUOTE-AUDITED cycle 21 (dimensions 112/116 verbatim; figures still unviewed). RESTORATION - Viollet's own; the text introduces it as "Voici la restauration (37) de cette partie des defenses de Pierrefonds". Fig 37 legible. Pair it with Hourd.Pierrefonds.png, which is the surviving ruin.
viollet_dictionnaire	frwikisource	Architecture militaire	0	Hourd Pierrefonds	Pierrefonds	perspective construction detail	unverified	FIGURE	https://upload.wikimedia.org/wikipedia/commons/d/da/Hourd.Pierrefonds.png	QUOTE-AUDITED cycle 21 (dimensions 112/116 verbatim; figures still unviewed). Surviving fabric drawn as found - "Voici (36) l'etat actuel de l'angle forme par la tour du nord-est et la courtine nord"; machicolation corbels A in place, parapet torn away at B.
viollet_dictionnaire	frwikisource	Architecture militaire	0	Hourds manuscrit Froissard	typological or diagrammatic	perspective construction detail	unverified	FIGURE	https://upload.wikimedia.org/wikipedia/commons/2/25/Hourds.manuscrit.Froissard.png	QUOTE-AUDITED cycle 21 (dimensions 112/116 verbatim; figures still unviewed). Copy after a Froissart manuscript vignette - period pictorial evidence for hoardings, not a measured building.
viollet_dictionnaire	frwikisource	Architecture militaire	0	Hourds tour (fig 34 legible in image)	typological or diagrammatic	perspective construction detail	yes	VERIFIED	https://upload.wikimedia.org/wikipedia/commons/9/94/Hourds.tour.png	QUOTE-AUDITED cycle 21 (dimensions 112/116 verbatim; figures still unviewed). Fig 34 legible. Stone machicolation storey applied to a tower with an extra covered crenellated storey H above it - Viollet's generalised type, not a named building.
viollet_dictionnaire	frwikisource	Architecture militaire	0	Inconvenients tour carree	typological or diagrammatic	explanatory diagram	unverified	FIGURE	https://upload.wikimedia.org/wikipedia/commons/4/4d/Inconvenients.tour.carree.png	QUOTE-AUDITED cycle 21 (dimensions 112/116 verbatim; figures still unviewed). VIOLLET'S OWN DIAGRAM arguing the weakness of the square tower.
viollet_dictionnaire	frwikisource	Architecture militaire	0	Plan Aigues Mortes	Aigues Mortes	plan	unverified	FIGURE	https://upload.wikimedia.org/wikipedia/commons/1/16/Plan.Aigues.Mortes.png	QUOTE-AUDITED cycle 21 (dimensions 112/116 verbatim; figures still unviewed). General plan of Aigues-Mortes - surviving fabric, a rare complete regular 13th-century circuit.
viollet_dictionnaire	frwikisource	Architecture militaire	0	Plan Coucy	Coucy	plan	unverified	FIGURE	https://upload.wikimedia.org/wikipedia/commons/d/de/Plan.Coucy.png	QUOTE-AUDITED cycle 21 (dimensions 112/116 verbatim; figures still unviewed). General plan of Coucy - surviving fabric.
viollet_dictionnaire	frwikisource	Architecture militaire	0	Plan Paris XIVe siecle 2	Paris	plan	unverified	FIGURE	https://upload.wikimedia.org/wikipedia/commons/1/11/Plan.Paris.XIVe.siecle.2.png	QUOTE-AUDITED cycle 21 (dimensions 112/116 verbatim; figures still unviewed). RESTORATION - companion sheet to the Paris restitution.
viollet_dictionnaire	frwikisource	Architecture militaire	0	Plan Paris XIVe siecle	Paris	plan	unverified	FIGURE	https://upload.wikimedia.org/wikipedia/commons/b/b4/Plan.Paris.XIVe.siecle.png	QUOTE-AUDITED cycle 21 (dimensions 112/116 verbatim; figures still unviewed). RESTORATION - restitution of a lost enceinte from documents; almost nothing of the 14th-century Paris wall stood when he drew it.
viollet_dictionnaire	frwikisource	Architecture militaire	0	Plan barbacane Carcassonne	Carcassonne	plan	unverified	FIGURE	https://upload.wikimedia.org/wikipedia/commons/e/e0/Plan.barbacane.Carcassonne.png	QUOTE-AUDITED cycle 21 (dimensions 112/116 verbatim; figures still unviewed). RESTORATION - the Carcassonne barbican "a ete detruite en 1821 pour construire un moulin ; ses fondations seules existent". Plan is a restitution from foundations and surviving ramps. Scale stated in text: 1 cm to 15 m.
viollet_dictionnaire	frwikisource	Architecture militaire	0	Plan carcassonne XIIIe siecle	typological or diagrammatic	plan	unverified	VERIFIED	https://upload.wikimedia.org/wikipedia/commons/3/36/Plan.carcassonne.XIIIe.siecle.png	QUOTE-AUDITED cycle 21 (dimensions 112/116 verbatim; figures still unviewed). General plan of the double enceinte; the carrier of the 10 m / 14 m minimum-height rule and of the lices system. Surviving fabric, though the barbicans on it are restituted.
viollet_dictionnaire	frwikisource	Architecture militaire	0	Plan chateau Vincennes	Vincennes	plan	unverified	FIGURE	https://upload.wikimedia.org/wikipedia/commons/4/4b/Plan.chateau.Vincennes.png	QUOTE-AUDITED cycle 21 (dimensions 112/116 verbatim; figures still unviewed). Partly documentary - extracted from Israel Sylvestre's engraved plan, filtered: "Nous n'avons extrait du plan donne par Israel que les constructions anterieures au XVIe siecle".
viollet_dictionnaire	frwikisource	Architecture militaire	0	Plan fortification renforcee 2	typological or diagrammatic	plan	unverified	FIGURE	https://upload.wikimedia.org/wikipedia/commons/4/44/Plan.fortification.renforcee.2.Png	QUOTE-AUDITED cycle 21 (dimensions 112/116 verbatim; figures still unviewed). VIOLLET'S OWN DIAGRAM, companion sheet.
viollet_dictionnaire	frwikisource	Architecture militaire	0	Plan fortification renforcee	typological or diagrammatic	plan	unverified	FIGURE	https://upload.wikimedia.org/wikipedia/commons/a/a4/Plan.fortification.renforcee.png	QUOTE-AUDITED cycle 21 (dimensions 112/116 verbatim; figures still unviewed). VIOLLET'S OWN DIAGRAM of a front reinforced against artillery.
viollet_dictionnaire	frwikisource	Architecture militaire	0	Plan point faible tour	typological or diagrammatic	plan	unverified	FIGURE	https://upload.wikimedia.org/wikipedia/commons/1/1f/Plan.point.faible.tour.png	QUOTE-AUDITED cycle 21 (dimensions 112/116 verbatim; figures still unviewed). VIOLLET'S OWN DIAGRAM of the dead point on the tangent of a round tower - the reason for the bec/eperon.
viollet_dictionnaire	frwikisource	Architecture militaire	0	Plan rempart avec galerie	typological or diagrammatic	plan	unverified	FIGURE	https://upload.wikimedia.org/wikipedia/commons/d/d0/Plan.rempart.avec.galerie.png	QUOTE-AUDITED cycle 21 (dimensions 112/116 verbatim; figures still unviewed). Typological plan of a rampart with internal gallery.
viollet_dictionnaire	frwikisource	Architecture militaire	0	Plan station militaire Famars Belgique	Famars	plan	unverified	FIGURE	https://upload.wikimedia.org/wikipedia/commons/2/25/Plan.station.militaire.Famars.Belgique.png	QUOTE-AUDITED cycle 21 (dimensions 112/116 verbatim; figures still unviewed). Plan of the Roman military station at Famars - archaeological.
viollet_dictionnaire	frwikisource	Architecture militaire	0	Plan tour Carcassonne	Carcassonne	plan	unverified	FIGURE	https://upload.wikimedia.org/wikipedia/commons/7/7d/Plan.tour.Carcassonne.png	QUOTE-AUDITED cycle 21 (dimensions 112/116 verbatim; figures still unviewed). Plan of a Carcassonne tower.
viollet_dictionnaire	frwikisource	Architecture militaire	0	Plan tour Puy Saint Front Perigueux	Perigueux	plan	unverified	FIGURE	https://upload.wikimedia.org/wikipedia/commons/2/2f/Plan.tour.Puy.Saint.Front.Perigueux.png	QUOTE-AUDITED cycle 21 (dimensions 112/116 verbatim; figures still unviewed). Plan of the Puy-Saint-Front tower, Perigueux.
viollet_dictionnaire	frwikisource	Architecture militaire	0	Plan tour XVe siecle Langres	Langres	plan	unverified	FIGURE	https://upload.wikimedia.org/wikipedia/commons/3/3a/Plan.tour.XVe.siecle.Langres.png	QUOTE-AUDITED cycle 21 (dimensions 112/116 verbatim; figures still unviewed). Plan of a 15th-century Langres gun tower.
viollet_dictionnaire	frwikisource	Architecture militaire	0	Plan tours Loches et Provins	Provins	plan	unverified	FIGURE	https://upload.wikimedia.org/wikipedia/commons/1/16/Plan.tours.Loches.et.Provins.png	QUOTE-AUDITED cycle 21 (dimensions 112/116 verbatim; figures still unviewed). Comparative plans, Loches and Provins - the becs/eperons on round towers.
viollet_dictionnaire	frwikisource	Architecture militaire	0	Plan ville romaine	typological or diagrammatic	plan	unverified	FIGURE	https://upload.wikimedia.org/wikipedia/commons/1/16/Plan.ville.romaine.png	QUOTE-AUDITED cycle 21 (dimensions 112/116 verbatim; figures still unviewed). Idealised Roman town plan.
viollet_dictionnaire	frwikisource	Architecture militaire	0	Pont de Marseille	Marseille	elevation or view	unverified	FIGURE	https://upload.wikimedia.org/wikipedia/commons/a/ae/Pont.de.Marseille.png	QUOTE-AUDITED cycle 21 (dimensions 112/116 verbatim; figures still unviewed). Bridge defence with cavalier at Marseille.
viollet_dictionnaire	frwikisource	Architecture militaire	0	Pont levis ouvrage avance	typological or diagrammatic	mechanism diagram	unverified	FIGURE	https://upload.wikimedia.org/wikipedia/commons/0/0f/Pont.levis.ouvrage.avance.png	QUOTE-AUDITED cycle 21 (dimensions 112/116 verbatim; figures still unviewed). Drawbridge to an outwork.
viollet_dictionnaire	frwikisource	Architecture militaire	0	Pont levis	typological or diagrammatic	mechanism diagram	unverified	FIGURE	https://upload.wikimedia.org/wikipedia/commons/0/0e/Pont.levis.png	QUOTE-AUDITED cycle 21 (dimensions 112/116 verbatim; figures still unviewed). Drawbridge - Architecture militaire's own diagram; see Porte for the fully dimensioned mechanism plates.
viollet_dictionnaire	frwikisource	Architecture militaire	0	Porte Mazelle Metz	Metz	elevation or view	unverified	FIGURE	https://upload.wikimedia.org/wikipedia/commons/b/b6/Porte.Mazelle.Metz.png	QUOTE-AUDITED cycle 21 (dimensions 112/116 verbatim; figures still unviewed). Metz gate rebuilt for artillery - shows the barbican razed and earthed for guns.
viollet_dictionnaire	frwikisource	Architecture militaire	0	Porte Sainte Barbe Metz	Metz	elevation or view	unverified	FIGURE	https://upload.wikimedia.org/wikipedia/commons/3/35/Porte.Sainte.Barbe.Metz.png	QUOTE-AUDITED cycle 21 (dimensions 112/116 verbatim; figures still unviewed). Metz, late 16th-century bastioned work behind the old front.
viollet_dictionnaire	frwikisource	Architecture militaire	0	Porte barriere Aubenton	Aubenton	elevation or view	unverified	FIGURE	https://upload.wikimedia.org/wikipedia/commons/2/21/Porte.barriere.Aubenton.png	QUOTE-AUDITED cycle 21 (dimensions 112/116 verbatim; figures still unviewed). Barrier gate at Aubenton.
viollet_dictionnaire	frwikisource	Architecture militaire	0	Porte barriere	typological or diagrammatic	elevation or view	unverified	FIGURE	https://upload.wikimedia.org/wikipedia/commons/4/47/Porte.barriere.png	QUOTE-AUDITED cycle 21 (dimensions 112/116 verbatim; figures still unviewed). Typological barrier gate.
viollet_dictionnaire	frwikisource	Architecture militaire	0	Porte tapecu	typological or diagrammatic	elevation or view	unverified	FIGURE	https://upload.wikimedia.org/wikipedia/commons/7/77/Porte.tapecu.png	QUOTE-AUDITED cycle 21 (dimensions 112/116 verbatim; figures still unviewed). Detail of a tape-cul (counterweighted swing barrier).
viollet_dictionnaire	frwikisource	Architecture militaire	0	Protection courtine apres sape	typological or diagrammatic	explanatory diagram	unverified	FIGURE	https://upload.wikimedia.org/wikipedia/commons/1/16/Protection.courtine.apres.sape.png	QUOTE-AUDITED cycle 21 (dimensions 112/116 verbatim; figures still unviewed). VIOLLET'S OWN DIAGRAM of shoring a curtain after undermining.
viollet_dictionnaire	frwikisource	Architecture militaire	0	Ravelin et tenaille	typological or diagrammatic	diagram or trace	unverified	FIGURE	https://upload.wikimedia.org/wikipedia/commons/e/ed/Ravelin.et.tenaille.png	QUOTE-AUDITED cycle 21 (dimensions 112/116 verbatim; figures still unviewed). Ravelin and tenaille - 16th/17th-century trace.
viollet_dictionnaire	frwikisource	Architecture militaire	0	Rempart de pieux	typological or diagrammatic	diagram or trace	unverified	FIGURE	https://upload.wikimedia.org/wikipedia/commons/3/3e/Rempart.de.pieux.png	QUOTE-AUDITED cycle 21 (dimensions 112/116 verbatim; figures still unviewed). RECONSTRUCTION from Caesar's description of Gaulish and Germanic ramparts.
viollet_dictionnaire	frwikisource	Architecture militaire	0	Rempart de troncs 2	typological or diagrammatic	diagram or trace	unverified	FIGURE	https://upload.wikimedia.org/wikipedia/commons/7/73/Rempart.de.troncs.2.png	QUOTE-AUDITED cycle 21 (dimensions 112/116 verbatim; figures still unviewed). RECONSTRUCTION from Caesar, companion sheet.
viollet_dictionnaire	frwikisource	Architecture militaire	0	Rempart de troncs	typological or diagrammatic	diagram or trace	unverified	FIGURE	https://upload.wikimedia.org/wikipedia/commons/5/5f/Rempart.de.troncs.png	QUOTE-AUDITED cycle 21 (dimensions 112/116 verbatim; figures still unviewed). RECONSTRUCTION from Caesar - horizontal log rampart with earth fill.
viollet_dictionnaire	frwikisource	Architecture militaire	0	Rempart et boulevard	typological or diagrammatic	diagram or trace	unverified	FIGURE	https://upload.wikimedia.org/wikipedia/commons/2/24/Rempart.et.boulevard.png	QUOTE-AUDITED cycle 21 (dimensions 112/116 verbatim; figures still unviewed). VIOLLET'S OWN DIAGRAM of rampart plus boulevard.
viollet_dictionnaire	frwikisource	Architecture militaire	0	Rempart gabionnades et palis	typological or diagrammatic	diagram or trace	unverified	FIGURE	https://upload.wikimedia.org/wikipedia/commons/0/09/Rempart.gabionnades.et.palis.png	QUOTE-AUDITED cycle 21 (dimensions 112/116 verbatim; figures still unviewed). VIOLLET'S OWN DIAGRAM of emergency gabion and palisade work.
viollet_dictionnaire	frwikisource	Architecture militaire	0	Rempart renforce 2	typological or diagrammatic	diagram or trace	unverified	FIGURE	https://upload.wikimedia.org/wikipedia/commons/6/63/Rempart.renforce.2.png	QUOTE-AUDITED cycle 21 (dimensions 112/116 verbatim; figures still unviewed). VIOLLET'S OWN DIAGRAM, companion sheet.
viollet_dictionnaire	frwikisource	Architecture militaire	0	Rempart renforcé	typological or diagrammatic	diagram or trace	unverified	FIGURE	https://upload.wikimedia.org/wikipedia/commons/5/54/Rempart.renforc%C3%A9.png	QUOTE-AUDITED cycle 21 (dimensions 112/116 verbatim; figures still unviewed). VIOLLET'S OWN DIAGRAM of a rampart backed with earth against gunfire.
viollet_dictionnaire	frwikisource	Architecture militaire	0	Rempart rentrant	typological or diagrammatic	diagram or trace	unverified	FIGURE	https://upload.wikimedia.org/wikipedia/commons/9/93/Rempart.rentrant.png	QUOTE-AUDITED cycle 21 (dimensions 112/116 verbatim; figures still unviewed). VIOLLET'S OWN DIAGRAM of a re-entrant rampart.
viollet_dictionnaire	frwikisource	Architecture militaire	0	Tour Carcasonne avec bec	typological or diagrammatic	elevation or view	unverified	FIGURE	https://upload.wikimedia.org/wikipedia/commons/7/7a/Tour.Carcasonne.avec.bec.png	QUOTE-AUDITED cycle 21 (dimensions 112/116 verbatim; figures still unviewed). Carcassonne tower with bec (spur) - the answer to the tangent dead-point.
viollet_dictionnaire	frwikisource	Architecture militaire	0	Tour Carcassonne 2	Carcassonne	elevation or view	unverified	FIGURE	https://upload.wikimedia.org/wikipedia/commons/0/0e/Tour.Carcassonne.2.png	QUOTE-AUDITED cycle 21 (dimensions 112/116 verbatim; figures still unviewed). Carcassonne tower, companion sheet.
viollet_dictionnaire	frwikisource	Architecture militaire	0	Tour Carcassonne	Carcassonne	elevation or view	unverified	FIGURE	https://upload.wikimedia.org/wikipedia/commons/5/58/Tour.Carcassonne.png	QUOTE-AUDITED cycle 21 (dimensions 112/116 verbatim; figures still unviewed). Carcassonne tower.
viollet_dictionnaire	frwikisource	Architecture militaire	0	Tour Puy Saint Front Perigueux	Perigueux	elevation or view	unverified	FIGURE	https://upload.wikimedia.org/wikipedia/commons/6/6e/Tour.Puy.Saint.Front.Perigueux.png	QUOTE-AUDITED cycle 21 (dimensions 112/116 verbatim; figures still unviewed). Puy-Saint-Front tower, Perigueux.
viollet_dictionnaire	frwikisource	Architecture militaire	0	Tour carree Avignon	Avignon	elevation or view	unverified	FIGURE	https://upload.wikimedia.org/wikipedia/commons/2/26/Tour.carree.Avignon.png	QUOTE-AUDITED cycle 21 (dimensions 112/116 verbatim; figures still unviewed). Square tower, Avignon - Italianate practice, weak flanking by his own account.
viollet_dictionnaire	frwikisource	Architecture militaire	0	Tour chateau Avignon	Avignon	elevation or view	unverified	FIGURE	https://upload.wikimedia.org/wikipedia/commons/7/71/Tour.chateau.Avignon.png	QUOTE-AUDITED cycle 21 (dimensions 112/116 verbatim; figures still unviewed). Tower of the chateau at Avignon.
viollet_dictionnaire	frwikisource	Architecture militaire	0	Tours a etages	typological or diagrammatic	elevation or view	unverified	FIGURE	https://upload.wikimedia.org/wikipedia/commons/8/86/Tours.a.etages.png	QUOTE-AUDITED cycle 21 (dimensions 112/116 verbatim; figures still unviewed). Typological diagram of tiered tower defence.
viollet_dictionnaire	frwikisource	Architecture militaire	0	Tours et courtine	typological or diagrammatic	elevation or view	unverified	VERIFIED	https://upload.wikimedia.org/wikipedia/commons/1/1b/Tours.et.courtine.png	QUOTE-AUDITED cycle 21 (dimensions 112/116 verbatim; figures still unviewed). Typological diagram of tower-and-curtain relationship; generalised, not a named site.
viollet_dictionnaire	frwikisource	Architecture militaire	0	Traverses et gabionnages	typological or diagrammatic	diagram or trace	unverified	FIGURE	https://upload.wikimedia.org/wikipedia/commons/6/66/Traverses.et.gabionnages.png	QUOTE-AUDITED cycle 21 (dimensions 112/116 verbatim; figures still unviewed). VIOLLET'S OWN DIAGRAM of traverses and gabionnage.
viollet_dictionnaire	frwikisource	Porte	0	Coupe porte XIe siecle	typological or diagrammatic	section	unverified	FIGURE	https://upload.wikimedia.org/wikipedia/commons/3/3d/Coupe.porte.XIe.siecle.png	QUOTE-AUDITED cycle 21 (dimensions 112/116 verbatim; figures still unviewed). Section of an early gate type; the article's early-feudal gate is barely 3 m wide by 3-4 m high under the keystone.
viollet_dictionnaire	frwikisource	Porte	0	Coupe porte barbacane Carcassonne	Carcassonne	section	unverified	FIGURE	https://upload.wikimedia.org/wikipedia/commons/c/c8/Coupe.porte.barbacane.Carcassonne.png	QUOTE-AUDITED cycle 21 (dimensions 112/116 verbatim; figures still unviewed). SECTION of the barbican gate on its axis, Carcassonne. SHOWN IN SECTION.
viollet_dictionnaire	frwikisource	Porte	0	Plan porte barbacane Carcassonne	Carcassonne	plan	unverified	FIGURE	https://upload.wikimedia.org/wikipedia/commons/b/b0/Plan.porte.barbacane.Carcassonne.png	QUOTE-AUDITED cycle 21 (dimensions 112/116 verbatim; figures still unviewed). Plan of the barbican gate, Carcassonne; the whole work is open at the gorge so it cannot be held against the castle.
viollet_dictionnaire	frwikisource	Porte	0	Pont levis XIVe XVe siecle 2	typological or diagrammatic	mechanism diagram	unverified	FIGURE	https://upload.wikimedia.org/wikipedia/commons/0/01/Pont.levis.XIVe.XVe.siecle.2.png	QUOTE-AUDITED cycle 21 (dimensions 112/116 verbatim; figures still unviewed). The two-arm drawbridge of the 14th and 15th centuries - external and internal elevations, plan and LONGITUDINAL SECTION with the counterweighted arms swinging into their housings. SHOWN IN SECTION. Standard gate 3.50 x 3.50 m.
viollet_dictionnaire	frwikisource	Porte	0	Pont levis XIVe XVe siecle (fig 46 legible in image)	typological or diagrammatic	mechanism diagram	yes	VERIFIED	https://upload.wikimedia.org/wikipedia/commons/5/56/Pont.levis.XIVe.XVe.siecle.png	QUOTE-AUDITED cycle 21 (dimensions 112/116 verbatim; figures still unviewed). Fig 46 legible, 0-3 m scale bar. SHOWN IN SECTION: the single-arm postern drawbridge - bay 1 m wide at most by 2-2.50 m high, arm housed in a groove, iron bow K and chains, portcullis behind.
viollet_dictionnaire	frwikisource	Porte	0	Porte Flavigny 2	Flavigny	elevation or view	unverified	FIGURE	https://upload.wikimedia.org/wikipedia/commons/3/3b/Porte.Flavigny.2.png	QUOTE-AUDITED cycle 21 (dimensions 112/116 verbatim; figures still unviewed). Flavigny - inner face and SECTION showing the stone divisions between machicolation corbels. SHOWN IN SECTION.
viollet_dictionnaire	frwikisource	Porte	0	Porte Flavigny	Flavigny	elevation or view	unverified	FIGURE	https://upload.wikimedia.org/wikipedia/commons/3/36/Porte.Flavigny.png	QUOTE-AUDITED cycle 21 (dimensions 112/116 verbatim; figures still unviewed). Flavigny - transitional gate with circular gunloops for very small pieces at base, mid-height and summit.
viollet_dictionnaire	frwikisource	Porte	0	Porte Hotel Jacques Coeur Bourges 2	Bourges	elevation or view	unverified	FIGURE	https://upload.wikimedia.org/wikipedia/commons/b/bc/Porte.Hotel.Jacques.Coeur.Bourges.2.png	QUOTE-AUDITED cycle 21 (dimensions 112/116 verbatim; figures still unviewed). Civil doorway, Bourges - outside the fortification scope.
viollet_dictionnaire	frwikisource	Porte	0	Porte Hotel Jacques Coeur Bourges	Bourges	elevation or view	unverified	FIGURE	https://upload.wikimedia.org/wikipedia/commons/3/3a/Porte.Hotel.Jacques.Coeur.Bourges.png	QUOTE-AUDITED cycle 21 (dimensions 112/116 verbatim; figures still unviewed). Civil doorway, Bourges - outside the fortification scope, listed for completeness.
viollet_dictionnaire	frwikisource	Porte	0	Porte Laon Coucy 10	Coucy	elevation or view	unverified	FIGURE	https://upload.wikimedia.org/wikipedia/commons/e/ee/Porte.Laon.Coucy.10.png	QUOTE-AUDITED cycle 21 (dimensions 112/116 verbatim; figures still unviewed). Porte de Laon, Coucy - external elevation, bridges down and portcullises up. The hourds here were permanent, on stone corbels.
viollet_dictionnaire	frwikisource	Porte	0	Porte Laon Coucy 11	Coucy	elevation or view	unverified	FIGURE	https://upload.wikimedia.org/wikipedia/commons/a/ab/Porte.Laon.Coucy.11.png	QUOTE-AUDITED cycle 21 (dimensions 112/116 verbatim; figures still unviewed). Porte de Laon, Coucy - cross section on the tower axis, and the city-side elevation.
viollet_dictionnaire	frwikisource	Porte	0	Porte Laon Coucy 2	Coucy	elevation or view	unverified	FIGURE	https://upload.wikimedia.org/wikipedia/commons/2/28/Porte.Laon.Coucy.2.png	QUOTE-AUDITED cycle 21 (dimensions 112/116 verbatim; figures still unviewed). Porte de Laon, Coucy - approach system with barbican, viaduct and axial tower.
viollet_dictionnaire	frwikisource	Porte	0	Porte Laon Coucy 3	Coucy	elevation or view	unverified	FIGURE	https://upload.wikimedia.org/wikipedia/commons/5/50/Porte.Laon.Coucy.3.png	QUOTE-AUDITED cycle 21 (dimensions 112/116 verbatim; figures still unviewed). Porte de Laon, Coucy - plan below city pavement, magazines and souterrain.
viollet_dictionnaire	frwikisource	Porte	0	Porte Laon Coucy 4	Coucy	elevation or view	unverified	FIGURE	https://upload.wikimedia.org/wikipedia/commons/5/55/Porte.Laon.Coucy.4.png	QUOTE-AUDITED cycle 21 (dimensions 112/116 verbatim; figures still unviewed). Porte de Laon, Coucy - plan at pavement level; passage narrows outward, guard rooms hidden from the passage.
viollet_dictionnaire	frwikisource	Porte	0	Porte Laon Coucy 5	Coucy	elevation or view	unverified	FIGURE	https://upload.wikimedia.org/wikipedia/commons/0/09/Porte.Laon.Coucy.5.png	QUOTE-AUDITED cycle 21 (dimensions 112/116 verbatim; figures still unviewed). Porte de Laon, Coucy - first floor with the great hall.
viollet_dictionnaire	frwikisource	Porte	0	Porte Laon Coucy 6	Coucy	elevation or view	unverified	FIGURE	https://upload.wikimedia.org/wikipedia/commons/5/5e/Porte.Laon.Coucy.6.png	QUOTE-AUDITED cycle 21 (dimensions 112/116 verbatim; figures still unviewed). Porte de Laon, Coucy - second floor with echauguettes.
viollet_dictionnaire	frwikisource	Porte	0	Porte Laon Coucy 7	Coucy	elevation or view	unverified	FIGURE	https://upload.wikimedia.org/wikipedia/commons/f/f1/Porte.Laon.Coucy.7.png	QUOTE-AUDITED cycle 21 (dimensions 112/116 verbatim; figures still unviewed). Porte de Laon, Coucy - third floor, the fighting storey with hourds.
viollet_dictionnaire	frwikisource	Porte	0	Porte Laon Coucy 8	Coucy	elevation or view	unverified	FIGURE	https://upload.wikimedia.org/wikipedia/commons/8/8a/Porte.Laon.Coucy.8.png	QUOTE-AUDITED cycle 21 (dimensions 112/116 verbatim; figures still unviewed). Porte de Laon, Coucy - LONGITUDINAL SECTION showing the sloped passage, the souterrain, the tilting bridges over the viaduct piers and the pivoting-deck drawbridge. SHOWN IN SECTION.
viollet_dictionnaire	frwikisource	Porte	0	Porte Laon Coucy 9	Coucy	elevation or view	unverified	FIGURE	https://upload.wikimedia.org/wikipedia/commons/a/ac/Porte.Laon.Coucy.9.png	QUOTE-AUDITED cycle 21 (dimensions 112/116 verbatim; figures still unviewed). Porte de Laon, Coucy - DETAIL OF THE LIFTING GEAR: portcullis winch chamber in plan, drawbridge platform in plan, and the two-portcullis-one-winch mechanism that can only ever raise one at a time. SHOWN IN SECTION.
viollet_dictionnaire	frwikisource	Porte	0	Porte Laon Coucy	Coucy	elevation or view	unverified	FIGURE	https://upload.wikimedia.org/wikipedia/commons/e/eb/Porte.Laon.Coucy.png	QUOTE-AUDITED cycle 21 (dimensions 112/116 verbatim; figures still unviewed). Porte de Laon, Coucy, c.1200 - the article's model of a gate as an independent fort. Great hall 22 by 8 m for a garrison of fifty to sixty.
viollet_dictionnaire	frwikisource	Porte	0	Porte Narbonnaise Carcassonne 2	Carcassonne	elevation or view	unverified	FIGURE	https://upload.wikimedia.org/wikipedia/commons/c/c8/Porte.Narbonnaise.Carcassonne.2.png	QUOTE-AUDITED cycle 21 (dimensions 112/116 verbatim; figures still unviewed). Porte Narbonnaise, c.1285 - general plan with barbican; entry deliberately oblique and enfiladed by redans.
viollet_dictionnaire	frwikisource	Porte	0	Porte Narbonnaise Carcassonne 3	Carcassonne	elevation or view	unverified	FIGURE	https://upload.wikimedia.org/wikipedia/commons/d/d6/Porte.Narbonnaise.Carcassonne.3.png	QUOTE-AUDITED cycle 21 (dimensions 112/116 verbatim; figures still unviewed). Porte Narbonnaise - first floor; central square machicolation with two protected reduits for the men serving it.
viollet_dictionnaire	frwikisource	Porte	0	Porte Narbonnaise Carcassonne 4	Carcassonne	elevation or view	unverified	FIGURE	https://upload.wikimedia.org/wikipedia/commons/6/6e/Porte.Narbonnaise.Carcassonne.4.png	QUOTE-AUDITED cycle 21 (dimensions 112/116 verbatim; figures still unviewed). Porte Narbonnaise - LONGITUDINAL SECTION: chain, machicolation, first portcullis, barred leaf, loophole, great central machicolation, third machicolation, second portcullis, final leaves. SHOWN IN SECTION.
viollet_dictionnaire	frwikisource	Porte	0	Porte Narbonnaise Carcassonne 5	Carcassonne	elevation or view	unverified	FIGURE	https://upload.wikimedia.org/wikipedia/commons/0/04/Porte.Narbonnaise.Carcassonne.5.png	QUOTE-AUDITED cycle 21 (dimensions 112/116 verbatim; figures still unviewed). Porte Narbonnaise - plan of the upper fighting storey with hourds in place.
viollet_dictionnaire	frwikisource	Porte	0	Porte Narbonnaise Carcassonne 6	Carcassonne	elevation or view	unverified	FIGURE	https://upload.wikimedia.org/wikipedia/commons/a/a4/Porte.Narbonnaise.Carcassonne.6.png	QUOTE-AUDITED cycle 21 (dimensions 112/116 verbatim; figures still unviewed). Porte Narbonnaise - external elevation with the double hourding over the entrance; one tower shown with crenel shutters as in peacetime.
viollet_dictionnaire	frwikisource	Porte	0	Porte Narbonnaise Carcassonne 7	Carcassonne	elevation or view	unverified	FIGURE	https://upload.wikimedia.org/wikipedia/commons/1/15/Porte.Narbonnaise.Carcassonne.7.png	QUOTE-AUDITED cycle 21 (dimensions 112/116 verbatim; figures still unviewed). Porte Narbonnaise - DETAIL OF PORTCULLIS GEAR, drawn from sockets, pitons, chocks and pulley seatings still in place. SHOWN IN SECTION.
viollet_dictionnaire	frwikisource	Porte	0	Porte Saint Andre Autun 2	Autun	elevation or view	unverified	FIGURE	https://upload.wikimedia.org/wikipedia/commons/9/9d/Porte.Saint.Andre.Autun.2.png	QUOTE-AUDITED cycle 21 (dimensions 112/116 verbatim; figures still unviewed). Porte Saint-Andre, Autun - the main work in large dry-laid sandstone blocks.
viollet_dictionnaire	frwikisource	Porte	0	Porte Saint Andre Autun	Autun	elevation or view	unverified	FIGURE	https://upload.wikimedia.org/wikipedia/commons/9/98/Porte.Saint.Andre.Autun.png	QUOTE-AUDITED cycle 21 (dimensions 112/116 verbatim; figures still unviewed). Roman/late antique gate, Autun - twin carriage bays, twin pedestrian bays, two semicircular towers, open arcaded chemin de ronde above.
viollet_dictionnaire	frwikisource	Porte	0	Porte Saint Denis Paris	Paris	elevation or view	unverified	FIGURE	https://upload.wikimedia.org/wikipedia/commons/d/de/Porte.Saint.Denis.Paris.png	QUOTE-AUDITED cycle 21 (dimensions 112/116 verbatim; figures still unviewed). DEMOLISHED BUILDING - bird's-eye reconstruction of Charles V's porte Saint-Denis from engravings; the lateral machicolations are supposed ("Probablement les arcades laterales etaient percees de larges machicoulis").
viollet_dictionnaire	frwikisource	Porte	0	Porte Saint Lazare Avignon 2	Avignon	elevation or view	unverified	FIGURE	https://upload.wikimedia.org/wikipedia/commons/6/62/Porte.Saint.Lazare.Avignon.2.png	QUOTE-AUDITED cycle 21 (dimensions 112/116 verbatim; figures still unviewed). RESTITUTION - bird's-eye view of the Saint-Lazare gate with its chatelet, drawn from records.
viollet_dictionnaire	frwikisource	Porte	0	Porte Saint Lazare Avignon 3	Avignon	elevation or view	unverified	FIGURE	https://upload.wikimedia.org/wikipedia/commons/e/ee/Porte.Saint.Lazare.Avignon.3.png	QUOTE-AUDITED cycle 21 (dimensions 112/116 verbatim; figures still unviewed). RESTITUTION - LONGITUDINAL SECTION of the gate and avant-porte. SHOWN IN SECTION.
viollet_dictionnaire	frwikisource	Porte	0	Porte Saint Lazare Avignon 4	Avignon	elevation or view	unverified	FIGURE	https://upload.wikimedia.org/wikipedia/commons/6/61/Porte.Saint.Lazare.Avignon.4.png	QUOTE-AUDITED cycle 21 (dimensions 112/116 verbatim; figures still unviewed). RESTITUTION - faces of the work and section on the outwork.
viollet_dictionnaire	frwikisource	Porte	0	Porte Saint Lazare Avignon	Avignon	elevation or view	unverified	FIGURE	https://upload.wikimedia.org/wikipedia/commons/2/23/Porte.Saint.Lazare.Avignon.png	QUOTE-AUDITED cycle 21 (dimensions 112/116 verbatim; figures still unviewed). RESTITUTION - "les renseignements qui nous ont aide a restituer cette porte dans son etat primitif", from M. Achard's drawings; only the gate and some chatelet foundations survive.
viollet_dictionnaire	frwikisource	Porte	0	Porte Villeneuve lez Avignon 2	Avignon	elevation or view	unverified	FIGURE	https://upload.wikimedia.org/wikipedia/commons/8/86/Porte.Villeneuve.lez.Avignon.2.png	QUOTE-AUDITED cycle 21 (dimensions 112/116 verbatim; figures still unviewed). Villeneuve-lez-Avignon - external elevation with the square chatelet over the portcullis chamber.
viollet_dictionnaire	frwikisource	Porte	0	Porte Villeneuve lez Avignon 3	Avignon	elevation or view	unverified	FIGURE	https://upload.wikimedia.org/wikipedia/commons/1/19/Porte.Villeneuve.lez.Avignon.3.png	QUOTE-AUDITED cycle 21 (dimensions 112/116 verbatim; figures still unviewed). Villeneuve-lez-Avignon - SECTION on the passage axis showing both portcullis slots, both sets of leaves and the rising floor. SHOWN IN SECTION. Iron rings 0.25 m across still in place.
viollet_dictionnaire	frwikisource	Porte	0	Porte Villeneuve lez Avignon	Avignon	elevation or view	unverified	FIGURE	https://upload.wikimedia.org/wikipedia/commons/4/42/Porte.Villeneuve.lez.Avignon.png	QUOTE-AUDITED cycle 21 (dimensions 112/116 verbatim; figures still unviewed). Villeneuve-lez-Avignon, late 13th century - opening 4.20 m at the narrowest, a width unheard of in the 12th and 13th centuries. Courses 0.27 m.
viollet_dictionnaire	frwikisource	Porte	0	Porte Villeneuve sur Yonne 2	Villeneuve	elevation or view	unverified	FIGURE	https://upload.wikimedia.org/wikipedia/commons/5/55/Porte.Villeneuve.sur.Yonne.2.png	QUOTE-AUDITED cycle 21 (dimensions 112/116 verbatim; figures still unviewed). Villeneuve-sur-Yonne - external elevation showing the double function of the oblique machicolations.
viollet_dictionnaire	frwikisource	Porte	0	Porte Villeneuve sur Yonne 3	Villeneuve	elevation or view	unverified	FIGURE	https://upload.wikimedia.org/wikipedia/commons/f/f6/Porte.Villeneuve.sur.Yonne.3.png	QUOTE-AUDITED cycle 21 (dimensions 112/116 verbatim; figures still unviewed). Villeneuve-sur-Yonne - LONGITUDINAL SECTION with the drawbridge counterweights and winch. SHOWN IN SECTION.
viollet_dictionnaire	frwikisource	Porte	0	Porte Villeneuve sur Yonne	Villeneuve	elevation or view	unverified	FIGURE	https://upload.wikimedia.org/wikipedia/commons/a/a0/Porte.Villeneuve.sur.Yonne.png	QUOTE-AUDITED cycle 21 (dimensions 112/116 verbatim; figures still unviewed). Villeneuve-sur-Yonne, early 14th century - plan; the two oblique machicolations both cover the bridge and pass the drawbridge chains.
viollet_dictionnaire	frwikisource	Porte	0	Porte XIIIe siecle	typological or diagrammatic	elevation or view	unverified	FIGURE	https://upload.wikimedia.org/wikipedia/commons/a/ac/Porte.XIIIe.siecle.png	QUOTE-AUDITED cycle 21 (dimensions 112/116 verbatim; figures still unviewed). 13th-century gate type.
viollet_dictionnaire	frwikisource	Porte	0	Porte XIe siecle	typological or diagrammatic	elevation or view	unverified	FIGURE	https://upload.wikimedia.org/wikipedia/commons/a/ae/Porte.XIe.siecle.png	QUOTE-AUDITED cycle 21 (dimensions 112/116 verbatim; figures still unviewed). Early gate type, elevation.
viollet_dictionnaire	frwikisource	Porte	0	Porte barbacane Carcassonne 2	Carcassonne	elevation or view	unverified	FIGURE	https://upload.wikimedia.org/wikipedia/commons/5/5f/Porte.barbacane.Carcassonne.2.png	QUOTE-AUDITED cycle 21 (dimensions 112/116 verbatim; figures still unviewed). Barbican gate, Carcassonne - companion sheet.
viollet_dictionnaire	frwikisource	Porte	0	Porte barbacane Carcassonne	Carcassonne	elevation or view	unverified	FIGURE	https://upload.wikimedia.org/wikipedia/commons/6/66/Porte.barbacane.Carcassonne.png	QUOTE-AUDITED cycle 21 (dimensions 112/116 verbatim; figures still unviewed). RESTITUTION CONTEXT - the barbican itself was destroyed in 1821; this gate plan is drawn from what survives.
viollet_dictionnaire	frwikisource	Porte	0	Porte chateau Carcassonne 2	Carcassonne	elevation or view	unverified	FIGURE	https://upload.wikimedia.org/wikipedia/commons/8/87/Porte.chateau.Carcassonne.2.png	QUOTE-AUDITED cycle 21 (dimensions 112/116 verbatim; figures still unviewed). Plan at the level of the second portcullis chamber; the two command holes are 0.63 by 0.50 m.
viollet_dictionnaire	frwikisource	Porte	0	Porte chateau Carcassonne 3	Carcassonne	elevation or view	unverified	FIGURE	https://upload.wikimedia.org/wikipedia/commons/d/d5/Porte.chateau.Carcassonne.3.png	QUOTE-AUDITED cycle 21 (dimensions 112/116 verbatim; figures still unviewed). Longitudinal section on the axis - shows both portcullis slots, both machicolations and the removable bridge deck. SHOWN IN SECTION.
viollet_dictionnaire	frwikisource	Porte	0	Porte chateau Carcassonne 4	Carcassonne	elevation or view	unverified	FIGURE	https://upload.wikimedia.org/wikipedia/commons/a/a5/Porte.chateau.Carcassonne.4.png	QUOTE-AUDITED cycle 21 (dimensions 112/116 verbatim; figures still unviewed). Perspective from the bridge with the timber pentice removed.
viollet_dictionnaire	frwikisource	Porte	0	Porte chateau Carcassonne	Carcassonne	elevation or view	unverified	FIGURE	https://upload.wikimedia.org/wikipedia/commons/9/95/Porte.chateau.Carcassonne.png	QUOTE-AUDITED cycle 21 (dimensions 112/116 verbatim; figures still unviewed). Ground plan of the chateau gate at Carcassonne, c.1120 - opening under 2 m wide by 2.30 m high, pit 3 x 3 m, machicolation, two portcullises and a leaf between them.
viollet_dictionnaire	frwikisource	Porte	0	Porte donjon Coucy 2	Coucy	elevation or view	unverified	FIGURE	https://upload.wikimedia.org/wikipedia/commons/c/c1/Porte.donjon.Coucy.2.png	QUOTE-AUDITED cycle 21 (dimensions 112/116 verbatim; figures still unviewed). Coucy donjon door - elevation with every surviving socket of the tilting-bridge mechanism lettered.
viollet_dictionnaire	frwikisource	Porte	0	Porte donjon Coucy	Coucy	elevation or view	unverified	FIGURE	https://upload.wikimedia.org/wikipedia/commons/7/75/Porte.donjon.Coucy.png	QUOTE-AUDITED cycle 21 (dimensions 112/116 verbatim; figures still unviewed). Coucy donjon door - plan and LONGITUDINAL SECTION of the tilting bridge, portcullis and two barred leaves, with the ladder-flap in the deck that lets the garrison drop into the paved ditch without lowering the bridge. SHOWN IN SECTION.
viollet_dictionnaire	frwikisource	Porte	0	Porte du Croux Nevers 2	Nevers	elevation or view	unverified	FIGURE	https://upload.wikimedia.org/wikipedia/commons/c/ca/Porte.du.Croux.Nevers.2.png	QUOTE-AUDITED cycle 21 (dimensions 112/116 verbatim; figures still unviewed). Porte du Croux - external elevation; both drawbridge grooves visible, machicolations of plain corbels with a thin crenellated wall.
viollet_dictionnaire	frwikisource	Porte	0	Porte du Croux Nevers	Nevers	elevation or view	unverified	FIGURE	https://upload.wikimedia.org/wikipedia/commons/2/27/Porte.du.Croux.Nevers.png	QUOTE-AUDITED cycle 21 (dimensions 112/116 verbatim; figures still unviewed). Porte du Croux, Nevers, c.1400 - plan with its boulevard, contre-garde, main gate and separate pedestrian postern with its own single-arm drawbridge.
viollet_dictionnaire	frwikisource	Porte	0	Poterne ravitaillement Pierrefonds	Pierrefonds	elevation or view	unverified	FIGURE	https://upload.wikimedia.org/wikipedia/commons/5/53/Poterne.ravitaillement.Pierrefonds.png	QUOTE-AUDITED cycle 21 (dimensions 112/116 verbatim; figures still unviewed). PARTLY RESTITUTED - only the left half of this supply postern stands ("il ne reste debout, de cette poterne, qu'une moitie"); the inclined plane and its cable gear are reconstructed. Sill 10 m above the outside road, curtain 3 m thick. Section drawn at 0.002 for 1 m.
viollet_dictionnaire	frwikisource	Tour	0	Alimentation munitions tour Carcassonne	Carcassonne	elevation or view	unverified	FIGURE	https://upload.wikimedia.org/wikipedia/commons/8/85/Alimentation.munitions.tour.Carcassonne.png	QUOTE-AUDITED cycle 21 (dimensions 112/116 verbatim; figures still unviewed). Ammunition hoist inside a Carcassonne tower - shows the 1.28 m drop from crenel sill to upper floor. Mechanism reconstructed by Viollet from the surviving trap and winch sockets.
viollet_dictionnaire	frwikisource	Tour	0	Coupe tour Charlemagne Pierrefonds (fig 57 legible in image)	Pierrefonds	section	yes	VERIFIED	https://upload.wikimedia.org/wikipedia/commons/8/8f/Coupe.tour.Charlemagne.Pierrefonds.png	QUOTE-AUDITED cycle 21 (dimensions 112/116 verbatim; figures still unviewed). RESTORATION-ADJACENT - Pierrefonds. Fig 57 legible, 0-15 m scale bar. Carries the machicolation-hole figure of 42 cm and the firing-angle argument (60 deg from the open crenels, 30/60 deg from the inner balcony, vertical through the machicolations).
viollet_dictionnaire	frwikisource	Tour	0	Coupe tour Lanterne La Rochelle	La Rochelle	section	unverified	FIGURE	https://upload.wikimedia.org/wikipedia/commons/9/9b/Coupe.tour.Lanterne.La.Rochelle.png	QUOTE-AUDITED cycle 21 (dimensions 112/116 verbatim; figures still unviewed). Section of the tour de la Lanterne, La Rochelle - 16 m diameter, stone spire.
viollet_dictionnaire	frwikisource	Tour	0	Coupe tour Narbonne	Narbonne	section	unverified	FIGURE	https://upload.wikimedia.org/wikipedia/commons/c/c4/Coupe.tour.Narbonne.png	QUOTE-AUDITED cycle 21 (dimensions 112/116 verbatim; figures still unviewed). Section of a tower at Narbonne.
viollet_dictionnaire	frwikisource	Tour	0	Coupe tour Papegay Carcassonne	Carcassonne	section	unverified	FIGURE	https://upload.wikimedia.org/wikipedia/commons/0/0f/Coupe.tour.Papegay.Carcassonne.png	QUOTE-AUDITED cycle 21 (dimensions 112/116 verbatim; figures still unviewed). Section of the tour du Papegay, Carcassonne.
viollet_dictionnaire	frwikisource	Tour	0	Coupe tour Saint Martin Carcassonne (fig 26 legible in image)	Carcassonne	section	no	VERIFIED	https://upload.wikimedia.org/wikipedia/commons/4/43/Coupe.tour.Saint.Martin.Carcassonne.png	QUOTE-AUDITED cycle 21 (dimensions 112/116 verbatim; figures still unviewed). Fig 26 legible. Section of the tour Saint-Martin - 25 m above the lices road, 15.50 m above the city ground; two vaulted storeys below, two under the roof, hoarding floor between.
viollet_dictionnaire	frwikisource	Tour	0	Coupe tour chateau Montbard	Montbard	section	unverified	FIGURE	https://upload.wikimedia.org/wikipedia/commons/0/03/Coupe.tour.chateau.Montbard.png	QUOTE-AUDITED cycle 21 (dimensions 112/116 verbatim; figures still unviewed). Section of a tower at Montbard.
viollet_dictionnaire	frwikisource	Tour	0	Coupe tour chateau Montepilloy	Montepilloy	section	unverified	FIGURE	https://upload.wikimedia.org/wikipedia/commons/f/f5/Coupe.tour.chateau.Montepilloy.png	QUOTE-AUDITED cycle 21 (dimensions 112/116 verbatim; figures still unviewed). Section of the Montepilloy tower; courses of 0.32 m (one pied); half the cylinder was mined away.
viollet_dictionnaire	frwikisource	Tour	0	Coupe tour chateau Pierrefonds	Pierrefonds	section	unverified	FIGURE	https://upload.wikimedia.org/wikipedia/commons/4/45/Coupe.tour.chateau.Pierrefonds.png	QUOTE-AUDITED cycle 21 (dimensions 112/116 verbatim; figures still unviewed). RESTORATION-ADJACENT - Pierrefonds was a ruin under Viollet's own rebuilding when this was drawn; treat the upper works as his.
viollet_dictionnaire	frwikisource	Tour	0	Coupe tour commanderie Saint Jean Jerusalem 2	Saint Jean Jerusalem	section	unverified	FIGURE	https://upload.wikimedia.org/wikipedia/commons/3/3d/Coupe.tour.commanderie.Saint.Jean.Jerusalem.2.png	QUOTE-AUDITED cycle 21 (dimensions 112/116 verbatim; figures still unviewed). Companion section, demolished building.
viollet_dictionnaire	frwikisource	Tour	0	Coupe tour commanderie Saint Jean Jerusalem	Saint Jean Jerusalem	section	unverified	FIGURE	https://upload.wikimedia.org/wikipedia/commons/7/7e/Coupe.tour.commanderie.Saint.Jean.Jerusalem.png	QUOTE-AUDITED cycle 21 (dimensions 112/116 verbatim; figures still unviewed). Section of the tower of the Paris commandery of St John of Jerusalem - DEMOLISHED; drawn from records and from Guilhermy's account.
viollet_dictionnaire	frwikisource	Tour	0	Coupe tour enceinte exterieure Carcassonne 2	Carcassonne	section	unverified	FIGURE	https://upload.wikimedia.org/wikipedia/commons/d/d1/Coupe.tour.enceinte.exterieure.Carcassonne.2.png	QUOTE-AUDITED cycle 21 (dimensions 112/116 verbatim; figures still unviewed). Section of an outer-enceinte tower, companion sheet.
viollet_dictionnaire	frwikisource	Tour	0	Coupe tour enceinte exterieure Carcassonne 3	Carcassonne	section	unverified	FIGURE	https://upload.wikimedia.org/wikipedia/commons/f/f8/Coupe.tour.enceinte.exterieure.Carcassonne.3.png	QUOTE-AUDITED cycle 21 (dimensions 112/116 verbatim; figures still unviewed). Section of an outer-enceinte tower, companion sheet.
viollet_dictionnaire	frwikisource	Tour	0	Coupe tour enceinte exterieure Carcassonne 4	Carcassonne	section	unverified	FIGURE	https://upload.wikimedia.org/wikipedia/commons/c/cd/Coupe.tour.enceinte.exterieure.Carcassonne.4.png	QUOTE-AUDITED cycle 21 (dimensions 112/116 verbatim; figures still unviewed). Section of an outer-enceinte tower, companion sheet.
viollet_dictionnaire	frwikisource	Tour	0	Coupe tour enceinte exterieure Carcassonne (fig 16 legible in image)	Carcassonne	section	yes	VERIFIED	https://upload.wikimedia.org/wikipedia/commons/b/bf/Coupe.tour.enceinte.exterieure.Carcassonne.png	QUOTE-AUDITED cycle 21 (dimensions 112/116 verbatim; figures still unviewed). Fig 16 legible. Section of an outer-enceinte tower WITH THE DITCH, COUNTERSCARP AND GLACIS PROFILE and a 0-20 m scale bar - the single most useful sheet in the group for a curtain generator. Hourds shown are supposed in place.
viollet_dictionnaire	frwikisource	Tour	0	Coupe tour eveque Carcassonne	Carcassonne	section	unverified	FIGURE	https://upload.wikimedia.org/wikipedia/commons/f/ff/Coupe.tour.eveque.Carcassonne.png	QUOTE-AUDITED cycle 21 (dimensions 112/116 verbatim; figures still unviewed). Section of the tour de l'Eveque, Carcassonne.
viollet_dictionnaire	frwikisource	Tour	0	Coupe tour nord est Carcassonne	Carcassonne	section	unverified	FIGURE	https://upload.wikimedia.org/wikipedia/commons/5/5c/Coupe.tour.nord.est.Carcassonne.png	QUOTE-AUDITED cycle 21 (dimensions 112/116 verbatim; figures still unviewed). Section of the north-east tower, Carcassonne.
viollet_dictionnaire	frwikisource	Tour	0	Coupe tour nord ouest Coucy	Coucy	section	unverified	FIGURE	https://upload.wikimedia.org/wikipedia/commons/6/61/Coupe.tour.nord.ouest.Coucy.png	QUOTE-AUDITED cycle 21 (dimensions 112/116 verbatim; figures still unviewed). Section of the north-west tower of Coucy - 5.20 m (16 pieds) of masonry at level P, talus 8 m below the courtyard.
viollet_dictionnaire	frwikisource	Tour	0	Coupe tour porte Garonne Carcassonne 2	Carcassonne	section	unverified	FIGURE	https://upload.wikimedia.org/wikipedia/commons/1/14/Coupe.tour.porte.Garonne.Carcassonne.2.png	QUOTE-AUDITED cycle 21 (dimensions 112/116 verbatim; figures still unviewed). MISNAMED (Cadillac, not Carcassonne) - companion section.
viollet_dictionnaire	frwikisource	Tour	0	Coupe tour porte Garonne Carcassonne 3	Carcassonne	section	unverified	FIGURE	https://upload.wikimedia.org/wikipedia/commons/b/bf/Coupe.tour.porte.Garonne.Carcassonne.3.png	QUOTE-AUDITED cycle 21 (dimensions 112/116 verbatim; figures still unviewed). MISNAMED (Cadillac, not Carcassonne) - companion section.
viollet_dictionnaire	frwikisource	Tour	0	Coupe tour porte Garonne Carcassonne	Carcassonne	section	unverified	FIGURE	https://upload.wikimedia.org/wikipedia/commons/f/f6/Coupe.tour.porte.Garonne.Carcassonne.png	QUOTE-AUDITED cycle 21 (dimensions 112/116 verbatim; figures still unviewed). MISNAMED - the porte Garonne is at Cadillac, not Carcassonne; the text describes it under the bastide of Cadillac. Section of the gate tower.
viollet_dictionnaire	frwikisource	Tour	0	Coupe tour porte chateau Montargis	Montargis	section	unverified	FIGURE	https://upload.wikimedia.org/wikipedia/commons/d/d9/Coupe.tour.porte.chateau.Montargis.png	QUOTE-AUDITED cycle 21 (dimensions 112/116 verbatim; figures still unviewed). Section of the Montargis gate tower - a round tower astride the passage, open in the middle so defenders could crush anyone trapped between the two doors.
viollet_dictionnaire	frwikisource	Tour	0	Hourds tour poterne Saint Nazaire Carcassonne	Carcassonne	perspective construction detail	unverified	FIGURE	https://upload.wikimedia.org/wikipedia/commons/3/38/Hourds.tour.poterne.Saint.Nazaire.Carcassonne.png	QUOTE-AUDITED cycle 21 (dimensions 112/116 verbatim; figures still unviewed). HOURDS SUPPOSED IN PLACE - "les hourds etant supposes mis en place pour la defense". Timber shown is Viollet's restitution on surviving corbel sockets; the echauguettes flank the hourds and are flanked by their lateral archeres.
viollet_dictionnaire	frwikisource	Tour	0	Mosaique tour romaine	typological or diagrammatic	copy of ancient mosaic	unverified	FIGURE	https://upload.wikimedia.org/wikipedia/commons/3/3c/Mosaique.tour.romaine.png	QUOTE-AUDITED cycle 21 (dimensions 112/116 verbatim; figures still unviewed). Copy after a Roman mosaic - pictorial evidence.
viollet_dictionnaire	frwikisource	Tour	0	Plan chateau Falaise 2	Falaise	plan	unverified	FIGURE	https://upload.wikimedia.org/wikipedia/commons/5/5f/Plan.chateau.Falaise.2.png	QUOTE-AUDITED cycle 21 (dimensions 112/116 verbatim; figures still unviewed). Plan at Falaise.
viollet_dictionnaire	frwikisource	Tour	0	Plan tour Avignon 2	Avignon	plan	unverified	FIGURE	https://upload.wikimedia.org/wikipedia/commons/a/ad/Plan.tour.Avignon.2.png	QUOTE-AUDITED cycle 21 (dimensions 112/116 verbatim; figures still unviewed). Plan of an Avignon tower, companion sheet.
viollet_dictionnaire	frwikisource	Tour	0	Plan tour Avignon 3	Avignon	plan	unverified	FIGURE	https://upload.wikimedia.org/wikipedia/commons/6/65/Plan.tour.Avignon.3.png	QUOTE-AUDITED cycle 21 (dimensions 112/116 verbatim; figures still unviewed). Plan of an Avignon tower, companion sheet.
viollet_dictionnaire	frwikisource	Tour	0	Plan tour Avignon	Avignon	plan	unverified	FIGURE	https://upload.wikimedia.org/wikipedia/commons/9/98/Plan.tour.Avignon.png	QUOTE-AUDITED cycle 21 (dimensions 112/116 verbatim; figures still unviewed). Plan of an Avignon tower.
viollet_dictionnaire	frwikisource	Tour	0	Plan tour Charlemagne Pierrefonds 2	Pierrefonds	plan	unverified	FIGURE	https://upload.wikimedia.org/wikipedia/commons/d/d5/Plan.tour.Charlemagne.Pierrefonds.2.png	QUOTE-AUDITED cycle 21 (dimensions 112/116 verbatim; figures still unviewed). RESTORATION-ADJACENT - companion plan.
viollet_dictionnaire	frwikisource	Tour	0	Plan tour Charlemagne Pierrefonds	Pierrefonds	plan	unverified	FIGURE	https://upload.wikimedia.org/wikipedia/commons/e/e0/Plan.tour.Charlemagne.Pierrefonds.png	QUOTE-AUDITED cycle 21 (dimensions 112/116 verbatim; figures still unviewed). RESTORATION-ADJACENT - plan of the tour de Charlemagne, Pierrefonds; 15.50 m diameter hors oeuvre.
viollet_dictionnaire	frwikisource	Tour	0	Plan tour Lanterne La Rochelle	La Rochelle	plan	unverified	FIGURE	https://upload.wikimedia.org/wikipedia/commons/2/25/Plan.tour.Lanterne.La.Rochelle.png	QUOTE-AUDITED cycle 21 (dimensions 112/116 verbatim; figures still unviewed). Three superposed plans of the tour de la Lanterne.
viollet_dictionnaire	frwikisource	Tour	0	Plan tour Montlhery	Montlhery	plan	unverified	FIGURE	https://upload.wikimedia.org/wikipedia/commons/3/3f/Plan.tour.Montlhery.png	QUOTE-AUDITED cycle 21 (dimensions 112/116 verbatim; figures still unviewed). Plan of the Montlhery tower - 9.85 m diameter above the talus (30 pieds).
viollet_dictionnaire	frwikisource	Tour	0	Plan tour Narbonne 2	Narbonne	plan	unverified	FIGURE	https://upload.wikimedia.org/wikipedia/commons/c/c3/Plan.tour.Narbonne.2.png	QUOTE-AUDITED cycle 21 (dimensions 112/116 verbatim; figures still unviewed). Plan of a tower at Narbonne, companion sheet.
viollet_dictionnaire	frwikisource	Tour	0	Plan tour Narbonne 3	Narbonne	plan	unverified	FIGURE	https://upload.wikimedia.org/wikipedia/commons/d/d3/Plan.tour.Narbonne.3.png	QUOTE-AUDITED cycle 21 (dimensions 112/116 verbatim; figures still unviewed). Plan of a tower at Narbonne, companion sheet.
viollet_dictionnaire	frwikisource	Tour	0	Plan tour Narbonne	Narbonne	plan	unverified	FIGURE	https://upload.wikimedia.org/wikipedia/commons/5/59/Plan.tour.Narbonne.png	QUOTE-AUDITED cycle 21 (dimensions 112/116 verbatim; figures still unviewed). Plan of a tower at Narbonne.
viollet_dictionnaire	frwikisource	Tour	0	Plan tour Nuremberg	Nuremberg	plan	unverified	FIGURE	https://upload.wikimedia.org/wikipedia/commons/8/8e/Plan.tour.Nuremberg.png	QUOTE-AUDITED cycle 21 (dimensions 112/116 verbatim; figures still unviewed). FOREIGN COMPARATIVE - Nuremberg.
viollet_dictionnaire	frwikisource	Tour	0	Plan tour Papegay Carcassonne	Carcassonne	plan	unverified	FIGURE	https://upload.wikimedia.org/wikipedia/commons/1/12/Plan.tour.Papegay.Carcassonne.png	QUOTE-AUDITED cycle 21 (dimensions 112/116 verbatim; figures still unviewed). Plan of the tour du Papegay, Carcassonne.
viollet_dictionnaire	frwikisource	Tour	0	Plan tour Saint Martin Carcassonne	Carcassonne	plan	unverified	FIGURE	https://upload.wikimedia.org/wikipedia/commons/f/f8/Plan.tour.Saint.Martin.Carcassonne.png	QUOTE-AUDITED cycle 21 (dimensions 112/116 verbatim; figures still unviewed). Superposed plans of the tour Saint-Martin; masonry deliberately thicker on the field side.
viollet_dictionnaire	frwikisource	Tour	0	Plan tour angle chateau Vincennes	Vincennes	plan	unverified	FIGURE	https://upload.wikimedia.org/wikipedia/commons/6/6b/Plan.tour.angle.chateau.Vincennes.png	QUOTE-AUDITED cycle 21 (dimensions 112/116 verbatim; figures still unviewed). Plan of an angle tower at Vincennes.
viollet_dictionnaire	frwikisource	Tour	0	Plan tour chateau Curton	Curton	plan	unverified	FIGURE	https://upload.wikimedia.org/wikipedia/commons/e/eb/Plan.tour.chateau.Curton.png	QUOTE-AUDITED cycle 21 (dimensions 112/116 verbatim; figures still unviewed). Plan of the Curton tower - four angle buttresses, 33 m from dungeon floor to platform.
viollet_dictionnaire	frwikisource	Tour	0	Plan tour chateau Montbard 2	Montbard	plan	unverified	FIGURE	https://upload.wikimedia.org/wikipedia/commons/c/c6/Plan.tour.chateau.Montbard.2.png	QUOTE-AUDITED cycle 21 (dimensions 112/116 verbatim; figures still unviewed). Plan of a tower at Montbard, companion sheet.
viollet_dictionnaire	frwikisource	Tour	0	Plan tour chateau Montbard	Montbard	plan	unverified	FIGURE	https://upload.wikimedia.org/wikipedia/commons/f/fc/Plan.tour.chateau.Montbard.png	QUOTE-AUDITED cycle 21 (dimensions 112/116 verbatim; figures still unviewed). Plan of a tower at Montbard.
viollet_dictionnaire	frwikisource	Tour	0	Plan tour chateau Montepilloy	Montepilloy	plan	unverified	FIGURE	https://upload.wikimedia.org/wikipedia/commons/e/ea/Plan.tour.chateau.Montepilloy.png	QUOTE-AUDITED cycle 21 (dimensions 112/116 verbatim; figures still unviewed). Plan of the Montepilloy tower.
viollet_dictionnaire	frwikisource	Tour	0	Plan tour chateau Pierrefonds	Pierrefonds	plan	unverified	FIGURE	https://upload.wikimedia.org/wikipedia/commons/4/41/Plan.tour.chateau.Pierrefonds.png	QUOTE-AUDITED cycle 21 (dimensions 112/116 verbatim; figures still unviewed). RESTORATION-ADJACENT - Pierrefonds under his own reconstruction.
viollet_dictionnaire	frwikisource	Tour	0	Plan tour commanderie Saint Jean Jerusalem	Saint Jean Jerusalem	plan	unverified	FIGURE	https://upload.wikimedia.org/wikipedia/commons/0/07/Plan.tour.commanderie.Saint.Jean.Jerusalem.png	QUOTE-AUDITED cycle 21 (dimensions 112/116 verbatim; figures still unviewed). Plan of the demolished commandery tower.
viollet_dictionnaire	frwikisource	Tour	0	Plan tour de Nesle	Nesle	plan	unverified	FIGURE	https://upload.wikimedia.org/wikipedia/commons/6/67/Plan.tour.de.Nesle.png	QUOTE-AUDITED cycle 21 (dimensions 112/116 verbatim; figures still unviewed). DEMOLISHED BUILDING - the tour de Nesle, Paris; five toises diameter hors oeuvre, from old plans and views.
viollet_dictionnaire	frwikisource	Tour	0	Plan tour enceinte exterieure Carcassonne 2	Carcassonne	plan	unverified	FIGURE	https://upload.wikimedia.org/wikipedia/commons/a/a8/Plan.tour.enceinte.exterieure.Carcassonne.2.png	QUOTE-AUDITED cycle 21 (dimensions 112/116 verbatim; figures still unviewed). Plan of an outer-enceinte tower, companion sheet.
viollet_dictionnaire	frwikisource	Tour	0	Plan tour enceinte exterieure Carcassonne 3	Carcassonne	plan	unverified	FIGURE	https://upload.wikimedia.org/wikipedia/commons/2/2c/Plan.tour.enceinte.exterieure.Carcassonne.3.png	QUOTE-AUDITED cycle 21 (dimensions 112/116 verbatim; figures still unviewed). Plan of an outer-enceinte tower, companion sheet.
viollet_dictionnaire	frwikisource	Tour	0	Plan tour enceinte exterieure Carcassonne 4	Carcassonne	plan	unverified	FIGURE	https://upload.wikimedia.org/wikipedia/commons/f/f3/Plan.tour.enceinte.exterieure.Carcassonne.4.png	QUOTE-AUDITED cycle 21 (dimensions 112/116 verbatim; figures still unviewed). Plan of an outer-enceinte tower, companion sheet.
viollet_dictionnaire	frwikisource	Tour	0	Plan tour enceinte exterieure Carcassonne	Carcassonne	plan	unverified	FIGURE	https://upload.wikimedia.org/wikipedia/commons/6/68/Plan.tour.enceinte.exterieure.Carcassonne.png	QUOTE-AUDITED cycle 21 (dimensions 112/116 verbatim; figures still unviewed). Plan of an outer-enceinte tower at lices level.
viollet_dictionnaire	frwikisource	Tour	0	Plan tour eveque Carcassonne	Carcassonne	plan	unverified	FIGURE	https://upload.wikimedia.org/wikipedia/commons/2/2b/Plan.tour.eveque.Carcassonne.png	QUOTE-AUDITED cycle 21 (dimensions 112/116 verbatim; figures still unviewed). Plan of the tour de l'Eveque, Carcassonne.
viollet_dictionnaire	frwikisource	Tour	0	Plan tour nord est Carcassonne 2	Carcassonne	plan	unverified	FIGURE	https://upload.wikimedia.org/wikipedia/commons/5/55/Plan.tour.nord.est.Carcassonne.2.png	QUOTE-AUDITED cycle 21 (dimensions 112/116 verbatim; figures still unviewed). Plan of the north-east tower, companion sheet.
viollet_dictionnaire	frwikisource	Tour	0	Plan tour nord est Carcassonne 3	Carcassonne	plan	unverified	FIGURE	https://upload.wikimedia.org/wikipedia/commons/8/84/Plan.tour.nord.est.Carcassonne.3.png	QUOTE-AUDITED cycle 21 (dimensions 112/116 verbatim; figures still unviewed). Plan of the north-east tower, companion sheet.
viollet_dictionnaire	frwikisource	Tour	0	Plan tour nord est Carcassonne	Carcassonne	plan	unverified	FIGURE	https://upload.wikimedia.org/wikipedia/commons/a/ad/Plan.tour.nord.est.Carcassonne.png	QUOTE-AUDITED cycle 21 (dimensions 112/116 verbatim; figures still unviewed). Plan of the north-east tower, Carcassonne.
viollet_dictionnaire	frwikisource	Tour	0	Plan tour nord ouest Coucy	Coucy	plan	unverified	FIGURE	https://upload.wikimedia.org/wikipedia/commons/1/10/Plan.tour.nord.ouest.Coucy.png	QUOTE-AUDITED cycle 21 (dimensions 112/116 verbatim; figures still unviewed). Plan of the north-west tower of Coucy.
viollet_dictionnaire	frwikisource	Tour	0	Plan tour porte Carcassonne 2	Carcassonne	plan	unverified	FIGURE	https://upload.wikimedia.org/wikipedia/commons/5/56/Plan.tour.porte.Carcassonne.2.png	QUOTE-AUDITED cycle 21 (dimensions 112/116 verbatim; figures still unviewed). Plan of a gate tower, Carcassonne, companion sheet.
viollet_dictionnaire	frwikisource	Tour	0	Plan tour porte Carcassonne	Carcassonne	plan	unverified	FIGURE	https://upload.wikimedia.org/wikipedia/commons/8/8f/Plan.tour.porte.Carcassonne.png	QUOTE-AUDITED cycle 21 (dimensions 112/116 verbatim; figures still unviewed). Plan of a gate tower, Carcassonne.
viollet_dictionnaire	frwikisource	Tour	0	Plan tour porte Garonne Carcssonne	typological or diagrammatic	plan	unverified	FIGURE	https://upload.wikimedia.org/wikipedia/commons/3/36/Plan.tour.porte.Garonne.Carcssonne.png	QUOTE-AUDITED cycle 21 (dimensions 112/116 verbatim; figures still unviewed). MISNAMED and misspelt - plan of the porte Garonne at Cadillac.
viollet_dictionnaire	frwikisource	Tour	0	Plan tour porte chateau Montargis	Montargis	plan	unverified	FIGURE	https://upload.wikimedia.org/wikipedia/commons/9/98/Plan.tour.porte.chateau.Montargis.png	QUOTE-AUDITED cycle 21 (dimensions 112/116 verbatim; figures still unviewed). Plan of the Montargis gate tower.
viollet_dictionnaire	frwikisource	Tour	0	Plan tour visigothe Carcassonne	Carcassonne	plan	unverified	FIGURE	https://upload.wikimedia.org/wikipedia/commons/c/c9/Plan.tour.visigothe.Carcassonne.png	QUOTE-AUDITED cycle 21 (dimensions 112/116 verbatim; figures still unviewed). Plan of a Visigothic tower at Carcassonne at chemin-de-ronde level; solid masonry below.
viollet_dictionnaire	frwikisource	Tour	0	Tour Avignon	Avignon	elevation or view	unverified	FIGURE	https://upload.wikimedia.org/wikipedia/commons/9/99/Tour.Avignon.png	QUOTE-AUDITED cycle 21 (dimensions 112/116 verbatim; figures still unviewed). Avignon tower.
viollet_dictionnaire	frwikisource	Tour	0	Tour Lanterne La Rochelle	La Rochelle	elevation or view	unverified	FIGURE	https://upload.wikimedia.org/wikipedia/commons/2/2c/Tour.Lanterne.La.Rochelle.png	QUOTE-AUDITED cycle 21 (dimensions 112/116 verbatim; figures still unviewed). Tour de la Lanterne, La Rochelle.
viollet_dictionnaire	frwikisource	Tour	0	Tour Nuremberg	Nuremberg	elevation or view	unverified	FIGURE	https://upload.wikimedia.org/wikipedia/commons/c/c4/Tour.Nuremberg.png	QUOTE-AUDITED cycle 21 (dimensions 112/116 verbatim; figures still unviewed). FOREIGN COMPARATIVE - Nuremberg.
viollet_dictionnaire	frwikisource	Tour	0	Tour Tokle	typological or diagrammatic	elevation or view	unverified	FIGURE	https://upload.wikimedia.org/wikipedia/commons/f/f3/Tour.Tokle.png	QUOTE-AUDITED cycle 21 (dimensions 112/116 verbatim; figures still unviewed). FOREIGN COMPARATIVE - after a foreign source.
viollet_dictionnaire	frwikisource	Tour	0	Tour XVIe siecle	typological or diagrammatic	elevation or view	unverified	FIGURE	https://upload.wikimedia.org/wikipedia/commons/6/63/Tour.XVIe.siecle.png	QUOTE-AUDITED cycle 21 (dimensions 112/116 verbatim; figures still unviewed). Typological 16th-century tower.
viollet_dictionnaire	frwikisource	Tour	0	Tour XVe siecle	typological or diagrammatic	elevation or view	unverified	FIGURE	https://upload.wikimedia.org/wikipedia/commons/0/00/Tour.XVe.siecle.png	QUOTE-AUDITED cycle 21 (dimensions 112/116 verbatim; figures still unviewed). Typological 15th-century tower.
viollet_dictionnaire	frwikisource	Tour	0	Tour angle chateau Vincennes	Vincennes	elevation or view	unverified	FIGURE	https://upload.wikimedia.org/wikipedia/commons/b/b8/Tour.angle.chateau.Vincennes.png	QUOTE-AUDITED cycle 21 (dimensions 112/116 verbatim; figures still unviewed). Angle tower at Vincennes - tall, thick, square, with projecting echauguettes.
viollet_dictionnaire	frwikisource	Tour	0	Tour chateau Montepilloy	Montepilloy	elevation or view	unverified	FIGURE	https://upload.wikimedia.org/wikipedia/commons/9/92/Tour.chateau.Montepilloy.png	QUOTE-AUDITED cycle 21 (dimensions 112/116 verbatim; figures still unviewed). Montepilloy tower.
viollet_dictionnaire	frwikisource	Tour	0	Tour chateau Salces 2	Salces	elevation or view	unverified	FIGURE	https://upload.wikimedia.org/wikipedia/commons/e/eb/Tour.chateau.Salces.2.png	QUOTE-AUDITED cycle 21 (dimensions 112/116 verbatim; figures still unviewed). Salses, companion sheet.
viollet_dictionnaire	frwikisource	Tour	0	Tour chateau Salces	Salces	elevation or view	unverified	FIGURE	https://upload.wikimedia.org/wikipedia/commons/d/d3/Tour.chateau.Salces.png	QUOTE-AUDITED cycle 21 (dimensions 112/116 verbatim; figures still unviewed). Salses (Salces) - late gun fortress; ditch about 15 m wide by 7 m deep, floodable, with caponnieres.
viollet_dictionnaire	frwikisource	Tour	0	Tour commanderie Saint Jean Jerusalem	Saint Jean Jerusalem	elevation or view	unverified	FIGURE	https://upload.wikimedia.org/wikipedia/commons/5/52/Tour.commanderie.Saint.Jean.Jerusalem.png	QUOTE-AUDITED cycle 21 (dimensions 112/116 verbatim; figures still unviewed). Elevation of the demolished commandery tower.
viollet_dictionnaire	frwikisource	Tour	0	Tour de Nesle	Nesle	elevation or view	unverified	FIGURE	https://upload.wikimedia.org/wikipedia/commons/b/b7/Tour.de.Nesle.png	QUOTE-AUDITED cycle 21 (dimensions 112/116 verbatim; figures still unviewed). DEMOLISHED BUILDING - perspective view of the tour de Nesle reconstructed from old views; the conical roof is explicitly flagged as possible only ("qui peut-etre etait primitivement couverte par un comble conique").
viollet_dictionnaire	frwikisource	Tour	0	Tour de guet Autun	Autun	elevation or view	unverified	FIGURE	https://upload.wikimedia.org/wikipedia/commons/e/e9/Tour.de.guet.Autun.png	QUOTE-AUDITED cycle 21 (dimensions 112/116 verbatim; figures still unviewed). Watch tower at Autun - the so-called temple of Janus, read by Viollet as a bridgehead post with a raised door.
viollet_dictionnaire	frwikisource	Tour	0	Tour enceinte exterieure Carcassonne	Carcassonne	elevation or view	unverified	FIGURE	https://upload.wikimedia.org/wikipedia/commons/9/96/Tour.enceinte.exterieure.Carcassonne.png	QUOTE-AUDITED cycle 21 (dimensions 112/116 verbatim; figures still unviewed). Outer-enceinte tower, geometral elevation with hourds set on one side only.
viollet_dictionnaire	frwikisource	Tour	0	Tour eveque Carcassonne	Carcassonne	elevation or view	unverified	FIGURE	https://upload.wikimedia.org/wikipedia/commons/1/1a/Tour.eveque.Carcassonne.png	QUOTE-AUDITED cycle 21 (dimensions 112/116 verbatim; figures still unviewed). Tour de l'Eveque, Carcassonne.
viollet_dictionnaire	frwikisource	Tour	0	Tour isolee	typological or diagrammatic	elevation or view	unverified	FIGURE	https://upload.wikimedia.org/wikipedia/commons/e/e7/Tour.isolee.png	QUOTE-AUDITED cycle 21 (dimensions 112/116 verbatim; figures still unviewed). Typological isolated tower.
viollet_dictionnaire	frwikisource	Tour	0	Tour nord ouest Coucy	Coucy	elevation or view	unverified	FIGURE	https://upload.wikimedia.org/wikipedia/commons/f/f3/Tour.nord.ouest.Coucy.png	QUOTE-AUDITED cycle 21 (dimensions 112/116 verbatim; figures still unviewed). North-west tower of Coucy, external elevation with hourds on half the corbels.
viollet_dictionnaire	frwikisource	Tour	0	Tour porte Carcassonne	Carcassonne	elevation or view	unverified	FIGURE	https://upload.wikimedia.org/wikipedia/commons/6/64/Tour.porte.Carcassonne.png	QUOTE-AUDITED cycle 21 (dimensions 112/116 verbatim; figures still unviewed). Gate tower, Carcassonne.
viollet_dictionnaire	frwikisource	Tour	0	Tour poterne Saint Nazaire Carcassonne	Carcassonne	elevation or view	unverified	FIGURE	https://upload.wikimedia.org/wikipedia/commons/d/dd/Tour.poterne.Saint.Nazaire.Carcassonne.png	QUOTE-AUDITED cycle 21 (dimensions 112/116 verbatim; figures still unviewed). Tower of the Saint-Nazaire postern; sill of the second door 3 m above the lices floor.
viollet_dictionnaire	frwikisource	Tour	0	Tour romaine	typological or diagrammatic	elevation or view	unverified	FIGURE	https://upload.wikimedia.org/wikipedia/commons/3/3b/Tour.romaine.png	QUOTE-AUDITED cycle 21 (dimensions 112/116 verbatim; figures still unviewed). Roman tower - after antique sources and Vitruvius, not measured French fabric.
viollet_dictionnaire	frwikisource	Tour	0	Tour visigothe Carcassonne	Carcassonne	elevation or view	unverified	FIGURE	https://upload.wikimedia.org/wikipedia/commons/6/6a/Tour.visigothe.Carcassonne.png	QUOTE-AUDITED cycle 21 (dimensions 112/116 verbatim; figures still unviewed). Visigothic tower, Carcassonne - surviving fabric; the mantlets and hourds shown are Viollet's reading.
viollet_dictionnaire	frwikisource	Donjon	0	Chapiteau donjon Etampes	Etampes	detail	unverified	FIGURE	https://upload.wikimedia.org/wikipedia/commons/1/18/Chapiteau.donjon.Etampes.png	QUOTE-AUDITED cycle 21 (dimensions 112/116 verbatim; figures still unviewed). Capital from the Etampes donjon - dating evidence.
viollet_dictionnaire	frwikisource	Donjon	0	Coupe donjon Arques 2	Arques	section	unverified	FIGURE	https://upload.wikimedia.org/wikipedia/commons/e/ec/Coupe.donjon.Arques.2.png	QUOTE-AUDITED cycle 21 (dimensions 112/116 verbatim; figures still unviewed). Arques, companion section; upper works not surviving.
viollet_dictionnaire	frwikisource	Donjon	0	Coupe donjon Arques 3	Arques	section	unverified	FIGURE	https://upload.wikimedia.org/wikipedia/commons/c/c8/Coupe.donjon.Arques.3.png	QUOTE-AUDITED cycle 21 (dimensions 112/116 verbatim; figures still unviewed). Arques, companion section.
viollet_dictionnaire	frwikisource	Donjon	0	Coupe donjon Arques	Arques	section	unverified	FIGURE	https://upload.wikimedia.org/wikipedia/commons/c/c6/Coupe.donjon.Arques.png	QUOTE-AUDITED cycle 21 (dimensions 112/116 verbatim; figures still unviewed). PART-RESTORED FROM A 1708 DRAWING - Viollet drew the great facade machicolations round-arched while the 1708 drawing shows them pointed, and hedges their date on Henry I ("peut-etre meme les grands machicoulis de la facade datent-ils du regne de ce prince").
viollet_dictionnaire	frwikisource	Donjon	0	Coupe donjon Coucy 3	Coucy	section	unverified	VERIFIED	https://upload.wikimedia.org/wikipedia/commons/9/92/Coupe.donjon.Coucy.3.png	QUOTE-AUDITED cycle 21 (dimensions 112/116 verbatim; figures still unviewed). Section of the Coucy donjon - 30.50 m diameter hors oeuvre, 55 m from the paved ditch bottom to the summit, 5.50 m of masonry from niche back to circumference.
viollet_dictionnaire	frwikisource	Donjon	0	Coupe donjon Etampes	Etampes	section	unverified	FIGURE	https://upload.wikimedia.org/wikipedia/commons/b/bd/Coupe.donjon.Etampes.png	QUOTE-AUDITED cycle 21 (dimensions 112/116 verbatim; figures still unviewed). Section of the Etampes donjon - quatrefoil plan, walls not less than four metres, entry trap dropping an attacker four metres into the cellar.
viollet_dictionnaire	frwikisource	Donjon	0	Coupe donjon La Roche Guyon	La Roche Guyon	section	unverified	FIGURE	https://upload.wikimedia.org/wikipedia/commons/f/f0/Coupe.donjon.La.Roche.Guyon.png	QUOTE-AUDITED cycle 21 (dimensions 112/116 verbatim; figures still unviewed). Section of the La Roche-Guyon donjon.
viollet_dictionnaire	frwikisource	Donjon	0	Coupe donjon Provins	Provins	section	unverified	FIGURE	https://upload.wikimedia.org/wikipedia/commons/c/ce/Coupe.donjon.Provins.png	QUOTE-AUDITED cycle 21 (dimensions 112/116 verbatim; figures still unviewed). Section of the Provins donjon - ground and first floors vaulted.
viollet_dictionnaire	frwikisource	Donjon	0	Coupe voute donjon Arques	Arques	section	unverified	FIGURE	https://upload.wikimedia.org/wikipedia/commons/a/a7/Coupe.voute.donjon.Arques.png	QUOTE-AUDITED cycle 21 (dimensions 112/116 verbatim; figures still unviewed). Vault section, Arques.
viollet_dictionnaire	frwikisource	Donjon	0	Donjon Arques	Arques	elevation or view	unverified	FIGURE	https://upload.wikimedia.org/wikipedia/commons/c/c4/Donjon.Arques.png	QUOTE-AUDITED cycle 21 (dimensions 112/116 verbatim; figures still unviewed). Arques donjon; facing stones 0.15-0.20 m high by 0.20-0.32 m long over a flint-and-mortar core.
viollet_dictionnaire	frwikisource	Donjon	0	Donjon Chambois	Chambois	elevation or view	unverified	FIGURE	https://upload.wikimedia.org/wikipedia/commons/4/4a/Donjon.Chambois.png	QUOTE-AUDITED cycle 21 (dimensions 112/116 verbatim; figures still unviewed). Chambois donjon; the 14th-century machicolated parapet replaced an earlier crenellation, and the earlier flanking echauguettes are supposed ("a la place, probablement, des anciennes echauguettes").
viollet_dictionnaire	frwikisource	Donjon	0	Donjon Chateau Gaillard	Chateau Gaillard	elevation or view	unverified	FIGURE	https://upload.wikimedia.org/wikipedia/commons/7/7c/Donjon.Chateau.Gaillard.png	QUOTE-AUDITED cycle 21 (dimensions 112/116 verbatim; figures still unviewed). Chateau-Gaillard donjon; the well is over 80 m deep and the rock stair treads 0.30-0.40 m high.
viollet_dictionnaire	frwikisource	Donjon	0	Donjon Etampes	Etampes	elevation or view	unverified	FIGURE	https://upload.wikimedia.org/wikipedia/commons/a/a2/Donjon.Etampes.png	QUOTE-AUDITED cycle 21 (dimensions 112/116 verbatim; figures still unviewed). Etampes donjon; the chemise and flying bridge are inferred - "Ce mur se retournait probablement".
viollet_dictionnaire	frwikisource	Donjon	0	Donjon La Roche Guyon	La Roche Guyon	elevation or view	unverified	FIGURE	https://upload.wikimedia.org/wikipedia/commons/1/1b/Donjon.La.Roche.Guyon.png	QUOTE-AUDITED cycle 21 (dimensions 112/116 verbatim; figures still unviewed). La Roche-Guyon donjon.
viollet_dictionnaire	frwikisource	Donjon	0	Donjon Pierrefonds	Pierrefonds	elevation or view	unverified	FIGURE	https://upload.wikimedia.org/wikipedia/commons/a/a2/Donjon.Pierrefonds.png	QUOTE-AUDITED cycle 21 (dimensions 112/116 verbatim; figures still unviewed). RESTORATION - Pierrefonds was being rebuilt by Viollet himself; courses of a uniform 0.33 m (one pied). Treat every elevation detail as his.
viollet_dictionnaire	frwikisource	Donjon	0	Donjon Povins	Povins	elevation or view	unverified	FIGURE	https://upload.wikimedia.org/wikipedia/commons/9/98/Donjon.Povins.png	QUOTE-AUDITED cycle 21 (dimensions 112/116 verbatim; figures still unviewed). MISSPELT FILENAME (Provins). Donjon of Provins with its chemise and flying bridges.
viollet_dictionnaire	frwikisource	Donjon	0	Donjon chateau Rouen	Rouen	elevation or view	unverified	FIGURE	https://upload.wikimedia.org/wikipedia/commons/8/84/Donjon.chateau.Rouen.png	QUOTE-AUDITED cycle 21 (dimensions 112/116 verbatim; figures still unviewed). UPPER WORKS RESTORED ON INSUFFICIENT DATA - "nous n'avons, pour restaurer la partie superieure, que des donnees insuffisantes. Toutefois on doit admettre...". Walls near four metres thick.
viollet_dictionnaire	frwikisource	Donjon	0	Donjon chateau Vez	Vez	elevation or view	unverified	FIGURE	https://upload.wikimedia.org/wikipedia/commons/a/af/Donjon.chateau.Vez.png	QUOTE-AUDITED cycle 21 (dimensions 112/116 verbatim; figures still unviewed). Vez donjon; postern sill about 7 m above the outside path, which is only 6 m wide above a scarp. Attributed to the Pierrefonds architect on style alone ("probablement par l'architecte du chateau de Pierrefonds").
viollet_dictionnaire	frwikisource	Donjon	0	Interieur donjon Coucy	Coucy	interior view	unverified	FIGURE	https://upload.wikimedia.org/wikipedia/commons/a/ad/Interieur.donjon.Coucy.png	QUOTE-AUDITED cycle 21 (dimensions 112/116 verbatim; figures still unviewed). Interior of the Coucy donjon - twelve-sided room with double-tier niches.
viollet_dictionnaire	frwikisource	Donjon	0	Plan chateau La Roche Guyon	La Roche Guyon	plan	unverified	FIGURE	https://upload.wikimedia.org/wikipedia/commons/6/66/Plan.chateau.La.Roche.Guyon.png	QUOTE-AUDITED cycle 21 (dimensions 112/116 verbatim; figures still unviewed). General plan, La Roche-Guyon.
viollet_dictionnaire	frwikisource	Donjon	0	Plan donjon Arques 2	Arques	plan	unverified	FIGURE	https://upload.wikimedia.org/wikipedia/commons/f/fe/Plan.donjon.Arques.2.png	QUOTE-AUDITED cycle 21 (dimensions 112/116 verbatim; figures still unviewed). Plan of the Arques donjon, companion sheet.
viollet_dictionnaire	frwikisource	Donjon	0	Plan donjon Arques 3	Arques	plan	unverified	FIGURE	https://upload.wikimedia.org/wikipedia/commons/e/e8/Plan.donjon.Arques.3.png	QUOTE-AUDITED cycle 21 (dimensions 112/116 verbatim; figures still unviewed). Plan of the Arques donjon, companion sheet.
viollet_dictionnaire	frwikisource	Donjon	0	Plan donjon Arques 4	Arques	plan	unverified	FIGURE	https://upload.wikimedia.org/wikipedia/commons/4/4a/Plan.donjon.Arques.4.png	QUOTE-AUDITED cycle 21 (dimensions 112/116 verbatim; figures still unviewed). Plan of the Arques donjon, companion sheet.
viollet_dictionnaire	frwikisource	Donjon	0	Plan donjon Arques 5	Arques	plan	unverified	FIGURE	https://upload.wikimedia.org/wikipedia/commons/4/4f/Plan.donjon.Arques.5.png	QUOTE-AUDITED cycle 21 (dimensions 112/116 verbatim; figures still unviewed). Plan of the Arques donjon, companion sheet.
viollet_dictionnaire	frwikisource	Donjon	0	Plan donjon Arques	Arques	plan	unverified	FIGURE	https://upload.wikimedia.org/wikipedia/commons/6/65/Plan.donjon.Arques.png	QUOTE-AUDITED cycle 21 (dimensions 112/116 verbatim; figures still unviewed). Plan of the Arques donjon, c.1040.
viollet_dictionnaire	frwikisource	Donjon	0	Plan donjon Chambois	Chambois	plan	unverified	FIGURE	https://upload.wikimedia.org/wikipedia/commons/b/bc/Plan.donjon.Chambois.png	QUOTE-AUDITED cycle 21 (dimensions 112/116 verbatim; figures still unviewed). Plan of the Chambois donjon.
viollet_dictionnaire	frwikisource	Donjon	0	Plan donjon Chateau Gaillard	Chateau Gaillard	plan	unverified	FIGURE	https://upload.wikimedia.org/wikipedia/commons/3/38/Plan.donjon.Chateau.Gaillard.png	QUOTE-AUDITED cycle 21 (dimensions 112/116 verbatim; figures still unviewed). Plan of the Chateau-Gaillard donjon; the 15th-century English earth backing for guns is marked at C.
viollet_dictionnaire	frwikisource	Donjon	0	Plan donjon Coucy 2	Coucy	plan	unverified	FIGURE	https://upload.wikimedia.org/wikipedia/commons/4/41/Plan.donjon.Coucy.2.png	QUOTE-AUDITED cycle 21 (dimensions 112/116 verbatim; figures still unviewed). Coucy donjon plan, companion sheet.
viollet_dictionnaire	frwikisource	Donjon	0	Plan donjon Coucy 3	Coucy	plan	unverified	FIGURE	https://upload.wikimedia.org/wikipedia/commons/4/44/Plan.donjon.Coucy.3.png	QUOTE-AUDITED cycle 21 (dimensions 112/116 verbatim; figures still unviewed). Coucy donjon plan, companion sheet.
viollet_dictionnaire	frwikisource	Donjon	0	Plan donjon Coucy 4	Coucy	plan	unverified	FIGURE	https://upload.wikimedia.org/wikipedia/commons/5/50/Plan.donjon.Coucy.4.png	QUOTE-AUDITED cycle 21 (dimensions 112/116 verbatim; figures still unviewed). Coucy donjon plan, companion sheet.
viollet_dictionnaire	frwikisource	Donjon	0	Plan donjon Coucy	Coucy	plan	unverified	FIGURE	https://upload.wikimedia.org/wikipedia/commons/1/18/Plan.donjon.Coucy.png	QUOTE-AUDITED cycle 21 (dimensions 112/116 verbatim; figures still unviewed). Ground plan of the Coucy donjon; single entry by a tilting bridge, machicolation, portcullis, two barred leaves and a grille.
viollet_dictionnaire	frwikisource	Donjon	0	Plan donjon Etampes 2	Etampes	plan	unverified	FIGURE	https://upload.wikimedia.org/wikipedia/commons/f/fd/Plan.donjon.Etampes.2.png	QUOTE-AUDITED cycle 21 (dimensions 112/116 verbatim; figures still unviewed). Plan of the Etampes donjon, companion sheet.
viollet_dictionnaire	frwikisource	Donjon	0	Plan donjon Etampes 3	Etampes	plan	unverified	FIGURE	https://upload.wikimedia.org/wikipedia/commons/6/6b/Plan.donjon.Etampes.3.png	QUOTE-AUDITED cycle 21 (dimensions 112/116 verbatim; figures still unviewed). Plan of the Etampes donjon, companion sheet.
viollet_dictionnaire	frwikisource	Donjon	0	Plan donjon Etampes 4	Etampes	plan	unverified	FIGURE	https://upload.wikimedia.org/wikipedia/commons/7/72/Plan.donjon.Etampes.4.png	QUOTE-AUDITED cycle 21 (dimensions 112/116 verbatim; figures still unviewed). Plan of the Etampes donjon, companion sheet.
viollet_dictionnaire	frwikisource	Donjon	0	Plan donjon Etampes	Etampes	plan	unverified	FIGURE	https://upload.wikimedia.org/wikipedia/commons/9/92/Plan.donjon.Etampes.png	QUOTE-AUDITED cycle 21 (dimensions 112/116 verbatim; figures still unviewed). Plan of the Etampes donjon.
viollet_dictionnaire	frwikisource	Donjon	0	Plan donjon La Roche Guyon	La Roche Guyon	plan	unverified	FIGURE	https://upload.wikimedia.org/wikipedia/commons/d/d0/Plan.donjon.La.Roche.Guyon.png	QUOTE-AUDITED cycle 21 (dimensions 112/116 verbatim; figures still unviewed). Plan of the La Roche-Guyon donjon.
viollet_dictionnaire	frwikisource	Donjon	0	Plan donjon Pierrefonds 2	Pierrefonds	plan	unverified	FIGURE	https://upload.wikimedia.org/wikipedia/commons/9/9d/Plan.donjon.Pierrefonds.2.png	QUOTE-AUDITED cycle 21 (dimensions 112/116 verbatim; figures still unviewed). RESTORATION-ADJACENT - companion plan.
viollet_dictionnaire	frwikisource	Donjon	0	Plan donjon Pierrefonds 3	Pierrefonds	plan	unverified	FIGURE	https://upload.wikimedia.org/wikipedia/commons/7/74/Plan.donjon.Pierrefonds.3.png	QUOTE-AUDITED cycle 21 (dimensions 112/116 verbatim; figures still unviewed). RESTORATION-ADJACENT - companion plan.
viollet_dictionnaire	frwikisource	Donjon	0	Plan donjon Pierrefonds	Pierrefonds	plan	unverified	FIGURE	https://upload.wikimedia.org/wikipedia/commons/a/a0/Plan.donjon.Pierrefonds.png	QUOTE-AUDITED cycle 21 (dimensions 112/116 verbatim; figures still unviewed). RESTORATION-ADJACENT - plan of the Pierrefonds donjon.
viollet_dictionnaire	frwikisource	Donjon	0	Plan donjon Provins 2	Provins	plan	unverified	FIGURE	https://upload.wikimedia.org/wikipedia/commons/2/23/Plan.donjon.Provins.2.png	QUOTE-AUDITED cycle 21 (dimensions 112/116 verbatim; figures still unviewed). Plan of the Provins donjon, companion sheet.
viollet_dictionnaire	frwikisource	Donjon	0	Plan donjon Provins 3	Provins	plan	unverified	FIGURE	https://upload.wikimedia.org/wikipedia/commons/3/38/Plan.donjon.Provins.3.png	QUOTE-AUDITED cycle 21 (dimensions 112/116 verbatim; figures still unviewed). Plan of the Provins donjon, companion sheet.
viollet_dictionnaire	frwikisource	Donjon	0	Plan donjon Provins	Provins	plan	unverified	FIGURE	https://upload.wikimedia.org/wikipedia/commons/b/b3/Plan.donjon.Provins.png	QUOTE-AUDITED cycle 21 (dimensions 112/116 verbatim; figures still unviewed). Plan of the Provins donjon.
viollet_dictionnaire	frwikisource	Donjon	0	Plan donjon chateau Rouen	Rouen	plan	unverified	FIGURE	https://upload.wikimedia.org/wikipedia/commons/6/6c/Plan.donjon.chateau.Rouen.png	QUOTE-AUDITED cycle 21 (dimensions 112/116 verbatim; figures still unviewed). Plan of the Rouen donjon by Philip Augustus.
viollet_dictionnaire	frwikisource	Donjon	0	Plan donjon chateau Vez	Vez	plan	unverified	FIGURE	https://upload.wikimedia.org/wikipedia/commons/f/fd/Plan.donjon.chateau.Vez.png	QUOTE-AUDITED cycle 21 (dimensions 112/116 verbatim; figures still unviewed). Plan of the Vez donjon.
Addy, The Evolution of the English House (1898)	evolutionenglis00addygoog	fig.	n39	Charcoal Burner's Hut	charcoal burner's hut, conical	perspective	unknown	PLATE	https://archive.org/download/evolutionenglis00addygoog/page/n39_w1600.jpg	figure index read from the book's own List of Illustrations (leaves n33-n34); leaf = printed page + 34, offset confirmed at five widely separated leaves and on the Padley plan itself. len(pageindex)==imagecount==263 so leaf N is image N. NOT inspected at full resolution this cycle.
Addy, The Evolution of the English House (1898)	evolutionenglis00addygoog	fig.	n41	Plan of House in British Village, Glastonbury	Glastonbury lake village round house	plan	unknown	PLATE	https://archive.org/download/evolutionenglis00addygoog/page/n41_w1600.jpg	figure index read from the book's own List of Illustrations (leaves n33-n34); leaf = printed page + 34, offset confirmed at five widely separated leaves and on the Padley plan itself. len(pageindex)==imagecount==263 so leaf N is image N. NOT inspected at full resolution this cycle.
Addy, The Evolution of the English House (1898)	evolutionenglis00addygoog	fig.	n53	House at Scrivelsby	cruck house, Scrivelsby, Lincs	perspective	unknown	PLATE	https://archive.org/download/evolutionenglis00addygoog/page/n53_w1600.jpg	figure index read from the book's own List of Illustrations (leaves n33-n34); leaf = printed page + 34, offset confirmed at five widely separated leaves and on the Padley plan itself. len(pageindex)==imagecount==263 so leaf N is image N. NOT inspected at full resolution this cycle.
Addy, The Evolution of the English House (1898)	evolutionenglis00addygoog	fig.	n54	Section of House at Scrivelsby	cruck house, Scrivelsby, Lincs	section	unknown	PLATE	https://archive.org/download/evolutionenglis00addygoog/page/n54_w1600.jpg	figure index read from the book's own List of Illustrations (leaves n33-n34); leaf = printed page + 34, offset confirmed at five widely separated leaves and on the Padley plan itself. len(pageindex)==imagecount==263 so leaf N is image N. NOT inspected at full resolution this cycle.
Addy, The Evolution of the English House (1898)	evolutionenglis00addygoog	fig.	n55	Plan of House at Scrivelsby	cruck house, Scrivelsby, Lincs	plan	unknown	PLATE	https://archive.org/download/evolutionenglis00addygoog/page/n55_w1600.jpg	figure index read from the book's own List of Illustrations (leaves n33-n34); leaf = printed page + 34, offset confirmed at five widely separated leaves and on the Padley plan itself. len(pageindex)==imagecount==263 so leaf N is image N. NOT inspected at full resolution this cycle.
Addy, The Evolution of the English House (1898)	evolutionenglis00addygoog	fig.	n57	"Oratory" of Gallerus	Gallarus Oratory, Dingle — drystone corbelled cell	perspective	unknown	PLATE	https://archive.org/download/evolutionenglis00addygoog/page/n57_w1600.jpg	figure index read from the book's own List of Illustrations (leaves n33-n34); leaf = printed page + 34, offset confirmed at five widely separated leaves and on the Padley plan itself. len(pageindex)==imagecount==263 so leaf N is image N. NOT inspected at full resolution this cycle.
Addy, The Evolution of the English House (1898)	evolutionenglis00addygoog	fig.	n64	"Crucks" of Demolished House	cruck frame, exposed	elevation	unknown	PLATE	https://archive.org/download/evolutionenglis00addygoog/page/n64_w1600.jpg	figure index read from the book's own List of Illustrations (leaves n33-n34); leaf = printed page + 34, offset confirmed at five widely separated leaves and on the Padley plan itself. len(pageindex)==imagecount==263 so leaf N is image N. NOT inspected at full resolution this cycle.
Addy, The Evolution of the English House (1898)	evolutionenglis00addygoog	fig.	n65	"Crucks" in Barn at Treeton	cruck frame in barn, Treeton, Yorks	elevation	unknown	PLATE	https://archive.org/download/evolutionenglis00addygoog/page/n65_w1600.jpg	figure index read from the book's own List of Illustrations (leaves n33-n34); leaf = printed page + 34, offset confirmed at five widely separated leaves and on the Padley plan itself. len(pageindex)==imagecount==263 so leaf N is image N. NOT inspected at full resolution this cycle.
Addy, The Evolution of the English House (1898)	evolutionenglis00addygoog	fig.	n73	Plan of Mud House, Great Hatfield	mud house, Great Hatfield, Mappleton	plan	unknown	PLATE	https://archive.org/download/evolutionenglis00addygoog/page/n73_w1600.jpg	figure index read from the book's own List of Illustrations (leaves n33-n34); leaf = printed page + 34, offset confirmed at five widely separated leaves and on the Padley plan itself. len(pageindex)==imagecount==263 so leaf N is image N. NOT inspected at full resolution this cycle.
Addy, The Evolution of the English House (1898)	evolutionenglis00addygoog	fig.	n77	"Outshut" at North Meols	outshut (lean-to aisle), North Meols	perspective	unknown	PLATE	https://archive.org/download/evolutionenglis00addygoog/page/n77_w1600.jpg	figure index read from the book's own List of Illustrations (leaves n33-n34); leaf = printed page + 34, offset confirmed at five widely separated leaves and on the Padley plan itself. len(pageindex)==imagecount==263 so leaf N is image N. NOT inspected at full resolution this cycle.
Addy, The Evolution of the English House (1898)	evolutionenglis00addygoog	fig.	n79	Plan of House at Westward, North Meols	vernacular house, North Meols	plan	unknown	PLATE	https://archive.org/download/evolutionenglis00addygoog/page/n79_w1600.jpg	figure index read from the book's own List of Illustrations (leaves n33-n34); leaf = printed page + 34, offset confirmed at five widely separated leaves and on the Padley plan itself. len(pageindex)==imagecount==263 so leaf N is image N. NOT inspected at full resolution this cycle.
Addy, The Evolution of the English House (1898)	evolutionenglis00addygoog	fig.	n82	House at Burscough	vernacular house, Burscough, Lancs	perspective	unknown	PLATE	https://archive.org/download/evolutionenglis00addygoog/page/n82_w1600.jpg	figure index read from the book's own List of Illustrations (leaves n33-n34); leaf = printed page + 34, offset confirmed at five widely separated leaves and on the Padley plan itself. len(pageindex)==imagecount==263 so leaf N is image N. NOT inspected at full resolution this cycle.
Addy, The Evolution of the English House (1898)	evolutionenglis00addygoog	fig.	n83	Plan of House at Burscough	vernacular house, Burscough, Lancs	plan	unknown	PLATE	https://archive.org/download/evolutionenglis00addygoog/page/n83_w1600.jpg	figure index read from the book's own List of Illustrations (leaves n33-n34); leaf = printed page + 34, offset confirmed at five widely separated leaves and on the Padley plan itself. len(pageindex)==imagecount==263 so leaf N is image N. NOT inspected at full resolution this cycle.
Addy, The Evolution of the English House (1898)	evolutionenglis00addygoog	fig.	n84	Plan of House at North Meols	vernacular house, North Meols	plan	unknown	PLATE	https://archive.org/download/evolutionenglis00addygoog/page/n84_w1600.jpg	figure index read from the book's own List of Illustrations (leaves n33-n34); leaf = printed page + 34, offset confirmed at five widely separated leaves and on the Padley plan itself. len(pageindex)==imagecount==263 so leaf N is image N. NOT inspected at full resolution this cycle.
Addy, The Evolution of the English House (1898)	evolutionenglis00addygoog	fig.	n85	Roof and Mantel-piece at North Meols	open hearth, mantel-tree, roof	section	unknown	PLATE	https://archive.org/download/evolutionenglis00addygoog/page/n85_w1600.jpg	figure index read from the book's own List of Illustrations (leaves n33-n34); leaf = printed page + 34, offset confirmed at five widely separated leaves and on the Padley plan itself. len(pageindex)==imagecount==263 so leaf N is image N. NOT inspected at full resolution this cycle.
Addy, The Evolution of the English House (1898)	evolutionenglis00addygoog	fig.	n87	Plan of House at Upper Midhope	vernacular house, Upper Midhope, Yorks	plan	unknown	PLATE	https://archive.org/download/evolutionenglis00addygoog/page/n87_w1600.jpg	figure index read from the book's own List of Illustrations (leaves n33-n34); leaf = printed page + 34, offset confirmed at five widely separated leaves and on the Padley plan itself. len(pageindex)==imagecount==263 so leaf N is image N. NOT inspected at full resolution this cycle.
Addy, The Evolution of the English House (1898)	evolutionenglis00addygoog	fig.	n89	"House-place" at Upper Midhope	house-place interior, open hearth	perspective	unknown	PLATE	https://archive.org/download/evolutionenglis00addygoog/page/n89_w1600.jpg	figure index read from the book's own List of Illustrations (leaves n33-n34); leaf = printed page + 34, offset confirmed at five widely separated leaves and on the Padley plan itself. len(pageindex)==imagecount==263 so leaf N is image N. NOT inspected at full resolution this cycle.
Addy, The Evolution of the English House (1898)	evolutionenglis00addygoog	fig.	n91	Stair at Upper Midhope	stair	detail	unknown	PLATE	https://archive.org/download/evolutionenglis00addygoog/page/n91_w1600.jpg	figure index read from the book's own List of Illustrations (leaves n33-n34); leaf = printed page + 34, offset confirmed at five widely separated leaves and on the Padley plan itself. len(pageindex)==imagecount==263 so leaf N is image N. NOT inspected at full resolution this cycle.
Addy, The Evolution of the English House (1898)	evolutionenglis00addygoog	fig.	n105	Plan of "Coit" at Upper Midhope	coit — combined dwelling + shippon, aisled	plan	unknown	PLATE	https://archive.org/download/evolutionenglis00addygoog/page/n105_w1600.jpg	figure index read from the book's own List of Illustrations (leaves n33-n34); leaf = printed page + 34, offset confirmed at five widely separated leaves and on the Padley plan itself. len(pageindex)==imagecount==263 so leaf N is image N. NOT inspected at full resolution this cycle.
Addy, The Evolution of the English House (1898)	evolutionenglis00addygoog	fig.	n107	Winnowing Door of Barn, Grindleford	barn winnowing door	elevation	unknown	PLATE	https://archive.org/download/evolutionenglis00addygoog/page/n107_w1600.jpg	figure index read from the book's own List of Illustrations (leaves n33-n34); leaf = printed page + 34, offset confirmed at five widely separated leaves and on the Padley plan itself. len(pageindex)==imagecount==263 so leaf N is image N. NOT inspected at full resolution this cycle.
Addy, The Evolution of the English House (1898)	evolutionenglis00addygoog	fig.	n109	Section of Barn at Bolsterstone	aisled barn cross-section, Bolsterstone	section	yes	VERIFIED	https://archive.org/download/evolutionenglis00addygoog/page/n109_w1600.jpg	Inspected at full resolution (2759x4109) in cycle 49. Cruck truss with outshuts: curved blades from low stone padstones to a saddle block at the ridge, tie-beam running out past the blades, each outshut on its own much shallower slope. Establishes that breadth != roof span for this barn type and that no single pitch describes the section; REFUTES the span assumption behind Walton's derived 24.4 deg in roof_pitch_derived_v1.tsv.
Addy, The Evolution of the English House (1898)	evolutionenglis00addygoog	fig.	n114	Saxon House	Saxon house, reconstruction	perspective	unknown	PLATE	https://archive.org/download/evolutionenglis00addygoog/page/n114_w1600.jpg	figure index read from the book's own List of Illustrations (leaves n33-n34); leaf = printed page + 34, offset confirmed at five widely separated leaves and on the Padley plan itself. len(pageindex)==imagecount==263 so leaf N is image N. NOT inspected at full resolution this cycle.
Addy, The Evolution of the English House (1898)	evolutionenglis00addygoog	fig.	n115	Plan of Saxon House	Saxon house, reconstruction	plan	unknown	PLATE	https://archive.org/download/evolutionenglis00addygoog/page/n115_w1600.jpg	figure index read from the book's own List of Illustrations (leaves n33-n34); leaf = printed page + 34, offset confirmed at five widely separated leaves and on the Padley plan itself. len(pageindex)==imagecount==263 so leaf N is image N. NOT inspected at full resolution this cycle.
Addy, The Evolution of the English House (1898)	evolutionenglis00addygoog	fig.	n117	Plan and Section of House in Saterland	Saterland (Frisian) longhouse	plan+section	unknown	PLATE	https://archive.org/download/evolutionenglis00addygoog/page/n117_w1600.jpg	figure index read from the book's own List of Illustrations (leaves n33-n34); leaf = printed page + 34, offset confirmed at five widely separated leaves and on the Padley plan itself. len(pageindex)==imagecount==263 so leaf N is image N. NOT inspected at full resolution this cycle.
Addy, The Evolution of the English House (1898)	evolutionenglis00addygoog	fig.	n121	"Balk" or "Scaffold" at Fulwood	balk/scaffold loft over house-place	detail	unknown	PLATE	https://archive.org/download/evolutionenglis00addygoog/page/n121_w1600.jpg	figure index read from the book's own List of Illustrations (leaves n33-n34); leaf = printed page + 34, offset confirmed at five widely separated leaves and on the Padley plan itself. len(pageindex)==imagecount==263 so leaf N is image N. NOT inspected at full resolution this cycle.
Addy, The Evolution of the English House (1898)	evolutionenglis00addygoog	fig.	n147	Chimney at Warrington	chimney	detail	unknown	PLATE	https://archive.org/download/evolutionenglis00addygoog/page/n147_w1600.jpg	figure index read from the book's own List of Illustrations (leaves n33-n34); leaf = printed page + 34, offset confirmed at five widely separated leaves and on the Padley plan itself. len(pageindex)==imagecount==263 so leaf N is image N. NOT inspected at full resolution this cycle.
Addy, The Evolution of the English House (1898)	evolutionenglis00addygoog	fig.	n152	Flues from Ground-floor Fire-places	timber-and-plaster flue	diagram or trace	unknown	PLATE	https://archive.org/download/evolutionenglis00addygoog/page/n152_w1600.jpg	figure index read from the book's own List of Illustrations (leaves n33-n34); leaf = printed page + 34, offset confirmed at five widely separated leaves and on the Padley plan itself. len(pageindex)==imagecount==263 so leaf N is image N. NOT inspected at full resolution this cycle.
Addy, The Evolution of the English House (1898)	evolutionenglis00addygoog	fig.	n157	Dots and Lines on Walls	apotropaic/mason marks on walls	detail	unknown	PLATE	https://archive.org/download/evolutionenglis00addygoog/page/n157_w1600.jpg	figure index read from the book's own List of Illustrations (leaves n33-n34); leaf = printed page + 34, offset confirmed at five widely separated leaves and on the Padley plan itself. len(pageindex)==imagecount==263 so leaf N is image N. NOT inspected at full resolution this cycle.
Addy, The Evolution of the English House (1898)	evolutionenglis00addygoog	fig.	n164	Plan of Kensworth Manor House	Kensworth manor house — hall, domus, thalamus (CONJECTURAL, drawn to scale from the 1181 survey)	plan	unknown	VERIFIED	https://archive.org/download/evolutionenglis00addygoog/page/n164_w1600.jpg	Inspected at full resolution (2759x4109) in cycle 49. Three rooms in a row, hall/domus/thalamus, three conjectural doorways. Measured by connected-component labelling of the enclosed white rooms: lengths agree on a common scale to ~4%, breadths to ~8%, and the horizontal and vertical scales differ by ~12%, which a fitted wall thickness cannot absorb (it comes out negative). 'Drawn to scale' is approximate; the plan yields NO number the text does not already state. Topology reference only.
Addy, The Evolution of the English House (1898)	evolutionenglis00addygoog	fig.	n170	Plan of Padley Hall	Padley Hall ground floor	plan	unknown	PLATE	https://archive.org/download/evolutionenglis00addygoog/page/n170_w1600.jpg	figure index read from the book's own List of Illustrations (leaves n33-n34); leaf = printed page + 34, offset confirmed at five widely separated leaves and on the Padley plan itself. len(pageindex)==imagecount==263 so leaf N is image N. NOT inspected at full resolution this cycle.
Addy, The Evolution of the English House (1898)	evolutionenglis00addygoog	fig.	n172	Outer View of Padley Hall	Padley Hall exterior	elevation or view	unknown	PLATE	https://archive.org/download/evolutionenglis00addygoog/page/n172_w1600.jpg	figure index read from the book's own List of Illustrations (leaves n33-n34); leaf = printed page + 34, offset confirmed at five widely separated leaves and on the Padley plan itself. len(pageindex)==imagecount==263 so leaf N is image N. NOT inspected at full resolution this cycle.
Addy, The Evolution of the English House (1898)	evolutionenglis00addygoog	fig.	n173	Inner View of Padley Hall	Padley Hall courtyard side	elevation or view	unknown	PLATE	https://archive.org/download/evolutionenglis00addygoog/page/n173_w1600.jpg	figure index read from the book's own List of Illustrations (leaves n33-n34); leaf = printed page + 34, offset confirmed at five widely separated leaves and on the Padley plan itself. len(pageindex)==imagecount==263 so leaf N is image N. NOT inspected at full resolution this cycle.
Addy, The Evolution of the English House (1898)	evolutionenglis00addygoog	fig.	n175	Plan of Chapel and Bower, Padley Hall	Padley Hall first floor — chapel over hall, bower over buttery	plan	unknown	PLATE	https://archive.org/download/evolutionenglis00addygoog/page/n175_w1600.jpg	figure index read from the book's own List of Illustrations (leaves n33-n34); leaf = printed page + 34, offset confirmed at five widely separated leaves and on the Padley plan itself. len(pageindex)==imagecount==263 so leaf N is image N. NOT inspected at full resolution this cycle.
Addy, The Evolution of the English House (1898)	evolutionenglis00addygoog	fig.	n190	Plan of Ground Floor, Castleton Castle	Peak (Peveril) Castle keep, basement	plan	unknown	PLATE	https://archive.org/download/evolutionenglis00addygoog/page/n190_w1600.jpg	figure index read from the book's own List of Illustrations (leaves n33-n34); leaf = printed page + 34, offset confirmed at five widely separated leaves and on the Padley plan itself. len(pageindex)==imagecount==263 so leaf N is image N. NOT inspected at full resolution this cycle.
Addy, The Evolution of the English House (1898)	evolutionenglis00addygoog	fig.	n191	Plan of Upper Floor	Peak (Peveril) Castle keep, living room	plan	unknown	PLATE	https://archive.org/download/evolutionenglis00addygoog/page/n191_w1600.jpg	figure index read from the book's own List of Illustrations (leaves n33-n34); leaf = printed page + 34, offset confirmed at five widely separated leaves and on the Padley plan itself. len(pageindex)==imagecount==263 so leaf N is image N. NOT inspected at full resolution this cycle.
Addy, The Evolution of the English House (1898)	evolutionenglis00addygoog	fig.	n194	Section A. B., Castleton Castle	Peak (Peveril) Castle keep, cross-section — roof concealed behind parapet	section	unknown	PLATE	https://archive.org/download/evolutionenglis00addygoog/page/n194_w1600.jpg	figure index read from the book's own List of Illustrations (leaves n33-n34); leaf = printed page + 34, offset confirmed at five widely separated leaves and on the Padley plan itself. len(pageindex)==imagecount==263 so leaf N is image N. NOT inspected at full resolution this cycle.
Addy, The Evolution of the English House (1898)	evolutionenglis00addygoog	fig.	n195	Plan of Gable Window and Watching-Place, Castleton Castle	keep sentry aperture / watching place	plan	unknown	PLATE	https://archive.org/download/evolutionenglis00addygoog/page/n195_w1600.jpg	figure index read from the book's own List of Illustrations (leaves n33-n34); leaf = printed page + 34, offset confirmed at five widely separated leaves and on the Padley plan itself. len(pageindex)==imagecount==263 so leaf N is image N. NOT inspected at full resolution this cycle.
Addy, The Evolution of the English House (1898)	evolutionenglis00addygoog	fig.	n200	Section C. D., Castleton Castle	Peak (Peveril) Castle keep, longitudinal section	section	unknown	PLATE	https://archive.org/download/evolutionenglis00addygoog/page/n200_w1600.jpg	figure index read from the book's own List of Illustrations (leaves n33-n34); leaf = printed page + 34, offset confirmed at five widely separated leaves and on the Padley plan itself. len(pageindex)==imagecount==263 so leaf N is image N. NOT inspected at full resolution this cycle.
Addy, The Evolution of the English House (1898)	evolutionenglis00addygoog	fig.	n223	Section of Crypt, Pompeii	Pompeii basilica undercroft	section	unknown	PLATE	https://archive.org/download/evolutionenglis00addygoog/page/n223_w1600.jpg	figure index read from the book's own List of Illustrations (leaves n33-n34); leaf = printed page + 34, offset confirmed at five widely separated leaves and on the Padley plan itself. len(pageindex)==imagecount==263 so leaf N is image N. NOT inspected at full resolution this cycle.
Addy, The Evolution of the English House (1898)	evolutionenglis00addygoog	fig.	n226	Plan of Tribunal, Pompeii	Pompeii basilica tribunal	plan	unknown	PLATE	https://archive.org/download/evolutionenglis00addygoog/page/n226_w1600.jpg	figure index read from the book's own List of Illustrations (leaves n33-n34); leaf = printed page + 34, offset confirmed at five widely separated leaves and on the Padley plan itself. len(pageindex)==imagecount==263 so leaf N is image N. NOT inspected at full resolution this cycle.
Addy, The Evolution of the English House (1898)	evolutionenglis00addygoog	fig.	n226	Plan of Crypt at Repton	Repton crypt	plan	unknown	PLATE	https://archive.org/download/evolutionenglis00addygoog/page/n226_w1600.jpg	figure index read from the book's own List of Illustrations (leaves n33-n34); leaf = printed page + 34, offset confirmed at five widely separated leaves and on the Padley plan itself. len(pageindex)==imagecount==263 so leaf N is image N. NOT inspected at full resolution this cycle.
Addy, The Evolution of the English House (1898)	evolutionenglis00addygoog	fig.	n227	Plan of Crypt at Hornsea	Hornsea church crypt	plan	unknown	PLATE	https://archive.org/download/evolutionenglis00addygoog/page/n227_w1600.jpg	figure index read from the book's own List of Illustrations (leaves n33-n34); leaf = printed page + 34, offset confirmed at five widely separated leaves and on the Padley plan itself. len(pageindex)==imagecount==263 so leaf N is image N. NOT inspected at full resolution this cycle.
