source_manifest	canonical_element	building	element_as_written	value	unit	value_m	source	evidence	quote
building_dimensions_v1.tsv	internal_length	Penshurst Place great hall	internal length	64	ft	19.507	dollman_v2 leaf 46 text	text	
building_dimensions_v1.tsv	internal_width	Penshurst Place great hall	internal width	38 ft 9 in	ft in	11.811	dollman_v2 leaf 46 text	text	
building_dimensions_v1.tsv	internal_height	Penshurst Place great hall	floor to ridge of roof	48	ft	14.630	dollman_v2 leaf 46 text	text	
building_dimensions_v1.tsv	internal_length	Penshurst Place great hall	internal length, inner face of service-range wall to inner face of far end wall, including the screens passage	64 ft 0 in	ft in	19.507	dollman_v2 leaf 52 plate	printed	
building_dimensions_v1.tsv	internal_width	Penshurst Place great hall	internal width on the plan, at the dais line	38 ft 8 in	ft in	11.786	dollman_v2 leaf 52 plate	printed	
building_dimensions_v1.tsv	internal_width	Penshurst Place great hall	internal width on the transverse section	38 ft 9 in	ft in	11.811	dollman_v2 leaf 56 plate	printed	
building_dimensions_v1.tsv	gable_rise	Penshurst Place great hall	ridge down to top of figure-corbel capital, i.e. springing of the arched principal / wall-plate level	32 ft 0 in	ft in	9.754	dollman_v2 leaf 56 plate	printed	
building_dimensions_v1.tsv	member_section	Penshurst Place great hall roof	purlin at A, larger profile, across	1 ft 7 in	ft in	0.483	dollman_v2 leaf 56 plate	printed	
building_dimensions_v1.tsv	depth	Penshurst Place great hall roof	purlin at A, larger profile, deep	1 ft 8 1/2 in	ft in	0.521	dollman_v2 leaf 56 plate	printed	
building_dimensions_v1.tsv	depth	Penshurst Place great hall roof	purlin at A, smaller profile, deep	1 ft 2 in	ft in	0.356	dollman_v2 leaf 56 plate	printed	
building_dimensions_v1.tsv	member_section	Penshurst Place great hall roof	purlin at A, smaller profile, across	1 ft 2 1/2 in	ft in	0.368	dollman_v2 leaf 56 plate	printed	
building_dimensions_v1.tsv	member_section	Penshurst Place great hall roof	Section at C.D. profile, across	1 ft 4 in	ft in	0.406	dollman_v2 leaf 56 plate	printed	
building_dimensions_v1.tsv	opening_width	Penshurst Place great hall	2-light N and S wall window, overall width at base	5 ft 9 in	ft in	1.753	dollman_v2 leaf 60 plate	printed	
building_dimensions_v1.tsv	thickness	Penshurst Place porch	member on the inner door section (rib or door thickness, not resolved to a single member)	6 3/4 in	in	0.171	dollman_v2 leaf 64 plate	printed	
building_dimensions_v1.tsv	opening_height	Penshurst Place, window over porch, N front	overall height of opening	8 ft 8 1/2 in	ft in	2.654	dollman_v2 leaf 68 plate	printed	
building_dimensions_v1.tsv	height	Penshurst Place, window over porch, N front	height of lights below the tracery	5 ft 3 1/2 in	ft in	1.613	dollman_v2 leaf 68 plate	printed	
building_dimensions_v1.tsv	internal_width	Penshurst Place, window over porch, N front	splayed opening width on the inside	4 ft 10 in	ft in	1.473	dollman_v2 leaf 68 plate	printed	
building_dimensions_v1.tsv	opening_width	Penshurst Place, window over porch, N front	opening width in the plane of the window	4 ft 0 in	ft in	1.219	dollman_v2 leaf 68 plate	printed	
building_dimensions_v1.tsv	opening_width	Penshurst Place, window over porch, N front	each of two light widths	1 ft 6 in	ft in	0.457	dollman_v2 leaf 68 plate	printed	
building_dimensions_v1.tsv	wall_thickness	Penshurst Place, room over porch	reveal depth, i.e. wall thickness at this window	2 ft 6 in	ft in	0.762	dollman_v2 leaf 68 plate	printed	
building_dimensions_v1.tsv	opening_height	Penshurst Place, window in room on 1st floor at E end of great hall	overall height of opening	7 ft 9 in	ft in	2.362	dollman_v2 leaf 68 plate	printed	
building_dimensions_v1.tsv	height	Penshurst Place, window in room on 1st floor at E end of great hall	height of lights	5 ft 6 in	ft in	1.676	dollman_v2 leaf 68 plate	printed	
building_dimensions_v1.tsv	internal_width	Penshurst Place, window in room on 1st floor at E end of great hall	splayed opening width on the inside	7 ft 5 3/4 in	ft in	2.280	dollman_v2 leaf 68 plate	printed	
building_dimensions_v1.tsv	opening_width	Penshurst Place, window in room on 1st floor at E end of great hall	opening width in the plane of the window	5 ft 2 3/4 in	ft in	1.594	dollman_v2 leaf 68 plate	printed	
building_dimensions_v1.tsv	opening_width	Penshurst Place, window in room on 1st floor at E end of great hall	each of two light widths	2 ft 0 1/2 in	ft in	0.622	dollman_v2 leaf 68 plate	printed	
building_dimensions_v1.tsv	wall_thickness	Penshurst Place, room on 1st floor at E end of great hall	reveal depth, i.e. wall thickness at this window	3 ft 1 in	ft in	0.940	dollman_v2 leaf 68 plate	printed	
building_dimensions_v1.tsv	width	Penshurst Place	mullion width, across	5 7/8 in	in	0.149	dollman_v2 leaf 68 plate	printed	
building_dimensions_v1.tsv	member_section	Penshurst Place	label mould, across	3 1/2 in	in	0.089	dollman_v2 leaf 68 plate	printed	
building_dimensions_v1.tsv	opening_width	Penshurst Place great hall gable window	clear width of one light, between the faces of mullions B and C	2 ft 5 7/8 in	ft in	0.759	dollman_v2 leaf 72 plate	printed	
building_dimensions_v1.tsv	opening_width	Penshurst Place great hall gable window	overall width of the window, struck symmetrically about the marked Centre Line	12 ft 3 in	ft in	3.734	dollman_v2 leaf 72 plate	printed	
building_dimensions_v1.tsv	height	Penshurst Place great hall gable window	height of the jamb below the head	10 ft 0 in	ft in	3.048	dollman_v2 leaf 72 plate	printed	
building_dimensions_v1.tsv	height	Penshurst Place chimney stack No.1	height of capital stage	2 ft 1 in	ft in	0.635	dollman_v2 leaf 76 plate	printed	
building_dimensions_v1.tsv	height	Penshurst Place chimney stack No.1	height of octagonal shaft	5 ft 6 in	ft in	1.676	dollman_v2 leaf 76 plate	printed	
building_dimensions_v1.tsv	height	Penshurst Place chimney stack No.1	height of base stage	3 ft 5 in	ft in	1.041	dollman_v2 leaf 76 plate	printed	
building_dimensions_v1.tsv	height	Penshurst Place chimney stack No.2	height of capital stage	2 ft 0 in	ft in	0.610	dollman_v2 leaf 76 plate	printed	
building_dimensions_v1.tsv	height	Penshurst Place chimney stack No.2	height of octagonal shaft	5 ft 6 in	ft in	1.676	dollman_v2 leaf 76 plate	printed	
building_dimensions_v1.tsv	height	Penshurst Place chimney stack No.2	height of base stage	3 ft 5 in	ft in	1.041	dollman_v2 leaf 76 plate	printed	
building_dimensions_v1.tsv	member_section	Penshurst Place chimney stacks	octagonal shaft, across the flats	1 ft 11 in	ft in	0.584	dollman_v2 leaf 76 plate	printed	
building_dimensions_v1.tsv	gap	Penshurst Place chimney stacks	clear gap between paired shafts at base level	4 in	in	0.102	dollman_v2 leaf 76 plate	printed	
building_dimensions_v1.tsv	gap	Penshurst Place chimney stacks	clear gap between paired shafts at capital level	7 in	in	0.178	dollman_v2 leaf 76 plate	printed	
building_dimensions_v1.tsv	height	Penshurst Place hall screen	plinth at C.D., height to floor of the screens passage	1 ft 4 3/8 in	ft in	0.416	dollman_v2 leaf 80 plate	printed	
building_dimensions_v1.tsv	member_section	Penshurst Place hall screen	transom at E.F., across	9 3/4 in	in	0.248	dollman_v2 leaf 80 plate	printed	
building_dimensions_v1.tsv	width	Penshurst Place oak panels	linenfold panel, upper left, width by height	9 3/4 in by 1 ft 3 3/8 in	in / ft in	0.102	dollman_v2 leaf 84 plate	printed	
building_dimensions_v1.tsv	width	Penshurst Place oak panels	linenfold panel, upper right, width by height	9 3/8 in by 1 ft 3 3/8 in	in / ft in	0.203	dollman_v2 leaf 84 plate	printed	
building_dimensions_v1.tsv	width	Penshurst Place oak panels	linenfold panel, lower left, width by height	8 3/4 in by 1 ft 3 3/4 in	in / ft in	0.102	dollman_v2 leaf 84 plate	printed	
building_dimensions_v1.tsv	width	Penshurst Place oak panels	linenfold panel, lower centre, width by height	8 3/4 in by 1 ft 4 3/8 in	in / ft in	0.102	dollman_v2 leaf 84 plate	printed	
building_dimensions_v1.tsv	width	Penshurst Place oak panels	linenfold panel, lower right, width by height	8 3/8 in by 1 ft 4 3/8 in	in / ft in	0.203	dollman_v2 leaf 84 plate	printed	
building_dimensions_v1.tsv	internal_length	Penshurst Place hall table	length	21 ft 9 in	ft in	6.629	dollman_v2 leaf 88 plate	printed	
building_dimensions_v1.tsv	height	Penshurst Place hall table	height to the drawn Floor Line	2 ft 10 3/4 in	ft in	0.883	dollman_v2 leaf 88 plate	printed	
building_dimensions_v1.tsv	width	Penshurst Place hall table	width across the end	3 ft 3 in	ft in	0.991	dollman_v2 leaf 88 plate	printed	
building_dimensions_v1.tsv	internal_length	Penshurst Place hall bench	length	14 ft 7 in	ft in	4.445	dollman_v2 leaf 88 plate	printed	
building_dimensions_v1.tsv	height	Penshurst Place hall bench	seat height	1 ft 11 1/2 in	ft in	0.597	dollman_v2 leaf 88 plate	printed	
building_dimensions_v1.tsv	width	Penshurst Place hall bench	top width at the end	10 1/2 in	in	0.267	dollman_v2 leaf 88 plate	printed	
building_dimensions_v1.tsv	member_section	Penshurst Place great hall hearth	octagonal stone hearth, across the flats	7 ft 7 in	ft in	2.311	dollman_v2 leaf 88 plate	printed	
building_dimensions_v1.tsv	external_height	Penshurst Place iron fire dog	overall height of the standard, floor to top of the moulded cap	3 ft 8 1/2 in	ft in	1.130	dollman_v2 leaf 88 plate	printed	
building_dimensions_v1.tsv	unresolved_in_source	Penshurst Place iron fire dog	horizontal dimension struck at floor level from the foot of the standard (broken line, right terminus not drawn)	3 ft 11 3/4 in	ft in	1.213	dollman_v2 leaf 88 plate	printed	
building_dimensions_v1.tsv	unresolved_in_source	Penshurst Place iron fire dog	horizontal dimension struck at the level of the top of the standard (broken line, right terminus not drawn)	5 ft 2 in	ft in	1.575	dollman_v2 leaf 88 plate	printed	
building_dimensions_v1.tsv	width	Penshurst Place iron fire dog	width of the baluster foot at the base	1 ft 3 in	ft in	0.381	dollman_v2 leaf 88 plate	printed	
building_dimensions_v1.tsv	room_footprint	Browne's Hospital / The Bede House	audit room	36 ft by 21 ft	ft	10.973	dollman_v2 leaf 29 text	text	
building_dimensions_v1.tsv	storey_height	Browne's Hospital / The Bede House	upper (audit room) storey height, elevation band between string course and parapet	12 ft 10 3/4 in	ft in	3.931	dollman_v2 leaf 34 plate	printed	
building_dimensions_v1.tsv	storey_height	Browne's Hospital / The Bede House	lower (dormitory) storey height, in the longitudinal section	10 ft 6 in	ft in	3.200	dollman_v2 leaf 34 plate	printed	
building_dimensions_v1.tsv	unresolved_in_source	Browne's Hospital / The Bede House	unassigned figure on the elevation/section (terminations not resolved)	38 ft 9 in	ft in	11.811	dollman_v2 leaf 34 plate	printed	
building_dimensions_v1.tsv	unresolved_in_source	Browne's Hospital / The Bede House	unassigned figure on the elevation/section (terminations not resolved)	15 ft 8 3/4 in	ft in	4.794	dollman_v2 leaf 34 plate	printed	
building_dimensions_v1.tsv	internal_length	Bede House audit room table	length	15 ft 8 in	ft in	4.775	dollman_v2 leaf 374 plate	printed	
building_dimensions_v1.tsv	internal_height	Bede House audit room table	height	2 ft 7 3/4 in	ft in	0.806	dollman_v2 leaf 374 plate	printed	
building_dimensions_v1.tsv	internal_length	Bede House audit room bench	length	14 ft 2 in	ft in	4.318	dollman_v2 leaf 374 plate	printed	
building_dimensions_v1.tsv	height	Bede House audit room bench	seat height	1 ft 8 1/2 in	ft in	0.521	dollman_v2 leaf 374 plate	printed	
building_dimensions_v1.tsv	internal_width	Bede House audit room settle	width	4 ft 6 in	ft in	1.372	dollman_v2 leaf 374 plate	printed	
building_dimensions_v1.tsv	external_height	Bede House audit room settle	overall height	4 ft 0 3/4 in	ft in	1.238	dollman_v2 leaf 374 plate	printed	
building_dimensions_v1.tsv	height	Bede House audit room settle	seat height above floor	1 ft 6 in	ft in	0.457	dollman_v2 leaf 374 plate	printed	
building_dimensions_v1.tsv	depth	Bede House audit room settle	seat depth	1 ft 5 in	ft in	0.432	dollman_v2 leaf 374 plate	printed	
building_dimensions_v1.tsv	internal_length	Abbot's Hospital dining hall table	length	10 ft 11 in	ft in	3.327	dollman_v2 leaf 374 plate	printed	
building_dimensions_v1.tsv	internal_height	Abbot's Hospital dining hall table	height	2 ft 10 in	ft in	0.864	dollman_v2 leaf 374 plate	printed	
building_dimensions_v1.tsv	internal_length	Abbot's Hospital hall bench	length	8 ft 10 in	ft in	2.692	dollman_v2 leaf 374 plate	printed	
building_dimensions_v1.tsv	height	Abbot's Hospital hall bench	seat height	1 ft 8 1/2 in	ft in	0.521	dollman_v2 leaf 374 plate	printed	
building_dimensions_v1.tsv	room_footprint	Abbot's Hospital	quadrangle	66 ft by 63 ft	ft	20.117	dollman_v2 leaf 367 text	text	
building_dimensions_v1.tsv	length	Bishop of Lincoln's manor house hall (later Jesus Hospital)	hall, length by width by height	47 ft 1 in by 20 ft 3 in by 13 ft 9 in high	ft in	14.351	dollman_v1 leaf 15 text	text	
building_dimensions_v1.tsv	room_footprint	Hospital of St Cross	refectory	32 ft 0 1/2 in by 26 ft 3 3/4 in	ft in	9.754	dollman_v1 leaf 100 plate	printed	
building_dimensions_v1.tsv	internal_length	The Guesten Hall	internal length	65 ft 8 in	ft in	20.015	dollman_v1 leaf 123 text	text	
building_dimensions_v1.tsv	internal_width	The Guesten Hall	internal width	34 ft 11 in	ft in	10.643	dollman_v1 leaf 123 text	text	
building_dimensions_v1.tsv	internal_height	The Guesten Hall	floor to top of wall-plate	36 ft 8 in	ft in	11.176	dollman_v1 leaf 123 text	text	
building_dimensions_v1.tsv	member_section	The Guesten Hall	window mullion, across the face	10 1/2 in	in	0.267	dollman_v1 leaf 160 plate	printed	
building_dimensions_v1.tsv	depth	The Guesten Hall	window mullion, depth	6 3/4 in	in	0.171	dollman_v1 leaf 160 plate	printed	
building_dimensions_v1.tsv	external_length	Refectory of Great Malvern Priory	external length by width	75 ft 8 1/2 in by 31 ft 6 in	ft in	22.860	dollman_v1 leaf 121 text	text	
building_dimensions_v1.tsv	length	Great Malvern Priory church	length by width	171 ft by 63 ft	ft	52.121	dollman_v1 leaf 121 text	text	
building_dimensions_v1.tsv	height	Great Malvern Priory church	height of tower	124 ft	ft	37.795	dollman_v1 leaf 121 text	text	
building_dimensions_v1.tsv	length	Parish church of St Thomas (demolished)	length by width	90 ft by 36 ft	ft	27.432	dollman_v1 leaf 121 text	text	
building_dimensions_v1.tsv	length	Mayfield Palace hall	length by width	69 ft 1 in by 39 ft 3 in	ft in	21.057	dollman_v1 leaf 128 text	text	
building_dimensions_v1.tsv	external_length	Half timbered house	overall length of the front wall	65 ft 5 in	ft in	19.939	dollman_v1 leaf 184 plate	printed	
building_dimensions_v1.tsv	projection	Half timbered house	projection of the two gabled wings from the central portion	2 ft 3 in	ft in	0.686	dollman_v1 leaf 128 text	text	
building_dimensions_v1.tsv	projection	Half timbered house	projection of the gable wall-face from the wall below	18 in	in	0.457	dollman_v1 leaf 128 text	text	
building_dimensions_v1.tsv	external_height	Half timbered house	height above ground at which the porch is open at the sides	3 ft	ft	0.914	dollman_v1 leaf 128 text	text	
building_dimensions_v1.tsv	member_section	Half timbered house	barge board of Gable A, across the carved board	1 ft 8 in	ft in	0.508	dollman_v1 leaf 188 plate	printed	
building_dimensions_v1.tsv	member_detail	Half timbered house	barge board of Gable A, second figure	1 ft 9 in	ft in	0.533	dollman_v1 leaf 188 plate	printed	
building_dimensions_v1.tsv	projection	Half timbered house	barge board projection from the wall face, Plan at C.D	1 ft 3 in	ft in	0.381	dollman_v1 leaf 188 plate	printed	
building_dimensions_v1.tsv	thickness	Half timbered house	barge board member thickness	2 in	in	0.051	dollman_v1 leaf 188 plate	printed	
building_dimensions_v1.tsv	member_detail	Half timbered house	barge board moulded lip	1 in	in	0.025	dollman_v1 leaf 188 plate	printed	
building_dimensions_v1.tsv	member_detail	Half timbered house	barge board Section	1 ft 4 3/4 in	ft in	0.425	dollman_v1 leaf 188 plate	printed	
building_dimensions_v1.tsv	member_detail	Half timbered house	octagonal porch post	2 ft 8 in	ft in	0.813	dollman_v1 leaf 188 plate	printed	
building_dimensions_v1.tsv	member_detail	Half timbered house	octagonal porch post, second figure	1 ft 0 in	ft in	0.305	dollman_v1 leaf 188 plate	printed	
building_dimensions_v1.tsv	member_detail	Half timbered house	octagonal member on the Head of Porch	1 ft 5 1/2 in	ft in	0.445	dollman_v1 leaf 188 plate	printed	
building_dimensions_v1.tsv	member_detail	Half timbered house	jamb of Window F on Plate 1	9 in	in	0.229	dollman_v1 leaf 188 plate	printed	
building_dimensions_v1.tsv	member_detail	Half timbered house	cill and bracket H, figures	1 ft 1 in, 7 in, 5 3/8 in, 4 3/8 in	ft in	0.330	dollman_v1 leaf 188 plate	printed	
building_dimensions_v1.tsv	member_detail	Half timbered house	turned balusters	2 ft 4 3/4 in	ft in	0.730	dollman_v1 leaf 188 plate	printed	
building_dimensions_v1.tsv	external_width	Half timbered house at Dinham	overall width of the front	27 ft 4 in	ft in	8.331	dollman_v2 leaf 92 plate	printed	
building_dimensions_v1.tsv	storey_height	Half timbered house at Dinham	ground line to wall plate, i.e. full height of the three storeys of wall	20 ft 0 in	ft in	6.096	dollman_v2 leaf 92 plate	printed	
building_dimensions_v1.tsv	gable_rise	Half timbered house at Dinham	wall plate to ridge, i.e. gable rise	8 ft 3 in	ft in	2.515	dollman_v2 leaf 92 plate	printed	
building_dimensions_v1.tsv	storey_height	Half timbered house, Butcher Row	ground-storey height at one end of the elevation	10 ft 8 in	ft in	3.251	dollman_v2 leaf 96 plate	printed	
building_dimensions_v1.tsv	storey_height	Half timbered house, Butcher Row	ground-storey height at the other end (the street falls)	11 ft 1 in	ft in	3.378	dollman_v2 leaf 96 plate	printed	
building_dimensions_v1.tsv	member_section	Half timbered house, Butcher Row	detail at E.F., across the arch springing	3 ft 8 3/4 in	ft in	1.137	dollman_v2 leaf 96 plate	printed	
building_dimensions_v1.tsv	opening_width	Half timbered house, Butcher Row	detail on Opening C / Doorway D	2 ft 2 1/2 in	ft in	0.673	dollman_v2 leaf 96 plate	printed	
building_dimensions_v1.tsv	member_detail	Half timbered house, Butcher Row	doorway detail	1 ft 5 3/8 in	ft in	0.441	dollman_v2 leaf 96 plate	printed	
building_dimensions_v1.tsv	member_detail	Half timbered house, Butcher Row	small member	5 3/8 in	in	0.137	dollman_v2 leaf 96 plate	printed	
building_dimensions_v1.tsv	storey_height	Old House	height of the timber ground storey, plinth line to point A at the bressummer	9 ft 9 in	ft in	2.972	dollman_v2 leaf 280 plate	printed	
building_dimensions_v1.tsv	external_width	Old House	overall width of the north front block, on the Plan	26 ft 3 in	ft in	8.001	dollman_v2 leaf 280 plate	printed	
building_dimensions_v1.tsv	member_detail	Old House	figure on the Plan	6 ft 3 in	ft in	1.905	dollman_v2 leaf 280 plate	printed	
building_dimensions_v1.tsv	member_detail	Old House	figure at the top right of the sheet	10 in	in	0.254	dollman_v2 leaf 280 plate	printed	
building_dimensions_v1.tsv	member_detail	Old House	corner post at A, detail	6 3/4 in	in	0.171	dollman_v2 leaf 280 plate	printed	
building_dimensions_v1.tsv	member_detail	Old House	head of buttress at D, detail	2 3/4 in	in	0.070	dollman_v2 leaf 280 plate	printed	
building_dimensions_v1.tsv	unresolved_in_source	Old House porch	porch figure (leader assignment to be re-checked)	8 ft 10 in	ft in	2.692	dollman_v2 leaf 284 plate	printed	
building_dimensions_v1.tsv	unresolved_in_source	Old House porch	porch figure (leader assignment to be re-checked)	4 ft 10 in	ft in	1.473	dollman_v2 leaf 284 plate	printed	
building_dimensions_v1.tsv	unresolved_in_source	Old House porch	porch figure (leader assignment to be re-checked)	1 ft 10 in	ft in	0.559	dollman_v2 leaf 284 plate	printed	
building_dimensions_v1.tsv	width	Old House porch	post plan width, Plan on the line D.D	1 ft 5 in	ft in	0.432	dollman_v2 leaf 284 plate	printed	
building_dimensions_v1.tsv	width	Old House porch	post plan width, Plan on the line E.E	1 ft 5 in	ft in	0.432	dollman_v2 leaf 284 plate	printed	
building_dimensions_v1.tsv		Old House porch	section dimension at A.A	10 in	in	0.254	dollman_v2 leaf 284 plate	printed	
building_dimensions_v1.tsv	external_height	Old House oriel, west front	overall HEIGHT of the oriel (vertical dimension, up-arrow at the cornice, down-arrow at the hatched base)	9 ft 10 in	ft in	2.997	dollman_v2 leaf 288 plate	printed	
building_dimensions_v1.tsv	projection	Old House oriel, west front	projection of the oriel, on the Plan	1 ft 5 in	ft in	0.432	dollman_v2 leaf 288 plate	printed	
building_dimensions_v1.tsv	member_detail	Old House oriel, west front	Mouldings at A, the cornice member	1 ft 4 in	ft in	0.406	dollman_v2 leaf 288 plate	printed	
building_dimensions_v1.tsv	width	Old House oriel, west front	mullion width, on the plan section	8 3/8 in	in	0.213	dollman_v2 leaf 288 plate	printed	
building_dimensions_v1.tsv	member_detail	Old House oriel, west front	Mouldings at C, the sill member	1 ft 1 3/4 in	ft in	0.349	dollman_v2 leaf 288 plate	printed	
building_dimensions_v1.tsv	external_length	The Palace	whole pile, north-south	175 ft	ft	53.340	dollman_v1 leaf 209 text	text	
building_dimensions_v1.tsv	external_length	The Palace	whole pile, east-west	166 ft	ft	50.597	dollman_v1 leaf 209 text	text	
building_dimensions_v1.tsv	length	The Palace	east-west length of the pile, running dimension along the ground line of the south elevation	166 ft 2 in	ft in	50.648	dollman_v1 leaf 214 plate	printed	
building_dimensions_v1.tsv	height	The Palace	ground line to the parapet of the south-west tower (the only figured height for Linlithgow in the work)	66 ft 0 in	ft in	20.117	dollman_v1 leaf 214 plate	printed	
building_dimensions_v1.tsv	length	The Palace chapel	length by width, occupying the whole height of the building	50 ft by 26 ft	ft	15.240	dollman_v1 leaf 210 text	text	
building_dimensions_v1.tsv	length	The Palace, Parliament Hall	length by width	98 ft by 30 ft	ft	29.870	dollman_v1 leaf 210 text	text	
building_dimensions_v1.tsv	room_footprint	The Hospital, master's suite over the west range	Audit Room	19 ft 3 in by 13 ft 9 in	ft in	5.867	dollman_v2 leaf 100 plate	printed	
building_dimensions_v1.tsv	room_footprint	The Hospital, master's suite over the west range	Sitting Room	20 ft 2 in by 13 ft 9 in	ft in	6.147	dollman_v2 leaf 100 plate	printed	
building_dimensions_v1.tsv	room_footprint	The Hospital, master's suite over the west range	Bed Room	19 ft 2 in by 13 ft 11 in	ft in	5.842	dollman_v2 leaf 100 plate	printed	
building_dimensions_v1.tsv		The Hospital, brethren's dwelling	upper (bed) room, upper floor to the lettered Ceiling Line	8 ft 7 3/4 in	ft in	2.635	dollman_v2 leaf 104 plate	printed	
building_dimensions_v1.tsv	member_detail	The Hospital, brethren's dwelling	ground (sitting) room, greater of two adjacent figures	8 ft 4 3/4 in	ft in	2.559	dollman_v2 leaf 104 plate	printed	
building_dimensions_v1.tsv	member_detail	The Hospital, brethren's dwelling	ground (sitting) room, lesser of two adjacent figures	7 ft 8 1/2 in	ft in	2.349	dollman_v2 leaf 104 plate	printed	
building_dimensions_v1.tsv	member_detail	The Hospital, passage west of the quadrangle	vertical figure at the four-centred doorway	12 ft 6 in	ft in	3.810	dollman_v2 leaf 104 plate	printed	
building_dimensions_v1.tsv	member_detail	The Hospital, passage west of the quadrangle	second vertical figure at the four-centred doorway	13 ft 8 1/2 in	ft in	4.178	dollman_v2 leaf 104 plate	printed	
building_dimensions_v1.tsv		The Hospital, west range	Ceiling Line of the upper room down to the lower ground level at the foot of the external stair, i.e. the fall of the site	17 ft 0 in	ft in	5.182	dollman_v2 leaf 104 plate	printed	
building_dimensions_v1.tsv	storey_height	The Grammar School	ground storey (boys' school), greater of two adjacent figures	10 ft 2 3/4 in	ft in	3.118	dollman_v2 leaf 108 plate	printed	
building_dimensions_v1.tsv	storey_height	The Grammar School	ground storey (boys' school), lesser of two adjacent figures	9 ft 7 1/2 in	ft in	2.934	dollman_v2 leaf 108 plate	printed	
building_dimensions_v1.tsv	storey_height	The Grammar School	upper storey (girls' school), upper floor to the wall plate	10 ft 3 in	ft in	3.124	dollman_v2 leaf 108 plate	printed	
building_dimensions_v1.tsv	storey_height	The Grammar School	upper storey (girls' school), upper floor to the apex of the four-centred arched truss	17 ft 5 in	ft in	5.309	dollman_v2 leaf 108 plate	printed	
building_dimensions_v1.tsv	storey_height	Holcombe Court hall	length by width, two storeys in height	44 ft 6 in by 23 ft	ft in	13.564	dollman_v2 leaf 146 text	text	
building_dimensions_v1.tsv	length	Colston's House dining hall	length by width, roof in six bays	48 ft 6 in by 18 ft 5 in	ft in	14.783	dollman_v2 leaf 291 text	text	
building_dimensions_v1.tsv	length	Colston's House, largest first-floor room	length by width	38 ft 6 in by 19 ft 10 in	ft in	11.735	dollman_v2 leaf 291 text	text	
building_dimensions_v1.tsv	length	Spicer's Hall	hall, length by width, roof in ten bays	32 ft 3 in by 21 ft	ft in	9.830	dollman_v2 leaf 247 text	text	
building_dimensions_v1.tsv	length	Chapel of St Baldwin	length by width	about 30 ft by 20 ft	ft	9.144	dollman_v2 leaf 247 text	text	
building_dimensions_v1.tsv	length	Canynge's House hall	length by width	22 ft 4 in by 22 ft 6 in	ft in	6.807	dollman_v2 leaf 272 text	text	
building_dimensions_v1.tsv	count	Canynge's House	river front, north-south by east-west, from surviving accounts	60 ft by 48 ft	ft	18.288	dollman_v2 leaf 272 text	text	
building_dimensions_v1.tsv	room_footprint	Blundell's School	larger schoolroom	55 ft by 24 ft	ft	16.764	dollman_v2 leaf 197 text	text	
building_dimensions_v1.tsv	room_footprint	Blundell's School	smaller schoolroom	48 ft by 24 ft	ft	14.630	dollman_v2 leaf 197 text	text	
building_dimensions_v1.tsv	internal_height	Blundell's School	both schoolrooms, floor to the apex of the roof	36 ft	ft	10.973	dollman_v2 leaf 197 text	text	
building_dimensions_v1.tsv	opening_width	Blundell's School	inter-scholium passage width	7 ft	ft	2.134	dollman_v2 leaf 197 text	text	
building_dimensions_v1.tsv	room_footprint	Blundell's School	dining hall	35 ft by 24 ft	ft	10.668	dollman_v2 leaf 197 text	text	
building_dimensions_v1.tsv	length	Battle Abbey refectory	length by width	106 ft by 35 ft	ft	32.309	dollman_v1 leaf 261 text	text	
building_dimensions_v1.tsv	length	Stirling Castle, the Parliament House	length by width	125 ft by 36 ft	ft	38.100	dollman_v1 leaf 359 text	text	
building_dimensions_v1.tsv	internal_length	Bede House	internal length by width	65 ft 8 in by 23 ft 10 1/2 in	ft in	20.015	dollman_v2 leaf 164 text	text	
building_dimensions_v1.tsv	room_footprint	Ford's Hospital	open central court	39 ft 2 in by 11 ft 11 in	ft in	11.938	dollman_v1 leaf 283 text	text	
building_dimensions_v1.tsv	length	Chapel in the Episcopal Palace	length by width by height, in three bays	52 ft 5 in by 21 ft 3 in by 37 ft high	ft in	15.977	dollman_v2 leaf 331 text	text	
building_dimensions_v1.tsv	internal_length	Refectory (vanished 1842)	length	230 ft	ft	70.104	dollman_v2 leaf 17 text	text	
building_dimensions_v1.tsv	height	Borthwick Castle	plan, and height	about 74 ft by 68 ft, nearly 100 ft high	ft	22.555	dollman_v1 leaf 322 text	text	
building_dimensions_v1.tsv	internal_length	Borthwick Castle great hall	length	about 40 ft	ft	12.192	dollman_v1 leaf 322 text	text	
building_dimensions_v1.tsv	wall_thickness	Roslin / Castle Campbell	east-west by broad, walls 9 ft thick in parts	200 ft by 90 ft, walls 9 ft	ft	60.960	dollman_v2 leaf 229 text	text	
building_dimensions_v1.tsv	length	The Commandery hall	plan, length by width	47 ft 10 in by 25 ft 9 in	ft in	14.580	dollman_v1 leaf 172 plate	printed	
building_dimensions_v1.tsv		The Commandery	carved seat ends in hall, plan dimension each	1 ft 6 in	ft in	0.457	dollman_v1 leaf 172 plate	printed	
building_dimensions_v1.tsv	wall_thickness	Town house, Assize of London, 1 Richard I (1189)	party wall thickness	3 ft	ft	0.914	dollman_v2 leaf 13 text	text	
building_dimensions_v1.tsv	height	Town house, Assize of London, 1 Richard I (1189)	masonry wall height before the timber gable	16 ft	ft	4.877	dollman_v2 leaf 13 text	text	
building_dimensions_v1.tsv	diameter	Ancient iron work, Shoppee collection	scutcheon diameter	5 in	in	0.127	dollman_v1 leaf 164 plate	printed	
building_dimensions_v1.tsv	member_section	Ancient iron work, Shoppee collection	hinge, across the two leaves	3 1/2 in	in	0.089	dollman_v1 leaf 164 plate	printed	
building_dimensions_v1.tsv	external_length	Ancient iron work, Shoppee collection	bolt plate, overall length	3 3/4 in	in	0.095	dollman_v1 leaf 164 plate	printed	
building_dimensions_v1.tsv	external_length	Ancient iron work, Shoppee collection	latch, overall length	8 3/4 in	in	0.222	dollman_v1 leaf 164 plate	printed	
building_dimensions_v1.tsv	external_height	Ancient iron work, Shoppee collection	latch, overall height of the vertical back plate	7 in	in	0.178	dollman_v1 leaf 164 plate	printed	
building_dimensions_v1.tsv	external_height	Ancient iron work, Shoppee collection	sliding sconce, overall height	1 ft 7 in	ft in	0.483	dollman_v1 leaf 164 plate	printed	
building_dimensions_v1.tsv	width	Ancient iron work, Shoppee collection	sliding sconce, width of the back-plate channel	1 3/8 in	in	0.035	dollman_v1 leaf 164 plate	printed	
building_dimensions_v1.tsv	width	Closing ring, Chant Marle Farm	height by width	6 7/8 in by 4 5/8 in	in	0.203	dollman_v2 leaf 370 plate	printed	
building_dimensions_v1.tsv	perimeter	Closing ring, The Commandery	across the ring	4 in	in	0.102	dollman_v2 leaf 370 plate	printed	
building_dimensions_v1.tsv	internal_height	Escutcheon on the gateway of the Bishop's Palace	height	5 3/4 in	in	0.146	dollman_v2 leaf 370 plate	printed	
building_dimensions_v1.tsv	internal_length	Knocker (original in E. Browning's collection)	length	7 3/8 in	in	0.187	dollman_v2 leaf 370 plate	printed	
building_dimensions_v1.tsv	internal_length	Window latch	length	5 5/8 in	in	0.143	dollman_v2 leaf 370 plate	printed	
building_dimensions_v1.tsv	width	Old oak panelling (foreign), Plate 1 panel A	sunk field, width by height	7 3/4 in by 1 ft 0 in	in / ft in	0.102	dollman_v2 leaf 254 plate	printed	
building_dimensions_v1.tsv	width	Old oak panelling (foreign), Plate 1 panel B	width by height	5 7/8 in by 1 ft 2 1/2 in	in / ft in	0.203	dollman_v2 leaf 254 plate	printed	
building_dimensions_v1.tsv	internal_width	Old oak panelling (foreign), Plate 2 upright panel 1	width	7 5/16 in	in	0.186	dollman_v2 leaf 258 plate	printed	
building_dimensions_v1.tsv	internal_width	Old oak panelling (foreign), Plate 2 upright panel 2	width	7 3/16 in	in	0.183	dollman_v2 leaf 258 plate	printed	
building_dimensions_v1.tsv	internal_length	Old oak panelling (foreign), Plate 2 frieze	length	1 ft 2 5/8 in	ft in	0.371	dollman_v2 leaf 258 plate	printed	
building_dimensions_v1.tsv	internal_height	Old oak panelling (foreign), Plate 2 frieze	height	4 3/8 in	in	0.111	dollman_v2 leaf 258 plate	printed	
building_dimensions_v1.tsv	width	Old oak panelling (foreign), Plate 3 No. 1	height by width	1 ft 7 1/2 in by 7 1/2 in	ft in	0.305	dollman_v2 leaf 262 plate	printed	
building_dimensions_v1.tsv	internal_height	Old oak panelling (foreign), Plate 3 No. 2	height	9 5/8 in	in	0.244	dollman_v2 leaf 262 plate	printed	
building_dimensions_v1.tsv	height	Carcassonne outer enceinte	curtain height, ditch bottom or scarp crest to hoarding floor	10	m	10.000	Architecture militaire	documented-reconstruction	les courtines de la premiere defense sont maintenues a 10 metres environ du fond du fosse ou de la crete de l'escarpement au sol des hourds
building_dimensions_v1.tsv	height	Carcassonne inner enceinte	curtain height, lices floor to hoarding floor	14 (minimum)	m	14.000	Architecture militaire	documented-reconstruction	les courtines de la seconde enceinte ont, du sol des lices au sol des hourds, 14 metres au moins
building_dimensions_v1.tsv	wall_thickness	French curtains generally, pre-gunpowder	curtain wall thickness (average)	2 to 3	m	2.500	Architecture militaire	measured-fabric	des murs de maconnerie de deux a trois metres d'epaisseur (qui est l'epaisseur moyenne des courtines anterieures a l'emploi regulier des bouches a feu)
building_dimensions_v1.tsv	width	French curtains generally	chemin de ronde width on curtains	2 (maximum)	m	2.000	Architecture militaire	measured-fabric	les chemins de ronde qui n'avaient guere que deux metres au plus de largeur
building_dimensions_v1.tsv	wall_thickness	French parapets generally	crenellated parapet thickness (peacetime, stone, on wall head)	0.50 to 0.70	m	0.600	Architecture militaire	measured-fabric	le mur du parapet dont l'epaisseur varie de 0 m , 50 a 0 m , 70, perce d'archeres rapprochees
building_dimensions_v1.tsv	thickness	French wall faces generally	ashlar facing thickness over rubble core	0.30 to 0.50	m	0.400	Architecture militaire	measured-fabric	les revetements de pierre qui n'avaient generalement qu'une epaisseur de 30 a 50 centimetres
building_dimensions_v1.tsv	perimeter	Carcassonne outer enceinte	circuit perimeter measured inside the ditches	1400	m	1400.000	Tour	measured-fabric	Le perimetre de l'enceinte exterieure est de 1400 metres en dedans des fosses
building_dimensions_v1.tsv	ratio_or_rule	Carcassonne	garrison density rule of thumb	1 man per metre of circuit	men/m	1.000	Tour	viollet-conjecture	c'est environ un homme par metre de developpement qu'il fallait compter pour composer la garnison d'une ville fortifiee
building_dimensions_v1.tsv	projection	Vincennes	short side of the enceinte parallelogram, tower projection included	212	m	212.000	Architecture militaire	measured-fabric	Le petit cote du parallelogramme de l'enceinte, compris la saillie des tours, a 212 metres
building_dimensions_v1.tsv	bay_spacing	Vincennes	curtain length between towers	about 100	m	100.000	Tour	measured-fabric	Les courtines entre les tours ont environ 100 metres de long, ce qui depasse la limite des anciennes escarpes flanquees
building_dimensions_v1.tsv	wall_thickness	Langres, 16th-century tower front	wall thickness built against artillery	7.00	m	7.000	Architecture militaire	measured-fabric	les murs sont epais (7,00 metres), afin de pouvoir resister a l'artillerie des assiegeants
building_dimensions_v1.tsv	wall_thickness	Ham, grosse tour	wall thickness	10	m	10.000	Tour	documented-reconstruction	la grosse tour, batie par le comte de Saint-Pol, et dont les murs ont 10 metres d'epaisseur
building_dimensions_v1.tsv	gap	Roman city walls	gap between the two masonry facings, earth-filled	20 pieds (about 6.5)	m	20.000	Architecture militaire	documented-reconstruction	il consistait en deux forts parements de maconnerie separes par un intervalle de vingt pieds
building_dimensions_v1.tsv	bay_spacing	Gaulish timber-and-stone rampart (Caesar)	spacing of the longitudinal timbers	2 pieds (about 0.65)	m	2.000	Architecture militaire	documented-reconstruction	les placent a une distance de deux pieds l'une de l'autre
building_dimensions_v1.tsv	length	Gaulish timber-and-stone rampart (Caesar)	length of the tie timbers	about 40 pieds (about 13)	m	40.000	Architecture militaire	documented-reconstruction	les arbres, ayant environ quarante pieds de long, lies entre eux dans l'epaisseur de la muraille
building_dimensions_v1.tsv	bay_spacing	Siege contravallation	spacing of the double palisade rows	3 to 4	m	3.500	Architecture militaire	viollet-conjecture	doubles rangs de fortes palissades de bois espaces de la longueur d'une pique (trois a quatre metres)
building_dimensions_v1.tsv	bay_spacing	Stone machicolation, general type	corbel spacing, axis to axis	0.70 to 1.20	m	0.950	Architecture militaire	measured-fabric	On posait des corbeaux les uns sur les autres formant encorbellements espaces environ de 0 m ,70 a 1 m ,20 au plus d'axe en axe
building_dimensions_v1.tsv	thickness	Stone machicolation, general type	crenellated parapet on the corbel ends: thickness	0.33 to 0.40	m	0.365	Architecture militaire	measured-fabric	Sur l'extremite de ces corbeaux on elevait un parapet crenele B de 0 m ,33 a 0 m ,40 en pierre, et de 2 metres de haut
building_dimensions_v1.tsv	height	Stone machicolation, general type	crenellated parapet on the corbel ends: height	2	m	2.000	Architecture militaire	measured-fabric	un parapet crenele B de 0 m ,33 a 0 m ,40 en pierre, et de 2 metres de haut
building_dimensions_v1.tsv	width	Pierrefonds, tour de Charlemagne	machicolation drop-hole width	about 0.42	m	0.420	Tour	documented-reconstruction	les trous des machicoulis ont 42 centimetres environ
building_dimensions_v1.tsv	diameter	Pierrefonds, tour de Charlemagne	largest round stone projectile stacked for the machicolations	up to 0.40	m	0.400	Tour	measured-fabric	pierres rondes, cailloux de toutes grosseurs, jusqu'a 40 centimetres de diametre
building_dimensions_v1.tsv	level_difference	Pierrefonds, tour de Charlemagne	drop from the machicolation walk to the projectile floor S	3	m	3.000	Tour	documented-reconstruction	du chemin de ronde R sur l'aire S placee a 3 metres au-dessous
building_dimensions_v1.tsv	member_detail	Carcassonne, Visigothic tower	upper room floor below the crenel sill	1.28	m	1.280	Tour	documented-reconstruction	Le plancher de la salle superieure, etant a 1 metre 28 centimetres en contre-bas de l'appui des creneaux
building_dimensions_v1.tsv	weight	Hand-thrown stones from the wall head	effective projectile weight dropped about 20 m	8 to 10 kg from 20 m	kg/m	20.000	Tour	viollet-conjecture	De simples cailloux du poids de 8 a 10 kilogrammes, tombant d'une hauteur de 20 metres, etaient les projectiles les plus dangereux
building_dimensions_v1.tsv	opening_width	French towers and curtains generally	arrow loop, external slit width	about 0.10	m	0.100	Architecture militaire	measured-fabric	ces ouvertures, qui n'avaient a l'exterieur que 0 m , 10 de largeur environ
building_dimensions_v1.tsv	opening_width	French towers and curtains generally	arrow loop, internal embrasure width	1 to 1.50	m	1.250	Architecture militaire	measured-fabric	et 1 m , a 1 m , 50 a l'interieur
building_dimensions_v1.tsv	diameter	Arles, Roman gate towers	tower diameter	8	m	8.000	Tour	measured-fabric	Ces tours ont 8 metres de diametre et sont espacees l'une de l'autre de 15 metres
building_dimensions_v1.tsv	bay_spacing	Arles, Roman gate towers	spacing between towers	15	m	15.000	Tour	measured-fabric	Ces tours ont 8 metres de diametre et sont espacees l'une de l'autre de 15 metres
building_dimensions_v1.tsv	bay_spacing	Coucy, outer enceinte (mid 13th c.)	spacing between towers	50 to 60	m	55.000	Tour	measured-fabric	flanquee de tours, la plupart fermees a la gorge et espacees les unes des autres de 50 a 60 metres
building_dimensions_v1.tsv	distance	Coucy	distance from a captured outer tower to the foot of the inner enceinte	20	m	20.000	Tour	measured-fabric	il se trouvait a 20 metres du pied de l'enceinte interieure
building_dimensions_v1.tsv	level_difference	Coucy	relief of the inner enceinte above the outer chemin de ronde	15	m	15.000	Tour	measured-fabric	dont le relief est de 15 metres au-dessus du chemin de ronde S
building_dimensions_v1.tsv	thickness	Coucy, north-west tower	masonry thickness of the cylinder at level P	5.20 (16 pieds)	m	5.200	Tour	measured-fabric	la maconnerie du cylindre, au niveau P , a 5 m ,20 d'epaisseur (16 pieds)
building_dimensions_v1.tsv	level_difference	Coucy, north-west tower	outer talus drop below the courtyard level K	8	m	8.000	Tour	measured-fabric	Le talus exterieur descend a 8 metres en contre-bas du niveau K , sol de la cour
building_dimensions_v1.tsv	height	Coucy	course height of the tower masonry	0.40 to 0.50	m	0.450	Tour	measured-fabric	merveilleusement executee en assises de 40 a 50 centimetres
building_dimensions_v1.tsv	wall_thickness	Coucy	wall thickness at the point a workman pierced it in 27 days	4	m	4.000	Tour	measured-fabric	un trou d'un metre carre environ dans l'un de ces murs, au-dessus du talus, c'est-a-dire au point ou la maconnerie n'a que 4 metres d'epaisseur
building_dimensions_v1.tsv	height	Carcassonne, tour Saint-Martin	height above the lices military road	25	m	25.000	Tour	measured-fabric	la tour Saint-Martin s'eleve de 25 metres au-dessus du chemin militaire des [li]ces [source text corrupt: 'des ces']
building_dimensions_v1.tsv	height	Carcassonne, tour Saint-Martin	height above the city ground	15.50	m	15.500	Tour	measured-fabric	et de 15 [m] ,50 au-dessus du sol de la cite [source text prints '15 e ,50']
building_dimensions_v1.tsv	level_difference	Carcassonne, Porte-Rouge front	level difference between two adjoining curtain walks	3	m	3.000	Tour	measured-fabric	le chemin de ronde b est a 3 metres au-dessus du chemin de ronde a
building_dimensions_v1.tsv	member_detail	Carcassonne, Saint-Nazaire postern tower	lices floor below the sill of the second door	3	m	3.000	Tour	measured-fabric	le sol des lices est a 3 metres en contre-bas du seuil de la seconde porte
building_dimensions_v1.tsv	distance	Carcassonne, Saint-Nazaire postern tower	distance from the tower to Saint-Nazaire church	25	m	25.000	Tour	measured-fabric	Sa masse sert de masque a l'eglise de Saint-Nazaire, distante seulement de 25 metres
building_dimensions_v1.tsv	height	Carcassonne, tour visigothe area postern	gargoyle height above the lices floor	about 2	m	2.000	Tour	measured-fabric	une gargouille est percee en G , a 2 metres environ au-dessus du sol des lices
building_dimensions_v1.tsv	sill_height_above_floor	Carcassonne, square tower with echauguettes	postern sill above the outside ground	2	m	2.000	Tour	measured-fabric	une large poterne dont le seuil est pose a 2 metres au-dessus du sol exterieur
building_dimensions_v1.tsv	height	Aigues-Mortes, tour de Constance	tower height	29	m	29.000	Tour	measured-fabric	Cette tour cylindrique a 29 metres de hauteur sur 22 metres de diametre
building_dimensions_v1.tsv	diameter	Aigues-Mortes, tour de Constance	tower diameter	22	m	22.000	Tour	measured-fabric	Cette tour cylindrique a 29 metres de hauteur sur 22 metres de diametre
building_dimensions_v1.tsv	height	Aigues-Mortes, tour de Constance	lantern turret height above the platform	11	m	11.000	Tour	measured-fabric	une tourelle de 11 metres s'eleve pres du crenelage sur la plate-forme
building_dimensions_v1.tsv	diameter	La Rochelle, tour de la Lanterne	tower diameter	16	m	16.000	Tour	measured-fabric	C'est une grosse tour de 16 metres de diametre, terminee par une fleche pyramidale de pierre
building_dimensions_v1.tsv	distance	La Rochelle, tour de la Lanterne	distance from the harbour mouth	about 100	m	100.000	Tour	measured-fabric	a 100 metres environ du goulet du port
building_dimensions_v1.tsv	diameter	Pierrefonds, donjon flanking towers	external diameter hors oeuvre	15.50	m	15.500	Tour	measured-fabric	deux grosses tours cylindriques dont le diametre est de 15 metres 50 centimetres hors oeuvre
building_dimensions_v1.tsv	height	Montepilloy	course height of the tower masonry	0.32 (one pied)	m	0.320	Tour	measured-fabric	en assises reglees de 0 m , 32 de hauteur (un pied)
building_dimensions_v1.tsv	diameter	Montlhery, principal tower	diameter above the talus	9.85 (30 pieds)	m	9.850	Tour	measured-fabric	a 9 m ,85 de diametre au-dessus du talus (30 pieds)
building_dimensions_v1.tsv	member_detail	Montlhery, principal tower	platform level above the donjon door sill	about 35	m	35.000	Tour	viollet-conjecture	le niveau de sa plate-forme etait a 35 metres environ au-dessus du seuil de la porte du donjon
building_dimensions_v1.tsv	diameter	Paris, tour de Nesle	external diameter hors oeuvre	5 toises (about 9.75)	m	5.000	Tour	documented-reconstruction	La tour de Nesle D avait, hors oeuvre, cinq toises de diametre
building_dimensions_v1.tsv	height	Curton	tower height, dungeon floor to upper platform	33	m	33.000	Tour	measured-fabric	La tour de Curton a d'ailleurs 33 metres de hauteur, du niveau du sol du cachot a la plate-forme superieure
building_dimensions_v1.tsv	width	Salses (Salces)	ditch width	about 15	m	15.000	Tour	measured-fabric	Un fosse de 15 metres de largeur environ sur 7 metres de profondeur circonscrit tout le chateau
building_dimensions_v1.tsv	depth	Salses (Salces)	ditch depth	7	m	7.000	Tour	measured-fabric	Un fosse de 15 metres de largeur environ sur 7 metres de profondeur circonscrit tout le chateau
building_dimensions_v1.tsv	width	Cadillac, porte Garonne	town ditch width, water-filled	about 20	m	20.000	Tour	measured-fabric	Des fosses de 20 metres de largeur environ, remplis par les eaux de l'Oeille
building_dimensions_v1.tsv	height	Cadillac	rampart height an escalade would have to climb	10	m	10.000	Tour	measured-fabric	de passer un fosse plein d'eau, de 20 metres de largeur, et d'escalader un rempart de 10 metres
building_dimensions_v1.tsv	drop_hole	Cadillac, porte Garonne	machicolations and loopholes above the curtain walk floor	2	m	2.000	Tour	measured-fabric	Les machicoulis et meurtrieres b sont perces a 2 metres en contre-haut du sol de ce chemin de ronde
building_dimensions_v1.tsv	level_difference	16th-century barbette battery	command over the neighbouring curtain parapet crest	about 1	m	1.000	Architecture militaire	measured-fabric	La batterie barbette domine la crete du parapet des courtines voisines de 1 metre environ
building_dimensions_v1.tsv	diameter	Coucy, donjon	external diameter hors oeuvre, lower talus excluded	30.50	m	30.500	Donjon	measured-fabric	Le diametre de l'enorme tour, non compris le talus inferieur, a trente metres cinquante centimetres hors oeuvre
building_dimensions_v1.tsv	external_height	Coucy, donjon	total height, paved ditch bottom to summit, pinnacles excluded	55	m	55.000	Donjon	measured-fabric	sa hauteur, du fond du fosse dalle au sommet, non compris les pinacles, est de cinquante-cinq metres
building_dimensions_v1.tsv	width	Coucy, donjon	ditch width between the chemise and the tower	8	m	8.000	Donjon	measured-fabric	entre cette chemise et la tour, est un fosse de huit metres de largeur, entierement dalle
building_dimensions_v1.tsv	member_detail	Coucy, donjon	ditch bottom below the postern sill	5	m	5.000	Donjon	measured-fabric	dont le fond est a cinq metres en contre-bas du seuil de la poterne
building_dimensions_v1.tsv	level_difference	Coucy, donjon	masonry from the back of a wall niche to the outer circumference	5.50 (minimum)	m	5.500	Donjon	measured-fabric	du fond des niches a la circonference de la tour, la maconnerie n'a pas moins de cinq metres cinquante centimetres
building_dimensions_v1.tsv	depth	Coucy, donjon	well depth in its present partly filled state	30 (minimum)	m	30.000	Donjon	measured-fabric	En D est un puits tres-large, qui n'a pas encore ete vide, mais qui, dans l'etat actuel, n'a pas moins de trente metres de profondeur
building_dimensions_v1.tsv	height	Coucy, donjon	course height of the masonry	0.40 to 0.50	m	0.450	Donjon	measured-fabric	La maconnerie, elevee en assises regulieres de 0,40 c. a 0,50 c. de hauteur, est bien faite
building_dimensions_v1.tsv	depth	Coucy, donjon	depth below floor of Metezeau's demolition mine chamber	2	m	2.000	Donjon	documented-reconstruction	il chargea, au centre, a deux metres au-dessous du sol, un fourneau de mine
building_dimensions_v1.tsv	diameter	Louvre, donjon of Philip Augustus	external diameter	20	m	20.000	Donjon	documented-reconstruction	nous savons seulement qu'il etait cylindrique, que son diametre exterieur etait de vingt metres et sa hauteur de quarante metres environ
building_dimensions_v1.tsv	internal_height	Louvre, donjon of Philip Augustus	height	about 40	m	40.000	Donjon	documented-reconstruction	son diametre exterieur etait de vingt metres et sa hauteur de quarante metres environ
building_dimensions_v1.tsv	wall_thickness	Rouen, donjon of Philip Augustus	wall thickness at ground and first floor	near 4	m	4.000	Donjon	measured-fabric	les murs ont pres de quatre metres d'epaisseur
building_dimensions_v1.tsv	wall_thickness	Etampes, donjon	wall thickness	4 (minimum)	m	4.000	Donjon	measured-fabric	un escalier B , pris aux depens de l'epaisseur du mur, qui n'a pas moins de quatre metres
building_dimensions_v1.tsv	level_difference	Etampes, donjon	drop from the postern vestibule into the cellar trap	4 (minimum)	m	4.000	Donjon	measured-fabric	tombat d'une hauteur de quatre metres au moins en F sur le sol de la cave
building_dimensions_v1.tsv	height	Vincennes, donjon	square tower height	about 40	m	40.000	Donjon	measured-fabric	une tour carree de quarante metres de haut environ avec quatre tourelles d'angle montant de fond
building_dimensions_v1.tsv	sill_height_above_floor	Vez, donjon	postern sill above the outside ground	about 7	m	7.000	Donjon	measured-fabric	La poterne B , munie d'une herse et de vantaux, surmontee de machicoulis, a son seuil pose a sept metres environ au-dessus du sol exterieur
building_dimensions_v1.tsv	width	Vez, donjon	width of the outside path below the postern	6	m	6.000	Donjon	measured-fabric	le sol exterieur qui, a cet endroit, ne presente qu'un chemin de six metres de largeur
building_dimensions_v1.tsv	height	Pierrefonds, donjon	uniform course height	0.33 (one pied)	m	0.330	Donjon	measured-fabric	toutes les assises reglees et d'une epaisseur uniforme de 0,33 c. (un pied) entre lits
building_dimensions_v1.tsv	height	Arques, donjon (c.1040)	facing stone height between beds	0.15 to 0.20	m	0.175	Donjon	measured-fabric	paremente de petites pierres d'appareil de 0,15 c. a 0,20 c. de hauteur entre lits
building_dimensions_v1.tsv	length	Arques, donjon (c.1040)	facing stone length	0.20 to 0.32	m	0.260	Donjon	measured-fabric	de hauteur entre lits, sur 0,20 c. a 0,32 c. de long
building_dimensions_v1.tsv	depth	Chateau-Gaillard	well depth	over 80	m	80.000	Donjon	measured-fabric	En K est un puits de plus de 80 metres de profondeur
building_dimensions_v1.tsv	level_difference	Chateau-Gaillard	rise of the rock-cut underground stair treads	0.30 to 0.40	m	0.350	Donjon	measured-fabric	un long souterrain ascendant dont les marches taillees dans la craie et le silex n'ont pas moins de 0,30 c. a 0,40 c. de hauteur
building_dimensions_v1.tsv	level_difference	Normandy donjons, general	raised donjon door above the outside ground	6	m	6.000	Donjon	measured-fabric	Sa porte est relevee a six metres au-dessus du sol, et s'ouvre sur le flanc de la tour carree
building_dimensions_v1.tsv	width	Early feudal town and castle gates	carriage opening width	barely 3	m	3.000	Porte	measured-fabric	elles ont a peine 3 metres d'ouverture sur 3 a 4 metres de hauteur sous clef
building_dimensions_v1.tsv	height	Early feudal town and castle gates	height under the keystone	3 to 4	m	3.500	Porte	measured-fabric	elles ont a peine 3 metres d'ouverture sur 3 a 4 metres de hauteur sous clef
building_dimensions_v1.tsv	opening_width	Carcassonne, chateau gate (c.1120)	gate opening width	under 2	m	2.000	Porte	measured-fabric	La porte, qui n'a pas 2 metres de largeur sur 2 m ,30 de hauteur
building_dimensions_v1.tsv	opening_height	Carcassonne, chateau gate (c.1120)	gate opening height	2.30	m	2.300	Porte	measured-fabric	La porte, qui n'a pas 2 metres de largeur sur 2 m ,30 de hauteur
building_dimensions_v1.tsv	length	Carcassonne, chateau gate (c.1120)	removable-deck pit in front of the gate: length	about 3	m	3.000	Porte	measured-fabric	laisse en avant de l'entree une fosse de 3 metres environ de longueur sur 3 metres de largeur
building_dimensions_v1.tsv	opening_width	Carcassonne, chateau gate (c.1120)	removable-deck pit in front of the gate: width	3	m	3.000	Porte	measured-fabric	une fosse de 3 metres environ de longueur sur 3 metres de largeur
building_dimensions_v1.tsv		Carcassonne, chateau gate (c.1120)	vertical command holes through the vaults	0.63 by 0.50	m	0.630	Porte	measured-fabric	Ces trous, qui ont 0 m ,63 de largeur sur 0 m ,50 de large, permettaient meme au besoin de placer des echelles
building_dimensions_v1.tsv	level_difference	Carcassonne, chateau	drop from the forced postern to the inner courtyard	7	m	7.000	Architecture militaire	measured-fabric	qu'on se trouvait a 7 metres en contre-bas de la cour interieure L du chateau
building_dimensions_v1.tsv	opening_height	Carcassonne, inner-enceinte postern in the bishop's curtain	postern height	2	m	2.000	Architecture militaire	measured-fabric	qui n'a que 2 metres de hauteur sur 0 m , 90 de largeur
building_dimensions_v1.tsv	opening_width	Carcassonne, inner-enceinte postern in the bishop's curtain	postern width	0.90	m	0.900	Architecture militaire	measured-fabric	qui n'a que 2 metres de hauteur sur 0 m , 90 de largeur
building_dimensions_v1.tsv	sill_height_above_floor	Carcassonne, inner-enceinte postern in the bishop's curtain	sill above the lices floor	12	m	12.000	Architecture militaire	measured-fabric	et dont le seuil est place a 12 metres au-dessus du sol des lices
building_dimensions_v1.tsv		Carcassonne, outer-enceinte postern near the porte de l'Aude	rock scarp below the postern	about 7	m	7.000	Architecture militaire	measured-fabric	celle-ci est ouverte au-dessus d'un escarpement de rochers de 7 metres de hauteur environ
building_dimensions_v1.tsv	internal_length	Coucy, porte de Laon	great first-floor hall length	22	m	22.000	Porte	measured-fabric	La grande salle S , ayant 22 metres de longueur sur 8 metres de largeur
building_dimensions_v1.tsv	internal_width	Coucy, porte de Laon	great first-floor hall width	8	m	8.000	Porte	measured-fabric	La grande salle S , ayant 22 metres de longueur sur 8 metres de largeur
building_dimensions_v1.tsv		Coucy, porte de Laon	ordinary garrison the gate could hold	50 to 60 men	men	50.000	Porte	viollet-conjecture	un poste de cinquante a soixante hommes pouvait facilement tenir dans cet ouvrage en temps ordinaire
building_dimensions_v1.tsv		Villeneuve-lez-Avignon gate (late 13th c.)	opening at its narrowest point	4.20	m	4.200	Porte	measured-fabric	Son ouverture, au point le plus etroit, est de 4 m ,20, largeur inusitee pour les portes des XIIe et XIIIe siecles
building_dimensions_v1.tsv	height	Villeneuve-lez-Avignon gate	course height of the masonry	0.27	m	0.270	Porte	measured-fabric	elevee en excellente pierre de Villeneuve, par assises reglees de 0 m ,27 de hauteur
building_dimensions_v1.tsv		Villeneuve-lez-Avignon gate	iron rings carrying the portcullis chain pulleys	0.25	m	0.250	Porte	measured-fabric	les trois anneaux de fer, de 0 m ,25 de diametre, qui servaient a suspendre les poulies
building_dimensions_v1.tsv	height	Standard 14th-century carriage gate	opening height	about 3.50	m	3.500	Porte	viollet-conjecture	ayant environ, suivant l'usage admis au XIVe siecle, 3 m ,50 de hauteur sur 3 m ,50 de largeur
building_dimensions_v1.tsv	width	Standard 14th-century carriage gate	opening width	about 3.50	m	3.500	Porte	viollet-conjecture	ayant environ, suivant l'usage admis au XIVe siecle, 3 m ,50 de hauteur sur 3 m ,50 de largeur
building_dimensions_v1.tsv	bay_spacing	Postern with single-arm drawbridge, 14th-15th c.	bay width	1 (maximum)	m	1.000	Porte	measured-fabric	Elles se composent d'une baie d'un metre de largeur au plus et de 2 metres a 2 m ,50 de hauteur
building_dimensions_v1.tsv	bay_spacing	Postern with single-arm drawbridge, 14th-15th c.	bay height	2 to 2.50	m	2.250	Porte	measured-fabric	d'une baie d'un metre de largeur au plus et de 2 metres a 2 m ,50 de hauteur
building_dimensions_v1.tsv	member_detail	Pierrefonds, supply postern	sill above the outside road	10	m	10.000	Porte	measured-fabric	la poterne de ravitaillement du chateau de Pierrefonds est elevee de 10 metres au-dessus du chemin exterieur
building_dimensions_v1.tsv	thickness	Pierrefonds, supply postern	thickness of the curtain it pierces	3	m	3.000	Porte	measured-fabric	Cette poterne de ravitaillement est percee a travers une haute courtine ayant 3 metres d'epaisseur
building_dimensions_v1.tsv	member_detail	Pierrefonds, supply postern	top of the inclined plane below the sill	2	m	2.000	Porte	viollet-conjecture	s'elevait du chemin jusqu'a un niveau en contre-bas de 2 metres du seuil
building_dimensions_v1.tsv	gap	Pierrefonds, supply postern	gap between the inclined plane and the curtain, spanned by the drawbridge	4	m	4.000	Porte	viollet-conjecture	et a 4 metres de distance de la courtine
building_dimensions_v1.tsv		Pierrefonds, chateau	garrison the castle could hold	1200 men	men	1200.000	Porte	viollet-conjecture	Le chateau de Pierrefonds pouvait facilement contenir une garnison de 1 200 hommes
building_dimensions_v1.tsv	width	Villeneuve-sur-Yonne	ditch width crossed by the approach bridge	12	m	12.000	Porte	measured-fabric	le ponceau qui precede la porte, et qui passe sur un fosse de 12 metres de largeur
building_dimensions_v1.tsv	thickness	Carcassonne, porte Narbonnaise	mortar bed thickness in the ashlar	about 0.01	m	0.010	Porte	measured-fabric	les lits, tres-bien dresses et poses sur couche de mortier excellent, ont 0 m ,01 d'epaisseur en moyenne
building_dimensions_v1.tsv		Crossbow from the wall head	point-blank effective range	about 60	m	60.000	Tour	viollet-conjecture	les arbaletriers, qui envoyaient leurs carreaux de but en blanc a 60 metres environ
building_dimensions_v1.tsv		Tower loopholes, Coucy outer enceinte	flat-trajectory sweep from the tower circumference	60	m	60.000	Tour	viollet-conjecture	elles envoyaient des projectiles divergeant de plein fouet a 60 metres de leur circonference
building_dimensions_v1.tsv		Counterweight engines on tower platforms	effective range	150 to 200	m	175.000	Tour	viollet-conjecture	dont le tir etait tres-precis et l'effet terrible jusqu'a une portee de 150 a 200 metres
building_dimensions_v1.tsv		Pierrefonds tower crown, combined fire	radius the defenders could cover	150 to 200	m	175.000	Tour	viollet-conjecture	dans un rayon de 150 a 200 metres, les defenseurs pouvaient couvrir le terrain d'une quantite innombrable de carreaux, de viretons et de pierres
building_dimensions_v1.tsv		Orleans 1428, defenders' cannon	point-blank range	600	m	600.000	Tour	documented-reconstruction	possedaient cependant des canons envoyant des balles de plein fouet a 600 metres
building_dimensions_v1.tsv	ratio_or_rule	16th-century siege battery	concentration needed to breach a 2-3 m wall	300 to 500 shot on about 8 m2	shot/m2		Architecture militaire	documented-reconstruction	ne pouvaient resister a une batterie envoyant de trois a cinq cents boulets sur une surface de huit metres carres environ
building_dimensions_v1.tsv	span	Antique-system worked example	clear span to be covered (fig.2)	7.60	m	7.600	Charpente, Viollet-le-Duc, Dictionnaire raisonne		supposons que l’intervalle à couvrir NO soit de sept mètres soixante centimètres
building_dimensions_v1.tsv	member_section	Charpente	Antique-system arbalétrier scantling (fig.2)	0.20	m (square)	0.200	Charpente, Viollet-le-Duc, Dictionnaire raisonne		les arbalétriers ayant 0,20 c. d’équarrissage
building_dimensions_v1.tsv	member_section	Charpente	Antique-system chevron scantling (fig.2)	0.12	m	0.120	Charpente, Viollet-le-Duc, Dictionnaire raisonne		et les chevrons 0,12 c
building_dimensions_v1.tsv	wall_thickness	Charpente	Wall thickness required by the antique system for a 7.60 m span [[CORRECTED: the reader's derivation '0.20 + 0.20 + 0.12 stacked outside the rafter line plus bearing = 1.10 m' is FABRICATED - those figures sum to 0.52 and Viollet gives no such sum. His STATED cause is shallow pitch: 'si le comble n'a pas une forte inclinaison et si l'on veut que la rencontre des arbaletriers avec l'entrait ne porte pas a faux, ce systeme exige des murs d'une grande epaisseur.' The 1.10 m is a geometric consequence of low pitch making the rafter/tie junction overhang (porter a faux), not an addition of scantlings - which matters, because the pitch story depends on that coupling.]]	1.10	m	1.100	Charpente, Viollet-le-Duc, Dictionnaire raisonne		on voit que l’épaisseur des murs doit être de 1,10 c., ce qui est considérable eu égard au peu de largeur du vaisseau
building_dimensions_v1.tsv		Charpente	Bahut (wall head) bed available for the plates of a 13th-c great roof	about 1.00	m	1.000	Charpente, Viollet-le-Duc, Dictionnaire raisonne		L’assiette sur laquelle venaient reposer les sablières des grandes charpentes de combles était donc assez étroite, et se trouvait réduite à un mètre environ
building_dimensions_v1.tsv	roof_pitch	Charpente	Romanesque roof pitch over barrel vaults (Burgundy type)	45 to 50	degrees		Charpente, Viollet-le-Duc, Dictionnaire raisonne		les arbalétriers, n’ayant guère qu’une inclinaison de 45 à 50 degrés
building_dimensions_v1.tsv	roof_pitch	Charpente	Roof pitch, before the 13th-c change	40 or 50	degrees		Charpente, Viollet-le-Duc, Dictionnaire raisonne		on la porta de 40 ou 50 degrés à 60 et même 65 degrés
building_dimensions_v1.tsv	member_section	Charpente	Roof pitch, after the 13th-c change [[CORRECTED SCOPE. Two stated causes at two dates, not one: (i) mid-12th c, smaller scantlings force a steeper pitch - 'employant des bois moins gros, il fallait donner aux arbaletriers une plus grande inclinaison, afin qu'ils ne flechissent pas sous le poids de la couverture'; (ii) 13th c, the bahut has shrunk to about 1 m and the rafter foot plus purlin depth no longer fits on it. And the change is NOT a France-vs-England discriminator: 'Excepte dans les provinces meridionales, ou les charpentes conserverent une faible inclinaison, partout en France et en Angleterre, on modifia, a la fin du XIIe siecle, le systeme des charpentes apparentes' - England is grouped WITH France; the one low-pitch exception is the French Midi.]]	60 to 65	degrees		Charpente, Viollet-le-Duc, Dictionnaire raisonne		on la porta de 40 ou 50 degrés à 60 et même 65 degrés
building_dimensions_v1.tsv	span	Reims cathedral nave roof	truss base (span) [['n'a pas moins de' = not less than. VERIFIED AGAINST THE PLATE: at the plate's own 58.8 px/m the drawn half-base is 7.19 m against the stated 7.20.]]	14.40	m	14.400	Charpente, Viollet-le-Duc, Dictionnaire raisonne		Les fermes sont taillées sur un triangle qui n’a pas moins de 14 m ,40 de base
building_dimensions_v1.tsv	roof_pitch	Reims	truss height, apex to base [[VERIFIED AGAINST THE PLATE: drawn rise 911 px = 15.49 m against the stated 15.50; pitch atan(15.50/7.20) = 65.1 deg.]]	15.50	m	15.500	Charpente, Viollet-le-Duc, Dictionnaire raisonne		sur 15 m ,50 de hauteur du sommet à la base
building_dimensions_v1.tsv	length	Reims	length of arbalétriers and chevrons	17.00	m	17.000	Charpente, Viollet-le-Duc, Dictionnaire raisonne		les arbalétriers et les chevrons ont 17 m ,00
building_dimensions_v1.tsv	member_section	Reims	length of the one-piece sous-arbalétriers-moises	14.50	m	14.500	Charpente, Viollet-le-Duc, Dictionnaire raisonne		ces sous-arbalétriers-moises I qui sont d’un seul morceau et n’ont pas moins de 14 m ,50 de longueur
building_dimensions_v1.tsv	member_section	Reims	maximum scantling of the largest pieces [[VERIFIED AGAINST THE PLATE: the drawn poincon measures 13 px = 0.221 m at 58.8 px/m, i.e. the stated 0.22 m / 8 pouces. Viollet gives the conversion himself, which tells us scantlings were SIZED IN POUCES.]]	0.22	m (= 8 pouces of the old measure)	0.220	Charpente, Viollet-le-Duc, Dictionnaire raisonne		Les équarrissages ne dépassent pas 0,22 c. pour les plus grosses pièces, huit pouces de l’ancienne mesure
building_dimensions_v1.tsv	bay_spacing	Messina cathedral	ferme spacing, axis to axis	2.50	m	2.500	Charpente, Viollet-le-Duc, Dictionnaire raisonne		une suite de fermes assez peu distantes, 2 m ,50 d’axe en axe
building_dimensions_v1.tsv	span	Messina	tie-beam span	14.00	m	14.000	Charpente, Viollet-le-Duc, Dictionnaire raisonne		Les entraits ont 14 m , 00 de portée
building_dimensions_v1.tsv	member_section	Messina	tie-beam scantling	0.80 x 0.45	m	0.800	Charpente, Viollet-le-Duc, Dictionnaire raisonne		grâce à leur énorme équarrissage (0,80 c. sur 0,45 c.), ils n’ont pas fléchi d’une manière sensible
building_dimensions_v1.tsv	member_section	Auxerre bishop's palace great hall	visible poinçon, octagonal, across flats	0.13	m	0.130	Charpente, Viollet-le-Duc, Dictionnaire raisonne		le poinçon ne donne, en section horizontale, qu’un octogone de 0,13 centimètres de diamètre
building_dimensions_v1.tsv	member_section	Auxerre great hall	arbalétrier scantling	0.14 x 0.12	m	0.140	Charpente, Viollet-le-Duc, Dictionnaire raisonne		les arbalétriers n’ont que 0,14. sur 0,12. d’équarrissage
building_dimensions_v1.tsv	member_section	Auxerre great hall	chevron scantling	0.13 x 0.12	m	0.130	Charpente, Viollet-le-Duc, Dictionnaire raisonne		les chevrons 0,13. sur 0,12
building_dimensions_v1.tsv	internal_width	Auxerre small hall	width	4.80	m	4.800	Charpente, Viollet-le-Duc, Dictionnaire raisonne		Cette salle n’a pas plus de 4 m ,80 de largeur
building_dimensions_v1.tsv	thickness	Charpente	Bardeaux (riven oak ceiling boards): thickness	0.01, sometimes 0.009	m	0.010	Charpente, Viollet-le-Duc, Dictionnaire raisonne		Ces bardeaux ou feuillets de chêne refendu ont ordinairement 0,01 c. d’épaisseur, et même quelquefois 0,009 m
building_dimensions_v1.tsv	bay_spacing	Mauvesin	ferme spacing	4.30	m	4.300	Charpente, Viollet-le-Duc, Dictionnaire raisonne		Les chevrons entre les fermes, espacées de 4 m ,30
building_dimensions_v1.tsv	internal_width	Mauvesin	nave width covered	7.00	m	7.000	Charpente, Viollet-le-Duc, Dictionnaire raisonne		Cette charpente, qui couvre une nef de 7 m ,00 de largeur
building_dimensions_v1.tsv	span	Charpente	Span band for the simplest 13th-14th-c apparent roofs	7.00 to 8.00	m	7.500	Charpente, Viollet-le-Duc, Dictionnaire raisonne		pour couvrir des vaisseaux d’une largeur de 7 m ,00 à 8 m ,00
building_dimensions_v1.tsv	height	Sully-sur-Loire	height of the grand'salle floor above the courtyard	14.30	m	14.300	Charpente, Viollet-le-Duc, Dictionnaire raisonne		La grand’salle du château de Sully est située au troisième étage, à 14 m , 30 au-dessus du sol de la cour
building_dimensions_v1.tsv	depth	Sully	floor beams - depth x width	0.63 x 0.50	m	0.630	Charpente, Viollet-le-Duc, Dictionnaire raisonne		Les poutres qui portent les solives du plancher de la salle ont 0,63 c. d’épaisseur sur 0,50 c. de largeur
building_dimensions_v1.tsv	span	Sully	floor beam span	11.90	m	11.900	Charpente, Viollet-le-Duc, Dictionnaire raisonne		et 11 m ,90 c. de portée
building_dimensions_v1.tsv	member_section	Sully	sablière scantling	0.30 x 0.24	m	0.300	Charpente, Viollet-le-Duc, Dictionnaire raisonne		cette sablière a 0,30 cm d’épaisseur sur 0,24 de largeur
building_dimensions_v1.tsv		Sully	floor level to the apex of the pointed lambris	10.20	m	10.200	Charpente, Viollet-le-Duc, Dictionnaire raisonne		Du niveau du plancher au sommet de l’ogive formée par le lambris intérieur on compte 10 m ,20 c
building_dimensions_v1.tsv	wall_thickness	Sully	wall thickness above the top floor	0.95	m	0.950	Charpente, Viollet-le-Duc, Dictionnaire raisonne		le mur, réduit à une épaisseur de 0,95 c
building_dimensions_v1.tsv	height	Sully	height of that wall above the floor	2.00	m	2.000	Charpente, Viollet-le-Duc, Dictionnaire raisonne		s’élève jusqu’à une hauteur de 2 m ,00, reçoit deux sablières
building_dimensions_v1.tsv	thickness	Sully	stone parapet of the chemins de ronde, thickness	0.26	m	0.260	Charpente, Viollet-le-Duc, Dictionnaire raisonne		clos à l’extérieur par un parapet de 0,26 c. d’épaisseur, en pierre
building_dimensions_v1.tsv	bay_spacing	Sully	chevron spacing, axis to axis	0.63	m	0.630	Charpente, Viollet-le-Duc, Dictionnaire raisonne		Les chevrons sont espacés de 0,63 c. d’axe en axe, et la volige est, par conséquent, très-épaisse, en chêne refendu
building_dimensions_v1.tsv	member_section	Sully	chevrons, jambettes and curved esseliers scantling	0.20 x 0.16	m (set on edge - 'poses sur champ')	0.200	Charpente, Viollet-le-Duc, Dictionnaire raisonne		Les chevrons, jambettes et esseliers courbes n’ont que 0,20 c. sur 0,16 c. d’équarrissage posés sur champ, et ainsi des autres bois en proportion
building_dimensions_v1.tsv	span	Anglo-Norman tie-less truss with a single courbe	span [[CORRECTED: this is the SPAN OF THE FIG. 28 EXAMPLE, not a threshold. The text says only 'Cette ferme n'a que 5 m ,40 de portee' and that for greater spans one-piece courbes were hard to find. No threshold is stated.]]	5.40	m	5.400	Charpente, Viollet-le-Duc, Dictionnaire raisonne		Cette ferme n’a que 5 m ,40 de portée
building_dimensions_v1.tsv	internal_width	Westminster Hall	width in the clear	21.00	m	21.000	Charpente, Viollet-le-Duc, Dictionnaire raisonne		la grand’salle de l’abbaye de Westminster , dont la largeur, dans œuvre, est de 21 m ,00
building_dimensions_v1.tsv	wall_thickness	Westminster Hall	wall thickness	2.20	m	2.200	Charpente, Viollet-le-Duc, Dictionnaire raisonne		Les murs de la grand’salle de l’abbaye de Westminster ont 2 m ,20 d’épaisseur
building_dimensions_v1.tsv	height	Westminster Hall	wall height	about 11.50	m	11.500	Charpente, Viollet-le-Duc, Dictionnaire raisonne		sur une hauteur de 11 m ,50 environ
building_dimensions_v1.tsv	level_difference	Westminster Hall	rise from the wall head to the ridge	14.00	m	14.000	Charpente, Viollet-le-Duc, Dictionnaire raisonne		La charpente, de la tête des murs au faîtage, porte 14 m ,00
building_dimensions_v1.tsv	external_height	Westminster Hall	total height from the corbels to the ridge	nearly 20.00	m	20.000	Charpente, Viollet-le-Duc, Dictionnaire raisonne		et près de 20 m ,00 des corbeaux au faîtage
building_dimensions_v1.tsv	length	Westminster Hall	length of arbalétriers and chevrons, tenons included	17.00	m	17.000	Charpente, Viollet-le-Duc, Dictionnaire raisonne		Les arbalétriers et chevrons ont 17 m ,00 compris tenons ; nous n’avons pu savoir s’ils sont d’un seul morceau
building_dimensions_v1.tsv	bay_spacing	Westminster Hall	ferme spacing, axis to axis	5.75	m	5.750	Charpente, Viollet-le-Duc, Dictionnaire raisonne		les fermes-maîtresses, espacées l’une de l’autre de 5 m , 75 d’axe en axe
building_dimensions_v1.tsv	count	Westminster Hall	number of chevrons between two fermes	11	rafters per bay		Charpente, Viollet-le-Duc, Dictionnaire raisonne		Il y a, entre fermes, onze chevrons
building_dimensions_v1.tsv	bay_spacing	Hargnies	chevron spacing, axis to axis	about 0.45	m	0.450	Charpente, Viollet-le-Duc, Dictionnaire raisonne		Entre les chevrons, espacés de 0,45 c. environ d’axe en axe, sont posées, sous la volige, des chanlattes
building_dimensions_v1.tsv	member_detail	Hargnies	scale of the fig.34 ter detail plate	0.05 per metre (1:20)	scale		Charpente, Viollet-le-Duc, Dictionnaire raisonne		à l’échelle de 0,05 c. pour mètre
building_dimensions_v1.tsv	span	Amiens cathedral	span of the armed beam under the organ loft	about 15.00	m	15.000	Charpente, Viollet-le-Duc, Dictionnaire raisonne		cette poutre a 15 m ,00 environ de portée, et elle est fortement chargée
building_dimensions_v1.tsv	span	Hotel de la Tremoille, Paris	span of armed floor beams	about 12.00	m	12.000	Charpente, Viollet-le-Duc, Dictionnaire raisonne		des poutres de planchers d’environ 12 m ,00 de portée armées
building_dimensions_v1.tsv	projection	Charpente	Jetty gain per storey	1 to 3	pieds (about 0.32 to 0.97 m)		Charpente, Viollet-le-Duc, Dictionnaire raisonne		l’on gagnait ainsi sur la voie publique, à chaque étage, un, deux ou trois pieds
building_dimensions_v1.tsv		Escalier	Unit conversions Viollet himself uses	pied = 0.325 m; toise = 6 pieds ~ 1.95 m; pouce ~ 0.026 m	m	0.325	Escalier, Viollet-le-Duc, Dictionnaire raisonne		cette vis a dix pieds de profondeur (3 m , 25) […] huit à neuf pouces (0 m , 23) […] dix toises un demi-pied de hauteur […] soit à 20 mètres
building_dimensions_v1.tsv	tread_depth	Comfortable step	going (largeur / giron)	0.28-0.30	m	0.290	Escalier, Viollet-le-Duc, Dictionnaire raisonne		que chaque marche ait en largeur la longueur d’un pied d’homme, soit 0,28 c. à 0,30 c.
building_dimensions_v1.tsv	height	Comfortable step	rise (hauteur)	0.15-0.20 (max)	m	0.175	Escalier, Viollet-le-Duc, Dictionnaire raisonne		et en hauteur de 0,15 c. à 0,20 c. au plus
building_dimensions_v1.tsv	roof_pitch	Escalier	Comfortable stair pitch, as stated [[ARITHMETIC FLAG CONFIRMED BY VERIFICATION: 22 deg does not follow from his own linear figures (0.15/0.30 = 26.6 deg, 0.20/0.28 = 35.5 deg; 22 deg needs a 0.12 m rise on a 0.30 m going). Use the linear pair and ignore the angle.]]	22 (approx.)	degrees		Escalier, Viollet-le-Duc, Dictionnaire raisonne		ce qui donne une inclinaison de 22 degrés ou environ
building_dimensions_v1.tsv	roof_pitch	Escalier	Fortification / service stair pitch	45	degrees		Escalier, Viollet-le-Duc, Dictionnaire raisonne		de monter suivant un angle de 45 degrés, ce qui donne des marches aussi larges que hautes
building_dimensions_v1.tsv	level_difference	Escalier	Wedge-step (coin) stair: rise of a PAIR of steps	0.30	m	0.300	Escalier, Viollet-le-Duc, Dictionnaire raisonne		de manière à ce que deux marches eussent ensemble 0,30 c. de hauteur
building_dimensions_v1.tsv	tread_depth	Wedge-step stair	emmarchement at the wide end of each step	0.30	m	0.300	Escalier, Viollet-le-Duc, Dictionnaire raisonne		et chacune 0,30 c. d’emmarchement par un bout
building_dimensions_v1.tsv	tread_depth	XI-XII c. vis	emmarchement (clear step width)	1.00 max, often less	m	1.000	Escalier, Viollet-le-Duc, Dictionnaire raisonne		Ces sortes d’escaliers ne dépassent guère 1 m ,00 c. d’emmarchement, et souvent sont-ils moins larges
building_dimensions_v1.tsv	diameter	XI-XII c. vis	internal diameter of the cylindrical cage	six pieds = 1.90 (approx.)	m	1.900	Escalier, Viollet-le-Duc, Dictionnaire raisonne		les cages cylindriques n’ayant que six pieds, ou 1 m ,90 c. environ
building_dimensions_v1.tsv	newel_diameter	XI-XII c. vis	newel diameter	at least one pied = 0.325	m	0.325	Escalier, Viollet-le-Duc, Dictionnaire raisonne		le noyau, qui dans ces sortes d’escaliers a au moins un pied de diamètre
building_dimensions_v1.tsv	tread_depth	XI-XII c. vis	net step width after deducting the newel	0.80 max	m	0.800	Escalier, Viollet-le-Duc, Dictionnaire raisonne		dont déduisant le noyau […] reste pour les marches 0,80 c. au plus
building_dimensions_v1.tsv	tread_depth	XIII c.+ vis	emmarchement range	0.50 minimum to 2.00 maximum	m	0.500	Escalier, Viollet-le-Duc, Dictionnaire raisonne		Les dimensions de ces escaliers varient ; il en est dont les emmarchements n’ont que 0,50 c. ; les plus grands n’ont pas plus de 2 m ,00, ce qui exigeait des pierres très-longues
building_dimensions_v1.tsv	length	Louvre grande vis	step length	sept pieds = 2.275	m	2.275	Escalier, Viollet-le-Duc, Dictionnaire raisonne		elles avoient sept pieds de longueur
building_dimensions_v1.tsv	riser_height	Louvre grande vis	step thickness = riser	un demi (pied) = 0.1625	m	0.163	Escalier, Viollet-le-Duc, Dictionnaire raisonne		sur un demi d’épaisseur
building_dimensions_v1.tsv	tread_depth	Louvre grande vis	giron next to the enclosing shell [[MEASURING CONVENTION IS SAUVAL'S, NOT A RULE. This is Sauval reporting ONE stair. Viollet's own GIRON article measures a triangular giron AT MID-LENGTH: 'Alors on mesure le giron de la marche au milieu de sa longueur.' Do not generalise 'pres de la coquille' into a medieval measuring convention.]]	deux et demi (pieds) = 0.8125	m	0.812	Escalier, Viollet-le-Duc, Dictionnaire raisonne		avec deux et demi de giron près de la coquille qui l’environnoit
building_dimensions_v1.tsv		Louvre petite vis	step size	trois pieds long x un et demi wide = 0.975 x 0.4875	m	0.975	Escalier, Viollet-le-Duc, Dictionnaire raisonne		chaque marche de la petite (vis) portoit trois pieds de long et un et demi de large
building_dimensions_v1.tsv	external_height	Louvre	total height of both vis together	dix toises un demi-pied = 20 (approx.)	m	20.000	Escalier, Viollet-le-Duc, Dictionnaire raisonne		qu’elles portoient ensemble dix toises un demi-pied de hauteur […] C’est-à-dire que la dernière marche de l’escalier était à 10 toises ½ pied du sol de la cour, soit à 20 mètres, et devait ainsi desservir deux étages au-dessus du rez-de-chaussée, plus la terrasse
building_dimensions_v1.tsv	count	Louvre grande vis	number of steps	83	count		Escalier, Viollet-le-Duc, Dictionnaire raisonne		que la grande (vis) consistoit en quatre-vingt-trois marches […] À ½ pied chacune, cela fait 41 pieds ½ ou 13 m ,30 environ
building_dimensions_v1.tsv	count	Louvre petite vis	number of steps	41	count		Escalier, Viollet-le-Duc, Dictionnaire raisonne		et la petite en quarante et une […] À ½ pied chacune, cela fait 20 pieds ½, soit 6 m ,60 environ. Ces mesures de détail sont d’accord avec la mesure générale et produisent environ 20 mètres
building_dimensions_v1.tsv		Louvre grande vis	Viollet's reconstructed flight/landing sequence	16 + 16 + 16 + 35 = 83 steps, four landings	count		Escalier, Viollet-le-Duc, Dictionnaire raisonne		Jusqu’au palier E , tenant compte du giron des marches, on trouve seize degrés. Seize autres degrés conduisaient au second palier posé au-dessus de la voûte F . Seize degrés arrivaient au troisième palier au-dessus de celui E . De ce troisième palier on montait d’une volée jusqu’au quatrième palier, toujours au-dessus de celui E , par trente-cinq marches, total, quatre-vingt-trois.
building_dimensions_v1.tsv		Louvre grande vis	buttresses and statues	10	count		Escalier, Viollet-le-Duc, Dictionnaire raisonne		Notre plan nous donne en H dix contre-forts pouvant recevoir les dix grandes statues […] il l’enrichit par dehors de basses-tailles, et de dix grandes figures de pierre couvertes chacune d’un dais, posées dans une niche, portées sur un piédestal
building_dimensions_v1.tsv		Louvre	ribs of the crowning vault	douze branches d’orgues = 12 ribs	count		Escalier, Viollet-le-Duc, Dictionnaire raisonne		la voûte qui le terminoit étoit garnie de douze branches d’orgues (nervures)
building_dimensions_v1.tsv		Louvre	door-guard statues	trois pieds = 0.975	m	0.975	Escalier, Viollet-le-Duc, Dictionnaire raisonne		Un sergent-d’armes haut de trois pieds, et sculpté par Saint-Romain, gardoit chaque porte des appartemens du roi et de la reine
building_dimensions_v1.tsv		Louvre	tombstones bought for step and landing stone	20 tombs at 14 sols parisis each, 27 September 1365	count/price		Escalier, Viollet-le-Duc, Dictionnaire raisonne		en 1365, Raimond du Temple, conducteur de l’ouvrage, enleva vingt tombes le 27 septembre, qu’il acheta quatorze sols parisis la pièce de Thibault de la Nasse, marguillier de l’église, et enfin les fit tailler par Pierre Anguerrand et Jean Colombel pour servir de pallier
building_dimensions_v1.tsv		Louvre	sculptor's fee per statue	20 francs d'or = 16 livres parisis; the vault sculpture 32 livres parisis = 40 francs d'or	money	20.000	Escalier, Viollet-le-Duc, Dictionnaire raisonne		ces sculpteurs, pour chaque figure, eurent vingt francs d’or, ou seize livres parisis […] à raison de trente-deux livres parisis, ou quarante francs d’or
building_dimensions_v1.tsv	diameter	Bernardins double vis	internal diameter	dix pieds = 3.25	m	3.250	Escalier, Viollet-le-Duc, Dictionnaire raisonne		cette vis a dix pieds de profondeur (3 m , 25)
building_dimensions_v1.tsv	riser_height	Bernardins double vis	riser	huit à neuf pouces = 0.23	m	0.230	Escalier, Viollet-le-Duc, Dictionnaire raisonne		chaque marche porte de hauteur huit à neuf pouces (0 m , 23)
building_dimensions_v1.tsv	tread_depth	Bernardins double vis	giron	un pied ou environ = 0.325	m	0.325	Escalier, Viollet-le-Duc, Dictionnaire raisonne		les girons de l’un et de l’autre, portant un pied ou environ, qui sont entrelassés, enclavés, emboîtés, enchaînés, enchâssés, entretaillés l’un dans l’autre, et s’entremordant d’une façon aussi ferme que gentille
building_dimensions_v1.tsv		Bernardins double vis	windows	2 (one lighting both flights from above, one from below)	count		Escalier, Viollet-le-Duc, Dictionnaire raisonne		Ces degrés n’ont que deux croisées, l’une qui les éclaire tous deux par en haut, l’autre par en bas
building_dimensions_v1.tsv	wall_thickness	Escalier	Saint-Mederic (Saint-Merri) stair turrets: wall thickness	neuf pouces = 0.23	m	0.230	Escalier, Viollet-le-Duc, Dictionnaire raisonne		La merveille de ces deux vis consiste en leur petitesse et en la tendresse des murailles qui les soutiennent, ne portant pas neuf pouces d’épaisseur (0 m ,23)
building_dimensions_v1.tsv	width	Thelemean	LITERARY FICTION (Rabelais), not evidence - Thelemean vis (Rabelais, FICTION): entrance arch width	six toises = 11.7	m	11.700	Escalier, Viollet-le-Duc, Dictionnaire raisonne		l’entrée estoit par les dehors du logis en un arceau large de six toises. Icelle estoit faite en telle symétrie et capacité, que six hommes d’armes, la lance sur la cuisse, pouvoient de front monter jusques au-dessus de tous le bastiment
building_dimensions_v1.tsv	diameter	Timber steps	oak log diameter	0.50	m	0.500	Escalier, Viollet-le-Duc, Dictionnaire raisonne		Trois sciages I divisent la bille en chêne de 0,50 c. de diamètre, ou environ en six triangles dans chacun desquels on trouve une marche
building_dimensions_v1.tsv		Timber stair	corner posts (poteaux)	0.18 x 0.20	m	0.200	Escalier, Viollet-le-Duc, Dictionnaire raisonne		Les poteaux ont 0,18 c. sur 0, 20 posés de champ dans le sens de l’emmarchement
building_dimensions_v1.tsv	thickness	Timber stair	strings (limons) thickness	0.15	m	0.150	Escalier, Viollet-le-Duc, Dictionnaire raisonne		ces limons portent 0,15 c. d’épaisseur, et affleurent le nu extérieur des poteaux
building_dimensions_v1.tsv	member_detail	Joinery vis	steps per circumference [[CONTRADICTED BY VIOLLET'S OWN PLATE. This is the article's ONLY stated steps-per-turn figure, but plan A of fig. 30 draws 5 steps between 6 montants spanning 110 deg = ~22 deg each and ~16 per turn, and is not a quarter. Keep 12 as the quoted statement; do not use it as a verified timber-vis parameter without noting the plate disagrees.]]	12	count		Escalier, Viollet-le-Duc, Dictionnaire raisonne		Nous donnons en A le plan d’un quart d’un escalier de ce genre portant douze marches sur sa circonférence
building_dimensions_v1.tsv	height	Joinery vis	entry opening height	2.00	m	2.000	Escalier, Viollet-le-Duc, Dictionnaire raisonne		Deux des montants, coupés à deux mètres du sol, et reposant sur une traverse assemblée dans les poteaux voisins
building_dimensions_v1.tsv	newel_diameter	College de Montaigu vis	newel from a single timber	12 to 15	m	13.500	Escalier, Viollet-le-Duc, Dictionnaire raisonne		un joli escalier à vis en menuiserie, dont le noyau pris dans une longue pièce de bois de douze à quinze mètres de hauteur était fort habilement travaillé en façon de colonne à nervures torses
building_dimensions_v1.tsv		Escalier	Drawing scales stated for fig.27/28	plan 1:100, section 1:50	scale		Escalier, Viollet-le-Duc, Dictionnaire raisonne		L’échelle du plan est de 0,01 c. pour mètre. Faisons une coupe longitudinale sur a b , et présentons la au double pour plus de clarté. […] Le détail O donne la section horizontale d’un montant au dixième de l’exécution.
building_dimensions_v1.tsv	width	Montpazier	width of the front street [[THE PLATE CONFIRMS THE TEXT. Decoding fig. 17 (bar ticks x=108.5/168.0/227.5/287.0 labelled 10/20/30 = 5.95 px/m) gives a street gap of 10.1-10.8 m. The reader's claimed 7.5 m plate figure and its 25 per cent discrepancy do not exist.]]	10	metres	10.000	Maison, Viollet-le-Duc, Dictionnaire raisonne		une rue de 10 metres de largeur
building_dimensions_v1.tsv	width	Montpazier	width of the rear alley (ruelle) [[THE PLATE CONFIRMS THE TEXT: rear gap 19 px = 3.2 m at 5.95 px/m.]]	about 3	metres	3.000	Maison, Viollet-le-Duc, Dictionnaire raisonne		l'autre posterieure sur une ruelle de 3 metres environ
building_dimensions_v1.tsv		Montpazier	alley between two houses within a block (endronne)	the width of a gutter (caniveau)	-		Maison, Viollet-le-Duc, Dictionnaire raisonne		Les ruelles entre les maisons n'ont quelquefois que la largeur d'un caniveau
building_dimensions_v1.tsv		Vitteaux house	total plot area	about 100	square metres		Maison, Viollet-le-Duc, Dictionnaire raisonne		sur un terrain de 100 metres environ
building_dimensions_v1.tsv		Vitteaux house	built footprint	49	square metres		Maison, Viollet-le-Duc, Dictionnaire raisonne		sur lesquels 49 metres superficiels etaient reserves a la construction
building_dimensions_v1.tsv		Vitteaux house	VIOLLET'S OWN 1860s COSTING, not a medieval price - Viollet's 1860s rebuild cost	250 fr per square metre, total 12 250 fr	francs		Maison, Viollet-le-Duc, Dictionnaire raisonne		Une construction de ce genre, avec le mode adopte, couterait, caves comprises, en province, 250 fr. le metre superficiel ; la maison reviendrait donc a la somme de 12 250 fr.
building_dimensions_v1.tsv	projection	Annonay house	roof projection beyond the ground-floor wall face	about 3.50	metres	3.500	Maison, Viollet-le-Duc, Dictionnaire raisonne		La saillie du comble sur le nu du mur du rez-de-chaussee est de 3 m 50 environ
building_dimensions_v1.tsv	projection	Reims	Reims (Place des Marches) 15th-c timber house: jetty projection over the public way	1.65	metres	1.650	Maison, Viollet-le-Duc, Dictionnaire raisonne		est ainsi portee en encorbellement sur cinq fortes potences et est en saillie de 1 m,65 sur la voie publique
building_dimensions_v1.tsv	projection	Late-15th-c Paris/Normandy timber facades	maximum storey projection	up to 2	metres	2.000	Maison, Viollet-le-Duc, Dictionnaire raisonne		donnant aux etages jusqu'a deux metres de saillie sur le nu du soubassement
building_dimensions_v1.tsv		Hotel de Jacques Coeur, Bourges	opening of the great dining-hall chimney	6	metres	6.000	Maison, Viollet-le-Duc, Dictionnaire raisonne		La grande cheminee c, de six metres d'ouverture, etait richement decoree
building_dimensions_v1.tsv		Hotel de Cluny, Paris	garden	17 x 35	metres	35.000	Maison, Viollet-le-Duc, Dictionnaire raisonne		Le jardin G, de 17 metres de largeur sur 35 metres de longueur environ, etait borde par des proprietes particulieres
building_dimensions_v1.tsv	height	Cordes hotel	height of the great ground-floor hall above the court	7 steps	marches	7.000	Maison, Viollet-le-Duc, Dictionnaire raisonne		donne entree dans la grande salle du rez-de-chaussee H, elevee de sept marches au-dessus du sol de la cour
building_dimensions_v1.tsv	height	Morvan peasant house	height of the raised entrance door above ground	1 to 2	metres	1.500	Maison, Viollet-le-Duc, Dictionnaire raisonne		Porte elevee d'un ou deux metres au-dessus du sol avec escalier et palier engage dans la muraille
building_dimensions_v1.tsv	height	Vosges peasant house	stone plinth (soubassement) height	about 1.00	metres	1.000	Maison, Viollet-le-Duc, Dictionnaire raisonne		Les maisons s'elevent sur un soubassement de 1 m,00 de hauteur environ, forme de gros blocs de gres
building_dimensions_v1.tsv	count	Vosges peasant house	room count	3 rooms on the ground floor, 4 under the roof	rooms		Maison, Viollet-le-Duc, Dictionnaire raisonne		Presque toujours ces maisons se composent de trois pieces a rez-de-chaussee et de quatre pieces sous comble
building_dimensions_v1.tsv	opening_height	Le Cannet fortified farm tower	height of the door above the outside ground	3	metres	3.000	Maison, Viollet-le-Duc, Dictionnaire raisonne		La porte, relevee de trois metres au-dessus du terrain exterieur
building_dimensions_v1.tsv	storey_height	Le Cannet tower	machicolations on the top storey	6	openings		Maison, Viollet-le-Duc, Dictionnaire raisonne		est perce de six machicoulis en forme de hottes, et ne possedait pas de fenetre
building_dimensions_v1.tsv	distance	Le Cannet tower	distance from the sea	about 4	kilometres		Maison, Viollet-le-Duc, Dictionnaire raisonne		a mi-cote et a quatre kilometres environ de la mer
building_dimensions_v1.tsv	level_difference	Bordeaux fortified farm	stair from the water level of the moat to the raised door	12 steps	marches	12.000	Maison, Viollet-le-Duc, Dictionnaire raisonne		Un escalier de douze marches engagees dans la muraille conduisait du niveau de l'eau a la porte relevee
building_dimensions_v1.tsv	storey_height	Maison	Modern storeys Viollet condemns as too low, implying medieval storeys exceeded this	less than 3	metres	3.000	Maison, Viollet-le-Duc, Dictionnaire raisonne		Et ces etages de moins de trois metres de hauteur, sous plafond, sont-ils sains et confortables ?
building_dimensions_v1.tsv	count	Maison des Musiciens, Reims	first-floor window and niche count	4 windows, 5 niches	openings		Maison, Viollet-le-Duc, Dictionnaire raisonne		La facade de cette maison possede quatre fenetres hautes et larges au premier etage avec cinq niches dans les trumeaux
building_dimensions_v1.tsv		Saint-Antonin	purchase price of the town by Saint Louis	1 500	livres tournois		Maison, Viollet-le-Duc, Dictionnaire raisonne		Saint Louis acheta du comte de Toulouse la ville de Saint-Antonin, moyennant 1 500 livres tournois
building_dimensions_v1.tsv		Bourges	price paid by Jacques Coeur in 1443 for the two-tower rampart fief	1 200	ecus		Maison, Viollet-le-Duc, Dictionnaire raisonne		En 1443, Jacques Coeur acheta de Jacques Belin, moyennant 1 200 ecus, le fief comprenant deux tours des remparts de Bourges sur lequel il batit son hotel
building_dimensions_v1.tsv		Construction -- Voutes	Isolated monolithic chapel columns, Notre-Dame de Chalons-sur-Marne ambulatory chapels (late 12c)	0.30	m (max)	0.300	Construction -- Voutes, Viollet-le-Duc, Dictionnaire raisonne		Les colonnes isolées des chapelles sont des monolithes de 0,30 c. de diamètre au plus
building_dimensions_v1.tsv		Construction -- Voutes	Slender monostyle columns A, hemicycle of Saint-Leu-d'Esserent (c.1190)	0.50	m	0.500	Construction -- Voutes, Viollet-le-Duc, Dictionnaire raisonne		Les deux colonnes A n’ont que 0,50 c. de diamètre
building_dimensions_v1.tsv		Construction -- Voutes	Stout monostyle columns B, hemicycle of Saint-Leu-d'Esserent (c.1190)	0.85	m (approx)	0.850	Construction -- Voutes, Viollet-le-Duc, Dictionnaire raisonne		celles B 0,85 c. environ
building_dimensions_v1.tsv	member_detail	Construction -- Voutes	Rib voussoir bounding section, mid-12c, small vaults	0.22	m	0.220	Construction -- Voutes, Viollet-le-Duc, Dictionnaire raisonne		les claveaux des arcs sont généralement compris dans une section carrée C, de huit pouces (0,22 c.)
building_dimensions_v1.tsv	member_detail	Construction -- Voutes	Rib voussoir bounding section, mid-12c, medium vaults	0.33	m	0.330	Construction -- Voutes, Viollet-le-Duc, Dictionnaire raisonne		à un pied ou dix-huit pouces de côté (0,33 c. et 0,50 c.), suivant la largeur de la voûte
building_dimensions_v1.tsv	member_detail	Construction -- Voutes	Rib voussoir bounding section, mid-12c, large vaults	0.50	m	0.500	Construction -- Voutes, Viollet-le-Duc, Dictionnaire raisonne		dix-huit pouces de côté (… 0,50 c.), suivant la largeur de la voûte
building_dimensions_v1.tsv	width	Construction -- Voutes	Web rubble (moellon) unit width - the setting-out standard XX'	0.08 to 0.15	m	0.115	Construction -- Voutes, Viollet-le-Duc, Dictionnaire raisonne		Supposons que le moellon maniable, qu’un maçon peut facilement poser à la main, ait la largeur XX′ (largeur qui varie de 0,08 c. à 0,15 c. dans ces sortes de constructions)
building_dimensions_v1.tsv	thickness	Construction -- Voutes	Web (remplissage) thickness, large late-12c Gothic vaults	0.10 to 0.12	m	0.110	Construction -- Voutes, Viollet-le-Duc, Dictionnaire raisonne		beaucoup de remplissages de grandes voûtes gothiques, surtout à la fin du XII e siècle, n’ont pas plus de 0,10 c. à 0,12 c. d’épaisseur
building_dimensions_v1.tsv	thickness	Construction -- Voutes	Web thickness, high vaults of Notre-Dame de Paris	0.10	m (max)	0.100	Construction -- Voutes, Viollet-le-Duc, Dictionnaire raisonne		Les remplissages des grandes voûtes de la cathédrale de Paris n’ont pas plus de 0,10 c. d’épaisseur.
building_dimensions_v1.tsv	ratio_or_rule	Construction -- Voutes	Rise (fleche) of the ridge line from diagonal crown to wall-arch crown - the worked example the master calls out to the mason [[EXAMPLE VALUE, EXPLICITLY: 'Le constructeur dit, PAR EXEMPLE : la ligne CK ... aura 0,50 c. de fleche'. It is the only ridge rise Viollet quantifies, but it is not a constant.]]	0.50	m	0.500	Construction -- Voutes, Viollet-le-Duc, Dictionnaire raisonne		Le constructeur dit, par exemple : la ligne CK, réunissant la clef des arcs ogives à la clef des formerets, aura 0,50 c. de flèche
building_dimensions_v1.tsv	thickness	Construction -- Voutes	Cerce board thickness	0.04	m (approx)	0.040	Construction -- Voutes, Viollet-le-Duc, Dictionnaire raisonne		Chacune des cerces, coupées dans une planche de 0,04 c. environ d’épaisseur, porte au milieu une rainure évidée
building_dimensions_v1.tsv	opening_height	Worked example, fig. 49 ter	HYPOTHETICAL WORKED EXAMPLE, not a measured building - window head height on face AB of an irregular hall	10.00	m	10.000	Construction -- Voutes, Viollet-le-Duc, Dictionnaire raisonne		Il s’agit de prendre sur la face AB un jour à 10 m ,00 de hauteur
building_dimensions_v1.tsv	height	Worked example, fig. 49 ter	HYPOTHETICAL WORKED EXAMPLE, not a measured building - max wall-arch crown height on faces BC and AD	6.00	m	6.000	Construction -- Voutes, Viollet-le-Duc, Dictionnaire raisonne		de ne pas élever les clefs des formerets sur les faces BC et AD à plus de 6 m ,00
building_dimensions_v1.tsv	height	Worked example, fig. 49 ter	HYPOTHETICAL WORKED EXAMPLE, not a measured building - max wall-arch crown height on face CD	4.00	m	4.000	Construction -- Voutes, Viollet-le-Duc, Dictionnaire raisonne		et la clef du formeret sur la face CD à plus de 4 m ,00
building_dimensions_v1.tsv	length	Worked example, fig. 49 ter	HYPOTHETICAL WORKED EXAMPLE, not a measured building - length of face CD	8.00	m	8.000	Construction -- Voutes, Viollet-le-Duc, Dictionnaire raisonne		le côté CD ayant 8 m ,00 de long, sur cette face CD nous tracerons un formeret plein cintre dont la naissance sera posée sur le sol même
building_dimensions_v1.tsv	height	Validity limit of the 16th-century abutment rule	pier height	<= 1.5 x arch span	ratio		Construction -- Voutes, Viollet-le-Duc, Dictionnaire raisonne		les arcs sont montés sur des pieds-droits d’une hauteur égale pour ces arcs différents et qui n’ont pas plus d’une fois et demie le diamètre ou la base de ces arcs
building_dimensions_v1.tsv		Construction -- Voutes	Wall-zone fraction of a web cell built as plain walling, unsupported [[LOWER BOUND, NOT A CENTRAL VALUE: the text is 'il monte AU MOINS un tiers de chacun des cotes de son remplissage comme un mur'.]]	~1/3	fraction of each side		Construction -- Voutes, Viollet-le-Duc, Dictionnaire raisonne		il monte au moins un tiers de chacun des côtés de son remplissage comme un mur … Mais au delà du premier tiers, ou environ, il faut l’aide d’une cerce
building_dimensions_v1.tsv	bay_spacing	Construction -- Voutes	Rise ordering constraint for a square bay with an intermediate transverse arch (fig. 55)	rise(intersecting doubleau) = R(ogive) > rise(principal doubleau) > rise(formeret incl. stilting)	relation		Construction -- Voutes, Viollet-le-Duc, Dictionnaire raisonne		l’arc ogive étant plein cintre, l’arc doubleau d’intersection doit avoir une flèche CH égale au rayon CI ; que, dans les cas ordinaires, l’arc doubleau principal doit avoir une flèche JG moins longue que le rayon CI, et que l’arc formeret doit avoir, y compris sa naissance relevée, une flèche KF moins longue que celle de l’arc doubleau principal
building_dimensions_v1.tsv	bay_spacing	Construction -- Voutes	Radius rule for an oblong bay	R(diagonal) = R(transverse) = 0.5 x bay diagonal	relation		Construction -- Voutes, Viollet-le-Duc, Dictionnaire raisonne		reportant le demi-diamètre AD sur la ligne de base de l’arc doubleau AE, nous obtenons en F le centre de l’une des branches de l’arc doubleau, et nous traçons l’arc AG, qui possède le même rayon que l’arc ABC
building_dimensions_v1.tsv	thickness	Construction -- Voutes	Roman/Romanesque barrel vault thickness if built conventionally (article Voute, fig. 1)	0.40 to 0.50	m	0.450	Construction -- Voutes, Viollet-le-Duc, Dictionnaire raisonne		si, à partir du niveau N, les maçons avaient dû bander une voûte de 0 m ,40 à 0 m ,50 d’épaisseur en briques ou moellons par le procédé ordinaire
building_dimensions_v1.tsv		Construction -- Voutes	Sag of a very large timber centering over 3-4 months (article Voute)	0.50	m at the crown	0.500	Construction -- Voutes, Viollet-le-Duc, Dictionnaire raisonne		un cintrage de cette importance s’affaisserait peut-être de 0 m ,50 à son sommet au bout de trois ou quatre mois
building_dimensions_v1.tsv	thickness	Pantheon, Rome	vault thickness near the lunette (article Voute)	1.50	m (min)	1.500	Construction -- Voutes, Viollet-le-Duc, Dictionnaire raisonne		l’épaisseur de la voûte, qui, près de la lunette, n’a pas moins de 1 m ,50
building_dimensions_v1.tsv	thickness	Construction -- Voutes	Hemispherical vault thickness at the nerves (article Voute)	~0.50	m	0.500	Construction -- Voutes, Viollet-le-Duc, Dictionnaire raisonne		une voûte hémisphérique de cette étendue, d’une épaisseur de 0 m ,50 environ, au droit des nerfs
building_dimensions_v1.tsv	diameter	Pantheon of Agrippa	dome diameter (article Voute, footnote)	43.36	m	43.360	Construction -- Voutes, Viollet-le-Duc, Dictionnaire raisonne		La voûte du Panthéon d’Agrippa a 43 mètres 36 centimètres de diamètre.
building_dimensions_v1.tsv		Amiens cathedral	transept crossing vault, pier axis to pier axis (article Voute)	14.40	m (average)	14.400	Construction -- Voutes, Viollet-le-Duc, Dictionnaire raisonne		Cette voûte carrée, qui porte 14 m ,40 en moyenne d’axe en axe des piliers
building_dimensions_v1.tsv	bay_spacing	Construction -- Voutes	Basilica of Chagga (2nd-3rd c AD): bay spacing, pier axis to axis (article Voute)	2.50	m (average)	2.500	Construction -- Voutes, Viollet-le-Duc, Dictionnaire raisonne		Les travées de cette basilique sont étroites (2 m ,50 d’axe en axe des piles, en moyenne)
building_dimensions_v1.tsv	thickness	Grille of Maximilian I tomb (fragment, fig. 44)	thickness of the beaten-iron skin over the core (ame)	0.001-0.002	m	0.002	Serrurerie, Viollet-le-Duc, Dictionnaire raisonne (recovered from verification; the serrurerie reader delivered no findings file)		Bien que celui-ci n'ait qu'une epaisseur de 1 ou 2 millimetres au plus, il adhere parfaitement a cette ame sur toute sa surface
building_dimensions_v1.tsv	thickness	Beaten-iron ornament (fig. 18)	thickness of each of the two laminae of fer battu	0.002	m (approx.)	0.002	Serrurerie, Viollet-le-Duc, Dictionnaire raisonne (recovered from verification; the serrurerie reader delivered no findings file)		Deux lames de fer battu de 0 m ,002 d'epaisseur environ
building_dimensions_v1.tsv	thickness	Penture (hinge strap), fig. 17	flat bar stock: width x thickness	0.09 x 0.009	m (max)	0.090	Serrurerie, Viollet-le-Duc, Dictionnaire raisonne (recovered from verification; the serrurerie reader delivered no findings file)		une simple barre de fer plat de 0 m ,09 de largeur sur 0 m ,009 d'epaisseur au plus
building_dimensions_v1.tsv	thickness	Penture (hinge strap)	strap section: thickness at the edges vs at the centre	0.005 / 0.008	m	0.005	Serrurerie, Viollet-le-Duc, Dictionnaire raisonne (recovered from verification; the serrurerie reader delivered no findings file)		les bords n'ont que 5 millimetres, et le milieu 8 millimetres
building_dimensions_v1.tsv		Grille	angle irons (fers d'angle)	0.022	m	0.022	Serrurerie, Viollet-le-Duc, Dictionnaire raisonne (recovered from verification; the serrurerie reader delivered no findings file)		Les fers d'angle ont 22 millimetres
building_dimensions_v1.tsv	opening_width	Angers door (fig. 26)	width and depth of the door rebate (feuillure) housing the lock	0.05	m	0.050	Serrurerie, Viollet-le-Duc, Dictionnaire raisonne (recovered from verification; the serrurerie reader delivered no findings file)		cette feuillure etant large et profonde (0 m ,05, voyez en a )
building_dimensions_v1.tsv	height	Great gate leaves fitted with rack bolts (fig. 34)	height of the leaf	4 to 5	m	4.500	Serrurerie, Viollet-le-Duc, Dictionnaire raisonne (recovered from verification; the serrurerie reader delivered no findings file)		d'une hauteur de 4 a 5 metres
building_dimensions_v1.tsv			buttress_taper_top_over_bottom	5/11	ratio (0.4545)		Ungewitter/Mohrmann Manual of Gothic Construction (Ricker tr. 1920) Table IV p.216	stated-explicitly	Depth at top = 5/11 of depth at bottom — a trapezoidal diminished buttress. Exact authored rule, directly implementable.
building_dimensions_v1.tsv	height		buttress_height_datum	to the keystone of the vault	—		ibid. Table IV p.216	stated-explicitly	Height of buttress is taken to the keystone of the vault. Defines what t measures.
building_dimensions_v1.tsv			stability_criterion	resultant at border of kern	—		ibid. Table V note p.217	stated-explicitly	Resultant at edge causes overthrow! Resultant at border of kern ensures safety of buttress, if pressure at edge is not too great. = middle-third rule as the buttress-sizing test.
building_dimensions_v1.tsv			vault_A_plan	4 x 4	m (16 sq m)	4.000	ibid. Table IV p.216	measured-table	Smaller tabulated vault bay.
building_dimensions_v1.tsv			vault_B_plan	8 x 8	m (64 sq m)	8.000	ibid. Table V p.217	measured-table	Larger tabulated vault bay.
building_dimensions_v1.tsv			rise_class_low_u_over_span	0.40	ratio		ibid. Tables IV+V	derived-verified	"Labelled ""Rise 1/2"". u=1.60m at 4m span; u=3.30m at 8m span. Both give u/span 0.40-0.41."
building_dimensions_v1.tsv			rise_class_mid_u_over_span	0.55	ratio		ibid. Tables IV+V	derived-verified	"Labelled ""Rise 2/3"". u=2.20m at 4m span; u=4.50m at 8m span."
building_dimensions_v1.tsv			rise_class_high_u_over_span	0.70	ratio		ibid. Tables IV+V	derived-verified	"Labelled ""Rise 5/6"". u=2.80m at 4m span; u=5.70m at 8m span."
building_dimensions_v1.tsv			vault_rise_scales_with_span	linear	—		ibid. Tables IV+V	derived-verified	Rise u doubles when span doubles (1.60/2.20/2.80 -> 3.30/4.50/5.70, all x2.03-2.05). Vault geometry is similar across sizes; only the buttress is not.
building_dimensions_v1.tsv	height		buttress_height_classes_vault_A	5, 10, infinite	m	5.000	ibid. Table IV p.216	measured-table	Tabulated buttress heights t for the 4x4 m vault.
building_dimensions_v1.tsv	height		buttress_height_classes_vault_B	10, 20, infinite	m	10.000	ibid. Table V p.217	measured-table	Tabulated buttress heights t for the 8x8 m vault.
building_dimensions_v1.tsv			buttress_depth_range_vault_A	0.50 - 3.15	m at bottom	1.825	ibid. Table IV p.216	measured-table	Full spread across rise class, buttress height and load column, 4x4 m vault.
building_dimensions_v1.tsv			buttress_depth_range_vault_B	0.88 - 5.25	m at bottom	3.065	ibid. Table V p.217	measured-table	Full spread across rise class, buttress height and load column, 8x8 m vault.
building_dimensions_v1.tsv			buttress_depth_span_scaling	1.2 - 1.6	x per 2x span		ibid. Tables IV+V	derived-approximate	Matched cells (row a, t=10 m block): rise-mid 1.00->1.60, rise-high 0.90->1.40, rise-low 1.15->1.40. SUB-LINEAR in span. Column alignment on the rise-low row is uncertain; treat as indicative.
building_dimensions_v1.tsv			buttress_depth_vs_rise	shallower as rise increases	—		ibid. Tables IV+V	measured-table	At fixed span and height, a steeper (higher-rise) vault needs LESS buttress depth. 4x4 m, row a, t=10 m: 1.15 (rise-low) / 1.00 (mid) / 0.90 (high).
building_dimensions_v1.tsv			overturning_check_points	footing, each widening, each abrupt recession of cross-section	—		ibid. p.195	stated-explicitly	Why real Gothic abutment is stepped: every recession is a checked pivot.
building_dimensions_v1.tsv	ratio_or_rule		leaf_to_printed_page_formula	leaf = 2 x printed_page + 5	—		Ungewitter/Mohrmann Manual of Gothic Construction (Ricker tr. 1920) vol 1 scan	derived-verified	Verified on four anchors (p.158/leaf321, p.195/leaf395, p.216/leaf437, p.217/leaf439). Every printed page has a recto scan PLUS a mirror-ghost scan, hence the factor 2. Supersedes the +200 offset guessed in cycle 3.
building_dimensions_v1.tsv			table_II_subject	Thickness of straight abutment wall	—		Ungewitter/Mohrmann Manual of Gothic Construction (Ricker tr. 1920) Table II p.212	stated-explicitly	printed p.212. The WALL counterpart to Table IV's buttress depth — this is the 'thickness of walls' the preface promised. Thickness given in metres.
building_dimensions_v1.tsv			abutment_wall_opening_assumption	half the wall length is window opening	—		Ungewitter/Mohrmann Manual of Gothic Construction (Ricker tr. 1920) Table II p.212	stated-explicitly	Table II header: 'Length half occupied by openings.' A Gothic abutment wall is sized ASSUMING 50 percent of its length is pierced. Baked into every value in the table.
building_dimensions_v1.tsv	height		wall_height_datum	to the keystone of the vault	—		Ungewitter/Mohrmann Manual of Gothic Construction (Ricker tr. 1920) Table II p.212	stated-explicitly	Same datum as the buttress table — height is measured to the vault keystone, not to the eaves.
building_dimensions_v1.tsv			rise_class_1_8_vault_A_u	0.60	m	0.600	Ungewitter/Mohrmann Manual of Gothic Construction (Ricker tr. 1920) Tables II/IV	measured-table	Rise class labelled '1/8' for the 4x4 m vault. Five classes now known (Tables II and IV together), where cycle 4 saw only three.
building_dimensions_v1.tsv			rise_class_1_3_vault_A_u	1.25	m	1.250	Ungewitter/Mohrmann Manual of Gothic Construction (Ricker tr. 1920) Tables II/IV	measured-table	Rise class labelled '1/3' for the 4x4 m vault. Five classes now known (Tables II and IV together), where cycle 4 saw only three.
building_dimensions_v1.tsv			rise_class_1_2_vault_A_u	1.60	m	1.600	Ungewitter/Mohrmann Manual of Gothic Construction (Ricker tr. 1920) Tables II/IV	measured-table	Rise class labelled '1/2' for the 4x4 m vault. Five classes now known (Tables II and IV together), where cycle 4 saw only three.
building_dimensions_v1.tsv			rise_class_2_3_vault_A_u	2.20	m	2.200	Ungewitter/Mohrmann Manual of Gothic Construction (Ricker tr. 1920) Tables II/IV	measured-table	Rise class labelled '2/3' for the 4x4 m vault. Five classes now known (Tables II and IV together), where cycle 4 saw only three.
building_dimensions_v1.tsv			rise_class_5_6_vault_A_u	2.80	m	2.800	Ungewitter/Mohrmann Manual of Gothic Construction (Ricker tr. 1920) Tables II/IV	measured-table	Rise class labelled '5/6' for the 4x4 m vault. Five classes now known (Tables II and IV together), where cycle 4 saw only three.
building_dimensions_v1.tsv	wall_thickness		wall_thickness_range_vault_A	0.35 - 4.55	m	2.450	Ungewitter/Mohrmann Manual of Gothic Construction (Ricker tr. 1920) Table II p.212	measured-table	Full spread across rise class, wall height and load column for the 4x4 m vault. The 4.55 m extreme is rise 1/8 at infinite height.
building_dimensions_v1.tsv	thickness		flatter_vault_needs_thicker_wall	~3x	factor		Ungewitter/Mohrmann Manual of Gothic Construction (Ricker tr. 1920) Table II p.212	derived-verified	KEY COUPLING: at matched height and column, wall thickness falls from ~1.00 m (rise 1/8) to ~0.35 m (rise 2/3) — a factor near 3. Confirms and greatly widens cycle 4's 'steeper vault needs shallower buttress'. This is the structural reason Gothic went steep: raising the vault buys back wall mass.
building_dimensions_v1.tsv			table_row_letters_a_to_f	sub-cases within a rise class	—		Ungewitter/Mohrmann Manual of Gothic Construction (Ricker tr. 1920) Tables II-V	UNRESOLVED	Rise classes I-III print only rows a, d, f while class IV prints a-f, so a-f are sub-cases WITHIN a rise class (not vault types as cycle 4 speculated). Most likely load variants. Legend still not located.
building_dimensions_v1.tsv	member_detail		rise_label_semantics	label does NOT equal u/span	—		Ungewitter/Mohrmann Manual of Gothic Construction (Ricker tr. 1920) Tables II/IV	UNRESOLVED	u/span for the five classes = 0.15, 0.31, 0.40, 0.55, 0.70 against labels 0.125, 0.333, 0.5, 0.667, 0.833 — no single constant factor, so cycle 4's 'labels are nominal, use 0.40/0.55/0.70' is correct as DATA for three classes but the underlying definition of 'rise' is unresolved. Use the tabulated (label, u) pairs; do not compute from the label.
building_dimensions_v1.tsv			table_row_a_kind_of_vault	1/2 porous brick vault	—		Ungewitter/Mohrmann Manual of Gothic Construction (Ricker tr. 1920) p.211	stated-explicitly	RESOLVED. Rows a-f are 'kind of vault' = the WEB construction, a ladder of increasing dead weight from a half-brick porous web (a) to a brick vault carrying filling and a floor above (f). Explains why depth grows down the rows, and why rise classes I-III print only a/d/f (three representative weights) while class IV prints all six.
building_dimensions_v1.tsv			table_row_b_kind_of_vault	1/2 hard or 3/4 porous brick	—		Ungewitter/Mohrmann Manual of Gothic Construction (Ricker tr. 1920) p.211	stated-explicitly	RESOLVED. Rows a-f are 'kind of vault' = the WEB construction, a ladder of increasing dead weight from a half-brick porous web (a) to a brick vault carrying filling and a floor above (f). Explains why depth grows down the rows, and why rise classes I-III print only a/d/f (three representative weights) while class IV prints all six.
building_dimensions_v1.tsv			table_row_c_kind_of_vault	3/4 hard or 1 porous brick	—		Ungewitter/Mohrmann Manual of Gothic Construction (Ricker tr. 1920) p.211	stated-explicitly	RESOLVED. Rows a-f are 'kind of vault' = the WEB construction, a ladder of increasing dead weight from a half-brick porous web (a) to a brick vault carrying filling and a floor above (f). Explains why depth grows down the rows, and why rise classes I-III print only a/d/f (three representative weights) while class IV prints all six.
building_dimensions_v1.tsv			table_row_d_kind_of_vault	1 brick or 20 cm sandstone	—		Ungewitter/Mohrmann Manual of Gothic Construction (Ricker tr. 1920) p.211	stated-explicitly	RESOLVED. Rows a-f are 'kind of vault' = the WEB construction, a ladder of increasing dead weight from a half-brick porous web (a) to a brick vault carrying filling and a floor above (f). Explains why depth grows down the rows, and why rise classes I-III print only a/d/f (three representative weights) while class IV prints all six.
building_dimensions_v1.tsv			table_row_e_kind_of_vault	30 cm rubble vault	—		Ungewitter/Mohrmann Manual of Gothic Construction (Ricker tr. 1920) p.211	stated-explicitly	RESOLVED. Rows a-f are 'kind of vault' = the WEB construction, a ladder of increasing dead weight from a half-brick porous web (a) to a brick vault carrying filling and a floor above (f). Explains why depth grows down the rows, and why rise classes I-III print only a/d/f (three representative weights) while class IV prints all six.
building_dimensions_v1.tsv			table_row_f_kind_of_vault	brick vault with filling and floor above	—		Ungewitter/Mohrmann Manual of Gothic Construction (Ricker tr. 1920) p.211	stated-explicitly	RESOLVED. Rows a-f are 'kind of vault' = the WEB construction, a ladder of increasing dead weight from a half-brick porous web (a) to a brick vault carrying filling and a floor above (f). Explains why depth grows down the rows, and why rise classes I-III print only a/d/f (three representative weights) while class IV prints all six.
building_dimensions_v1.tsv			table_columns_scheme	material x stability criterion	—		Ungewitter/Mohrmann Manual of Gothic Construction (Ricker tr. 1920) p.211	partly-verified	"Columns A'/A""/B'/B"" pair a MATERIAL with a CRITERION. Definitively readable: B"" = brick, resultant at edge of KERN. The companion lines (cut stone / sandstone, resultant at edge of SECTION vs kern) are legible only in mirror show-through and are NOT confirmed — do not rely on the A'/A""/B' assignments."
building_dimensions_v1.tsv			tables_II_III_IV_subjects	II continuous walls; III vertical buttresses; IV buttresses diminished upwards	—		Ungewitter/Mohrmann Manual of Gothic Construction (Ricker tr. 1920) p.210	stated-explicitly	From 'Explanations of Tables II, III and IV': the depths are given 'for continuous walls as well as for vertical buttresses and those diminished upwards'. Matches the titles read in cycles 4 and 9.
building_dimensions_v1.tsv			table_I_is_the_source	weights and thrusts, printed p.135	—		Ungewitter/Mohrmann Manual of Gothic Construction (Ricker tr. 1920) p.210	stated-explicitly	Tables II-IV are COMPUTED from the weights and thrusts of Table I (p.135 = leaf 275 by the leaf formula). Table I is the primary data; the rest is derived.
building_dimensions_v1.tsv			table_axes	rise, kind of vault, span, height of the resistance	—		Ungewitter/Mohrmann Manual of Gothic Construction (Ricker tr. 1920) p.210	stated-explicitly	The author states the tables exist to 'give a clear view of the great variation of depths according to rise, kind of vault, span and height of the resistance to the vault' — the four axes, confirmed in the author's own words.
building_dimensions_v1.tsv			tables_are_preliminary_only	preliminary value only	—		Ungewitter/Mohrmann Manual of Gothic Construction (Ricker tr. 1920) p.210	stated-explicitly	Author's own caveat: the tables 'afford a preliminary value only for the designer' and do not replace case-by-case work with the line of support. Use as plausible defaults, not as truth.
building_dimensions_v1.tsv			wind_load_excluded	tables exclude wind; add a little for high roofs	—		Ungewitter/Mohrmann Manual of Gothic Construction (Ricker tr. 1920) p.210	stated-explicitly	'They give only the depths required by the vaults... the perhaps existing wind pressure against high roofs may make advisable a relatively small addition to the depth of the abutment.' So a tall-roofed building gets a modest abutment bonus over the tabulated value.
building_dimensions_v1.tsv	width		pier_width_reduction_rule	reduce tabulated pier width by 10-20 percent	percent		Ungewitter/Mohrmann Manual of Gothic Construction (Ricker tr. 1920) p.211	ghost-read	If window openings do NOT run buttress-to-buttress but a solid pier of wall remains each side, the widths of pier in Tables III and IV reduce by 10-20 per cent. Complements the 'length half occupied by openings' assumption of Table II. Read from mirror show-through — treat as indicative.
building_dimensions_v1.tsv			max_compression_ladder	0-4, 4-7, 7-11, 11-14, 14-21, 21-70	kg per sq cm		Ungewitter/Mohrmann Manual of Gothic Construction (Ricker tr. 1920) p.211	ghost-read	A six-step 'magnitude of maximum compression' ladder, apparently keyed to the small figures prefixed to cells in Tables IV/V (the Table V note refers to 'the prefixed figures'). Read from mirror show-through — the band edges need confirmation on a readable copy.
building_dimensions_v1.tsv			solution_method	cubic solved by Cardan's formula or repeated trial	—		Ungewitter/Mohrmann Manual of Gothic Construction (Ricker tr. 1920) p.210	stated-explicitly	The abutment depth follows from an equation of moments that reduces to a cubic; solved by Cardan or, more simply, by iterating a guess for x. An alternative criterion is offered: assume the resultant crosses at x/2 from the middle, or about 0.30 m from the outer edge.
building_dimensions_v1.tsv	ratio_or_rule		leaf_formula_caveat	valid only in odd-readable regions	—		Ungewitter/Mohrmann Manual of Gothic Construction (Ricker tr. 1920) vol 1 scan	CORRECTION	Cycle 9's `leaf = 2*printed + 5` is NOT globally valid. The readable/ghost PARITY FLIPS repeatedly through the volume — measured: leaves 160-239 odd-readable, 240-359 even-readable, 360-479 odd-readable, 480-519 even-readable (~every 120 leaves, consistent with binding gatherings). The formula held for every page verified in cycles 9-10 because all of those sat in odd-readable stretches. ALWAYS te
building_dimensions_v1.tsv			table_I_content	thrust of a vault as components H and V	—		Ungewitter/Mohrmann Manual of Gothic Construction (Ricker tr. 1920) p.194	stated-explicitly	printed p.194: 'When by calculation, construction or by Table I the thrust of a vault has been found, or which is the same, both its components H and V'. Confirms Table I tabulates horizontal thrust and vertical weight per half-vault.
building_dimensions_v1.tsv			table_I_location	cited as p.135; NOT located	—		Ungewitter/Mohrmann Manual of Gothic Construction (Ricker tr. 1920) p.210/p.194/p.208 etc	UNRESOLVED	Six separate cross-references all read 'Table I (p. 135)'. Volume 2 has essentially no Table I references, so it is in volume 1, but the leaf predicted by the formula (275) is prose - and that region is EVEN-readable, so the arithmetic was invalid there. Next step: read a page number off an even leaf in 240-359 to re-anchor, then jump.
building_dimensions_v1.tsv			sliding_criterion_soft_mortar	45-60	degrees		Ungewitter/Mohrmann Manual of Gothic Construction (Ricker tr. 1920) p.194	stated-explicitly	Sliding of the abutment may occur with SOFT mortar if the angle between the direction of the pressure and the bed is LESS than 45-60 deg.
building_dimensions_v1.tsv			sliding_criterion_hard_mortar	30-45	degrees		Ungewitter/Mohrmann Manual of Gothic Construction (Ricker tr. 1920) p.194	stated-explicitly	With HARDENED mortar sliding may occur if that angle is under 30-45 deg. So a harder mortar tolerates a shallower pressure-to-bed angle.
building_dimensions_v1.tsv			sliding_remedy	change the bed position; dowels are weaker	—		Ungewitter/Mohrmann Manual of Gothic Construction (Ricker tr. 1920) p.194	stated-explicitly	Slipping is prevented by re-orienting the bed (tilting the joint toward perpendicular to the thrust), 'or less effectively by dowels'.
building_dimensions_v1.tsv			damp_proof_course_hazard	soft pitchy isolating beds have slid whole masonry masses	—		Ungewitter/Mohrmann Manual of Gothic Construction (Ricker tr. 1920) p.194	stated-explicitly	Named construction hazard: do not form the damp-proof bed of soft pitchy material - 'this has already permitted the sliding of an entire mass of masonry'. Isolating beds only where compression acts almost perpendicular to the bed, and the isolating material must be neither too soft nor too smooth.
building_dimensions_v1.tsv			overturning_inequality	G1*a1 + G2*a2 + W2*n  >  W1*m	—		Ungewitter/Mohrmann Manual of Gothic Construction (Ricker tr. 1920) p.194	stated-explicitly	Safety against overturning: moments taken about the outer dangerous angle A; favourable rotation moments (force x lever arm) must exceed unfavourable. Overturning occurs most easily at the bottom of the foundation.
building_dimensions_v1.tsv			why_joints_are_radial	the radial joint plane satisfies the sliding criterion	—		Ungewitter/Mohrmann Manual of Gothic Construction (Ricker tr. 1920) p.158 + p.194	derived-verified	CAUSAL LINK between two pages: p.158 requires the joint plane be perpendicular to the diagonal groin's vertical plane (radial in section); p.194 shows sliding occurs when the pressure-to-bed angle drops below 30-60 deg. The radial joint exists to keep that angle steep. Vault coursing geometry is a CONSEQUENCE of the sliding limit, not an aesthetic choice.
building_dimensions_v1.tsv			table_ghosts_ocr_digits_better	find tables via high-digit GHOST leaves, read leaf +/- 1	—		Ungewitter/Mohrmann Manual of Gothic Construction (Ricker tr. 1920) vol 1 scan	derived-verified	RECIPE INVERSION: the actual table leaves 431/433/435/437/439 contain ZERO digits in their OCR, while their ghost neighbours 438/440/442/444 carry 150-470 digits each. Mirror show-through of a numeric table OCRs its figures far better than the table itself. So numeric tables are located by scanning for DIGIT-RICH GHOSTS, then reading the adjacent leaf.
building_dimensions_v1.tsv			numeric_table_census_vol1	only two clusters: leaf ~395 and leaves ~431-449	—		Ungewitter/Mohrmann Manual of Gothic Construction (Ricker tr. 1920) vol 1 scan	derived-verified	Whole-volume scan for digit-rich leaves found table clusters ONLY at leaf 395 (materials strength, printed p.195) and leaves 431-449 (Tables II-V plus the edge-pressure table). No numeric table exists anywhere in leaves 240-360.
building_dimensions_v1.tsv			table_I_absent_from_translation	not present as a table in vol 1	—		Ungewitter/Mohrmann Manual of Gothic Construction (Ricker tr. 1920) p.194/p.210 citations	NEGATIVE-RESULT	CLOSED. Six cross-references read 'Table I (p. 135)', but: (a) leaves 240-360 - where p.135 falls under either parity - are uniformly dense prose with no numeric table; (b) the volume-wide digit census finds no table cluster there; (c) volume 2 has essentially no Table I references. Most probable explanation: the 'p. 135' citations retain the GERMAN ORIGINAL's pagination, which the 1920 student ty
building_dimensions_v1.tsv			page_numbers_not_always_present	some leaves have no page number in the top margin	—		Ungewitter/Mohrmann Manual of Gothic Construction (Ricker tr. 1920) vol 1 scan	derived-verified	Leaves 274 and 300 begin body text at the very top with no page number, so page-number anchoring is not reliably available in this scan. Both also show readable text OVERLAID with its own mirror in the same band.
building_dimensions_v1.tsv			masonry_carries_no_tension	design in compression only	—		Ungewitter/Mohrmann Manual of Gothic Construction (Ricker tr. 1920) leaf 300	stated-explicitly	From the 'Vaults with only compressile stresses' passage: with the scarcely elastic properties of all stone and mortar it is 'always risky to count on their unbroken resistance'. Also notes that 'not without reason the practical Renaissance supported the heavy vaults by very powerful abutments', and warns against too trustful use of wide flat ceilings.
building_dimensions_v1.tsv	roof_span	St Martin's Church, Leicester	roof span	23 0	ft in	7.010	Brandon 1849	VERIFIED	Carries the entire roof; ridge and purlins bear on it via short templates (3 ft 6 in / 2 ft 6 in).
building_dimensions_v1.tsv	bay_spacing	St Martin's Church, Leicester	truss spacing	12 6	ft in	3.810	Brandon 1849	VERIFIED	Carries the entire roof; ridge and purlins bear on it via short templates (3 ft 6 in / 2 ft 6 in).
building_dimensions_v1.tsv	member_section	St Martin's Church, Leicester	Tie-beam scantling	1 ft 8 in x 1 ft 2 in	in	0.508	Brandon 1849	VERIFIED	Carries the entire roof; ridge and purlins bear on it via short templates (3 ft 6 in / 2 ft 6 in).
building_dimensions_v1.tsv	roof_span	St Martin's Church, Leicester	roof span	23 0	ft in	7.010	Brandon 1849	VERIFIED	Framed into the tie-beam; does not touch the wall.
building_dimensions_v1.tsv	bay_spacing	St Martin's Church, Leicester	truss spacing	12 6	ft in	3.810	Brandon 1849	VERIFIED	Framed into the tie-beam; does not touch the wall.
building_dimensions_v1.tsv	member_section	St Martin's Church, Leicester	Cornice scantling	10 in x 8 in	in	0.254	Brandon 1849	VERIFIED	Framed into the tie-beam; does not touch the wall.
building_dimensions_v1.tsv	roof_span	St Martin's Church, Leicester	roof span	23 0	ft in	7.010	Brandon 1849	VERIFIED	
building_dimensions_v1.tsv	bay_spacing	St Martin's Church, Leicester	truss spacing	12 6	ft in	3.810	Brandon 1849	VERIFIED	
building_dimensions_v1.tsv	member_section	St Martin's Church, Leicester	Purlin scantling	10 in x 10 in	in	0.254	Brandon 1849	VERIFIED	
building_dimensions_v1.tsv	roof_span	St Martin's Church, Leicester	roof span	23 0	ft in	7.010	Brandon 1849	VERIFIED	
building_dimensions_v1.tsv	bay_spacing	St Martin's Church, Leicester	truss spacing	12 6	ft in	3.810	Brandon 1849	VERIFIED	
building_dimensions_v1.tsv	member_section	St Martin's Church, Leicester	Ridge scantling	10 in x 9 in	in	0.254	Brandon 1849	VERIFIED	
building_dimensions_v1.tsv	roof_span	St Martin's Church, Leicester	roof span	23 0	ft in	7.010	Brandon 1849	VERIFIED	
building_dimensions_v1.tsv	bay_spacing	St Martin's Church, Leicester	truss spacing	12 6	ft in	3.810	Brandon 1849	VERIFIED	
building_dimensions_v1.tsv	member_section	St Martin's Church, Leicester	Common Rafter scantling	6.5 in x 4.5 in	in	0.165	Brandon 1849	VERIFIED	
building_dimensions_v1.tsv	roof_span	Chapel of the Holy Trinity, Cirencester	roof span	18 0	ft in	5.486	Brandon 1849	VERIFIED	Deepest tie-beam in the set. Supersedes the cycle-5 OCR-PARTIAL rows, which were Leicester values showing through and are now DELETED.
building_dimensions_v1.tsv	bay_spacing	Chapel of the Holy Trinity, Cirencester	truss spacing	11 0	ft in	3.353	Brandon 1849	VERIFIED	Deepest tie-beam in the set. Supersedes the cycle-5 OCR-PARTIAL rows, which were Leicester values showing through and are now DELETED.
building_dimensions_v1.tsv	member_section	Chapel of the Holy Trinity, Cirencester	Tie-beam scantling	2 ft 8 in x 11 in	in	0.813	Brandon 1849	VERIFIED	Deepest tie-beam in the set. Supersedes the cycle-5 OCR-PARTIAL rows, which were Leicester values showing through and are now DELETED.
building_dimensions_v1.tsv	roof_span	Chapel of the Holy Trinity, Cirencester	roof span	18 0	ft in	5.486	Brandon 1849	VERIFIED	
building_dimensions_v1.tsv	bay_spacing	Chapel of the Holy Trinity, Cirencester	truss spacing	11 0	ft in	3.353	Brandon 1849	VERIFIED	
building_dimensions_v1.tsv	member_section	Chapel of the Holy Trinity, Cirencester	Cornice scantling	1 ft 9 in x 11 in	in	0.533	Brandon 1849	VERIFIED	
building_dimensions_v1.tsv	roof_span	Chapel of the Holy Trinity, Cirencester	roof span	18 0	ft in	5.486	Brandon 1849	VERIFIED	Single-dimension entry (thickness only) as printed.
building_dimensions_v1.tsv	bay_spacing	Chapel of the Holy Trinity, Cirencester	truss spacing	11 0	ft in	3.353	Brandon 1849	VERIFIED	Single-dimension entry (thickness only) as printed.
building_dimensions_v1.tsv	member_section	Chapel of the Holy Trinity, Cirencester	Intermediate Principal scantling	8 in thick x 	in	0.203	Brandon 1849	VERIFIED	Single-dimension entry (thickness only) as printed.
building_dimensions_v1.tsv	roof_span	Chapel of the Holy Trinity, Cirencester	roof span	18 0	ft in	5.486	Brandon 1849	VERIFIED	Single-dimension entry as printed.
building_dimensions_v1.tsv	bay_spacing	Chapel of the Holy Trinity, Cirencester	truss spacing	11 0	ft in	3.353	Brandon 1849	VERIFIED	Single-dimension entry as printed.
building_dimensions_v1.tsv	member_section	Chapel of the Holy Trinity, Cirencester	Braces scantling	3 in thick x 	in	0.076	Brandon 1849	VERIFIED	Single-dimension entry as printed.
building_dimensions_v1.tsv	roof_span	St Andrew's Church	roof span	about 21 0	ft in	6.401	Brandon 1849	VERIFIED	"Description gives only nave width, ~21 ft. Cites ""Roof over the Nave of St Stephen's Church, Plates 32 and 33"" — the anchor confirming plate N -> leaf 2N+61."
building_dimensions_v1.tsv	roof_span	Capel St Mary	roof span	18 3	ft in	5.563	Brandon 1849	VERIFIED	A moulded three-inch plank is tenoned into the hammer-beams; openwork tracery inserted between it and the lowest purlin.
building_dimensions_v1.tsv	bay_spacing	Capel St Mary	truss spacing	6 0	ft in	1.829	Brandon 1849	VERIFIED	A moulded three-inch plank is tenoned into the hammer-beams; openwork tracery inserted between it and the lowest purlin.
building_dimensions_v1.tsv	member_section	Capel St Mary	Principal Rafters scantling	10 in x 8 in	in	0.254	Brandon 1849	VERIFIED	A moulded three-inch plank is tenoned into the hammer-beams; openwork tracery inserted between it and the lowest purlin.
building_dimensions_v1.tsv	roof_span	Capel St Mary	roof span	18 3	ft in	5.563	Brandon 1849	VERIFIED	
building_dimensions_v1.tsv	bay_spacing	Capel St Mary	truss spacing	6 0	ft in	1.829	Brandon 1849	VERIFIED	
building_dimensions_v1.tsv	member_section	Capel St Mary	Common Rafters scantling	6 in x 3 in	in	0.152	Brandon 1849	VERIFIED	
building_dimensions_v1.tsv	roof_span	Capel St Mary	roof span	18 3	ft in	5.563	Brandon 1849	VERIFIED	Same section as principal rafters and collar-beam — one stock size serves three members.
building_dimensions_v1.tsv	bay_spacing	Capel St Mary	truss spacing	6 0	ft in	1.829	Brandon 1849	VERIFIED	Same section as principal rafters and collar-beam — one stock size serves three members.
building_dimensions_v1.tsv	member_section	Capel St Mary	Hammer-beam scantling	10 in x 8 in	in	0.254	Brandon 1849	VERIFIED	Same section as principal rafters and collar-beam — one stock size serves three members.
building_dimensions_v1.tsv	roof_span	Capel St Mary	roof span	18 3	ft in	5.563	Brandon 1849	VERIFIED	
building_dimensions_v1.tsv	bay_spacing	Capel St Mary	truss spacing	6 0	ft in	1.829	Brandon 1849	VERIFIED	
building_dimensions_v1.tsv	member_section	Capel St Mary	Collar-beam scantling	10 in x 8 in	in	0.254	Brandon 1849	VERIFIED	
building_dimensions_v1.tsv	roof_span	Capel St Mary	roof span	18 3	ft in	5.563	Brandon 1849	VERIFIED	
building_dimensions_v1.tsv	bay_spacing	Capel St Mary	truss spacing	6 0	ft in	1.829	Brandon 1849	VERIFIED	
building_dimensions_v1.tsv	member_section	Capel St Mary	Purlins scantling	6 in x 5 in	in	0.152	Brandon 1849	VERIFIED	
building_dimensions_v1.tsv	roof_span	Capel St Mary	roof span	18 3	ft in	5.563	Brandon 1849	VERIFIED	
building_dimensions_v1.tsv	bay_spacing	Capel St Mary	truss spacing	6 0	ft in	1.829	Brandon 1849	VERIFIED	
building_dimensions_v1.tsv	member_section	Capel St Mary	Ridge-piece scantling	6 in x 6 in	in	0.152	Brandon 1849	VERIFIED	
building_dimensions_v1.tsv	roof_span	Trunch Church	roof span	19 0	ft in	5.791	Brandon 1849	VERIFIED	Worstead Church has a very similar design but a wider nave with hammer-beams projecting less in proportion, which the authors call grander.
building_dimensions_v1.tsv	bay_spacing	Trunch Church	truss spacing	5 6	ft in	1.676	Brandon 1849	VERIFIED	Worstead Church has a very similar design but a wider nave with hammer-beams projecting less in proportion, which the authors call grander.
building_dimensions_v1.tsv	member_section	Trunch Church	Principal Rafters scantling	10 in x 9 in	in	0.254	Brandon 1849	VERIFIED	Worstead Church has a very similar design but a wider nave with hammer-beams projecting less in proportion, which the authors call grander.
building_dimensions_v1.tsv	roof_span	Trunch Church	roof span	19 0	ft in	5.791	Brandon 1849	VERIFIED	
building_dimensions_v1.tsv	bay_spacing	Trunch Church	truss spacing	5 6	ft in	1.676	Brandon 1849	VERIFIED	
building_dimensions_v1.tsv	member_section	Trunch Church	Common Rafters scantling	6 in x 4 in	in	0.152	Brandon 1849	VERIFIED	
building_dimensions_v1.tsv	roof_span	Trunch Church	roof span	19 0	ft in	5.791	Brandon 1849	VERIFIED	
building_dimensions_v1.tsv	bay_spacing	Trunch Church	truss spacing	5 6	ft in	1.676	Brandon 1849	VERIFIED	
building_dimensions_v1.tsv	member_section	Trunch Church	Hammer-beam scantling	10 in x 10 in	in	0.254	Brandon 1849	VERIFIED	
building_dimensions_v1.tsv	roof_span	Trunch Church	roof span	19 0	ft in	5.791	Brandon 1849	VERIFIED	
building_dimensions_v1.tsv	bay_spacing	Trunch Church	truss spacing	5 6	ft in	1.676	Brandon 1849	VERIFIED	
building_dimensions_v1.tsv	member_section	Trunch Church	Purlin scantling	8 in x 5 in	in	0.203	Brandon 1849	VERIFIED	
building_dimensions_v1.tsv	roof_span	Trunch Church	roof span	19 0	ft in	5.791	Brandon 1849	VERIFIED	
building_dimensions_v1.tsv	bay_spacing	Trunch Church	truss spacing	5 6	ft in	1.676	Brandon 1849	VERIFIED	
building_dimensions_v1.tsv	member_section	Trunch Church	Ridge-piece scantling	10 in x 10 in	in	0.254	Brandon 1849	VERIFIED	
building_dimensions_v1.tsv	roof_span	Palgrave Church	roof span	20 4	ft in	6.198	Brandon 1849	VERIFIED	
building_dimensions_v1.tsv	bay_spacing	Palgrave Church	truss spacing	5 9	ft in	1.753	Brandon 1849	VERIFIED	
building_dimensions_v1.tsv	member_section	Palgrave Church	Principal Rafters scantling	1 ft 1 in x 10 in	in	0.330	Brandon 1849	VERIFIED	
building_dimensions_v1.tsv	roof_span	Palgrave Church	roof span	20 4	ft in	6.198	Brandon 1849	VERIFIED	
building_dimensions_v1.tsv	bay_spacing	Palgrave Church	truss spacing	5 9	ft in	1.753	Brandon 1849	VERIFIED	
building_dimensions_v1.tsv	member_section	Palgrave Church	Common Rafters scantling	6 in x 4 in	in	0.152	Brandon 1849	VERIFIED	
building_dimensions_v1.tsv	roof_span	Palgrave Church	roof span	20 4	ft in	6.198	Brandon 1849	VERIFIED	Same section as the principal rafters.
building_dimensions_v1.tsv	bay_spacing	Palgrave Church	truss spacing	5 9	ft in	1.753	Brandon 1849	VERIFIED	Same section as the principal rafters.
building_dimensions_v1.tsv	member_section	Palgrave Church	Hammer-beam scantling	1 ft 1 in x 10 in	in	0.330	Brandon 1849	VERIFIED	Same section as the principal rafters.
building_dimensions_v1.tsv	roof_span	Palgrave Church	roof span	20 4	ft in	6.198	Brandon 1849	VERIFIED	
building_dimensions_v1.tsv	bay_spacing	Palgrave Church	truss spacing	5 9	ft in	1.753	Brandon 1849	VERIFIED	
building_dimensions_v1.tsv	member_section	Palgrave Church	Cornice scantling	1 ft 7 in x 7 in	in	0.483	Brandon 1849	VERIFIED	
building_dimensions_v1.tsv	roof_span	Palgrave Church	roof span	20 4	ft in	6.198	Brandon 1849	VERIFIED	
building_dimensions_v1.tsv	bay_spacing	Palgrave Church	truss spacing	5 9	ft in	1.753	Brandon 1849	VERIFIED	
building_dimensions_v1.tsv	member_section	Palgrave Church	Wall-piece scantling	10 in x 7 in	in	0.254	Brandon 1849	VERIFIED	
building_dimensions_v1.tsv	roof_span	Brinton Church	roof span	17 0	ft in	5.182	Brandon 1849	VERIFIED	"RIDGE ANGLE STATED: ""the angle formed by the rafters at the ridge is of 100 degrees"" = a 40-degree pitch. Only explicit pitch in the set so far."
building_dimensions_v1.tsv	bay_spacing	Brinton Church	truss spacing	12 0	ft in	3.658	Brandon 1849	VERIFIED	"RIDGE ANGLE STATED: ""the angle formed by the rafters at the ridge is of 100 degrees"" = a 40-degree pitch. Only explicit pitch in the set so far."
building_dimensions_v1.tsv	member_section	Brinton Church	Principal Rafters scantling	10.5 in x 9 in	in	0.267	Brandon 1849	VERIFIED	"RIDGE ANGLE STATED: ""the angle formed by the rafters at the ridge is of 100 degrees"" = a 40-degree pitch. Only explicit pitch in the set so far."
building_dimensions_v1.tsv	roof_span	Brinton Church	roof span	17 0	ft in	5.182	Brandon 1849	VERIFIED	
building_dimensions_v1.tsv	bay_spacing	Brinton Church	truss spacing	12 0	ft in	3.658	Brandon 1849	VERIFIED	
building_dimensions_v1.tsv	member_section	Brinton Church	Common Rafters scantling	6 in x 4 in	in	0.152	Brandon 1849	VERIFIED	
building_dimensions_v1.tsv	roof_span	Brinton Church	roof span	17 0	ft in	5.182	Brandon 1849	VERIFIED	
building_dimensions_v1.tsv	bay_spacing	Brinton Church	truss spacing	12 0	ft in	3.658	Brandon 1849	VERIFIED	
building_dimensions_v1.tsv	member_section	Brinton Church	Purlin scantling	7 in x 6 in	in	0.178	Brandon 1849	VERIFIED	
building_dimensions_v1.tsv	roof_span	Brinton Church	roof span	17 0	ft in	5.182	Brandon 1849	VERIFIED	
building_dimensions_v1.tsv	bay_spacing	Brinton Church	truss spacing	12 0	ft in	3.658	Brandon 1849	VERIFIED	
building_dimensions_v1.tsv	member_section	Brinton Church	Ridge-piece scantling	9 in x 7 in	in	0.229	Brandon 1849	VERIFIED	
building_dimensions_v1.tsv	roof_span	Fressingfield Church	roof span	19 8	ft in	5.994	Brandon 1849	VERIFIED	"Truss-spacing line is printed ""7 by 10"" in the ft/in columns; read as 7 ft 10 in by analogy with the other spacing rows."
building_dimensions_v1.tsv	bay_spacing	Fressingfield Church	truss spacing	7 10	ft in	2.388	Brandon 1849	VERIFIED	"Truss-spacing line is printed ""7 by 10"" in the ft/in columns; read as 7 ft 10 in by analogy with the other spacing rows."
building_dimensions_v1.tsv	member_section	Fressingfield Church	Principal Rafters scantling	10 in x 8 in	in	0.254	Brandon 1849	VERIFIED	"Truss-spacing line is printed ""7 by 10"" in the ft/in columns; read as 7 ft 10 in by analogy with the other spacing rows."
building_dimensions_v1.tsv	roof_span	Fressingfield Church	roof span	19 8	ft in	5.994	Brandon 1849	VERIFIED	
building_dimensions_v1.tsv	bay_spacing	Fressingfield Church	truss spacing	7 10	ft in	2.388	Brandon 1849	VERIFIED	
building_dimensions_v1.tsv	member_section	Fressingfield Church	Common Rafter scantling	7 in x 3 in	in	0.178	Brandon 1849	VERIFIED	
building_dimensions_v1.tsv	roof_span	Fressingfield Church	roof span	19 8	ft in	5.994	Brandon 1849	VERIFIED	
building_dimensions_v1.tsv	bay_spacing	Fressingfield Church	truss spacing	7 10	ft in	2.388	Brandon 1849	VERIFIED	
building_dimensions_v1.tsv	member_section	Fressingfield Church	Hammer-beam scantling	10 in x 8 in	in	0.254	Brandon 1849	VERIFIED	
building_dimensions_v1.tsv	roof_span	Fressingfield Church	roof span	19 8	ft in	5.994	Brandon 1849	VERIFIED	
building_dimensions_v1.tsv	bay_spacing	Fressingfield Church	truss spacing	7 10	ft in	2.388	Brandon 1849	VERIFIED	
building_dimensions_v1.tsv	member_section	Fressingfield Church	Collar-beam scantling	1 ft 2 in x 8 in	in	0.356	Brandon 1849	VERIFIED	
building_dimensions_v1.tsv	roof_span	Fressingfield Church	roof span	19 8	ft in	5.994	Brandon 1849	VERIFIED	
building_dimensions_v1.tsv	bay_spacing	Fressingfield Church	truss spacing	7 10	ft in	2.388	Brandon 1849	VERIFIED	
building_dimensions_v1.tsv	member_section	Fressingfield Church	Wall-piece scantling	11 in x 8 in	in	0.279	Brandon 1849	VERIFIED	
building_dimensions_v1.tsv	roof_span	Fressingfield Church	roof span	19 8	ft in	5.994	Brandon 1849	VERIFIED	
building_dimensions_v1.tsv	bay_spacing	Fressingfield Church	truss spacing	7 10	ft in	2.388	Brandon 1849	VERIFIED	
building_dimensions_v1.tsv	member_section	Fressingfield Church	Purlin scantling	7.5 in x 5.5 in	in	0.191	Brandon 1849	VERIFIED	
building_dimensions_v1.tsv	roof_span	Fressingfield Church	roof span	19 8	ft in	5.994	Brandon 1849	VERIFIED	
building_dimensions_v1.tsv	bay_spacing	Fressingfield Church	truss spacing	7 10	ft in	2.388	Brandon 1849	VERIFIED	
building_dimensions_v1.tsv	member_section	Fressingfield Church	Depth of Cornice scantling	3 in x 3.5 in	in	0.089	Brandon 1849	VERIFIED	
building_dimensions_v1.tsv	roof_span	Heckington Church (south porch)	roof span	10 9	ft in	3.277	Brandon 1849	VERIFIED	Rafters at 1 ft 2 in centres — no trusses at all. A cornice plate projecting from the wall receives struts and wall-beams by tenon and is called 'of considerable importance in keeping all the trusses in their proper positions' = the longitudinal alignment member. Boarded longitudinally, covered with lead.
building_dimensions_v1.tsv	bay_spacing	Heckington Church (south porch)	truss spacing	1 2	ft in	0.356	Brandon 1849	VERIFIED	Rafters at 1 ft 2 in centres — no trusses at all. A cornice plate projecting from the wall receives struts and wall-beams by tenon and is called 'of considerable importance in keeping all the trusses in their proper positions' = the longitudinal alignment member. Boarded longitudinally, covered with lead.
building_dimensions_v1.tsv	member_section	Heckington Church (south porch)	Rafters scantling	5.5 in x 4.5 in	in	0.140	Brandon 1849	VERIFIED	Rafters at 1 ft 2 in centres — no trusses at all. A cornice plate projecting from the wall receives struts and wall-beams by tenon and is called 'of considerable importance in keeping all the trusses in their proper positions' = the longitudinal alignment member. Boarded longitudinally, covered with lead.
building_dimensions_v1.tsv	roof_span	Heckington Church (south porch)	roof span	10 9	ft in	3.277	Brandon 1849	VERIFIED	Rafters at 1 ft 2 in centres — no trusses at all. A cornice plate projecting from the wall receives struts and wall-beams by tenon and is called 'of considerable importance in keeping all the trusses in their proper positions' = the longitudinal alignment member. Boarded longitudinally, covered with lead.
building_dimensions_v1.tsv	bay_spacing	Heckington Church (south porch)	truss spacing	1 2	ft in	0.356	Brandon 1849	VERIFIED	Rafters at 1 ft 2 in centres — no trusses at all. A cornice plate projecting from the wall receives struts and wall-beams by tenon and is called 'of considerable importance in keeping all the trusses in their proper positions' = the longitudinal alignment member. Boarded longitudinally, covered with lead.
building_dimensions_v1.tsv	member_section	Heckington Church (south porch)	Central Plate scantling	4 in x 2.5 in	in	0.102	Brandon 1849	VERIFIED	Rafters at 1 ft 2 in centres — no trusses at all. A cornice plate projecting from the wall receives struts and wall-beams by tenon and is called 'of considerable importance in keeping all the trusses in their proper positions' = the longitudinal alignment member. Boarded longitudinally, covered with lead.
building_dimensions_v1.tsv	roof_span	Starston Church	roof span	21 10	ft in	6.655	Brandon 1849	VERIFIED	No truss spacing printed for this roof.
building_dimensions_v1.tsv	member_section	Starston Church	Principal Rafters scantling	10 in x 9 in	in	0.254	Brandon 1849	VERIFIED	No truss spacing printed for this roof.
building_dimensions_v1.tsv	roof_span	Starston Church	roof span	21 10	ft in	6.655	Brandon 1849	VERIFIED	No truss spacing printed for this roof.
building_dimensions_v1.tsv	member_section	Starston Church	Common Rafters scantling	6 in x 4 in	in	0.152	Brandon 1849	VERIFIED	No truss spacing printed for this roof.
building_dimensions_v1.tsv	roof_span	Starston Church	roof span	21 10	ft in	6.655	Brandon 1849	VERIFIED	No truss spacing printed for this roof.
building_dimensions_v1.tsv	member_section	Starston Church	Wall-piece scantling	10 in x 7.5 in	in	0.254	Brandon 1849	VERIFIED	No truss spacing printed for this roof.
building_dimensions_v1.tsv	roof_span	Starston Church	roof span	21 10	ft in	6.655	Brandon 1849	VERIFIED	No truss spacing printed for this roof.
building_dimensions_v1.tsv	member_section	Starston Church	Purlin scantling	6.5 in x 5.5 in	in	0.165	Brandon 1849	VERIFIED	No truss spacing printed for this roof.
building_dimensions_v1.tsv	roof_span	Starston Church	roof span	21 10	ft in	6.655	Brandon 1849	VERIFIED	No truss spacing printed for this roof.
building_dimensions_v1.tsv	member_section	Starston Church	Cornice scantling	11 in x 10 in	in	0.279	Brandon 1849	VERIFIED	No truss spacing printed for this roof.
building_dimensions_v1.tsv	roof_span	Bacton Church	roof span	19 4	ft in	5.893	Brandon 1849	VERIFIED	Spacing 6 ft 4.5 in sits inside the hammer-beam band, confirming the cycle-6 rule. Cites Brandon's 'Parish Churches'. Cornice depth printed in the ft/in columns as 3 0.
building_dimensions_v1.tsv	bay_spacing	Bacton Church	truss spacing	6 4.5	ft in	1.943	Brandon 1849	VERIFIED	Spacing 6 ft 4.5 in sits inside the hammer-beam band, confirming the cycle-6 rule. Cites Brandon's 'Parish Churches'. Cornice depth printed in the ft/in columns as 3 0.
building_dimensions_v1.tsv	member_section	Bacton Church	Hammer-beams scantling	10.5 in x 9 in	in	0.267	Brandon 1849	VERIFIED	Spacing 6 ft 4.5 in sits inside the hammer-beam band, confirming the cycle-6 rule. Cites Brandon's 'Parish Churches'. Cornice depth printed in the ft/in columns as 3 0.
building_dimensions_v1.tsv	roof_span	Bacton Church	roof span	19 4	ft in	5.893	Brandon 1849	VERIFIED	Spacing 6 ft 4.5 in sits inside the hammer-beam band, confirming the cycle-6 rule. Cites Brandon's 'Parish Churches'. Cornice depth printed in the ft/in columns as 3 0.
building_dimensions_v1.tsv	bay_spacing	Bacton Church	truss spacing	6 4.5	ft in	1.943	Brandon 1849	VERIFIED	Spacing 6 ft 4.5 in sits inside the hammer-beam band, confirming the cycle-6 rule. Cites Brandon's 'Parish Churches'. Cornice depth printed in the ft/in columns as 3 0.
building_dimensions_v1.tsv	member_section	Bacton Church	Principal Rafters scantling	9.5 in x 9 in	in	0.241	Brandon 1849	VERIFIED	Spacing 6 ft 4.5 in sits inside the hammer-beam band, confirming the cycle-6 rule. Cites Brandon's 'Parish Churches'. Cornice depth printed in the ft/in columns as 3 0.
building_dimensions_v1.tsv	roof_span	Bacton Church	roof span	19 4	ft in	5.893	Brandon 1849	VERIFIED	Spacing 6 ft 4.5 in sits inside the hammer-beam band, confirming the cycle-6 rule. Cites Brandon's 'Parish Churches'. Cornice depth printed in the ft/in columns as 3 0.
building_dimensions_v1.tsv	bay_spacing	Bacton Church	truss spacing	6 4.5	ft in	1.943	Brandon 1849	VERIFIED	Spacing 6 ft 4.5 in sits inside the hammer-beam band, confirming the cycle-6 rule. Cites Brandon's 'Parish Churches'. Cornice depth printed in the ft/in columns as 3 0.
building_dimensions_v1.tsv	member_section	Bacton Church	Common Rafters scantling	6 in x 3 in	in	0.152	Brandon 1849	VERIFIED	Spacing 6 ft 4.5 in sits inside the hammer-beam band, confirming the cycle-6 rule. Cites Brandon's 'Parish Churches'. Cornice depth printed in the ft/in columns as 3 0.
building_dimensions_v1.tsv	roof_span	Bacton Church	roof span	19 4	ft in	5.893	Brandon 1849	VERIFIED	Spacing 6 ft 4.5 in sits inside the hammer-beam band, confirming the cycle-6 rule. Cites Brandon's 'Parish Churches'. Cornice depth printed in the ft/in columns as 3 0.
building_dimensions_v1.tsv	bay_spacing	Bacton Church	truss spacing	6 4.5	ft in	1.943	Brandon 1849	VERIFIED	Spacing 6 ft 4.5 in sits inside the hammer-beam band, confirming the cycle-6 rule. Cites Brandon's 'Parish Churches'. Cornice depth printed in the ft/in columns as 3 0.
building_dimensions_v1.tsv	member_section	Bacton Church	Purlin scantling	8.5 in x 6.5 in	in	0.216	Brandon 1849	VERIFIED	Spacing 6 ft 4.5 in sits inside the hammer-beam band, confirming the cycle-6 rule. Cites Brandon's 'Parish Churches'. Cornice depth printed in the ft/in columns as 3 0.
building_dimensions_v1.tsv	roof_span	Bacton Church	roof span	19 4	ft in	5.893	Brandon 1849	VERIFIED	Spacing 6 ft 4.5 in sits inside the hammer-beam band, confirming the cycle-6 rule. Cites Brandon's 'Parish Churches'. Cornice depth printed in the ft/in columns as 3 0.
building_dimensions_v1.tsv	bay_spacing	Bacton Church	truss spacing	6 4.5	ft in	1.943	Brandon 1849	VERIFIED	Spacing 6 ft 4.5 in sits inside the hammer-beam band, confirming the cycle-6 rule. Cites Brandon's 'Parish Churches'. Cornice depth printed in the ft/in columns as 3 0.
building_dimensions_v1.tsv	member_section	Bacton Church	Depth of Cornice scantling	3 ft 0 in x 	in	0.914	Brandon 1849	VERIFIED	Spacing 6 ft 4.5 in sits inside the hammer-beam band, confirming the cycle-6 rule. Cites Brandon's 'Parish Churches'. Cornice depth printed in the ft/in columns as 3 0.
building_dimensions_v1.tsv	roof_span	(north aisle roof, leaf 186)	roof span	11 0.5	ft in	3.366	Brandon 1849	VERIFIED	KEY CASE: narrowest span in the set (11 ft) but the WIDEST truss spacing (14 ft) — so spacing does NOT scale with span. Stout principals (11x10.5) and the deepest common rafters in the set (8x4) span the wide bay. Cites Brandon's own 'Analysis of Gothick Architecture', Section I Decorated, plate 33.
building_dimensions_v1.tsv	bay_spacing	(north aisle roof, leaf 186)	truss spacing	14 0	ft in	4.267	Brandon 1849	VERIFIED	KEY CASE: narrowest span in the set (11 ft) but the WIDEST truss spacing (14 ft) — so spacing does NOT scale with span. Stout principals (11x10.5) and the deepest common rafters in the set (8x4) span the wide bay. Cites Brandon's own 'Analysis of Gothick Architecture', Section I Decorated, plate 33.
building_dimensions_v1.tsv	member_section	(north aisle roof, leaf 186)	Principal Rafters scantling	11 in x 10.5 in	in	0.279	Brandon 1849	VERIFIED	KEY CASE: narrowest span in the set (11 ft) but the WIDEST truss spacing (14 ft) — so spacing does NOT scale with span. Stout principals (11x10.5) and the deepest common rafters in the set (8x4) span the wide bay. Cites Brandon's own 'Analysis of Gothick Architecture', Section I Decorated, plate 33.
building_dimensions_v1.tsv	roof_span	(north aisle roof, leaf 186)	roof span	11 0.5	ft in	3.366	Brandon 1849	VERIFIED	KEY CASE: narrowest span in the set (11 ft) but the WIDEST truss spacing (14 ft) — so spacing does NOT scale with span. Stout principals (11x10.5) and the deepest common rafters in the set (8x4) span the wide bay. Cites Brandon's own 'Analysis of Gothick Architecture', Section I Decorated, plate 33.
building_dimensions_v1.tsv	bay_spacing	(north aisle roof, leaf 186)	truss spacing	14 0	ft in	4.267	Brandon 1849	VERIFIED	KEY CASE: narrowest span in the set (11 ft) but the WIDEST truss spacing (14 ft) — so spacing does NOT scale with span. Stout principals (11x10.5) and the deepest common rafters in the set (8x4) span the wide bay. Cites Brandon's own 'Analysis of Gothick Architecture', Section I Decorated, plate 33.
building_dimensions_v1.tsv	member_section	(north aisle roof, leaf 186)	Common Rafters scantling	8 in x 4 in	in	0.203	Brandon 1849	VERIFIED	KEY CASE: narrowest span in the set (11 ft) but the WIDEST truss spacing (14 ft) — so spacing does NOT scale with span. Stout principals (11x10.5) and the deepest common rafters in the set (8x4) span the wide bay. Cites Brandon's own 'Analysis of Gothick Architecture', Section I Decorated, plate 33.
building_dimensions_v1.tsv	roof_span	(north aisle roof, leaf 186)	roof span	11 0.5	ft in	3.366	Brandon 1849	VERIFIED	KEY CASE: narrowest span in the set (11 ft) but the WIDEST truss spacing (14 ft) — so spacing does NOT scale with span. Stout principals (11x10.5) and the deepest common rafters in the set (8x4) span the wide bay. Cites Brandon's own 'Analysis of Gothick Architecture', Section I Decorated, plate 33.
building_dimensions_v1.tsv	bay_spacing	(north aisle roof, leaf 186)	truss spacing	14 0	ft in	4.267	Brandon 1849	VERIFIED	KEY CASE: narrowest span in the set (11 ft) but the WIDEST truss spacing (14 ft) — so spacing does NOT scale with span. Stout principals (11x10.5) and the deepest common rafters in the set (8x4) span the wide bay. Cites Brandon's own 'Analysis of Gothick Architecture', Section I Decorated, plate 33.
building_dimensions_v1.tsv	member_section	(north aisle roof, leaf 186)	Curved Braces scantling	7.5 in x 6.75 in	in	0.191	Brandon 1849	VERIFIED	KEY CASE: narrowest span in the set (11 ft) but the WIDEST truss spacing (14 ft) — so spacing does NOT scale with span. Stout principals (11x10.5) and the deepest common rafters in the set (8x4) span the wide bay. Cites Brandon's own 'Analysis of Gothick Architecture', Section I Decorated, plate 33.
building_dimensions_v1.tsv	roof_span	(north aisle roof, leaf 186)	roof span	11 0.5	ft in	3.366	Brandon 1849	VERIFIED	KEY CASE: narrowest span in the set (11 ft) but the WIDEST truss spacing (14 ft) — so spacing does NOT scale with span. Stout principals (11x10.5) and the deepest common rafters in the set (8x4) span the wide bay. Cites Brandon's own 'Analysis of Gothick Architecture', Section I Decorated, plate 33.
building_dimensions_v1.tsv	bay_spacing	(north aisle roof, leaf 186)	truss spacing	14 0	ft in	4.267	Brandon 1849	VERIFIED	KEY CASE: narrowest span in the set (11 ft) but the WIDEST truss spacing (14 ft) — so spacing does NOT scale with span. Stout principals (11x10.5) and the deepest common rafters in the set (8x4) span the wide bay. Cites Brandon's own 'Analysis of Gothick Architecture', Section I Decorated, plate 33.
building_dimensions_v1.tsv	member_section	(north aisle roof, leaf 186)	Purlin scantling	11 in x 10 in	in	0.279	Brandon 1849	VERIFIED	KEY CASE: narrowest span in the set (11 ft) but the WIDEST truss spacing (14 ft) — so spacing does NOT scale with span. Stout principals (11x10.5) and the deepest common rafters in the set (8x4) span the wide bay. Cites Brandon's own 'Analysis of Gothick Architecture', Section I Decorated, plate 33.
building_dimensions_v1.tsv	roof_span	Bramford Church (south aisle)	roof span	11 5	ft in	3.480	Brandon 1849	VERIFIED	Second aisle case: narrow span, very wide truss spacing. Description notes carved figures of angels 'the heads of which have been sawn off' — iconoclast damage, useful for a weathering/defacement pass.
building_dimensions_v1.tsv	bay_spacing	Bramford Church (south aisle)	truss spacing	13 9	ft in	4.191	Brandon 1849	VERIFIED	Second aisle case: narrow span, very wide truss spacing. Description notes carved figures of angels 'the heads of which have been sawn off' — iconoclast damage, useful for a weathering/defacement pass.
building_dimensions_v1.tsv	member_section	Bramford Church (south aisle)	Principal Rafters scantling	11.5 in x 10 in	in	0.292	Brandon 1849	VERIFIED	Second aisle case: narrow span, very wide truss spacing. Description notes carved figures of angels 'the heads of which have been sawn off' — iconoclast damage, useful for a weathering/defacement pass.
building_dimensions_v1.tsv	roof_span	Bramford Church (south aisle)	roof span	11 5	ft in	3.480	Brandon 1849	VERIFIED	Second aisle case: narrow span, very wide truss spacing. Description notes carved figures of angels 'the heads of which have been sawn off' — iconoclast damage, useful for a weathering/defacement pass.
building_dimensions_v1.tsv	bay_spacing	Bramford Church (south aisle)	truss spacing	13 9	ft in	4.191	Brandon 1849	VERIFIED	Second aisle case: narrow span, very wide truss spacing. Description notes carved figures of angels 'the heads of which have been sawn off' — iconoclast damage, useful for a weathering/defacement pass.
building_dimensions_v1.tsv	member_section	Bramford Church (south aisle)	Common Rafters scantling	7 in x 3 in	in	0.178	Brandon 1849	VERIFIED	Second aisle case: narrow span, very wide truss spacing. Description notes carved figures of angels 'the heads of which have been sawn off' — iconoclast damage, useful for a weathering/defacement pass.
building_dimensions_v1.tsv	roof_span	Bramford Church (south aisle)	roof span	11 5	ft in	3.480	Brandon 1849	VERIFIED	Second aisle case: narrow span, very wide truss spacing. Description notes carved figures of angels 'the heads of which have been sawn off' — iconoclast damage, useful for a weathering/defacement pass.
building_dimensions_v1.tsv	bay_spacing	Bramford Church (south aisle)	truss spacing	13 9	ft in	4.191	Brandon 1849	VERIFIED	Second aisle case: narrow span, very wide truss spacing. Description notes carved figures of angels 'the heads of which have been sawn off' — iconoclast damage, useful for a weathering/defacement pass.
building_dimensions_v1.tsv	member_section	Bramford Church (south aisle)	Wall-piece scantling	11.5 in x 8.5 in	in	0.292	Brandon 1849	VERIFIED	Second aisle case: narrow span, very wide truss spacing. Description notes carved figures of angels 'the heads of which have been sawn off' — iconoclast damage, useful for a weathering/defacement pass.
building_dimensions_v1.tsv	roof_span	Bramford Church (south aisle)	roof span	11 5	ft in	3.480	Brandon 1849	VERIFIED	Second aisle case: narrow span, very wide truss spacing. Description notes carved figures of angels 'the heads of which have been sawn off' — iconoclast damage, useful for a weathering/defacement pass.
building_dimensions_v1.tsv	bay_spacing	Bramford Church (south aisle)	truss spacing	13 9	ft in	4.191	Brandon 1849	VERIFIED	Second aisle case: narrow span, very wide truss spacing. Description notes carved figures of angels 'the heads of which have been sawn off' — iconoclast damage, useful for a weathering/defacement pass.
building_dimensions_v1.tsv	member_section	Bramford Church (south aisle)	Purlin scantling	11.5 in x 7 in	in	0.292	Brandon 1849	VERIFIED	Second aisle case: narrow span, very wide truss spacing. Description notes carved figures of angels 'the heads of which have been sawn off' — iconoclast damage, useful for a weathering/defacement pass.
building_dimensions_v1.tsv	roof_span	(south aisle roof, leaf 182)	roof span	11 10.5	ft in	3.620	Brandon 1849	VERIFIED	Third aisle case. Same page notes the chancel is nearly 20 ft wide. Spacing row printed 'centre to centre of principal Truss'.
building_dimensions_v1.tsv	bay_spacing	(south aisle roof, leaf 182)	truss spacing	9 7	ft in	2.921	Brandon 1849	VERIFIED	Third aisle case. Same page notes the chancel is nearly 20 ft wide. Spacing row printed 'centre to centre of principal Truss'.
building_dimensions_v1.tsv	member_section	(south aisle roof, leaf 182)	Principal Rafters scantling	12 in x 10.5 in	in	0.305	Brandon 1849	VERIFIED	Third aisle case. Same page notes the chancel is nearly 20 ft wide. Spacing row printed 'centre to centre of principal Truss'.
building_dimensions_v1.tsv	roof_span	(south aisle roof, leaf 182)	roof span	11 10.5	ft in	3.620	Brandon 1849	VERIFIED	Third aisle case. Same page notes the chancel is nearly 20 ft wide. Spacing row printed 'centre to centre of principal Truss'.
building_dimensions_v1.tsv	bay_spacing	(south aisle roof, leaf 182)	truss spacing	9 7	ft in	2.921	Brandon 1849	VERIFIED	Third aisle case. Same page notes the chancel is nearly 20 ft wide. Spacing row printed 'centre to centre of principal Truss'.
building_dimensions_v1.tsv	member_section	(south aisle roof, leaf 182)	Common Rafters scantling	6 in x 4.5 in	in	0.152	Brandon 1849	VERIFIED	Third aisle case. Same page notes the chancel is nearly 20 ft wide. Spacing row printed 'centre to centre of principal Truss'.
building_dimensions_v1.tsv	roof_span	(south aisle roof, leaf 182)	roof span	11 10.5	ft in	3.620	Brandon 1849	VERIFIED	Third aisle case. Same page notes the chancel is nearly 20 ft wide. Spacing row printed 'centre to centre of principal Truss'.
building_dimensions_v1.tsv	bay_spacing	(south aisle roof, leaf 182)	truss spacing	9 7	ft in	2.921	Brandon 1849	VERIFIED	Third aisle case. Same page notes the chancel is nearly 20 ft wide. Spacing row printed 'centre to centre of principal Truss'.
building_dimensions_v1.tsv	member_section	(south aisle roof, leaf 182)	Purlin scantling	8 in x 6 in	in	0.203	Brandon 1849	VERIFIED	Third aisle case. Same page notes the chancel is nearly 20 ft wide. Spacing row printed 'centre to centre of principal Truss'.
building_dimensions_v1.tsv	roof_span	(south aisle roof, leaf 182)	roof span	11 10.5	ft in	3.620	Brandon 1849	VERIFIED	Third aisle case. Same page notes the chancel is nearly 20 ft wide. Spacing row printed 'centre to centre of principal Truss'.
building_dimensions_v1.tsv	bay_spacing	(south aisle roof, leaf 182)	truss spacing	9 7	ft in	2.921	Brandon 1849	VERIFIED	Third aisle case. Same page notes the chancel is nearly 20 ft wide. Spacing row printed 'centre to centre of principal Truss'.
building_dimensions_v1.tsv	member_section	(south aisle roof, leaf 182)	Wall-piece scantling	7.5 in x 5.5 in	in	0.191	Brandon 1849	VERIFIED	Third aisle case. Same page notes the chancel is nearly 20 ft wide. Spacing row printed 'centre to centre of principal Truss'.
fantasy_building_dimensions_v1.tsv	diameter	round flanking tower (Carcassonne, inner enceinte, south front)	tower external diameter, measured above the talus	6.00	m	6.000	"Viollet-le-Duc, Dictionnaire raisonné, ""Meurtrière"", fig. 3"	measured	Au-dessus de l’empattement ou talus, cette tour ayant 6 m ,00 de diamètre et ses murs 1 m , 20, à 2 m ,20 environ de la circonférence AB , on a tracé l’arc de cercle CD
fantasy_building_dimensions_v1.tsv	wall_thickness	round flanking tower (Carcassonne, inner enceinte, south front)	wall thickness, at the three loop-pierced storeys above the talus	1.20	m	1.200	"Viollet-le-Duc, Dictionnaire raisonné, ""Meurtrière"", fig. 3"	measured	Au-dessus de l’empattement ou talus, cette tour ayant 6 m ,00 de diamètre et ses murs 1 m , 20, à 2 m ,20 environ de la circonférence AB , on a tracé l’arc de cercle CD
fantasy_building_dimensions_v1.tsv	storey_height	round flanking tower (Carcassonne, inner enceinte, south front)	storey count: three floors plus the crenellated stage	3 storeys + 1 crenellated stage	count		"Viollet-le-Duc, Dictionnaire raisonné, ""Meurtrière"", fig. 3"	measured	Voici ( 3 ) le tracé d’une tour à trois étages, plus l’étage crénelé, comme la plupart de celles qui flanquent l’enceinte intérieure de la cité de Carcassonne , du côté méridional.
fantasy_building_dimensions_v1.tsv	ratio_or_rule	round flanking tower — arrow-loop setting-out	radius offset of the setting-out arc CD inside the tower circumference (step 1 of the loop-layout rule)	2.20	m	2.200	"Viollet-le-Duc, Dictionnaire raisonné, ""Meurtrière"", fig. 3"	author-rule	à 2 m ,20 environ de la circonférence AB , on a tracé l’arc de cercle CD ; divisant cet arc de cercle en 16 parties égales, oe , ef , fg , gh , etc.
fantasy_building_dimensions_v1.tsv	ratio_or_rule	round flanking tower — arrow-loop setting-out	divisions: setting-out arc CD into 16 equal parts, tower outer circumference into 8 equal parts (steps 2-3 of the loop-layout rule)	16 / 8	count		"Viollet-le-Duc, Dictionnaire raisonné, ""Meurtrière"", fig. 3"	author-rule	divisant cet arc de cercle en 16 parties égales, oe , ef , fg , gh , etc. ; prenant sur le parement de la tour les points p à 0 m ,30 du parement de la courtine, on a divisé la circonférence externe de cette tour en 8 parties égales.
fantasy_building_dimensions_v1.tsv	ratio_or_rule	round flanking tower — arrow-loop setting-out	offset of sight-line origin points p from the curtain face (step 4 of the loop-layout rule)	0.30	m	0.300	"Viollet-le-Duc, Dictionnaire raisonné, ""Meurtrière"", fig. 3"	author-rule	prenant sur le parement de la tour les points p à 0 m ,30 du parement de la courtine, on a divisé la circonférence externe de cette tour en 8 parties égales.
fantasy_building_dimensions_v1.tsv	storey_height	round flanking tower — arrow-loop setting-out	loop distribution across storeys: ground floor a, first floor b, third floor c; each curtain flanked by three loops, two stacked plus one set forward	3 loops per curtain flank, doubled in height	count		"Viollet-le-Duc, Dictionnaire raisonné, ""Meurtrière"", fig. 3"	author-rule	Ces lignes ont donné les ouvertures des meurtrières percées dans les trois étages ; les meurtrières a appartenant au rez-de-chaussée, celles b au premier étage et celles c au troisième ; les meurtrières flanquant les courtines étant ainsi doublées dans la hauteur.
fantasy_building_dimensions_v1.tsv	storey_height	round flanking tower — arrow loop	loops staggered storey to storey (solid over void), never stacked vertically	staggered, pleins sur vides	rule		"Viollet-le-Duc, Dictionnaire raisonné, ""Meurtrière"""	measured	Ces meurtrières, percées dans les tours, se chevauchent, c’est-à-dire qu’elles ne sont pas placées les unes au-dessus des autres, mais pleins sur vides, afin de découvrir tous les points de la circonférence.
fantasy_building_dimensions_v1.tsv	wall_thickness	tower / curtain arrow loop (Carcassonne château, early XIIc)	residual wall thickness at the loop, after the interior barrel-vaulted niche is cut	0.70	m	0.700	"Viollet-le-Duc, Dictionnaire raisonné, ""Meurtrière"", fig. 1"	measured	Le mur, réduit à une épaisseur de 0 m ,70 par la construction de la niche, est percé d’une ouverture évasée à l’intérieur et très-étroite à l’extérieur, afin de découvrir le dehors suivant un angle de 35º.
fantasy_building_dimensions_v1.tsv		tower / curtain arrow loop (Carcassonne château, early XIIc)	horizontal field of fire of the splayed loop	35	deg		"Viollet-le-Duc, Dictionnaire raisonné, ""Meurtrière"", fig. 1"	measured	Le mur, réduit à une épaisseur de 0 m ,70 par la construction de la niche, est percé d’une ouverture évasée à l’intérieur et très-étroite à l’extérieur, afin de découvrir le dehors suivant un angle de 35º.
fantasy_building_dimensions_v1.tsv	width	tower / curtain arrow loop (Carcassonne château, early XIIc)	clear width of the external slit (rainure)	0.06	m	0.060	"Viollet-le-Duc, Dictionnaire raisonné, ""Meurtrière"", fig. 1 detail C"	measured	Afin de donner plus de champ à l’angle du tir, la partie inférieure de la rainure, qui n’a que 0 m , 06 d’ouverture, est taillée ainsi que l’indique le détail C
fantasy_building_dimensions_v1.tsv	bay_spacing	tower / curtain arrow loop	setting-out of the lower widening (entaille): sight points a,b struck 0.03 m apart, lines aD and bC drawn from them	0.03	m	0.030	"Viollet-le-Duc, Dictionnaire raisonné, ""Meurtrière"" (formula footnoted ""Des remparts d’Avignon"")"	author-rule	AB étant l’ouverture intérieure de la meurtrière ; CD l’ouverture que l’on a voulu donner à l’entaille, prenant les points a b à une distance de 0 m , 03 ; de ces points ab on a tiré les deux lignes a D , b C .
fantasy_building_dimensions_v1.tsv		tower / curtain arrow loop	loop foot form by date: triangular widening to mid-XIIIc, square thereafter; cross-pattée slot from mid-XIVc	triangular -> square (mid XIIIc)	rule		"Viollet-le-Duc, Dictionnaire raisonné, ""Meurtrière"""	measured	Ces entailles sont primitivement triangulaires ; vers le milieu du XIII e siècle, elles deviennent carrées, ainsi que nous le verrons tout à l’heure.
fantasy_building_dimensions_v1.tsv	width	tower-flanked bastion, underground counter-mine gallery (Coucy, porte de Laon, late XVc)	clear width of the semicircular barrel-vaulted loopholed gallery	1.20	m	1.200	"Viollet-le-Duc, Dictionnaire raisonné, ""Meurtrière"", fig. 11"	measured	Ce bastion, dont l’ensemble est donné en A ( 11 ), possède à sa base, à 1 m ,00 environ au-dessus du fond du fossé, une galerie voûtée en berceau plein-cintre de 1 m ,20 de largeur.
fantasy_building_dimensions_v1.tsv		tower-flanked bastion, underground counter-mine gallery (Coucy, porte de Laon, late XVc)	gallery floor level above the ditch bottom	1.00	m	1.000	"Viollet-le-Duc, Dictionnaire raisonné, ""Meurtrière"", fig. 11"	measured	Ce bastion, dont l’ensemble est donné en A ( 11 ), possède à sa base, à 1 m ,00 environ au-dessus du fond du fossé, une galerie voûtée en berceau plein-cintre de 1 m ,20 de largeur.
fantasy_building_dimensions_v1.tsv	wall_thickness	tower and curtain wall-head (general)	merlon thickness	0.38 to 0.58	m	0.480	"Viollet-le-Duc, Dictionnaire raisonné, ""Chemin de ronde"""	measured	Les merlons étant posés sur le parement extérieur des murailles, et ayant une épaisseur qui variait de 0,38 c. à 0,58 c. (14 à 21 pouces), il restait en dedans du rempart un couronnement de maçonnerie que l’on recouvrait de dalles et qui formait le chemin de ronde.
fantasy_building_dimensions_v1.tsv	wall_thickness	tower and curtain wall-head (general)	merlon plan position: set flush on the outer face of the wall, so the wall-walk is the residue of the wall thickness	0 (flush with outer face)	m	0.000	"Viollet-le-Duc, Dictionnaire raisonné, ""Chemin de ronde"""	measured	Les merlons étant posés sur le parement extérieur des murailles, et ayant une épaisseur qui variait de 0,38 c. à 0,58 c. (14 à 21 pouces), il restait en dedans du rempart un couronnement de maçonnerie que l’on recouvrait de dalles et qui formait le chemin de ronde.
fantasy_building_dimensions_v1.tsv	width	wall-walk (chemin de ronde) on tower and curtain	minimum clear width rule: two men abreast, obtained by corbelling the paving inward when the wall is thin	2 men abreast (minimum)	count		"Viollet-le-Duc, Dictionnaire raisonné, ""Chemin de ronde"""	author-rule	Lorsque le mur n’avait qu’une épaisseur médiocre, le dallage du chemin de ronde débordait à l’intérieur, afin de suppléer à la maçonnerie et de permettre à deux hommes, au moins, de passer de front.
fantasy_building_dimensions_v1.tsv		wall-walk (chemin de ronde) on tower and curtain	vertical access topology: Carolingian = frequent flights straight from the terreplein; from XIIc = only through the towers and their stairs	tower stairs only, from XIIc	rule		"Viollet-le-Duc, Dictionnaire raisonné, ""Chemin de ronde"""	measured	Pendant la période carlovingienne, les chemins de ronde des remparts étaient mis en communication directe avec le terre-plain intérieur au moyen d’emmarchements assez rapprochés. Plus tard, à partir du XII e siècle, on ne pouvait généralement circuler sur les chemins de ronde qu’en passant par les tours et les escaliers qui desservaient leurs étages.
fantasy_building_dimensions_v1.tsv	height	tower and curtain wall-head (Carcassonne château, c.1100)	merlon height above the wall-walk	1.60 to 1.80	m	1.700	"Viollet-le-Duc, Dictionnaire raisonné, ""Hourd"""	measured	Les merlons des tours et courtines du château de Carcassonne (1100 environ) sont hauts (1 m ,60 à 1 m ,80) ; les trous de hourds sont espacés régulièrement, autant que le permet la courbe des tours ou les dispositions intérieures
fantasy_building_dimensions_v1.tsv	putlog_hole	tower and curtain wall-head (Carcassonne château, c.1100)	putlog arrangement, XI-XIIc double-hole system: four holes pierced right through under each merlon jamb — two just below the crenel sill, two at wall-walk level	4 holes per merlon jamb	count		"Viollet-le-Duc, Dictionnaire raisonné, ""Hourd"", fig. 1"	measured	sous leurs pieds-droits sont percés, tout à travers, quatre trous : deux un peu au-dessous de l’appui des créneaux, deux au niveau du chemin de ronde.
fantasy_building_dimensions_v1.tsv	putlog_hole	tower and curtain wall-head, hoarding (XIIIc single-row system)	putlog socket, square, pierced at wall-walk level	0.30 x 0.30	m	0.300	"Viollet-le-Duc, Dictionnaire raisonné, ""Hourd"""	measured	On renonça aux trous doubles, on se contenta d’un seul rang de larges trous carrés (0,30 c. × 0,30 c. environ) percés au niveau des chemins de ronde
fantasy_building_dimensions_v1.tsv	member_section	tower and curtain wall-head, hoarding (XIIIc single-row system)	oak cantilever joist, square section (équarrissage)	0.30	m	0.300	"Viollet-le-Duc, Dictionnaire raisonné, ""Hourd"""	measured	et, en effet, une pièce de bois de chêne de 0,30 c. d’équarrissage, fût-elle de trois mètres en bascule, peut porter un poids énorme.
fantasy_building_dimensions_v1.tsv	length	tower and curtain wall-head, hoarding (XIIIc single-row system)	cantilever length a 0.30 m oak joist will carry (stated capacity, not a measured build)	3.00	m	3.000	"Viollet-le-Duc, Dictionnaire raisonné, ""Hourd"""	author-rule	et, en effet, une pièce de bois de chêne de 0,30 c. d’équarrissage, fût-elle de trois mètres en bascule, peut porter un poids énorme.
fantasy_building_dimensions_v1.tsv	projection	tower and curtain wall-head, hoarding (XIIIc single-row system)	hoarding projection beyond the wall face (upper bound, one toise)	1.95 (rarely more)	m	1.950	"Viollet-le-Duc, Dictionnaire raisonné, ""Hourd"""	author-rule	Or les hourds avaient rarement plus de 1 m ,95 c. de saillie (une toise).
fantasy_building_dimensions_v1.tsv	putlog_hole	curtain wall-head, double hoarding (Carcassonne, porte Narbonnaise, Philippe le Hardi)	putlog socket, square, at the base of the battered merlons	0.30	m	0.300	"Viollet-le-Duc, Dictionnaire raisonné, ""Hourd"", fig. 4"	measured	Leur base est traversée au niveau du chemin de ronde, par des trous de hourds de 0,30 c. de côté, régulièrement espacés.
fantasy_building_dimensions_v1.tsv	bay_spacing	curtain wall-head, double hoarding (Carcassonne, porte Narbonnaise, Philippe le Hardi)	cantilever joist spacing along the wall (five pieds ≈ 1.62 m)	5 pieds (approx. 1.62 m)	ft	1.620	"Viollet-le-Duc, Dictionnaire raisonné, ""Hourd"", fig. 4"	measured	Les hourds doubles étaient donc disposés ainsi : de cinq pieds en cinq pieds passaient par les trous de hourds les fortes solives C
fantasy_building_dimensions_v1.tsv	member_section	curtain wall-head, double hoarding (Carcassonne, porte Narbonnaise, Philippe le Hardi)	floor-to-floor of the two-deck hoarding: second row of moises set 1.80 m above the first	1.80	m	1.800	"Viollet-le-Duc, Dictionnaire raisonné, ""Hourd"", fig. 4"	documented-reconstruction	Un second rang de moises, posé en L , à 1 m ,80 du premier rang, formait l’enrayure des arbalétriers M du comble.
fantasy_building_dimensions_v1.tsv	member_detail	great donjon, hoarding on stone corbels (Coucy, Enguerrand III, 1220-1230)	number of stone hoarding corbels around the cylinder	48	count		"Viollet-le-Duc, Dictionnaire raisonné, ""Hourd"", fig. 6"	measured	ils ont établi, tout autour de l’énorme cylindre, quarante-huit consoles de pierre de 1 m ,07 de saillie sur 0,30 c. d’épaisseur, pour asseoir le hourdage
fantasy_building_dimensions_v1.tsv	projection	great donjon, hoarding on stone corbels (Coucy, Enguerrand III, 1220-1230)	stone hoarding corbel projection	1.07	m	1.070	"Viollet-le-Duc, Dictionnaire raisonné, ""Hourd"", fig. 6"	measured	ils ont établi, tout autour de l’énorme cylindre, quarante-huit consoles de pierre de 1 m ,07 de saillie sur 0,30 c. d’épaisseur, pour asseoir le hourdage
fantasy_building_dimensions_v1.tsv	thickness	great donjon, hoarding on stone corbels (Coucy, Enguerrand III, 1220-1230)	stone hoarding corbel thickness (width)	0.30	m	0.300	"Viollet-le-Duc, Dictionnaire raisonné, ""Hourd"", fig. 6"	measured	ils ont établi, tout autour de l’énorme cylindre, quarante-huit consoles de pierre de 1 m ,07 de saillie sur 0,30 c. d’épaisseur, pour asseoir le hourdage
fantasy_building_dimensions_v1.tsv	member_detail	great donjon, hoarding on stone corbels (Coucy)	each corbel built up of two courses	2 courses per corbel	count		"Viollet-le-Duc, Dictionnaire raisonné, ""Hourd"", fig. 6"	measured	En B , on voit l’une des consoles formées de deux assises chacune.
fantasy_building_dimensions_v1.tsv	height	great donjon (Coucy)	height of the hoarding foot above the counterscarp of the ditch	40	m	40.000	"Viollet-le-Duc, Dictionnaire raisonné, ""Hourd"""	measured	Le pied des hourds de ce donjon célèbre, le plus grand de tous ceux que possède l’Europe, est à 40 mètres au-dessus de la contrescarpe du fossé.
fantasy_building_dimensions_v1.tsv	height	great donjon (Coucy)	height of the hoarding corbel course above the ditch bottom	46	m	46.000	"Viollet-le-Duc, Dictionnaire raisonné, ""Hourd"", fig. 7"	measured	Nous avons tenu à nous rendre compte de la manière de poser ces hourds, à une hauteur de 46 mètres au-dessus du fond du fossé, sur des consoles isolées en contre-bas des crénelages.
fantasy_building_dimensions_v1.tsv	width	great donjon roof platform (Coucy)	platform layout: wide circular wall-walk ringing a twelve-panel lead-covered flat pavilion vault with a central eye	12 panels + central oculus	count		"Viollet-le-Duc, Dictionnaire raisonné, ""Hourd"" (referring to ""Donjon"", figs. 38-39)"	measured	Cette plate-forme se compose d’un large chemin de ronde circulaire, pourtournant une voûte à douze pans revêtue de plomb et formant un pavillon plat, au centre duquel est percé un œil.
fantasy_building_dimensions_v1.tsv	bay_spacing	round tower wall-head, hoarding	plan rule: hoarding of a round tower is polygonal, because putlog holes, crenels and loops are always pierced at equal spacing round the circumference	polygonal, equal spacing	rule		"Viollet-le-Duc, Dictionnaire raisonné, ""Hourd"", fig. 5"	measured	Le hourdage d’une tour ronde se trouvait former un plan polygonal à plus ou moins de côtés, suivant que la circonférence de la tour était plus ou moins étendue, car les trous de hourds sont toujours, comme les créneaux et meurtrières, percés à distances égales.
fantasy_building_dimensions_v1.tsv	count	round tower wall-head, hoarding	talus rule governing machicolation position: the batter dies at the level of the counterscarp crest, so a machicolation at the tower face (B) is needed once the ditch is filled and one at the guard-planks (C) while it is not	talus top = counterscarp crest	rule		"Viollet-le-Duc, Dictionnaire raisonné, ""Hourd"", fig. 5"	measured	les bases des tours (comme celles des courtines) sont montées en talus, sauf de rares exceptions. Le talus finissait ordinairement au niveau de la crête de la contrescarpe du fossé.
fantasy_building_dimensions_v1.tsv	diameter	town-wall angle tower (Nuremberg, Dürer-era remodelling)	external diameter, measured 5 m above ground on a battered wall	20 (approx.), taken 5 m above ground	m	5.000	"Viollet-le-Duc, Dictionnaire raisonné, ""Tour"", fig. 36"	measured	Ces tours ont environ 20 mètres de diamètre à 5 mètres du sol, sont bâties en fruit par assises de grès dur, avec bossages en bas et près du sommet.
fantasy_building_dimensions_v1.tsv	thickness	town-wall angle tower (Nuremberg, Dürer-era remodelling)	ground-floor plan rule: vaulted chamber set eccentric so that the masonry stays very thick on the outer side; a square eye in the vault links ground floor to first floor	eccentric chamber, mass to the outside	rule		"Viollet-le-Duc, Dictionnaire raisonné, ""Tour"", fig. 36"	measured	Au rez-de-chaussée elles possèdent une chambre voûtée, mais tracée de manière à laisser à la maçonnerie une épaisseur considérable du côté extérieur
fantasy_building_dimensions_v1.tsv		square keep-tower as an isolated post (Lesparre)	area of the whole château outside the square tower	700	m2		"Viollet-le-Duc, Dictionnaire raisonné, ""Tour"""	measured	il faut citer la tour carrée du château de Lesparre , qui était un réduit couronné par une plate-forme sur voûte, un véritable poste, car la surface de ce château en dehors de la tour carrée n’est que de 700 mètres.
fantasy_building_dimensions_v1.tsv	height	turret-flanked gate front (Palais des Papes, Avignon)	height of the machicolation arcade above ground, carrying a crenellated wall-walk with a second crenellation behind	15	m	15.000	"Viollet-le-Duc, Dictionnaire raisonné, ""Tourelle"""	measured	Cette façade se compose d’une suite d’arcs percés de mâchicoulis à la hauteur de 15 mètres au-dessus du sol, et portant un chemin de ronde crénelé, en arrière duquel le mur de face s’élève jusqu’aux combles et porte un second crénelage
fantasy_building_dimensions_v1.tsv	projection	corbelled angle turret (tourelle)	counterweight rule for the cul-de-lampe: the quarter-plan nopq bearing on the stone angle must load at least as much as the three-quarters nst overhanging, leaving a void v closed by a scrap of boarding — the void mistaken for a deliberate hiding place	1/4 bearing >= 3/4 overhang	rule		"Viollet-le-Duc, Dictionnaire raisonné, ""Tourelle"", fig. 5"	author-rule	La naissance du cul-de-lampe était placée en n , et assez bas pour que la charge du quart du plan nopq , posant sur l’angle de pierre, fût équivalente au moins à la charge nst des trois quarts du cul-de-lampe en porte-à-faux. À cet effet, il était laissé en v un vide que l’on recouvrait avec un bout de plancher. C’est ce vide que l’on prend, dans les tourelles anciennes où il existe, pour des cach
fantasy_building_dimensions_v1.tsv		sentry turret (échauguette) on a donjon (Provins)	interior capacity of each of the four roofed turrets crowning the keep	1 man each	count		"Viollet-le-Duc, Dictionnaire raisonné, ""Échauguette"""	measured	Nous voyons quatre belles échauguettes couronnant le donjon de Provins (voy. Donjon , fig. 27 et suivantes) ; celles-ci étaient couvertes et ne pouvaient contenir chacune qu’un homme.
fantasy_building_dimensions_v1.tsv	member_detail	sentry turret (échauguette), general type	interior capacity of the closed guard-post type	2 to 3 soldiers	count		"Viollet-le-Duc, Dictionnaire raisonné, ""Échauguette"""	measured	Quelquefois l’échauguette est un petit poste clos capable de renfermer deux ou trois soldats, comme un corps de garde supérieur.
fantasy_building_dimensions_v1.tsv	count	sentry turret (échauguette) over a stair cage (Chambois donjon, Orne, XIIIc over a XIIc stair)	interior capacity and fittings: vaulted, a small window to the country, a fireplace, a shelf beside it, terrasson above formerly crenellated	4 men	count		"Viollet-le-Duc, Dictionnaire raisonné, ""Échauguette"", fig. 1"	measured	Voici ( 1 ) l’aspect intérieur de ce poste, qui peut contenir quatre hommes. Il est voûté et surmonté d’un terrasson autrefois crénelé. Une petite fenêtre donnant sur la campagne l’éclaire ; une cheminée permet de le chauffer
fantasy_building_dimensions_v1.tsv		sentry turret (échauguette) on a curtain (Villeneuve-lès-Avignon citadel)	interior capacity and plan: interrupts the wall-walk, two doors, one crenel with an outward view, a small fireplace	2 to 3 men at most	count		"Viollet-le-Duc, Dictionnaire raisonné, ""Échauguette"", figs. 12-13"	measured	En A est le chemin de ronde interrompu par l’échauguette et ses deux portes B ; un seul créneau C a vue sur l’extérieur ; en D est une petite cheminée. Deux ou trois hommes au plus pouvaient se tenir dans ce poste
fantasy_building_dimensions_v1.tsv	width	sentry turret (échauguette) on buttresses	width of the concealed second machicolation slot, cut in the wall spanning between the two buttresses	0.25 (approx.)	m	0.250	"Viollet-le-Duc, Dictionnaire raisonné, ""Échauguette"", fig. 9"	measured	au droit du mur faisant fond entre les contre-forts, est pratiqué un second mâchicoulis C , comme une rainure de 0,25 c. de largeur environ
fantasy_building_dimensions_v1.tsv	wall_thickness	great hall, priory refectory type (Dover Priory, Kent, 1139)	wall thickness	3 ft 6 in	ft-in	1.067	Turner, Some Account of Domestic Architecture in England vol 1 (IA someaccountofdom00turn) leaf n146	measured	It measures exter- nally 107 feet by 34 feet, and the walls are 3 feet 6 inches in thickness.
fantasy_building_dimensions_v1.tsv	internal_height	great hall, priory refectory type (Dover Priory, Kent)	room length x width (interior) and wall height to roof springing	100 x 27 ft interior; walls 26 ft high to springing	ft	30.480	Turner, Domestic Architecture in England vol 1 (IA someaccountofdom00turn) leaf n146	measured	The interior measures 100 feet by 27 feet, and the walls to the springing of the roof are 26 feet high, and are plastered. It has evidently never been divided by a floor, but has always been open from the floor to the roof as at present.
fantasy_building_dimensions_v1.tsv	sill_height_above_floor	great hall, priory refectory type (Dover Priory, Kent)	window sill height (blank dado zone above floor)	12 ft 6 in blank	ft-in	3.810	Turner, Domestic Architecture in England vol 1 (IA someaccountofdom00turn) leaf n146	measured	The lower part of the wall to the height of 12 feet 6 inches is entirely blank, and appears never to have had any opening through it, except the doorway at the south- west angle
fantasy_building_dimensions_v1.tsv	wall_thickness	vaulted undercroft chamber, urban hostelry (Priors of Lewes, Southwark)	wall thickness	3 ft 3 in	ft-in	0.991	Turner, Domestic Architecture in England vol 1 (IA someaccountofdom00turn) leaf n163	measured	The walls were 3 ft. 3 in. thick. The pillars and arches were of wrought stone, a mixture of fire-stone and Kentish rag ; the vault was entirely chalk, 9 in. thick
fantasy_building_dimensions_v1.tsv	length	vaulted undercroft chamber, urban hostelry (Priors of Lewes, Southwark)	room length x width x height	40 ft 3 in x 16 ft 6 in x 14 ft 3 in high	ft-in	12.268	Turner, Domestic Architecture in England vol 1 (IA someaccountofdom00turn) leaf n163	measured	The vaulted chamber formed a parallelogram of 40 ft. 3 in., by 16 ft. 6 in., and 14 ft. 3 in. high, the vaulted roof being supported by arches springing from six semi- circular pillars attached to the side walls ; these pillars were 5 ft. 10 in. high, including the capitals and base.
fantasy_building_dimensions_v1.tsv	wall_thickness	manor house, ashlar-faced (Norborough Hall, Northamptonshire)	wall thickness (external)	2 ft to 2 ft 6 in	ft-in	0.610	Turner/Parker, Domestic Architecture in England vol 2 (IA someaccountofdom00park_0) leaf n408	measured	The external walls are from 2 ft. to 2 ft. 6 in. thick, with well-finished ashlar facing.
fantasy_building_dimensions_v1.tsv	wall_thickness	tower-house / fortified manor (Dacre Castle, Cumberland)	wall thickness (basement storey)	more than 8 ft	ft	2.438	Turner/Parker, Domestic Architecture in England vol 2 (IA someaccountofdom00park_0) leaf n338	measured	it is barrel vaulted, and divided into two rooms lighted by small windows at the front and back, and having fire-places ; the walls are extremely thick, being more than 8 feet.
fantasy_building_dimensions_v1.tsv	wall_thickness	tower-house / fortified manor (Dacre Castle, Cumberland)	room length x width (mural chamber inside the wall thickness)	8 ft 6 in x 7 ft	ft-in	2.591	Turner/Parker, Domestic Architecture in England vol 2 (IA someaccountofdom00park_0) leaf n343	measured	between this and the fire-place is a small bed-room 8 ft. 6 in. by 7 ft., entirely in the thickness of the wall.
fantasy_building_dimensions_v1.tsv	wall_thickness	tower-house (Tattershall Castle, Lincolnshire)	wall thickness	some 12 ft	ft	3.658	Gotch, The Growth of the English House (IA growthofenglishh00gotc) leaf n96	measured	Each floor consisted of one large room about 38 ft. by 22 ft., supplemented by small chambers in three of the turrets, and by one or two others in the walls, which are some 12 ft. thick.
fantasy_building_dimensions_v1.tsv	wall_thickness	Norman keep / hall-in-keep (general)	wall thickness	seldom less than 8 ft, sometimes 16 to 20 ft	ft	2.438	Gotch, The Growth of the English House (IA growthofenglishh00gotc) leaf n21	author-rule	These are all outside measurements, and as the walls were very thick, seldom less than 8 ft, and sometimes as much as 16 or 20 ft., the available space within them was much less than their total area.
fantasy_building_dimensions_v1.tsv	storey_height	manoir, timber-framed with entresols (Viollet-le-Duc, art. Manoir)	storey height, hall (grande salle, floor to ceiling)	4.30 m	m	4.300	Viollet-le-Duc, Dictionnaire raisonné, article 'Manoir'	documented-reconstruction	La grande salle R avait entre le plancher et le plafond 4m,30 de hauteur, et chacun des étages entresolés 2m,30 environ
fantasy_building_dimensions_v1.tsv	storey_height	manoir, timber-framed with entresols (Viollet-le-Duc, art. Manoir)	storey height, entresolled storeys	2.30 m each	m	2.300	Viollet-le-Duc, Dictionnaire raisonné, article 'Manoir'	documented-reconstruction	L'étage entrésolé 2m,30 — Épaisseur du plancher 30 — L'entresol 2m,30 — Épaisseur du plancher 30 — Hauteur de la grande salle 4m,30 — Poutres et corbeaux 60 — Solivages 30
fantasy_building_dimensions_v1.tsv	thickness	manoir, timber-framed with entresols (Viollet-le-Duc, art. Manoir)	floor (plancher) thickness	0.30 m	m	0.300	Viollet-le-Duc, Dictionnaire raisonné, article 'Manoir'	documented-reconstruction	L'étage entrésolé 2m,30 — Épaisseur du plancher 30 — L'entresol 2m,30 — Épaisseur du plancher 30
fantasy_building_dimensions_v1.tsv	depth	manoir, timber-framed with entresols (Viollet-le-Duc, art. Manoir)	beam depth (poutres et corbeaux over the hall)	0.60 m	m	0.600	Viollet-le-Duc, Dictionnaire raisonné, article 'Manoir'	documented-reconstruction	Hauteur de la grande salle 4m,30 — Poutres et corbeaux 60 — Solivages 30
fantasy_building_dimensions_v1.tsv	depth	manoir, timber-framed with entresols (Viollet-le-Duc, art. Manoir)	joist depth (solivages)	0.30 m	m	0.300	Viollet-le-Duc, Dictionnaire raisonné, article 'Manoir'	documented-reconstruction	Poutres et corbeaux 60 — Solivages 30 — L'escalier à vis N montait du sol de la grande salle au chemin de ronde défendu par un parapet crénelé.
fantasy_building_dimensions_v1.tsv	storey_height	manoir, ground storey (Viollet-le-Duc, art. Manoir)	storey height, ground floor (sol to plafond)	2.65 m maximum	m	2.650	Viollet-le-Duc, Dictionnaire raisonné, article 'Manoir'	measured	Ce rez-de-chaussée du sol au plafond n'a pas plus de 2m,65.
fantasy_building_dimensions_v1.tsv	storey_height	border pele tower / tower-house (Northumberland, Parker vol 2 leaf n316)	storey height, ground floor (vault crown) and first floor	12 ft to top of vault arch; first floor 10 ft 8 in high	ft-in	3.658	Turner/Parker, Domestic Architecture in England vol 2 (IA someaccountofdom00park_0) leaf n316	measured	On the ground floor is a vaulted apart- ment, 12 ft. in height to the top of the arch, and 27 ft. 10 in. long, by 15 ft. 6 in. in width. ... This leads to the first floor 10 ft. 8 in. high ; it is divided into two rooms now used for bed-rooms
fantasy_building_dimensions_v1.tsv	opening_width	border pele tower / tower-house (Northumberland, Parker vol 2 leaf n316)	door opening width (entrance passage) and stair diameter	passage 4 ft 6 in wide; newel stair 5 ft 8 in diameter	ft-in	1.372	Turner/Parker, Domestic Architecture in England vol 2 (IA someaccountofdom00park_0) leaf n316	measured	The entrance is by a passage on the north side, the width of which is 4 ft. 6 in. This passage was secured by a door of great strength. ... a few steps lead, by an easy ascent, to a newel stair- case 5 ft. 8 in. in diameter, and lighted by three narrow loop-holes.
fantasy_building_dimensions_v1.tsv	storey_height	tower-house great chamber (Prudhoe Castle, Northumberland)	room length x width x storey height (first storey chief apartment)	43 ft x 21 ft 6 in x nearly 17 ft high	ft-in	13.106	Turner/Parker, Domestic Architecture in England vol 2 (IA someaccountofdom00park_0) leaf n320	measured	On the east side of the first story is the chief apartment, 43 ft. long by 21½ ft. broad, and nearly 17 ft. in height ; it has a chimney in it, and is lighted on the north and south by two large windows of two lights, each with transoms.
fantasy_building_dimensions_v1.tsv	roof_span	Tudor royal great hall (Hampton Court Palace, Middlesex, 1531-3)	vault span / roof span, and storey heights to hammer-beam and apex	span about 40 ft; floor to hammer-beams about 41 ft; floor to apex about 60 ft	ft	12.192	Garner & Stratton, Domestic Architecture of England during the Tudor Period v.1 (IA gri_33125010766489) leaf n130 / printed p.113	measured	In the transverse section (Fig. 130) the form of the hammer-beam truss is shown: the span is about 40 feet, the height from floor to hammer-beams about 41 feet, and to apex about 60 feet; the hall, 106 feet long, is divided into seven bays
fantasy_building_dimensions_v1.tsv	bay_spacing	Tudor royal great hall (Hampton Court Palace, Middlesex)	bay spacing (hall divided into seven bays over 106 ft)	106 ft long in seven bays	ft	32.309	Garner & Stratton, Tudor Period v.1 (IA gri_33125010766489) leaf n130 / printed p.113	measured	the hall, 106 feet long, is divided into seven bays, the main trusses connected longitudinally by arches and most of the roof visible from below treated as an inner curved ceiling.
fantasy_building_dimensions_v1.tsv	length	Tudor great chamber over/beside a hall (Great Watching Chamber, Hampton Court)	room length x width x height	71 x 29 ft, about 25 ft high	ft	21.641	Garner & Stratton, Tudor Period v.1 (IA gri_33125010766489) leaf n130 / printed p.113	measured	Formerly Wolsey's hall, it measures 71 feet long and 29 feet wide, and is now about 25 feet high, lighted by windows high in the wall and by the semicircular oriel window shown on Plate CXLV.
fantasy_building_dimensions_v1.tsv	bay_spacing	royal/episcopal great hall (Eltham Palace, Kent)	bay spacing (principals along the hall)	about 17 ft apart; five principals plus two against the end walls	ft	5.182	Garner & Stratton, Tudor Period v.1 (IA gri_33125010766489) leaf n232 / printed p.217	measured	There are five principals, spaced about 17 feet apart, in addition to the two against the end walls, the hall being about 101 feet long and 36 feet 3 inches wide. The louvre was over the third bay from the upper end
fantasy_building_dimensions_v1.tsv	length	royal/episcopal great hall (Eltham Palace, Kent)	room length x width	about 101 ft x 36 ft 3 in	ft-in	30.785	Garner & Stratton, Tudor Period v.1 (IA gri_33125010766489) leaf n232 / printed p.217	measured	the hall being about 101 feet long and 36 feet 3 inches wide. The louvre was over the third bay from the upper end, but it has long since been removed
fantasy_building_dimensions_v1.tsv	bay_spacing	great merchant/city hall (Crosby Place, London, c.1466)	room length x width, and bay count with louvre position	about 54 x 27 ft; eight bays; louvre over the fifth bay from the dais end	ft	16.459	Garner & Stratton, Tudor Period v.1 (IA gri_33125010766489) leaf n233 / printed p.218	measured	The hall here measures about 54 feet in length and 27 feet in width, divided into eight bays, with an hexagonal louvre over the fifth bay from the daïs end.
fantasy_building_dimensions_v1.tsv	length	Tudor mansion great hall (Beddington Hall, Surrey, 16th c.)	room length x width, and truss count	61 ft 4 in x nearly 33 ft; three main trusses plus two three-quarter trusses at the ends	ft-in	18.694	Garner & Stratton, Tudor Period v.1 (IA gri_33125010766489) leaf n233 / printed p.217	measured	this hall measures 61 feet 4 inches in length by nearly 33 feet in width, and it is spanned by three main trusses, of which details are given on Plate CLV, and by two three-quarter trusses, one at each end against the walls
fantasy_building_dimensions_v1.tsv	length	Tudor manor great hall with screens (Hoghton Tower, Lancashire)	room length x width (screens-inclusive)	54 ft long with the screens x nearly 26 ft wide	ft	16.459	Garner & Stratton, Tudor Period v.1 (IA gri_33125010766489) leaf n162 / printed p.147	measured	"The north side of the upper courtyard is taken up by the great hall, a magnificent apartment, T-shaped, owing to the two large oriel windows, measuring with the ""screens"" 54 feet long, and nearly 26 feet wide"
fantasy_building_dimensions_v1.tsv	opening_height	Tudor manor great hall (Hoghton Tower, Lancashire)	window opening height above floor (sill / panelling line)	windows down to within 7 ft of the floor	ft	2.134	Garner & Stratton, Tudor Period v.1 (IA gri_33125010766489) leaf n162 / printed p.147	measured	The south side, looking into the courtyard, is entirely occupied by windows to within 7 feet of the floor: beneath the sills the walls are panelled in oak, elsewhere the unplastered masonry is exposed
fantasy_building_dimensions_v1.tsv	storey_height	stone manor house hall, ceiled (Wilderhope Manor House, Shropshire)	room length x width x storey height	about 29 x 20 ft (exclusive of the oriel) x 13 ft 9 in high	ft-in	8.839	Garner & Stratton, Tudor Period v.1 (IA gri_33125010766489) leaf n186 / printed p.171	measured	The hall measures about 29 feet by 20 feet wide, exclusive of the oriel, and is 13 feet 9 inches high: it is the full width of the house, lighted, as was so often the case, on both sides
fantasy_building_dimensions_v1.tsv	tread_depth	stone manor house newel stair (Wilderhope Manor House, Shropshire)	stair tread / step width and newel post diameter	steps 5 ft wide; central octagonal newel post 7 in diameter	ft-in	1.524	Garner & Stratton, Tudor Period v.1 (IA gri_33125010766489) leaf n186 / printed p.171	measured	the steps, 5 feet wide, are formed of solid balks of oak framed into a central octagonal newel post 7 inches in diameter
fantasy_building_dimensions_v1.tsv	internal_height	moated manor great hall (Ightham Mote, Kent)	room length x width x height to roof springing	about 32 ft long including the screens x 20 ft wide x 20 ft high to springing	ft	9.754	Garner & Stratton, Tudor Period v.1 (IA gri_33125010766489) leaf n59 / printed p.42	measured	"The hall remains nearly intact: it measures about 32 feet in length, including the ""screens"", 20 feet in width, and 20 feet high to the springing of the open timber roof which is of the early hammer beam type"
fantasy_building_dimensions_v1.tsv	length	timber-framed guildhall with cellar (Lavenham Guildhall, Suffolk, c.1529)	room length x width (main hall) and street frontages	main hall about 30 x 17 ft; frontage 48 ft to the market-place, 27 ft to Lady Street	ft	9.144	Garner & Stratton, Tudor Period v.1 (IA gri_33125010766489) leaves n124-n125 / printed pp.107-108	measured	The main hall, which was the meeting place for the merchants, is entered through the porch, and measures about 30 feet by 17 feet.
fantasy_building_dimensions_v1.tsv	headroom	timber-framed guildhall cellar (Lavenham Guildhall, Suffolk)	room length x width x storey height (cellar headroom)	about 31 ft 9 in x 16 ft 10 in x 7 ft 3 in high	ft-in	9.677	Garner & Stratton, Tudor Period v.1 (IA gri_33125010766489) leaf n125 / printed p.108	measured	The cellar, which is about 31 feet 9 inches by 16 feet 10 inches, and 7 feet 3 inches high, is reached by a brick stair beneath the staircase leading to the first floor: the windows are small and iron barred.
fantasy_building_dimensions_v1.tsv	projection	timber-framed guildhall / jettied town-manor range (Lavenham, Suffolk)	first-floor jetty overhang	about 18 in	ft-in	0.457	Garner & Stratton, Tudor Period v.1 (IA gri_33125010766489) leaf n125 / printed p.108	measured	The first floor overhangs the face of the ground floor about 18 inches, and this projection is continued on both frontages by means of a diagonal beam and angle post
fantasy_building_dimensions_v1.tsv	length	castle great hall over vaulted undercroft (Kenilworth Castle, Warwickshire)	room length x width	90 x 45 ft	ft	27.432	Gotch, The Growth of the English House (IA growthofenglishh00gotc) leaf n72	measured	The great hall, 90 ft. long by 45 ft. wide, occupied nearly the whole of the west front. It stood on a vaulted undercroft
fantasy_building_dimensions_v1.tsv	length	courtyard manor great hall over vaulted undercroft (Wingfield Manor, Derbyshire, c.1440)	room length x width	71 ft 7 in x 36 ft 5 in (Haddon Hall hall compared at 43 x 28 ft)	ft-in	21.819	Gotch, The Growth of the English House (IA growthofenglishh00gotc) leaf n86	measured	The hall stands on a vaulted undercroft, and must have been a fine room ; it measures 71 ft. 7 in. long by 36 ft. 5 in. wide, and is considerably larger than the hall at Haddon, which is 43 ft. by 28 ft.
fantasy_building_dimensions_v1.tsv	length	aisled hall (Oakham Castle, Rutland, c.1180)	room length x width, and arcade arch span	65 x 43 ft; four arcade arches of about 15 ft span	ft	19.812	Gotch, The Growth of the English House (IA growthofenglishh00gotc) leaves n43, n48	measured	The four arches of the arcades are semicircular and of about 15 ft. span ; they rest on massive round pillars (Fig. 13), and where they spring from the end walls they rest on corbels of unusual and quaint design.
fantasy_building_dimensions_v1.tsv	length	fortified manor hall (Stokesay Castle, Shropshire, c.1240-90)	room length x width (interior)	51 ft x 31 ft (Gotch's plan gives 52 x 31 ft)	ft	15.545	Turner, Domestic Architecture in England vol 1 (IA someaccountofdom00turn) leaf n347	measured	occupied in its whole height and width by the hall, which is in the interior 51 ft. by 31. It is lighted on the west side by four large windows over the moat, and on the east by three large ones
fantasy_building_dimensions_v1.tsv	sill_height_above_floor	medieval hall (general English type)	window opening height above floor (sill height)	kept up some 10 or 12 ft from the floor	ft	3.658	Gotch, The Growth of the English House (IA growthofenglishh00gotc) leaf n120	author-rule	Its lights were brought down low enough to afford an outlook, whereas the other windows of the hall were kept up some 10 or 12 ft. from the floor.
fantasy_building_dimensions_v1.tsv	height	medieval hall screens passage (general English type)	screen height (and gallery floor over the screens)	stopped short some 10 or 12 ft high	ft	3.658	Gotch, The Growth of the English House (IA growthofenglishh00gotc) leaf n42	author-rule	The screen did not extend the full height of the hall, but stopped short some 10 or 12 ft. high, and was connected to the end wall by a floor, which thus at once served as a ceiling to the entrance
fantasy_building_dimensions_v1.tsv	opening_height	manor house hall (Sutton Courtenay, Berkshire, 14th c.)	window opening width x height (sill to arch springing)	2 ft 5.5 in wide x 2 ft 3.375 in from sill to springing	ft-in	0.749	Turner/Parker, Domestic Architecture in England vol 2 (IA someaccountofdom00park_0) leaf n447	measured	The dimensions of these windows are rather peculiar, 2 ft. 5½ in. wide by 2 ft. 3⅜ in. from the sill to the line of the springing of the arch. The size of the room is about 20 ft. 6 in. by 66 ft.
fantasy_building_dimensions_v1.tsv	length	manor house solar wing (Sutton Courtenay, Berkshire)	room length x width (solar)	about 35 x 17 ft	ft	10.668	Turner/Parker, Domestic Architecture in England vol 2 (IA someaccountofdom00park_0) leaf n448	measured	in this is the solar, which was probably about 35 feet by 17, and the original open timber roof, which still extends the whole length of this wing
fantasy_building_dimensions_v1.tsv	opening_height	fortified manor chapel squint (Broughton Castle, Oxfordshire)	door/opening size and its height above floor	opening 3 ft 6 in high, sill 10 in above the floor	ft-in	1.067	Turner/Parker, Domestic Architecture in England vol 2 (IA someaccountofdom00park_0) leaf n432	measured	From this room a square opening 10 inches from the floor, and 3 ft. 6 in. high, has been left into the chapel (but now blocked up.)
fantasy_building_dimensions_v1.tsv	bay_spacing	episcopal palace great hall (Archbishop's Palace, Mayfield, Sussex)	bay spacing, porch size and buttress footprint	four bays, each divided by a stone arch; porch 12 ft 6 in x 19 ft 10 in inside; buttresses 3 ft 10 in x 7 ft 6 in	ft-in	3.810	Turner/Parker, Domestic Architecture in England vol 2 (IA someaccountofdom00park_0) leaves n473-n474	measured	It is of four bays, each bay divided internally by a fine stone arch. The internal dimensions are very grand, 69 ft. 5 in. by 39 ft. 3 in. The entrance porch (12 ft. 6 in. by 19 ft. 10 in. inside) is on the south side of the hall, in the westernmost bay.
fantasy_building_dimensions_v1.tsv	newel_diameter	tower-house internal circulation (Tattershall Castle, Lincolnshire)	stair diameter (circular newel stair serving four storeys)	10 ft diameter	ft	3.048	Gotch, The Growth of the English House (IA growthofenglishh00gotc) leaf n96	measured	access from floor to floor is obtained by a circular staircase, 10 ft. in diameter. The rooms are approached from the stairs through vaulted lobbies, and on the third floor through a long vaulted passage in the thickness of the wall.
fantasy_building_dimensions_v1.tsv	diameter	tower-house / hall-in-keep (Castle Hedingham, Essex, c.1130)	stair diameter and hall arch span	staircase more than 11 ft diameter; hall arch of nearly 30 ft span	ft	3.353	Gotch, The Growth of the English House (IA growthofenglishh00gotc) leaves n24, n26	measured	Across the middle of the entrance floor and of the hall is thrown a fine bold semicircular arch, of nearly 30 ft. span, to carry the floor of the room over
fantasy_building_dimensions_v1.tsv	internal_length	grand'salle, French palace (Poitiers, Palais des comtes)	room length x width (dans oeuvre)	50 m long x 16 m wide (given elsewhere as 16.30 m internal)	m	50.000	Viollet-le-Duc, Dictionnaire raisonné, article 'Salle'	measured	Ce vaisseau, l'un des plus grands qui fussent en France, avait 50 mètres de longueur sur 16 mètres, dans œuvre.
fantasy_building_dimensions_v1.tsv	internal_length	grand'salle, French palace (Palais de Paris)	room length x width (dans oeuvre)	70.50 m long x 27.50 m wide	m	70.500	Viollet-le-Duc, Dictionnaire raisonné, article 'Salle'	measured	La grand'salle proprement dite a 70m,50 de long sur 27m,50 de large dans œuvre.
fantasy_building_dimensions_v1.tsv	opening_width	grand'salle hall fireplace (Poitiers)	door/opening size — fireplace opening width and height under mantel	10.00 m wide x 2.30 m under the mantel (sept pieds); hall internal width 16.30 m	m	10.000	Viollet-le-Duc, Dictionnaire raisonné, article 'Cheminée'	measured	elle n'a pas moins de 10m,00 de largeur sur 2m,30 sous le manteau (sept pieds). ... cette belle salle dont la largeur, dans œuvre, est de 16m,30.
fantasy_building_dimensions_v1.tsv	opening_width	private chamber fireplace, town mansion (Hôtel Jacques Coeur, Bourges, 15th c.)	door/opening size — fireplace opening height under mantel x width	1.66 m under the mantel x 2.57 m wide	m	1.660	Viollet-le-Duc, Dictionnaire raisonné, article 'Cheminée'	measured	Cette cheminée porte 1m,66 sous le manteau sur 2m,57 de largeur.
fantasy_building_dimensions_v1.tsv	newel_diameter	stone stair, any (masonry practice)	newel diameter — crossover from solid pillar to hollow shell	2 ft 6 in (0.76 m) maximum for a solid pillar; above that a thin wall round the newel	ft-in	0.760	Gwilt, Encyclopaedia of Architecture, para 1926, printed p. 587 (IA encyclopaediaofa00gwil, OCR leaf 612)	author-rule	Where elegance is not required, and where the newel does not exceed 2 feet 6 inches, the ends of the steps may be conveniently supported by a solid pillar ; but when the newel is thicker, a thin wall surrounding the newel would be cheaper.
fantasy_building_dimensions_v1.tsv	thickness	stone geometrical stair	step thickness at thinnest point (for a 4 ft step)	2 in (0.051 m)	in	0.051	Gwilt, Encyclopaedia of Architecture, para 1928, printed p. 587 (IA encyclopaediaofa00gwil, OCR leaf 612)	author-rule	With most sorts of stone the thickness of every step at the thinnest place need not exceed 2 inches for steps of 4 feet in length ; that is, measuring from the interior angle of every step perpendicular to the rake.
fantasy_building_dimensions_v1.tsv	thickness	stone geometrical stair	step thickness at the interior angle, as a function of step length	thickness in inches = half the step length in feet (5 ft step -> 2.5 in)	in	1.524	Gwilt, Encyclopaedia of Architecture, para 1928, printed p. 587 (IA encyclopaediaofa00gwil, OCR leaf 612)	author-rule	then will the thickness of them at the interior angles be half the number of inches that the length of the steps is in feet ; for instance, a step 5 feet long would be 2i inches at that place.
fantasy_building_dimensions_v1.tsv	tread_depth	stone geometrical stair	joggle rebate — depth the tread plane is carried behind the riser face	1 in (0.025 m)	in	0.025	Gwilt, Encyclopaedia of Architecture, para 1927, printed p. 587 (IA encyclopaediaofa00gwil, OCR leaf 612)	author-rule	which may be level from the face of the risers to about one inch within the joint. Thus the plane of the tread of each step is continued one inch within the surface of each riser
fantasy_building_dimensions_v1.tsv	thickness	stone geometrical stair	landing / half-pace slab thickness relative to the steps	same thickness as the step stones	in		Gwilt, Encyclopaedia of Architecture, para 1929, printed p. 588 (IA encyclopaediaofa00gwil, OCR leaf 613)	author-rule	The stones which form a platform are generally of the same thickness as those forming the steps.
fantasy_building_dimensions_v1.tsv	tread_depth	any staircase (leading principle)	tread x rise constant product	tread x rise = 66 (12 in tread pairs with 5.5 in rise; 10 in tread -> 6.6 in rise)	in	0.305	Gwilt, Encyclopaedia of Architecture, para 2177, printed p. 668 (IA encyclopaediaofa00gwil) — verified on plate n689	author-rule	Now, as in common practice it is found that the convenient rise of a step 12 inches in width is 5 1/2 inches, it may be assumed as some guide for the regulation of other dimensions. Thus 12 x 5 1/2 = 66, which would be a constant numerator for the proportion.
fantasy_building_dimensions_v1.tsv	tread_depth	common house stair vs. best staircase	tread breadth (the two-tier quality rule)	commonest staircase 10 in medium; best staircases not less than 12 in and not more than 18 in (0.30 / 0.30-0.46 m)	in	0.254	Gwilt, Encyclopaedia of Architecture, para 2177, printed p. 668 (IA encyclopaediaofa00gwil) — verified on plate n689	author-rule	The breadth of steps in the commonest staircase may be taken at 10 inches at a medium. In the best staircases the breadth of the step should not be less than 12 inches, neither should it be more than 18 inches.
fantasy_building_dimensions_v1.tsv	tread_depth	any staircase	tread/riser pairing table (Newland 1860)	tread 5 in : riser 9 in; 6:8.5; 7:8; 8:7.5; 9:7; 10:6.5; 11:6; 12:5.5; 13:5; 14:4.5 — tread ascends by 1 in as riser descends by 0.5 in. Pitch range = 60.9 deg down to 17.8 deg	in	0.127	Gwilt, Encyclopaedia of Architecture, para 2178a table, printed p. 668 (IA encyclopaediaofa00gwil) — table read directly off plate n689, not OCR	author-rule	Set down two sets of numbers, each in arithmetical progression ; the first set showing the width of the steps, ascending by inches, the other showing the height of the riser, descending by half-inches. It will readily be seen that each of these steps and risers are such as may suitably pair together. (Newland, Carpenter's and Joiner's Assistant, 1860, p. 197.)
fantasy_building_dimensions_v1.tsv	stair_width	better-sort house staircase	clear stair width for two people to pass	not less than 4 ft (1.22 m); town houses often forced below it	ft	1.220	Gwilt, Encyclopaedia of Architecture, para 2179, printed p. 668 (IA encyclopaediaofa00gwil) — verified on plate n689	author-rule	The width of the better sorts of staircases should not be less than 4 feet, to allow of two persons freely passing each other ; but the want of space in town houses often obliges the architect to submit to less in what is called the going of the stair.
fantasy_building_dimensions_v1.tsv	diameter	timber stair with solid steps	round-log yield for solid steps	6 steps from a log 30 in (0.76 m) diameter, ~10 per cent saving over square timber	in	0.760	Gwilt, Encyclopaedia of Architecture, para 2180a, printed p. 668 (IA encyclopaediaofa00gwil) — verified on plate n689	author-rule	A curious instance of economy of material is given in fig. 781a., which shows the mode of getting six steps out of round timber 30 inches in diameter, being a saving of about ten per cent. upon the attempt to cut up square timber.
fantasy_building_dimensions_v1.tsv	tread_depth	timber geometrical stair	tread and riser board thickness as a function of going	not less than 1.5 in for a 4 ft going; add 0.125 in for every additional 6 in of step length	in	0.038	Gwilt, Encyclopaedia of Architecture, para 2184, printed p. 670 (IA encyclopaediaofa00gwil, OCR leaf 694)	author-rule	for strength's sake, the treads and risers, when placed in position, should not be less than 1 1/2 inch thick, supposing the going of the stair or length of the step to be 4 feet. For every 6 inches in length of the step an eighth of an inch should be added.
fantasy_building_dimensions_v1.tsv	member_detail	timber geometrical stair	balusters per step	2 per step	count		Gwilt, Encyclopaedia of Architecture, para 2186, printed p. 670 (IA encyclopaediaofa00gwil, OCR leaf 695)	author-rule	and LMN part of the rail supported by two balusters upon every step.
fantasy_building_dimensions_v1.tsv		timber geometrical stair	handrail breadth	about 2.25 in (0.057 m)	in	0.057	Gwilt, Encyclopaedia of Architecture, para 2190, printed p. 671 (IA encyclopaediaofa00gwil) — read directly off plate n692	author-rule	Make BR equal to the breadth of the rail; namely, about two inches and a quarter.
fantasy_building_dimensions_v1.tsv	member_section	principal staircase, model specification (timber)	full member scantling set	treads 1.5 in pitch pine; risers 1 in; wall strings 1.5 in; outer string boards 2 in; newels 6 in square; oak handrail 4 in wide x 6 in deep; balusters 1.5 in square oak	in	0.038	Gwilt, Encyclopaedia of Architecture, para 2285c specification schedule, printed p. 766 (IA encyclopaediaofa00gwil, OCR leaf 790)	author-rule	The principal staircase to have 1 5-inch pitch pine (or other) treads, with rounded nosing and hollow moulding under same, and inch risers, glued and blocked to fir carriages ; the ends of the steps to be housed into 1 1/2-inch wall strings, and 2-inch outer string boards, sunk and staff beaded, and finished at the top with a boldly moulded capping, framed at the bottom and corners into 6 inch squ
fantasy_building_dimensions_v1.tsv	stair_width	palace / grand house stair (Palladio)	minimum clear stair width so two people can pass	4 Vicentine ft = 4 ft 6 in English (1.38 m)	ft-in	1.380	Gwilt, Encyclopaedia of Architecture, para 2804 quoting Palladio, printed p. 928 (IA encyclopaediaofa00gwil) — verified on plate n949	author-rule	"Nevertheless, they ought never to be narrower than 4 feet"" (4 feet 6 inches English *), ""so that two persons meeting on the stairs may conveniently pass each other."
fantasy_building_dimensions_v1.tsv	member_detail	palace / grand house stair (Palladio)	Vicentine-to-English foot conversion (needed to use every Palladio stair figure)	1 Vicentine ft = about 13.6 English in (0.345 m)	in	0.345	Gwilt, Encyclopaedia of Architecture, footnote to para 2804, printed p. 928 (IA encyclopaediaofa00gwil) — verified on plate n949	author-rule	* The Vicentine foot is about 13.6 inches English.
fantasy_building_dimensions_v1.tsv	ratio_or_rule	palace / grand house stair (Palladio)	flight plan proportion	length = 2 x breadth	ratio		Gwilt, Encyclopaedia of Architecture, para 2804 quoting Palladio, printed p. 928 (IA encyclopaediaofa00gwil) — verified on plate n949	author-rule	Therefore, they must be twice as long as broad.
fantasy_building_dimensions_v1.tsv	riser_height	palace / grand house stair (Palladio)	riser height range	4 to 6 Vicentine in = 4.53 to 6.80 English in (0.115 to 0.173 m)	in	0.173	Gwilt, Encyclopaedia of Architecture, para 2804 quoting Palladio, printed p. 928 (IA encyclopaediaofa00gwil) — verified on plate n949	author-rule	"The steps ought not to exceed 6 inches in height ; and if they be lower they must be so to long and continued stairs, for they will be so much the easier, because one needs not lift the foot so high ; but they must never be lower than 4 inches."" (These are Vicentine inches.)"
fantasy_building_dimensions_v1.tsv	tread_depth	palace / grand house stair (Palladio)	tread breadth range	1 to 1.5 Vicentine ft = 13.6 to 20.4 English in (0.345 to 0.518 m)	ft	0.518	Gwilt, Encyclopaedia of Architecture, para 2804 quoting Palladio, printed p. 928 (IA encyclopaediaofa00gwil) — verified on plate n949	author-rule	The breadth of the steps ought not to be less than a foot, nor more than a foot and a half.
fantasy_building_dimensions_v1.tsv		palace / grand house stair (Palladio)	maximum steps in one flight before a half-pace landing	11 to 13, odd number preferred	count		Gwilt, Encyclopaedia of Architecture, para 2804 quoting Palladio, printed p. 928 (IA encyclopaediaofa00gwil) — verified on plate n949	author-rule	It will be sufficient to put eleven or thirteen steps at most to a flight before coming to a half-pace, thus to help weak people and of short breath, as well that they may there have the opportunity of resting as to allow of any person falling from above being there caught.
fantasy_building_dimensions_v1.tsv	newel_diameter	spiral stair with solid newel (Palladio)	newel-to-well diameter split	diameter / 3 -> 2 parts steps, 1 part newel (newel = 33 pct of diameter); alternatively diameter / 7 -> 3 parts newel, 4 parts steps (newel = 43 pct, the Trajan's Column setting-out)	ratio		Gwilt, Encyclopaedia of Architecture, para 2806 quoting Palladio, printed p. 929 (IA encyclopaediaofa00gwil, OCR leaf 956)	author-rule	"The diameter being divided into three parts, two are given for the steps, and the third is for the newel ; or, otherwise, the diameter may be divided into seven parts, three of which are for the newel and four for the steps. ""Thus,"" he says, ""was made the staircase of the column of Trajan at Rome"""
fantasy_building_dimensions_v1.tsv	newel_diameter	spiral stair with solid newel, tight plan (Palladio plate)	newel-to-well diameter split when space is short	diameter / 12 -> 4 parts newel (newel = 33 pct of diameter), remainder split equally between the two step arms	ratio		Gwilt, Encyclopaedia of Architecture, para 2808 (fig. 997), printed p. 929 (IA encyclopaediaofa00gwil, OCR leaf 957)	author-rule	Fig. 997. is a plan and section of a staircase with a solid newel, in which the whole diameter is divided into twelve parts, and of these four are given to the newel and the remainder divided equally between the steps.
fantasy_building_dimensions_v1.tsv	diameter	spiral stair with open newel (Palladio plate)	open-well-to-outer diameter split	diameter / 4 -> 2 parts open well (well = 50 pct of diameter), remainder split equally between the two step arms	ratio		Gwilt, Encyclopaedia of Architecture, para 2809 (fig. 998), printed p. 930 (IA encyclopaediaofa00gwil, OCR leaf 957)	author-rule	Fig. 998. is the plan and section of a spiral staircase with an open newel, wherein the diameter is divided into four parts, two being given to the newel, and the remainder equally divided between the steps.
fantasy_building_dimensions_v1.tsv	diameter	elliptical stair with open newel (Palladio plate)	conjugate-diameter split	conjugate diameter / 4 -> 2 parts to the newel's conjugate diameter, 1 part each side to the steps	ratio		Gwilt, Encyclopaedia of Architecture, para 2810 (fig. 999), printed p. 930 (IA encyclopaediaofa00gwil, OCR leaf 957)	author-rule	Fig. 999. is the plan and section of an elliptical staircase with an open newel. The conjugate diameter is divided into four parts, whereof two are given to the conjugate diameter of the newel, and the remainder one on each side to the steps.
fantasy_building_dimensions_v1.tsv	tread_depth	any staircase (Blondel's law of ease)	tread/rise relation as a linear law	w = x - 2h with x = 24 French in (0.65 m); h = 5 in -> w = 14 in. Equivalent: going + 2 x rise = 24 French in	in	0.650	Gwilt, Encyclopaedia of Architecture, paras 2813-2814 after Blondel, Cours d'Architecture, printed p. 930 (IA encyclopaediaofa00gwil, OCR leaf 957)	author-rule	Blondel assumes 24 (French) inches for the value of x, and 12 for that of z. We are not sufficiently, from experiment, convinced that these are the proper values; but, following him, if those values be substituted in the equation h = 1/2 (24 - w), and w = 24 - 2h: if the height of a step be 5 inches, its width should be 24 - 10 = 14 inches
fantasy_building_dimensions_v1.tsv	tread_depth	ceremonial platform stair, Persepolis (Achaemenid)	riser and tread of the principal staircase	rise 4 in (0.102 m), tread 14 in (0.356 m) — pitch 16 deg	in	0.102	Gwilt, Encyclopaedia of Architecture, para 47, printed p. 20 (IA encyclopaediaofa00gwil) — read directly off plate n41	measured	The steps are 4 in. high, and 14 in. wide.
fantasy_building_dimensions_v1.tsv	opening_width	ceremonial platform stair, Persepolis (Achaemenid)	flight width and gap between the paired flights at the foot	each flight 25 ft 7 in (7.80 m) wide; 42 ft (12.80 m) between the flights at the bottom	ft-in	7.800	Gwilt, Encyclopaedia of Architecture, para 47, printed p. 20 (IA encyclopaediaofa00gwil) — read directly off plate n41	measured	It has a double flight, the distance between the flights at the bottom being 42 ft., and the width of them is 25 ft. 7 in.
fantasy_building_dimensions_v1.tsv		ceremonial platform stair, Persepolis (Achaemenid)	half-pace and upper landing dimensions	half spaces at the top of the first flight 51 ft 4 in (15.65 m) wide; upper landing 75 ft (22.9 m) between the flights	ft-in	15.650	Gwilt, Encyclopaedia of Architecture, para 47, printed p. 20 (IA encyclopaediaofa00gwil) — read directly off plate n41	measured	The half spaces at the top of the first flight are 51 ft. 4 in. wide. The upper flights are separated from the lower by a wall which runs through at the upper landing. The upper flights are in forty-eight steps, and are cut out of single blocks of the rock. The upper landing is seventy-five feet between the flights.
fantasy_building_dimensions_v1.tsv	count	ceremonial platform stair, Persepolis (Achaemenid)	steps per flight	lower flights 55 surviving north / 53 south; upper flights 48 steps	count		Gwilt, Encyclopaedia of Architecture, para 47, printed p. 20 (IA encyclopaediaofa00gwil) — read directly off plate n41	measured	Fifty-five of them remain on the north side, and fifty-three on the south ; and it is probable that some are buried by the ruins.
fantasy_building_dimensions_v1.tsv	wall_thickness	mural stair in a temple wall (Greek, Agrigentum)	stair taken out of the pronaos wall thickness — step count of a surviving example	41 steps, still entire	count		Gwilt, Encyclopaedia of Architecture, para 2799, printed p. 927 (IA encyclopaediaofa00gwil, OCR leaf 954)	measured	The best preserved ancient staircases are those constructed in the thickness of the walls of the pronaos of temples for ascending to the roofs. Of this sort remains are found in several peripteral temples. That of the temple of Concord at Agrigentum is still entire, and consists of forty-one steps.
fantasy_building_dimensions_v1.tsv	riser_height	town house stair, Pompeii	riser height of surviving domestic stairs	sometimes 1 ft (0.30 m)	ft	0.300	Gwilt, Encyclopaedia of Architecture, para 2800, printed p. 927 (IA encyclopaediaofa00gwil, OCR leaf 954)	measured	Where they exist, as in the building at the above place called the country house, and some others, they are narrow and inconvenient, with steps sometimes a foot in height.
fantasy_building_dimensions_v1.tsv	length	palace grand staircase (Caserta)	step length (monolithic marble) and step count	100 steps, each 18 ft (5.49 m) long, each a single piece of marble; splits into two flights at the first landing	ft	5.490	Gwilt, Encyclopaedia of Architecture, glossary/example entry on the palace at Caserta (IA encyclopaediaofa00gwil, OCR leaf 1358)	measured	At the first landing it is divided into two flights ; the hundred steps of which it is composed are 18 feet long, and each of one piece of marble ; it is lighted also from the top by a double skylight.
fantasy_building_dimensions_v1.tsv	length	monolithic stone stair (material supply limit)	maximum length of single-block step actually quarried and shipped	16 ft (4.88 m) blocks; ordinary run 4 to 5 ft wide, up to 20 ft long obtainable	ft	4.880	Gwilt, Encyclopaedia of Architecture, section on Irish black marble quarries, printed p. c.494 (IA encyclopaediaofa00gwil, OCR leaf 516)	measured	Some blocks 16 feet in length were sent over for a staircase for the Duke of Hamilton's seat in Scotland, who was also furnished with landings and solid balustrades worked to a fine polish.
fantasy_building_dimensions_v1.tsv		stone stair landing (material supply limit)	largest single-stone landing slab supplied	17 ft 6 in x 7 ft (5.33 x 2.13 m); landings up to 130 sq ft available	ft-in	5.334	Gwilt, Encyclopaedia of Architecture, section on Yorkshire millstone-grit quarries (IA encyclopaediaofa00gwil, OCR leaf 499)	measured	Landings up to 130 feet superficial, suitable for hard wear; one (in 1876), being 17 feet 6 inches long by 7 feet wide, was supplied for a floor and ceiling in a London bank.
fantasy_building_dimensions_v1.tsv	tread_depth	public building / theatre escape stair	stair width band and tread for a crowd-carrying stair	never less than 5 ft (1.52 m) wide, some writers say not more than 8 ft (2.44 m); tread 12 in; equal flights of about 13 steps for headway	ft	1.520	Gwilt, Encyclopaedia of Architecture, para 2970b, on theatre planning (IA encyclopaediaofa00gwil, OCR leaf 1097)	author-rule	Staircases should never be less than 5 feet wide (some writers say not more than 8 feet wide), the steps to be all straight, no winders, 12 inches in the tread ... there should be an equal number of steps to each flight, say thirteen for headway and space
fantasy_building_dimensions_v1.tsv	width	large public staircase with a centre and two side flights	width relation between centre and side flights	centre flight width = sum of the two side flight widths	ratio		Gwilt, Encyclopaedia of Architecture, para 2970b (IA encyclopaediaofa00gwil, OCR leaf 1097)	author-rule	In large staircases, which consist of a centre and two side flights, the central one should be equal in width to the two side flights together.
fantasy_building_dimensions_v1.tsv		medieval stair, square or oblong plan (Viollet, construction fact)	how winder turns are carried — NO stone strings in the middle ages	turns carried on arcs, not on cut stone limons	n/a (construction rule)		Viollet-le-Duc, Dictionnaire raisonne, article 'Limon' (fr.wikisource, 442 chars, previously unmined)	documented-reconstruction	Les limons de pierre n'etaient pas employes dans l'architecture du moyen age, les revolutions des marches dans les escaliers a plan carre ou barlong etant alors portees sur des arcs, ce qui etait beaucoup plus solide que le systeme de limons appareilles.
fantasy_building_dimensions_v1.tsv	height	curtain wall crenellation, 13th c. (general formula)	merlon height above chemin de ronde floor	2.00	m	2.000	Viollet-le-Duc, Dictionnaire raisonné, art. Créneau	author-rule	Les merlons ont 2 mètres de haut sur 1 m , 70 au moins, et 3 m , 30 au plus de largeur sur 0,45 c. d’épaisseur ; l’appui des créneaux est à 1 mètre du sol du chemin de ronde, et leur largeur est de 0,70 c.
fantasy_building_dimensions_v1.tsv	opening_width	curtain wall crenellation, 13th c. (general formula)	merlon width (bay spacing of the crenellation)	1.70 min to 3.30 max	m	1.700	Viollet-le-Duc, Dictionnaire raisonné, art. Créneau	author-rule	Les merlons ont 2 mètres de haut sur 1 m , 70 au moins, et 3 m , 30 au plus de largeur sur 0,45 c. d’épaisseur
fantasy_building_dimensions_v1.tsv	wall_thickness	curtain wall crenellation, 13th c. (general formula)	merlon thickness (parapet thickness at the wall head)	0.45	m	0.450	Viollet-le-Duc, Dictionnaire raisonné, art. Créneau	author-rule	Les merlons ont 2 mètres de haut sur 1 m , 70 au moins, et 3 m , 30 au plus de largeur sur 0,45 c. d’épaisseur
fantasy_building_dimensions_v1.tsv	sill_height_above_floor	curtain wall crenellation, 13th c. (general formula)	crenel sill (appui) height above chemin de ronde floor	1.00	m	1.000	Viollet-le-Duc, Dictionnaire raisonné, art. Créneau	author-rule	l’appui des créneaux est à 1 mètre du sol du chemin de ronde, et leur largeur est de 0,70 c.
fantasy_building_dimensions_v1.tsv	opening_width	curtain wall crenellation, 13th c. (general formula)	crenel (embrasure) opening width	0.70	m	0.700	Viollet-le-Duc, Dictionnaire raisonné, art. Créneau	author-rule	l’appui des créneaux est à 1 mètre du sol du chemin de ronde, et leur largeur est de 0,70 c.
fantasy_building_dimensions_v1.tsv	opening_width	crenellation, all periods (anthropometric rule)	crenel opening width, full observed range	0.70 to 1.00	m	0.850	Viollet-le-Duc, Dictionnaire raisonné, art. Créneau	author-rule	Les dimensions des crénelages étant données par la taille de l’homme, ces dimensions varient peu : les merlons ont toujours à peu près deux mètres de hauteur, pour pouvoir garantir complètement les défenseurs ; les appuis des créneaux sont à un mètre du sol du chemin de ronde, et leur largeur varie d’un mètre, à soixante-dix centimètres.
fantasy_building_dimensions_v1.tsv	wall_thickness	Gallo-Roman town wall, crenellated parapet	parapet thickness at the wall head	0.50 approx	m	0.500	Viollet-le-Duc, Dictionnaire raisonné, art. Créneau	author-rule	Les créneaux qui couronnent les fortifications gallo-romaines sont percés habituellement dans des parapets d’une épaisseur assez forte, 0,50 c. environ, construits en moellons taillés et en brique, couronnés par une dalle de recouvrement formant une saillie tout autour du merlon
fantasy_building_dimensions_v1.tsv	opening_width	curtain wall crenellation, 13th c. (general formula)	archère external slit width (opening)	0.07 to 0.08	m	0.075	Viollet-le-Duc, Dictionnaire raisonné, art. Créneau	author-rule	en a sont les archères, qui n’ont pas plus de 0,07 c. à 0,08 c. d’ouverture
fantasy_building_dimensions_v1.tsv	width	curtain wall crenellation, 13th c. (general formula)	archère internal splay (ébrasement) width	0.40 to 0.45	m	0.425	Viollet-le-Duc, Dictionnaire raisonné, art. Créneau	author-rule	en B , le plan du crénelage avec ses archères, lesquelles ont 0,40 c. à 0,45 c. d’ébrasement
fantasy_building_dimensions_v1.tsv	wall_thickness	covered tower, crenels under the roof, 13th c.	wall thickness at the crenel (crenel has an allège beneath)	0.90	m	0.900	Viollet-le-Duc, Dictionnaire raisonné, art. Créneau	author-rule	Les murs ayant 0,90 c. d’épaisseur, les créneaux ont une allège A , afin de permettre aux défenseurs de voir en dehors
fantasy_building_dimensions_v1.tsv		Béziers cathedral, south transept, fortified parapet, 12th c.	chemin de ronde floor up to top of the supporting cornice	1.18	m	1.180	Viollet-le-Duc, Dictionnaire raisonné, art. Créneau	measured	Du sol du chemin de ronde, au-dessus de la corniche B , il n’y a qu’un mètre dix-huit centimètres de hauteur
fantasy_building_dimensions_v1.tsv	wall_thickness	rampart wall head (all periods)	merlon / parapet thickness band, sets the walkway width	0.38 to 0.58 (14 to 21 pouces)	m	0.380	Viollet-le-Duc, Dictionnaire raisonné, art. Chemin de ronde	author-rule	Les merlons étant posés sur le parement extérieur des murailles, et ayant une épaisseur qui variait de 0,38 c. à 0,58 c. (14 à 21 pouces), il restait en dedans du rempart un couronnement de maçonnerie que l’on recouvrait de dalles et qui formait le chemin de ronde.
fantasy_building_dimensions_v1.tsv	width	rampart wall head (all periods)	chemin de ronde clear width, minimum passable (paving corbels inward when the wall is too thin)	2 men abreast	persons		Viollet-le-Duc, Dictionnaire raisonné, art. Chemin de ronde	author-rule	Lorsque le mur n’avait qu’une épaisseur médiocre, le dallage du chemin de ronde débordait à l’intérieur, afin de suppléer à la maçonnerie et de permettre à deux hommes, au moins, de passer de front.
fantasy_building_dimensions_v1.tsv	height	curtain wall, Romanesque	total relief (height incl. crenellation) above exterior ground or ditch bottom	6 max (ne dépasse guère)	m	6.000	Viollet-le-Duc, Dictionnaire raisonné, art. Courtine	author-rule	quelquefois même ces courtines étaient terrassées, et leur relief, compris le crénelage, ne dépasse guère six mètres au-dessus du sol extérieur ou du fond du fossé.
fantasy_building_dimensions_v1.tsv	height	curtain wall, 13th c., very strong places	curtain height (relief)	10 to 12	m	11.000	Viollet-le-Duc, Dictionnaire raisonné, art. Courtine	author-rule	Au XIII e siècle, on augmenta le relief des courtines, et nous leur voyons atteindre une hauteur de dix ou douze mètres dans des places très-fortes.
fantasy_building_dimensions_v1.tsv	external_height	curtain wall, 14th c., with stone machicolation	height above ground at which the base glacis intercepts the machicolation drop line	3 approx	m	3.000	Viollet-le-Duc, Dictionnaire raisonné, art. Courtine	author-rule	les constructeurs tracèrent le profil des courtines de façon à ce que les projectiles, tombant par les trous de ces mâchicoulis, vinssent rencontrer un glacis à trois mètres du sol environ
fantasy_building_dimensions_v1.tsv		curtain wall, Romanesque	exterior face batter (fruit)	0 (plumb, no batter)	deg		Viollet-le-Duc, Dictionnaire raisonné, art. Courtine	author-rule	Les courtines romanes ont leur parement extérieur monté d’aplomb, sans fruit, afin de rendre l’escalade plus difficile.
fantasy_building_dimensions_v1.tsv	height	Carcassonne, château, towers and curtains, c.1100	merlon height	1.60 to 1.80	m	1.700	Viollet-le-Duc, Dictionnaire raisonné, art. Hourd	measured	Les merlons des tours et courtines du château de Carcassonne (1100 environ) sont hauts (1 m ,60 à 1 m ,80) ; les trous de hourds sont espacés régulièrement
fantasy_building_dimensions_v1.tsv	putlog_hole	timber hoarding (hourd), 13th c. simplified system	hoarding beam socket, square, pierced at chemin de ronde floor level	0.30 x 0.30 approx	m	0.300	Viollet-le-Duc, Dictionnaire raisonné, art. Hourd	author-rule	on se contenta d’un seul rang de larges trous carrés (0,30 c. × 0,30 c. environ) percés au niveau des chemins de ronde
fantasy_building_dimensions_v1.tsv	member_section	timber hoarding (hourd), 13th c. simplified system	oak cantilever joist scantling (squared) and free cantilever length	0.30 squared; up to 3 cantilevered	m	0.300	Viollet-le-Duc, Dictionnaire raisonné, art. Hourd	author-rule	une pièce de bois de chêne de 0,30 c. d’équarrissage, fût-elle de trois mètres en bascule, peut porter un poids énorme
fantasy_building_dimensions_v1.tsv	projection	timber hoarding (hourd), 13th c. simplified system	hoarding projection beyond the wall face	1.95 max (une toise)	m	1.950	Viollet-le-Duc, Dictionnaire raisonné, art. Hourd	author-rule	Or les hourds avaient rarement plus de 1 m ,95 c. de saillie (une toise).
fantasy_building_dimensions_v1.tsv	putlog_hole	Carcassonne, cité, curtains beside the Porte Narbonnaise (Philippe le Hardi, c.1285)	hoarding beam socket, square side, regularly spaced, at chemin de ronde level	0.30	m	0.300	Viollet-le-Duc, Dictionnaire raisonné, art. Hourd	measured	Leur base est traversée au niveau du chemin de ronde, par des trous de hourds de 0,30 c. de côté, régulièrement espacés.
fantasy_building_dimensions_v1.tsv	bay_spacing	Carcassonne, cité, double hoarding at the Porte Narbonnaise	hoarding joist (bay) spacing along the wall	5 pieds (Viollet glosses 1 pied = 0,33 c. elsewhere)	ft	1.524	Viollet-le-Duc, Dictionnaire raisonné, art. Hourd	documented-reconstruction	Les hourds doubles étaient donc disposés ainsi : de cinq pieds en cinq pieds passaient par les trous de hourds les fortes solives C
fantasy_building_dimensions_v1.tsv	member_section	Carcassonne, cité, double hoarding at the Porte Narbonnaise	vertical spacing, second row of moises above the first (upper hoarding floor level)	1.80	m	1.800	Viollet-le-Duc, Dictionnaire raisonné, art. Hourd	documented-reconstruction	Un second rang de moises, posé en L , à 1 m ,80 du premier rang, formait l’enrayure des arbalétriers M du comble.
fantasy_building_dimensions_v1.tsv	count	Coucy, donjon (Enguerrand III, 1220-1230)	hoarding floor (pied des hourds) above the ditch counterscarp	40	m	40.000	Viollet-le-Duc, Dictionnaire raisonné, art. Hourd	measured	Le pied des hourds de ce donjon célèbre, le plus grand de tous ceux que possède l’Europe, est à 40 mètres au-dessus de la contrescarpe du fossé.
fantasy_building_dimensions_v1.tsv	projection	Coucy, donjon (Enguerrand III, 1220-1230)	hoarding stone corbels: count, projection, thickness (each of two courses)	48 corbels; 1.07 projection; 0.30 thickness	m	48.000	Viollet-le-Duc, Dictionnaire raisonné, art. Hourd	measured	ils ont établi, tout autour de l’énorme cylindre, quarante-huit consoles de pierre de 1 m ,07 de saillie sur 0,30 c. d’épaisseur, pour asseoir le hourdage
fantasy_building_dimensions_v1.tsv	member_detail	Coucy, donjon (Enguerrand III, 1220-1230)	hoarding corbel course above the ditch bottom (Viollet's own scaffold survey)	46	m	46.000	Viollet-le-Duc, Dictionnaire raisonné, art. Hourd	measured	Nous avons tenu à nous rendre compte de la manière de poser ces hourds, à une hauteur de 46 mètres au-dessus du fond du fossé, sur des consoles isolées en contre-bas des crénelages.
fantasy_building_dimensions_v1.tsv	member_detail	Carcassonne, château, crenellation c.1100 with hoarding fitted	crenel used as a doorway: hoarding floor sits level with the crenel sill, merlon tall enough for a man to pass upright	clear standing height (man passes upright)	qualitative		Viollet-le-Duc, Dictionnaire raisonné, art. Créneau	measured	Les hourds posés, leur sol se trouvait alors au niveau de l’appui des créneaux ; aussi les merlons sont assez hauts pour permettre à un homme de passer debout par les créneaux, comme par autant de portes, afin de se poster sur les hourds.
fantasy_building_dimensions_v1.tsv	drop_hole	stone machicolation, northern France (regulation)	drop-hole, square opening	0.33 (1 pied) to 0.40 (15 pouces)	m	0.330	Viollet-le-Duc, Dictionnaire raisonné, art. Mâchicoulis	author-rule	les trous des mâchicoulis des fortifications du nord de la France ont des dimensions évidemment réglementaires ; ils forment un carré qui varie de 0,33 c. (1 pied) à 0,40 c. (15 pouces)
fantasy_building_dimensions_v1.tsv	thickness	Montbard, château tower, machicolation logette (late 13th c., Burgundy)	slab thickness of the corbelled box (cheeks and face, three slabs; cap of two stones)	0.20	m	0.200	Viollet-le-Duc, Dictionnaire raisonné, art. Mâchicoulis	measured	Les jouées et la face de cette logette saillante sont construites au moyen de trois dalles de 0,20 c. d’épaisseur ; le chaperon est fait de deux pierres.
fantasy_building_dimensions_v1.tsv	member_detail	Avignon ramparts, machicolation corbelling (mid-14th c.)	corbel courses (assises) making the corbel-out: diagonal angle corbel vs. normal	6 courses at the diagonal angle corbel; 5 courses elsewhere	courses		Viollet-le-Duc, Dictionnaire raisonné, art. Mâchicoulis	measured	lesquels, suivant la coupe c d , donneront le profil D possédant six assises de corbeaux ; les deux encorbellements C seront légèrement biais pour obtenir des arcs BC égaux aux arcs CF , les encorbellements C et F n’auront que cinq assises
fantasy_building_dimensions_v1.tsv	bay_spacing	Royat church, machicolated crown (first half 13th c., Auvergne)	machicolation arcades per structural bay (between each buttress)	4 arcades per bay	count		Viollet-le-Duc, Dictionnaire raisonné, art. Mâchicoulis	measured	elle se compose d’une suite d’arcades portées sur des consoles. Entre chaque contre-fort de l’édifice, on compte quatre arcades.
fantasy_building_dimensions_v1.tsv	span	Le Puy-en-Velay, Bâtiment des mâchicoulis (13th c. defence over a 12th c. barrel-vaulted hall)	garrison capacity of the covered fighting platform (interior-span proxy)	200 men	persons		Viollet-le-Duc, Dictionnaire raisonné, art. Mâchicoulis	author-rule	une défense importante et solide placée au-dessus d’une grande salle voûtée en berceau tiers-point, défense qui peut contenir deux cents hommes
fantasy_building_dimensions_v1.tsv	wall_thickness	castle curtain wall (Villandraut, mid-13th c.)	wall thickness	2.70	m	2.700	Viollet-le-Duc, Dictionnaire raisonné, art. Château	measured	Les tours du château de Villandraut ont 27 m ,00 de hauteur, non compris les couronnements qui sont détruits, sur 11 m ,00 et 12 m ,00 de diamètre ; elles commandaient de beaucoup les courtines, dont l’épaisseur est de 2 m ,70.
fantasy_building_dimensions_v1.tsv	wall_thickness	donjon great tower (Pierrefonds, late 14th c.)	wall thickness, ground storey (unpierced)	4.60	m	4.600	Viollet-le-Duc, Dictionnaire raisonné, art. Château	measured	c’est la grosse tour I du donjon dont les murs, d’une épaisseur considérable (4 m ,60), ne sont, à rez-de-chaussée, percés d’aucune ouverture
fantasy_building_dimensions_v1.tsv	wall_thickness	castle towers and curtains (Pierrefonds)	wall thickness multiplier at base (empattement vs. upper wall)	about 2 (base ≈ 2 × wall thickness)	ratio		Viollet-le-Duc, Dictionnaire raisonné, art. Château	measured	Les tours et courtines sont d’ailleurs renforcées à la base par un empattement qui double à peu près l’épaisseur de leurs murs, et la construction est admirablement faite en bonne maçonnerie, avec revêtement de pierre de taille dure.
fantasy_building_dimensions_v1.tsv	wall_thickness	crenellated parapet, Gallo-Roman	parapet wall thickness	0.50	m	0.500	Viollet-le-Duc, Dictionnaire raisonné, art. Créneau	measured	Les créneaux qui couronnent les fortifications gallo-romaines sont percés habituellement dans des parapets d’une épaisseur assez forte, 0,50 c. environ, construits en moellons taillés et en brique
fantasy_building_dimensions_v1.tsv	wall_thickness	crenellated parapet, 13th c.	merlon thickness (parapet thickness at the crenellation)	0.45	m	0.450	Viollet-le-Duc, Dictionnaire raisonné, art. Créneau	author-rule	Les merlons ont 2 mètres de haut sur 1 m , 70 au moins, et 3 m , 30 au plus de largeur sur 0,45 c. d’épaisseur ; l’appui des créneaux est à 1 mètre du sol du chemin de ronde, et leur largeur est de 0,70 c.
fantasy_building_dimensions_v1.tsv	wall_thickness	roofed tower with crenels under the roof, 13th c.	wall thickness at the crenellation (crenels get an allège)	0.90	m	0.900	Viollet-le-Duc, Dictionnaire raisonné, art. Créneau	author-rule	Les murs ayant 0,90 c. d’épaisseur, les créneaux ont une allège A , afin de permettre aux défenseurs de voir en dehors
fantasy_building_dimensions_v1.tsv	storey_height	fortified manor keep (Castera de Saint-Médard-en-Jalle, 1st half 13th c.)	storey height, ground floor, floor to ceiling	2.65 (maximum)	m	2.650	Viollet-le-Duc, Dictionnaire raisonné, art. Manoir	measured	Ce rez-de-chaussée du sol au plafond n’a pas plus de 2 m , 65.
fantasy_building_dimensions_v1.tsv	storey_height	fortified manor keep (Castera de Saint-Médard-en-Jalle)	storey height, grande salle, floor to ceiling	4.30	m	4.300	Viollet-le-Duc, Dictionnaire raisonné, art. Manoir	measured	La grande salle R avait entre le plancher et le plafond 4 m ,30 de hauteur, et chacun des étages entresolés 2 m ,30 environ
fantasy_building_dimensions_v1.tsv	storey_height	fortified manor keep (Castera de Saint-Médard-en-Jalle)	storey height, each entresolled storey, floor to ceiling	2.30	m	2.300	Viollet-le-Duc, Dictionnaire raisonné, art. Manoir	measured	La grande salle R avait entre le plancher et le plafond 4 m ,30 de hauteur, et chacun des étages entresolés 2 m ,30 environ
fantasy_building_dimensions_v1.tsv	thickness	fortified manor keep (Castera de Saint-Médard-en-Jalle)	floor structure thickness (plancher) over an entresol	0.30	m	0.300	Viollet-le-Duc, Dictionnaire raisonné, art. Manoir	measured	L’étage entrésolé 2 m ,30 5 m ,20 Épaisseur du plancher 30 L’entresol 2 m ,30 Épaisseur du plancher 30 Hauteur de la grande salle 4 m ,30 5 m ,20 Poutres et corbeaux 60 Solivages 30
fantasy_building_dimensions_v1.tsv	depth	fortified manor keep (Castera de Saint-Médard-en-Jalle)	floor structure over the great hall: beams + corbels depth	0.60	m	0.600	Viollet-le-Duc, Dictionnaire raisonné, art. Manoir	measured	L’étage entrésolé 2 m ,30 5 m ,20 Épaisseur du plancher 30 L’entresol 2 m ,30 Épaisseur du plancher 30 Hauteur de la grande salle 4 m ,30 5 m ,20 Poutres et corbeaux 60 Solivages 30
fantasy_building_dimensions_v1.tsv	depth	fortified manor keep (Castera de Saint-Médard-en-Jalle)	floor structure over the great hall: solivage (joisting) depth	0.30	m	0.300	Viollet-le-Duc, Dictionnaire raisonné, art. Manoir	measured	L’étage entrésolé 2 m ,30 5 m ,20 Épaisseur du plancher 30 L’entresol 2 m ,30 Épaisseur du plancher 30 Hauteur de la grande salle 4 m ,30 5 m ,20 Poutres et corbeaux 60 Solivages 30
fantasy_building_dimensions_v1.tsv	storey_height	fortified manor keep (Castera de Saint-Médard-en-Jalle)	total floor-to-floor block, ground of first floor to chemin de ronde (both the entresolled stack 2.30+0.30+2.30+0.30 and the hall stack 4.30+0.60+0.30 arase at the same level)	5.20	m	5.200	Viollet-le-Duc, Dictionnaire raisonné, art. Manoir	measured	de sorte que le plancher au-dessus de cette grande salle et celui au-dessus de l’entresol, en comptant l’épaisseur des poutres et solives, s’ arasait au niveau d’un chemin de ronde supérieur. En effet, en calculant ces hauteurs, L’étage entrésolé 2 m ,30 5 m ,20 Épaisseur du plancher 30 L’entresol 2 m ,30 Épaisseur du plancher 30 Hauteur de la grande salle 4 m ,30 5 m ,20 Poutres et corbeaux 60 So
fantasy_building_dimensions_v1.tsv	height	donjon interior, second floor (Coucy, 1220-30)	height of the encircling gallery floor above the dodecagonal hall pavement	3.30	m	3.300	Viollet-le-Duc, Dictionnaire raisonné, art. Donjon	measured	Cet étage, voûté comme ceux du dessous, se composait d’une salle dodécagone entourée d’une galerie relevée de 3 m ,30 au-dessus du pavé de cette salle et formant ainsi un large portique avec balcons
fantasy_building_dimensions_v1.tsv	storey_height	flanking towers of a castle enceinte (Coucy, towers C, D, S, T)	storey count of a large flanking tower	2 cellar storeys + 3 hall storeys above ground + 1 attic storey	storeys		Viollet-le-Duc, Dictionnaire raisonné, art. Château	measured	Les tours C, D, S, T possèdent deux étages de caves et trois étages de salles au-dessus du sol, sans compter l’étage des combles.
fantasy_building_dimensions_v1.tsv	member_section	double timber hoarding (Carcassonne, Porte Narbonnaise, Philippe le Hardi)	vertical spacing between the two hoarding decks (second rank of moises above the first)	1.80	m	1.800	Viollet-le-Duc, Dictionnaire raisonné, art. Hourd	documented-reconstruction	Un second rang de moises, posé en L , à 1 m ,80 du premier rang, formait l’enrayure des arbalétriers M du comble.
fantasy_building_dimensions_v1.tsv	storey_height	castle range over the lices (Pierrefonds, north wing)	drop from the inner courtyard floor to the lices floor (lowest storey level)	8	m	8.000	Viollet-le-Duc, Dictionnaire raisonné, art. Château	measured	Nous donnons en B le plan de l’étage inférieur de l’aile du nord au niveau du sol des lices, qui se trouve à huit mètres en contrebas du sol de la cour intérieure.
fantasy_building_dimensions_v1.tsv	height	crenellated parapet, 13th c. (design formula)	merlon height above the chemin-de-ronde floor	2.00	m	2.000	Viollet-le-Duc, Dictionnaire raisonné, art. Créneau	author-rule	Au XIII e siècle, les créneaux sont évidemment construits d’après une formule donnée par l’expérience. Les merlons ont 2 mètres de haut sur 1 m , 70 au moins, et 3 m , 30 au plus de largeur sur 0,45 c. d’épaisseur
fantasy_building_dimensions_v1.tsv	width	crenellated parapet, 13th c. (design formula)	merlon width	1.70 to 3.30	m	2.500	Viollet-le-Duc, Dictionnaire raisonné, art. Créneau	author-rule	Les merlons ont 2 mètres de haut sur 1 m , 70 au moins, et 3 m , 30 au plus de largeur sur 0,45 c. d’épaisseur
fantasy_building_dimensions_v1.tsv	sill_height_above_floor	crenellated parapet, 13th c. (design formula)	crenel sill height above the chemin-de-ronde floor	1.00	m	1.000	Viollet-le-Duc, Dictionnaire raisonné, art. Créneau	author-rule	l’appui des créneaux est à 1 mètre du sol du chemin de ronde, et leur largeur est de 0,70 c. Au milieu de chaque merlon est percée une archère.
fantasy_building_dimensions_v1.tsv	opening_width	crenellated parapet, 13th c. (design formula)	crenel opening width	0.70	m	0.700	Viollet-le-Duc, Dictionnaire raisonné, art. Créneau	author-rule	l’appui des créneaux est à 1 mètre du sol du chemin de ronde, et leur largeur est de 0,70 c.
fantasy_building_dimensions_v1.tsv	opening_width	crenellated parapet, all periods (human-stature rule)	crenel opening width, full observed range	1.00 down to 0.70	m	1.000	Viollet-le-Duc, Dictionnaire raisonné, art. Créneau	author-rule	Les dimensions des crénelages étant données par la taille de l’homme, ces dimensions varient peu : les merlons ont toujours à peu près deux mètres de hauteur, pour pouvoir garantir complètement les défenseurs ; les appuis des créneaux sont à un mètre du sol du chemin de ronde, et leur largeur varie d’un mètre, à soixante-dix centimètres.
fantasy_building_dimensions_v1.tsv	height	crenellated parapet (Carcassonne towers and curtains, c.1100)	merlon height	1.60 to 1.80	m	1.700	Viollet-le-Duc, Dictionnaire raisonné, art. Hourd	measured	Les merlons des tours et courtines du château de Carcassonne (1100 environ) sont hauts (1 m ,60 à 1 m ,80) ; les trous de hourds sont espacés régulièrement
fantasy_building_dimensions_v1.tsv	opening_width	crenellated parapet, 13th c.	archère (arrow-loop) external slit width	0.07 to 0.08	m	0.075	Viollet-le-Duc, Dictionnaire raisonné, art. Créneau	author-rule	en a sont les archères, qui n’ont pas plus de 0,07 c. à 0,08 c. d’ouverture
fantasy_building_dimensions_v1.tsv	width	crenellated parapet, 13th c.	archère internal splay (ébrasement) width	0.40 to 0.45	m	0.425	Viollet-le-Duc, Dictionnaire raisonné, art. Créneau	author-rule	en B , le plan du crénelage avec ses archères, lesquelles ont 0,40 c. à 0,45 c. d’ébrasement
fantasy_building_dimensions_v1.tsv	height	crenellated cornice (Béziers cathedral)	height from the chemin-de-ronde floor to the top of the cornice	1.18	m	1.180	Viollet-le-Duc, Dictionnaire raisonné, art. Créneau	measured	Du sol du chemin de ronde, au-dessus de la corniche B , il n’y a qu’un mètre dix-huit centimètres de hauteur
fantasy_building_dimensions_v1.tsv	sill_height_above_floor	castle gate (Château Gaillard, gate K)	door sill height above the ditch counterscarp	over 2	m	2.000	Viollet-le-Duc, Dictionnaire raisonné, art. Château	measured	En K s’ouvre la porte du château ; son seuil est élevé de plus de deux mètres au-dessus de la contrescarpe du fossé L .
fantasy_building_dimensions_v1.tsv	sill_height_above_floor	castle postern (Pierrefonds, postern V in curtain T)	postern sill height above the external base of the curtain	8	m	8.000	Viollet-le-Duc, Dictionnaire raisonné, art. Château	measured	En V , la courtine T est percée d’une large poterne munie de vantaux et d’un pont-levis ; le seuil de cette poterne est placé à huit mètres au-dessus de la base extérieure de la muraille.
fantasy_building_dimensions_v1.tsv	diameter	tower oubliette (Pierrefonds, SW tower)	diameter of the well mouth / oculus in the crown of the cave vault (only access)	1.60	m	1.600	Viollet-le-Duc, Dictionnaire raisonné, art. Château	measured	puits dont l’ouverture de 1 m ,60 de diamètre correspond à l’œil pratiqué au centre de la voûte elliptique de la cave
fantasy_building_dimensions_v1.tsv	depth	tower oubliette (Pierrefonds, SW tower)	cave depth, floor to vault crown	7	m	7.000	Viollet-le-Duc, Dictionnaire raisonné, art. Château	measured	Au-dessus du rez-de-chaussée est un étage voûté en arcs ogives, et au-dessous de cet étage une cave d’une profondeur de 7 mètres, voûtée en calotte elliptique.
fantasy_building_dimensions_v1.tsv	depth	tower oubliette (Pierrefonds, SW tower)	depth of the well sunk in the cave floor	8	m	8.000	Viollet-le-Duc, Dictionnaire raisonné, art. Château	measured	au centre de l’aire de cette cave circulaire est creusé un puits, qui nous a paru avoir huit mètres de profondeur, bien qu’en partie comblé
fantasy_building_dimensions_v1.tsv	internal_length	great hall block (Montargis, 2nd half 13th c.)	hall length x width, dans oeuvre	50 x 16	m	50.000	Viollet-le-Duc, Dictionnaire raisonné, art. Salle	documented-reconstruction	Ce vaisseau, l’un des plus grands qui fussent en France, avait 50 mètres de longueur sur 16 mètres, dans œuvre.
fantasy_building_dimensions_v1.tsv	internal_length	great hall block (Palais de Paris, Philippe le Bel)	hall length x width, dans oeuvre	70.50 x 27.50	m	70.500	Viollet-le-Duc, Dictionnaire raisonné, art. Salle	measured	La grand’salle proprement dite a 70 m ,50 de long sur 27 m ,50 de large dans œuvre.
fantasy_building_dimensions_v1.tsv	internal_length	quadrangular castle block (Villandraut, mid-13th c.)	overall block length x width, dans oeuvre	47.50 x 39.00	m	47.500	Viollet-le-Duc, Dictionnaire raisonné, art. Château	measured	Le château de Villandraut près Bazas, bâti vers le milieu du XIII e siècle, nous fait voir déjà des tours très-fortes et saillantes sur les courtines, flanquant à chaque angle un parallélogramme de 47 m ,50 sur 39 m ,00 dans œuvre.
fantasy_building_dimensions_v1.tsv	length	quadrangular castle block (Villandraut)	inner courtyard length x width	25.00 x 30.00	m	30.000	Viollet-le-Duc, Dictionnaire raisonné, art. Château	measured	des logements étaient disposés à l’intérieur le long des quatre faces, de manière à laisser une cour de 25 m ,00 sur 30 m ,00 environ
fantasy_building_dimensions_v1.tsv	height	corner tower (Villandraut)	tower height, crownings excluded	27.00	m	27.000	Viollet-le-Duc, Dictionnaire raisonné, art. Château	measured	Les tours du château de Villandraut ont 27 m ,00 de hauteur, non compris les couronnements qui sont détruits, sur 11 m ,00 et 12 m ,00 de diamètre
fantasy_building_dimensions_v1.tsv	diameter	corner tower (Villandraut)	tower diameter	11.00 and 12.00	m	11.000	Viollet-le-Duc, Dictionnaire raisonné, art. Château	measured	Les tours du château de Villandraut ont 27 m ,00 de hauteur, non compris les couronnements qui sont détruits, sur 11 m ,00 et 12 m ,00 de diamètre
fantasy_building_dimensions_v1.tsv	diameter	flanking tower of a castle enceinte (Coucy, towers C, D, S, T)	tower diameter hors oeuvre x height above external ground	18 x 35	m	35.000	Viollet-le-Duc, Dictionnaire raisonné, art. Château	measured	Ces tours, qui n’ont pas moins de dix-huit mètres de diamètre hors œuvre sur trente-cinq mètres de hauteur environ au-dessus du sol extérieur, ne sont rien auprès du donjon
fantasy_building_dimensions_v1.tsv	diameter	donjon (Coucy) — Château-article figures, differ from the Donjon-article figures already in fortification_dimensions_v1.tsv (30.50 m dia., 55 m high)	donjon diameter hors oeuvre x total height, ditch bottom to crowning	31 x 64	m	64.000	Viollet-le-Duc, Dictionnaire raisonné, art. Château	measured	le donjon qui porte trente-un mètres de diamètre hors œuvre sur soixante-quatre mètres depuis le fond du fossé jusqu’au couronnement
fantasy_building_dimensions_v1.tsv	diameter	donjon (Louvre, Philippe-Auguste)	donjon diameter x height	20 x 30	m	30.000	Viollet-le-Duc, Dictionnaire raisonné, art. Château	measured	le donjon du Louvre n’avait que vingt mètres de diamètre environ sur trente mètres de haut ; le donjon de Coucy est bien autrement important, son diamètre étant de trente-un mètres et sa hauteur de soixante-cinq environ
fantasy_building_dimensions_v1.tsv	bay_spacing	scalloped inner enceinte (Château Gaillard, Richard I)	bay module of the lobed curtain: chord of each circular segment / straight curtain between segments	3 / 1	m	3.000	Viollet-le-Duc, Dictionnaire raisonné, art. Château	measured	c’est une suite de segments de cercle de trois mètres de corde environ, séparés par des portions de courtine d’un mètre seulement
fantasy_building_dimensions_v1.tsv	putlog_hole	timber hoarding, single deck, 13th c.	putlog socket, square, at chemin-de-ronde level	0.30 x 0.30	m	0.300	Viollet-le-Duc, Dictionnaire raisonné, art. Hourd	measured	On renonça aux trous doubles, on se contenta d’un seul rang de larges trous carrés (0,30 c. × 0,30 c. environ) percés au niveau des chemins de ronde
fantasy_building_dimensions_v1.tsv	member_section	timber hoarding, 13th c.	oak hoarding joist scantling (équarrissage, squared)	0.30	m	0.300	Viollet-le-Duc, Dictionnaire raisonné, art. Hourd	measured	et, en effet, une pièce de bois de chêne de 0,30 c. d’équarrissage, fût-elle de trois mètres en bascule, peut porter un poids énorme
fantasy_building_dimensions_v1.tsv	projection	timber hoarding, 13th c.	hoarding projection (saillie) beyond the wall face, upper bound	1.95 (one toise)	m	1.950	Viollet-le-Duc, Dictionnaire raisonné, art. Hourd	author-rule	Or les hourds avaient rarement plus de 1 m ,95 c. de saillie (une toise).
fantasy_building_dimensions_v1.tsv	bay_spacing	double timber hoarding (Carcassonne, Porte Narbonnaise)	socket / joist spacing along the wall (bay of the hoarding gallery), 5 pieds ≈ 1.62 m	5 pieds	ft (pied de roi, ≈1.62 m)	1.524	Viollet-le-Duc, Dictionnaire raisonné, art. Hourd	documented-reconstruction	Leur base est traversée au niveau du chemin de ronde, par des trous de hourds de 0,30 c. de côté, régulièrement espacés. […] Les hourds doubles étaient donc disposés ainsi : de cinq pieds en cinq pieds passaient par les trous de hourds les fortes solives C
fantasy_building_dimensions_v1.tsv	projection	stone-corbelled hoarding (Coucy donjon, 1220-30)	stone corbel projection x thickness; 48 corbels round the cylinder	1.07 x 0.30	m	1.070	Viollet-le-Duc, Dictionnaire raisonné, art. Hourd	measured	ils ont établi, tout autour de l’énorme cylindre, quarante-huit consoles de pierre de 1 m ,07 de saillie sur 0,30 c. d’épaisseur, pour asseoir le hourdage
fantasy_building_dimensions_v1.tsv	height	stone-corbelled hoarding (Coucy donjon)	height of the hoarding foot above the ditch counterscarp	40	m	40.000	Viollet-le-Duc, Dictionnaire raisonné, art. Hourd	measured	Le pied des hourds de ce donjon célèbre, le plus grand de tous ceux que possède l’Europe, est à 40 mètres au-dessus de la contrescarpe du fossé.
fantasy_building_dimensions_v1.tsv	height	stone-corbelled hoarding (Coucy donjon)	height of the corbel course above the ditch bottom	46	m	46.000	Viollet-le-Duc, Dictionnaire raisonné, art. Hourd	measured	Nous avons tenu à nous rendre compte de la manière de poser ces hourds, à une hauteur de 46 mètres au-dessus du fond du fossé, sur des consoles isolées en contre-bas des crénelages.
fantasy_building_dimensions_v1.tsv	thickness	stone machicolation, early (pre-artillery) type	corbel thickness	0.30 to 0.40	m	0.350	Viollet-le-Duc, Dictionnaire raisonné, art. Château	measured	mais les consoles portant les parapets de la grosse tour cylindrique ne sont plus de simples corbeaux de 0,30 c. à 0,40 c. d’épaisseur ; ce sont de gros encorbellements, des pyramides posées sur la pointe
fantasy_building_dimensions_v1.tsv	diameter	castle well (Carcassonne, principal well, rock-cut through sandstone)	shaft internal diameter	2.57	m	2.570	Viollet-le-Duc, Dictionnaire raisonné, art. Puits	measured	Son diamètre intérieur est de 2 m ,57.
fantasy_building_dimensions_v1.tsv	depth	castle well (Carcassonne, principal well)	shaft depth (present state) / height of the water column	30.20 / up to 6.30	m	30.200	Viollet-le-Duc, Dictionnaire raisonné, art. Puits	measured	La profondeur actuelle est de 30 m ,20. La nappe d’eau s’élève parfois jusqu’à 6 m ,30 de hauteur, mais il est souvent à sec et en partie comblé.
fantasy_building_dimensions_v1.tsv	depth	castle well (Carcassonne, second well on a small square, 14th-c. margelle)	shaft depth / height of the water column	21.40 / 3.50	m	21.400	Viollet-le-Duc, Dictionnaire raisonné, art. Puits	measured	La profondeur de ce puits est de 21 m ,40, et la nappe d’eau de 3 m ,50.
fantasy_building_dimensions_v1.tsv	wall_thickness	well head (Carcassonne principal well, 14th-c. sandstone margelle)	bahut (kerb wall) height x thickness	1.00 x 0.22	m	1.000	Viollet-le-Duc, Dictionnaire raisonné, art. Puits	measured	Le bahut de grès, d’un mètre de hauteur et de 0 m ,22 d’épaisseur, supporte trois piles monolithes qui étaient reliées à leur sommet par trois poutres
fantasy_building_dimensions_v1.tsv	diameter	well shaft inside a buttress serving several storeys (Château-Landon abbey, 13th c.)	shaft internal diameter	1.05	m	1.050	Viollet-le-Duc, Dictionnaire raisonné, art. Puits	measured	on voit encore un puits de 1 m , 05 de diamètre, qui était disposé de manière à desservir plusieurs étages, ainsi que l’indique la coupe C
fantasy_building_dimensions_v1.tsv	diameter	medieval well, general range (towns, castles, cloisters, houses)	shaft internal diameter, dans oeuvre — 3 pieds (≈0.97 m) up to 2 or 3 toises (≈3.90-5.85 m)	3 pieds to 2-3 toises	ft (pied ≈0.325 m; toise ≈1.95 m)	0.914	Viollet-le-Duc, Dictionnaire raisonné, art. Puits	author-rule	Ils sont revêtus de pierres de taille ; leur diamètre est très-variable. Il est des puits qui n’ont que trois pieds de diamètre dans œuvre, d’autres qui ont jusqu’à deux et trois toises.
fantasy_building_dimensions_v1.tsv	putlog_hole	well winch (Château-Landon, treuil à rouet in a masonry recess)	squared timber of the winch axle, and the square socket holes cut in one course of masonry to take it	0.25	m	0.250	Viollet-le-Duc, Dictionnaire raisonné, art. Puits	measured	On voit encore en a , a′ , les trous carrés faits dans la pierre, ou plutôt ménagés dans une hauteur d’assise, qui servaient à passer l’arbre du treuil roulant dans le milieu d’une pièce de bois bien équarrie et de 25 centimètres de côté.
fantasy_building_dimensions_v1.tsv	length	motte-and-bailey earthwork castle (La Tusque, Sainte-Eulalie d’Ambarès)	bailey enclosure length x width	150 x 90-110	m	150.000	Viollet-le-Duc, Dictionnaire raisonné, art. Château	measured	un fossé C ferme le quatrième côté du parallélogramme, qui a 150 mètres de long sur 90 mètres à 110 mètres environ
fantasy_building_dimensions_v1.tsv	diameter	motte-and-bailey earthwork castle (La Tusque)	motte diameter / motte ditch width / vallum height x width	27 / 10-15 / 2 high x 10 wide	m	27.000	Viollet-le-Duc, Dictionnaire raisonné, art. Château	measured	Au milieu de ce parallélogramme s’élève une motte D de 27 mètres de diamètre dont le fossé varie en largeur de 10 à 15 mètres. Sur un des grands côtés en E s’élève un vallum haut de deux mètres environ et large de 10 mètres.
fantasy_building_dimensions_v1.tsv	width	Norman castle ditch cut in chalk (Arques, 11th c.)	ditch width, crest of the counterscarp to the base of the walls	25 to 30	m	27.500	Viollet-le-Duc, Dictionnaire raisonné, art. Château	measured	Ce fossé, fait à main d’homme et creusé dans la craie, n’a pas moins de 25 m à 30 m de largeur de la crête de la contrescarpe à la base des murailles.
fantasy_building_dimensions_v1.tsv	depth	rock-cut castle ditch, fond de cuve (Château Gaillard)	ditch width x depth	10 x 7-8	m	10.000	Viollet-le-Duc, Dictionnaire raisonné, art. Château	measured	En effet, le fossé est creusé dans le roc, à fond de cuve ; il a dix mètres de large environ sur sept à huit mètres de profondeur.
fantasy_building_dimensions_v1.tsv	width	castle ditch separating the château from its basse-cour (Coucy)	ditch width	20	m	20.000	Viollet-le-Duc, Dictionnaire raisonné, art. Château	measured	Un fossé de vingt mètres de largeur sépare le château de la basse-cour.
fantasy_building_dimensions_v1.tsv	wall_thickness	urban stone house, Hostelry of the Priors of Lewes, Southwark (London), 12th c.	wall thickness (vaulted undercroft / lower storey)	3 ft 3 in (0.99 m)	ft-in	0.990	Turner & Parker, Some Account of Domestic Architecture in England, IA someaccountofdom00turn leaf n163	measured	The walls were 3 ft. 3 in. thick.
fantasy_building_dimensions_v1.tsv	thickness	urban stone house, Southwark hostelry, 12th c.	vault thickness (chalk vault over undercroft)	9 in (0.23 m)	ft-in	0.230	Turner & Parker, IA someaccountofdom00turn leaf n163	measured	the vault was entirely chalk, 9 in. thick : the rest of the lower building rubble.
fantasy_building_dimensions_v1.tsv	wall_thickness	town house / civil building, gable wall	gable wall thickness (worked example: 4 m high on an 8 m base)	0.50	m	0.500	Viollet-le-Duc, Dictionnaire raisonné, art. Pignon, fig. 2	author-rule	Si (fig. 2) nous élevons un pignon A plein, de 4 mètres de hauteur sur 8 mètres de base, et 0 m ,50 d’épaisseur, nous aurons, en élévation, une surface bâtie de 16 mètres et un cube de 8 mètres.
fantasy_building_dimensions_v1.tsv	wall_thickness	town house, chimney stack with grouped flues	partition wall thickness between adjacent flues	0.10 to 0.20	m	0.150	Viollet-le-Duc, art. Cheminée (tuyaux et mitres de)	measured	Au lieu d’être cylindriques à l’intérieur, les tuyaux donnent, dans ce cas, les sections horizontales de parallélogrammes très-allongés séparés par des cloisons de 0,10 c. à 0,20 c. d’épaisseur.
fantasy_building_dimensions_v1.tsv	storey_height	town house with shop, 13th-15th c. French	storey height, ground storey (rez-de-chaussée), clear	3 to 4, rarely more	m	3.000	Viollet-le-Duc, art. Boutique	author-rule	mais cela était difficile à obtenir avec la pierre, sans le secours du bois et du fer, surtout lorsqu’on était limité par la hauteur des rez-de-chaussée, qui ne dépassait guère alors trois ou quatre mètres, et lorsqu’il fallait élever plusieurs étages au-dessus de ces rez-de-chaussée.
fantasy_building_dimensions_v1.tsv	storey_height	urban stone house, Southwark hostelry, 12th c.	storey height, undercroft floor to vault crown (clear)	14 ft 3 in (4.34 m)	ft-in	4.340	Turner & Parker, IA someaccountofdom00turn leaf n163	measured	The vaulted chamber formed a parallelogram of 40 ft. 3 in., by 16 ft. 6 in., and 14 ft. 3 in. high, the vaulted roof being supported by arches springing from six semi-circular pillars attached to the side walls ; these pillars were 5 ft. 10 in. high, including the capitals and base.
fantasy_building_dimensions_v1.tsv	level_difference	urban stone house, Southwark hostelry, 12th c.	floor level drop, undercroft floor below porch floor	"about 3.5 ft (1.07 m); OCR renders the fraction as ""3^ ft."""	ft-in	1.070	Turner & Parker, IA someaccountofdom00turn leaves n162-n163	measured	At the distance of 6 ft. 9 in. from the inner door there was a flight of steps to the chamber, the floor of which was nearly 3^ ft. lower
fantasy_building_dimensions_v1.tsv	opening_width	house street door (porte d'allée), pedestrian only, French medieval town house	door opening width	1.00 to 1.50	m	1.250	Viollet-le-Duc, art. Porte (Portes d'édifices civils extérieurs et intérieurs)	author-rule	Quant aux portes des maisons proprement dites, ces habitations, fussent-elles pourvues de cours, n’étaient toujours que ce que nous appelons des portes d’allée, c’est-à-dire disposées seulement pour des piétons, d’une largeur de 1 mètre à 1 m ,50, et d’une hauteur de 2 m ,50 à 3 mètres au plus.
fantasy_building_dimensions_v1.tsv	opening_height	house street door (porte d'allée), French medieval town house	door opening height (absolute maximum)	2.50 to 3.00 at most	m	2.500	Viollet-le-Duc, art. Porte	author-rule	Quant aux portes des maisons proprement dites, ces habitations, fussent-elles pourvues de cours, n’étaient toujours que ce que nous appelons des portes d’allée, c’est-à-dire disposées seulement pour des piétons, d’une largeur de 1 mètre à 1 m ,50, et d’une hauteur de 2 m ,50 à 3 mètres au plus.
fantasy_building_dimensions_v1.tsv	opening_height	interior door between rooms, medieval dwelling (any rank)	door opening height	2.00 to 2.50 at most	m	2.000	Viollet-le-Duc, art. Porte	author-rule	Ces portes ne s’élargissent qu’autant qu’elles servent de communication entre de grandes salles destinées à offrir une série de pièces propres à donner des fêtes ou à recevoir un grand concours de monde, mais elles conservent toujours une hauteur variant entre 2 mètres et 2 m ,50 au plus.
fantasy_building_dimensions_v1.tsv	opening_height	interior door between rooms, medieval dwelling	door opening height under lintel (hard ceiling, even when the door is made wide)	2.50 (never exceeded)	m	2.500	Viollet-le-Duc, art. Porte	author-rule	Si ces portes parfois sont larges, pour permettre une circulation facile, elles ne dépassent pas 2 m ,50 sous linteau.
fantasy_building_dimensions_v1.tsv	opening_height	interior door, medieval dwelling incl. princely houses	door opening height, NEGATIVE BOUND (modern 3-4 m doors do not occur)	never 3 to 4	m	3.000	Viollet-le-Duc, art. Porte	author-rule	Dans aucune habitation du moyen âge, fût-elle princière, on ne trouverait de ces portes d’appartements ayant 3 ou 4 mètres de hauteur, comme dans nos hôtels modernes, par cette raison bien naturelle, que si nobles qu’elles fussent, les personnes passant par ces portes n’avaient pas une taille qui atteignit six pieds.
fantasy_building_dimensions_v1.tsv	storey_height	interior door with draught lobby (tambour / clotet), medieval dwelling	height of the timber draught lobby enclosing the door	6 to 7 pieds = 1.95 to 2.28 (at Viollet's pied = 0.325 m)	ft	0.325	Viollet-le-Duc, art. Porte	author-rule	Beaucoup de ces portes d’appartements étaient d’ailleurs garnies de tambours ou de clotets , qui, ne s’élevant qu’à une hauteur de 6 à 7 pieds, empêchaient l’air extérieur de pénétrer dans la pièce lorsqu’on ouvrait un vantail.
fantasy_building_dimensions_v1.tsv	length	urban stone house, Southwark hostelry, 12th c.	entrance porch, length x width	19 ft x 11 ft 9 in (5.79 x 3.58 m)	ft-in	5.791	Turner & Parker, IA someaccountofdom00turn leaf n162	measured	The porch extended 19 ft., and appeared to have been longer; its width was 11 ft. 9 in.
fantasy_building_dimensions_v1.tsv	distance	urban stone house, Southwark hostelry, 12th c.	distance from inner door to head of the internal stair flight	6 ft 9 in (2.06 m)	ft-in	2.060	Turner & Parker, IA someaccountofdom00turn leaves n162-n163	measured	At the distance of 6 ft. 9 in. from the inner door there was a flight of steps to the chamber, the floor of which was nearly 3^ ft. lower
fantasy_building_dimensions_v1.tsv	opening_width	civil Romanesque window, late 11th c. (château de Carcassonne, chamber window)	window opening width between the splay jambs	1.20	m	1.200	Viollet-le-Duc, art. Fenêtre, fig. 29	measured	Sa largeur totale entre les pieds-droits de l’ébrasement est de 1 m ,20, et la profondeur de cet ébrasement est de 0,60 c., moitié de la largeur.
fantasy_building_dimensions_v1.tsv	depth	civil Romanesque window, late 11th c.	window splay (ébrasement) depth — Viollet states it as half the width, a usable proportional rule	0.60 = half the 1.20 width	m	0.600	Viollet-le-Duc, art. Fenêtre, fig. 29	measured	Sa largeur totale entre les pieds-droits de l’ébrasement est de 1 m ,20, et la profondeur de cet ébrasement est de 0,60 c., moitié de la largeur.
fantasy_building_dimensions_v1.tsv	bay_spacing	mullioned window, civil and religious	maximum clear glazed bay between mullions	about 1.00 (stated also as intervals of trois pieds ≈ 0.98)	m	1.000	Viollet-le-Duc, art. Fenêtre	author-rule	On conçoit, par exemple, que les architectes ayant admis que pour maintenir les panneaux de vitraux il ne fallait pas laisser plus d’un mètre environ de vide entre les meneaux, à moins d’être entraîné à placer des montants en fer entre ces meneaux comme dans l’exemple précédent
fantasy_building_dimensions_v1.tsv	bay_spacing	mullioned window	maximum clear glazed bay, upper variant	1.00 to 1.30 at most (3 or 4 pieds)	m	1.000	Viollet-le-Duc, art. Meneau	author-rule	on voulut subdiviser ces espaces lorsqu’ils étaient très-larges, et au lieu de deux claires-voies on en établit quatre, de manière à ne plus avoir à vitrer que des vides de 1 m ,00 à 1 m ,30 au plus (3 ou 4 pieds).
fantasy_building_dimensions_v1.tsv	width	mullioned window	mullion count by opening width (generative rule): 2 m opening = 1 mullion, 4 m = 1 + 2, 8 m = 1 + 2 + 4	2 m -> 1; 4 m -> 3; 8 m -> 7	m	2.000	Viollet-le-Duc, art. Fenêtre, figs 21-23	author-rule	Soit une fenêtre de deux mètres de large à vitrer, l’architecte pose un meneau ( 21 ). Soit de quatre mètres, il pose un meneau principal et deux meneaux secondaires ( 22 ). Soit de huit mètres, il pose un meneau principal, deux meneaux secondaires et quatre tertiaires ( 23 ).
fantasy_building_dimensions_v1.tsv	depth	mullioned window, Saint-Urbain de Troyes (church — the only measured mullion scantling found; transferable to any stone mullion)	mullion section, thickness x depth (champ)	0.095 x 0.23	m	0.230	Viollet-le-Duc, art. Meneau	measured	Ces meneaux, qui n’ont que 0 m ,095 d’épaisseur sur 0 m ,23 de champ, suffisent pour maintenir les vitraux de fenêtres qui ont 4 m ,40 de largeur sur 9 m ,20 de hauteur de l’appui à la clef
fantasy_building_dimensions_v1.tsv	height	domestic window, French civil architecture to early 17th c.	casement / shutter leaf height, practical upper bound (3 m is already unworkable)	3 is not manoeuvrable	m	3.000	Viollet-le-Duc, art. Fenêtre	author-rule	Les meneaux et les traverses persistent dans les fenêtres de l’architecture civile française jusqu’au commencement du XVII e siècle, parce que jusqu’alors les croisées s’ouvraient par petites parties, et qu’on ne supposait pas qu’il fût commode de manœuvrer des châssis et des volets de trois mètres de hauteur.
fantasy_building_dimensions_v1.tsv	member_section	town house floor, 13th-15th c. French	floor joist (solive) scantling, square, varying with span	0.164 (6 pouces) to 0.22 (8 pouces)	m	0.164	Viollet-le-Duc, art. Solive	measured	Leur équarrissage, suivant les portées, varie entre 0 m ,22 (8 pouces) et 0 m ,164 (6 pouces).
fantasy_building_dimensions_v1.tsv	bay_spacing	town house floor, 15th c. (example from a house at Saint-Antonin, Tarn-et-Garonne)	floor joist spacing, centres	0.60 to 0.90	m	0.750	Viollet-le-Duc, art. Solive, fig. 2	measured	Ces sortes de solives sont espacées les unes des autres de 0 m ,60 à 0 m ,90, et reçoivent des entretoises qui portent l’aire et le plafonnage.
fantasy_building_dimensions_v1.tsv	bay_spacing	town house floor, medieval French	"joist spacing RULE — clear gap between joists equals the width of one joist (""tant plein que vide"")"	clear gap = 1 joist width	m	1.000	Viollet-le-Duc, art. Solive	author-rule	L’usage était de poser les solives tant plein que vide, c’est-à-dire qu’on laissait exactement entre chaque solive la largeur de l’une d’elles.
fantasy_building_dimensions_v1.tsv	member_section	town house floor, southern France (Narbonne, Béziers, Aigues-Mortes, Perpignan)	fir joist scantling, closely set, with beams close together	0.11 (4 pouces)	m	0.110	Viollet-le-Duc, art. Solive	measured	les poutres maîtresses sont assez voisines les unes des autres et les solives très-fines 0 m ,11 (4 pouces) et très-serrées.
fantasy_building_dimensions_v1.tsv	thickness	town house floor, southern France	floor board / madrier thickness laid over the joists, with cover fillets	0.06	m	0.060	Viollet-le-Duc, art. Solive	measured	Par-dessus est posé un lambrissage de forts madriers de 0 m ,06, avec couvre-joints, qui porte l’aire.
fantasy_building_dimensions_v1.tsv	width	grand town house (hôtel de Jacques Cœur, Bourges), 15th c.	fireplace opening, height under the mantel x width	1.66 high x 2.57 wide	m	1.660	Viollet-le-Duc, art. Cheminée	measured	Cette cheminée porte 1 m ,66 sous le manteau sur 2 m ,57 de largeur.
fantasy_building_dimensions_v1.tsv	depth	domestic fireplace, château de Vauce près Ébreuil (Allier)	fireplace mantel lintel depth (thickness of the manteau)	about 0.20	m	0.200	Viollet-le-Duc, art. Cheminée, fig. 3	measured	son manteau se compose de deux sommiers engagés dans le mur, portant sur les deux pieds-droits, et d’une clef ; il n’a que 0,20 c. d’épaisseur environ.
fantasy_building_dimensions_v1.tsv	diameter	large chimney stack, early 13th c. (abbaye de Saint-Lô, destroyed before 1845)	chimney shaft, external diameter of the octagonal turret flue	0.90 (hors œuvre)	m	0.900	Viollet-le-Duc, art. Cheminée (tuyaux et mitres de)	measured	Il existait, avant 1845, à l’abbaye de Saint-Lô, une énorme cheminée, du commencement du XIII e siècle, dont le tuyau était un véritable monument, une tourelle octogone de 0,90 c. de diamètre hors œuvre.
fantasy_building_dimensions_v1.tsv	length	urban stone house, Southwark hostelry, 12th c.	room length x width, vaulted undercroft (inferior hall) — internal	40 ft 3 in x 16 ft 6 in (12.27 x 5.03 m)	ft-in	12.268	Turner & Parker, IA someaccountofdom00turn leaf n163	measured	The vaulted chamber formed a parallelogram of 40 ft. 3 in., by 16 ft. 6 in., and 14 ft. 3 in. high
fantasy_building_dimensions_v1.tsv	diameter	urban stone house, Southwark hostelry, 12th c.	vault respond / attached half-round pier height including cap and base	5 ft 10 in (1.78 m)	ft-in	1.780	Turner & Parker, IA someaccountofdom00turn leaf n163	measured	the vaulted roof being supported by arches springing from six semi-circular pillars attached to the side walls ; these pillars were 5 ft. 10 in. high, including the capitals and base.
fantasy_building_dimensions_v1.tsv		urban stone town house, Gondorf on the Moselle, 13th c. (four storeys plus roof space, stepped gables)	room / building internal footprint	about 42 ft x 28 ft (12.80 x 8.53 m)	ft-in	12.802	Turner & Parker, IA someaccountofdom00turn leaf n502	measured	It is of four stories besides the space in the roof, and has stepped gables at each end. ... It measures internally about 42 ft. by 28 ft.
fantasy_building_dimensions_v1.tsv	internal_width	large 14th-15th c. building under an equilateral-triangle roof (Brittany, Picardy, Normandy)	clear internal width (dans œuvre) under a single big roof	up to 10 to 11	m	10.500	Viollet-le-Duc, art. Lucarne	measured	car bien que ces bâtiments fussent simples en épaisseur, ils contenaient quelquefois jusqu’à dix et onze mètres dans œuvre en largeur ; or, les combles étant tracés d’après un triangle équilatéral, on comprend que les faîtages devaient s’élever beaucoup au-dessus de la corniche.
fantasy_building_dimensions_v1.tsv	opening_width	timber external gallery / corridor on a house, carried on stone columns or posts	gallery / circulation width	1.00 to 1.50	m	1.250	Viollet-le-Duc, art. Galerie	measured	Ces galeries, légèrement construites en bois sur des colonnes de pierre ou sur des poteaux, n’avaient que la largeur d’un corridor, 1 m ,00 à 1 m ,50 c.
fantasy_building_dimensions_v1.tsv	storey_height	shop house, Saint-Antonin (Tarn-et-Garonne), 15th c.	shopfront opening, clear span at ground storey	not less than 7	m	7.000	Viollet-le-Duc, art. Boutique	measured	C’est une boutique d’une des maisons de Saint-Antonin ; son ouverture n’a pas moins de sept mètres ; sa construction remonte au XV e siècle.
fantasy_building_dimensions_v1.tsv	count	shop house, medieval French town	fall-down shutter / counter surface area	4 to 5	m	4.500	Viollet-le-Duc, art. Boutique	author-rule	Sur ces petits volets abattus, ne présentant qu’une surface de quatre ou cinq mètres, des fortunes solides se faisaient.
fantasy_building_dimensions_v1.tsv	roof_pitch	town house / civil building gable	roof pitch and gable triangle proportion (4 m rise on an 8 m base = 45 deg)	45	deg		Viollet-le-Duc, art. Pignon, fig. 2	author-rule	Si (fig. 2) nous élevons un pignon A plein, de 4 mètres de hauteur sur 8 mètres de base, et 0 m ,50 d’épaisseur
fantasy_building_dimensions_v1.tsv	roof_pitch	town house / civil building, steep-roofed	roof pitch (steep type) and the span range at which gable stabilising becomes necessary	more than 45 deg, at spans of 12 to 15 m	deg		Viollet-le-Duc, art. Pignon	author-rule	Mais quand on en vint à donner aux charpentes de combles une inclinaison de plus de 45 degrés, et que ces charpentes eurent jusqu’à 12 et 15 mètres d’ouverture, il fallut bien adopter des moyens extraordinaires pour maintenir dans un plan vertical ces énormes maçonneries triangulaires
fantasy_building_dimensions_v1.tsv	roof_pitch	14th-15th c. house/logis with a very tall roof (Brittany, Picardy, Normandy)	roof pitch — roof section set out on an equilateral triangle, i.e. 60 deg rafters	60 (equilateral triangle)	deg		Viollet-le-Duc, art. Lucarne	author-rule	or, les combles étant tracés d’après un triangle équilatéral, on comprend que les faîtages devaient s’élever beaucoup au-dessus de la corniche.
fantasy_building_dimensions_v1.tsv	member_section	dormer (lucarne) on a domestic roof	dormer timber scantling, squared	0.15 to 0.25	m	0.200	Viollet-le-Duc, art. Lucarne	measured	Les bois étaient forts de 0,15 c. à 0,25 c. d’équarrissage, et nettement coupés.
fantasy_building_dimensions_v1.tsv	storey_height	garderobe / latrine tower, château de Marcoussis, 13th c. (castle, but the shaft arrangement transfers to any tall house)	vertical shaft — NO floors at any level from ground storey to roof; roof set about 1.00 m above the head of the topmost window; four seats per storey over three storeys	0 floors over full height; roof 1.00 above top window	m	0.000	Viollet-le-Duc, art. Latrines, fig. 3	measured	Ces sièges étaient au nombre de quatre à chaque étage, et du sol D (rez-de-chaussée) au comble, posé à 1 m ,00 environ en contre-haut de la fenêtre supérieure E , il n’y avait pas de planchers.
fantasy_building_dimensions_v1.tsv	wall_thickness	urban timber house (maison en pan de bois), Dreux, mid-12th c	wall thickness (ground and upper storey) = scantling of the sablieres basses/hautes and poteaux that ARE the wall	0.19	m	0.190	"Viollet-le-Duc, Dictionnaire raisonné, ""Pan de bois"""	measured	Les sablières basses et hautes, les poteaux, étaient des bois de 7 pouces environ (19 centimètres) ; les jambages des fenêtres, des bois de 15 + 18 centimètres.
fantasy_building_dimensions_v1.tsv	opening_width	urban timber house, Dreux, mid-12th c	window jambage (potelet) scantling — window reveal depth x width	0.15 x 0.18	m	0.180	"Viollet-le-Duc, Dictionnaire raisonné, ""Pan de bois"""	measured	Les sablières basses et hautes, les poteaux, étaient des bois de 7 pouces environ (19 centimètres) ; les jambages des fenêtres, des bois de 15 + 18 centimètres.
fantasy_building_dimensions_v1.tsv	storey_height	urban timber house, Dreux, mid-12th c	vertical stack — storeys (the whole level-design section)	rez-de-chaussee + 1 jettied etage + galetas	storeys		"Viollet-le-Duc, Dictionnaire raisonné, ""Pan de bois"""	measured	Cette maison, exhaussée au XVe siècle, ne se composait primitivement que d’un rez-de-chaussée, d’un premier étage en encorbellement et d’un galetas.
fantasy_building_dimensions_v1.tsv	storey_height	urban timber house, Dreux, mid-12th c	[[PLATE-SCALED off fig. 2 section, its own vertical bar labelled 2m = 169 px, so 84.5 px/m. Partial section, so treat as +/- 0.2 m]] ground-storey floor-to-floor, ground line to the underside of the first-floor beam assembly	about 3.5	m	3.500	"Viollet-le-Duc, Dictionnaire raisonné, ""Pan de bois"", fig. 2 (plate Maison.bois.medievale.Dreux.4.png)"	measured	La figure 2 présente la coupe de ce pan de bois, elle indique le poteau intermédiaire A, renforçant la face du rez-de-chaussée et portant, au moyen d’un lien B, la poutre transversale C, laquelle soulage d’autant la portée de la sablière basse D du pan de bois supérieur.
fantasy_building_dimensions_v1.tsv	projection	urban timber house, Dreux, mid-12th c	[[PLATE-SCALED off fig. 2 at 84.5 px/m; measured face-of-post to face-of-post between the two levels]] jetty (encorbellement) projection of the first etage over the rez-de-chaussee	about 0.80	m	0.800	"Viollet-le-Duc, Dictionnaire raisonné, ""Pan de bois"", fig. 2"	measured	Cette maison, exhaussée au XVe siècle, ne se composait primitivement que d’un rez-de-chaussée, d’un premier étage en encorbellement et d’un galetas.
fantasy_building_dimensions_v1.tsv	wall_thickness	urban timber house, Chateaudun, late 13th c	wall thickness at the angle and the axis of the facade (corner post and axis post squared section)	0.22 and 0.24	m	0.220	"Viollet-le-Duc, Dictionnaire raisonné, ""Pan de bois"""	measured	Les poteaux d’angle et d’axe de la façade B ont 22 et 24 centimètres d’équarrissage ; tous les autres, ainsi que les sablières et solives, n’ont que 17 à 19 centimètres.
fantasy_building_dimensions_v1.tsv	wall_thickness	urban timber house, Chateaudun, late 13th c	wall thickness of every other post, and the sabliere and solive scantling	0.17 to 0.19	m	0.180	"Viollet-le-Duc, Dictionnaire raisonné, ""Pan de bois"""	measured	Les poteaux d’angle et d’axe de la façade B ont 22 et 24 centimètres d’équarrissage ; tous les autres, ainsi que les sablières et solives, n’ont que 17 à 19 centimètres.
fantasy_building_dimensions_v1.tsv	member_section	urban timber house, Chateaudun, late 13th c	floor joist (solive) spacing — the ceiling-void / crawl module	about 1.00	m	1.000	"Viollet-le-Duc, Dictionnaire raisonné, ""Pan de bois"""	measured	Ces solives étant espacées de près d’un mètre, elles reçoivent de plus faibles solives, ou plutôt des lambourdes, sur lesquelles sont posés les bardeaux avec entrevous, aire et carrelage.
fantasy_building_dimensions_v1.tsv	projection	urban timber house, Chateaudun, late 13th c	[[PLATE-SCALED off fig. 4. Its scale bar runs y=564..1006 px in five 1 m ticks = 442 px, so 88.4 px/m. Calibration cross-checked THREE ways on the same plate: the staffage man scales to 1.67 m; the posts in the section profile A scale to 0.19 / 0.18 / 0.16 m against Viollet's printed 17-19 cm; the door scales to a round 1.00 m. Precision +/- 0.05 m]] storey height, floor-to-floor (top of one jetty assembly to the top of the next)	3.35 (rez-de-chaussee), 3.35 (1er etage), 2.80 (2e etage)	m	3.350	"Viollet-le-Duc, Dictionnaire raisonné, ""Pan de bois"", fig. 4 (plate Maison.bois.medievale.Dreux.2.png)"	measured	Nous traçons (fig. 4) un de ces pans de bois, qui appartient, autant qu’on en peut juger par les profils, à la fin du XIIIe siècle
fantasy_building_dimensions_v1.tsv	headroom	urban timber house, Chateaudun, late 13th c	[[PLATE-SCALED off fig. 4 at 88.4 px/m]] clear storey height, floor to underside of the sabliere haute (playable headroom)	2.70 (rez-de-chaussee), 2.75 (1er etage), 2.15 (2e etage)	m	2.700	"Viollet-le-Duc, Dictionnaire raisonné, ""Pan de bois"", fig. 4"	measured	Les solives C des planchers posant sur les sablières hautes assemblées sur la tête des poteaux, sont soulagées par des goussets et liens D à l’intérieur et à l’extérieur, et peuvent ainsi recevoir à leur extrémité la sablière basse de l’étage au-dessus.
fantasy_building_dimensions_v1.tsv	member_section	urban timber house, Chateaudun, late 13th c	[[PLATE-SCALED off fig. 4 at 88.4 px/m; consistent to within 4 px at all three levels]] total depth of the floor / jetty assembly (sabliere haute below + solive ends and moulded band + sabliere basse above) — the dead zone between storeys	about 0.65	m	0.650	"Viollet-le-Duc, Dictionnaire raisonné, ""Pan de bois"", fig. 4 and fig. 5"	measured	On voit en g comment s’embrèvent les sablières basses h aux abouts des solives, et comment, entre chacune de ces solives, on a posé des entretoises moulurées i.
fantasy_building_dimensions_v1.tsv	opening_height	urban timber house, Chateaudun, late 13th c	[[PLATE-SCALED off fig. 4 at 88.4 px/m]] street door opening, clear width x height above the ground-storey sill	1.00 x 2.15	m	2.150	"Viollet-le-Duc, Dictionnaire raisonné, ""Pan de bois"", fig. 4"	measured	le tracé perspectif l figure le linteau m de la porte et son assemblage avec le poteau p, formant jambage
fantasy_building_dimensions_v1.tsv	opening_width	urban timber house, Chateaudun, late 13th c	[[PLATE-SCALED off fig. 4 at 88.4 px/m]] window opening per light, 1er etage — clear width x height (two lights per group, separated by a 0.19 m meneau post)	0.74 x 1.84	m	1.840	"Viollet-le-Duc, Dictionnaire raisonné, ""Pan de bois"", fig. 4"	measured	Le roulement du pan de bois est maintenu par des décharges E assez fortes, et des croix de Saint-André sous les appuis des fenêtres.
fantasy_building_dimensions_v1.tsv	opening_width	urban timber house, Chateaudun, late 13th c	[[PLATE-SCALED off fig. 4 at 88.4 px/m]] window opening per light, 2e etage — clear width x height; head sits directly under the sabliere haute	0.75 x 1.27	m	1.270	"Viollet-le-Duc, Dictionnaire raisonné, ""Pan de bois"", fig. 4"	measured	Le roulement du pan de bois est maintenu par des décharges E assez fortes, et des croix de Saint-André sous les appuis des fenêtres.
fantasy_building_dimensions_v1.tsv	sill_height_above_floor	urban timber house, Chateaudun, late 13th c	[[PLATE-SCALED off fig. 4 at 88.4 px/m]] window sill (appui) height above its own floor	0.80 (2e etage) to 0.90 (1er etage)	m	0.800	"Viollet-le-Duc, Dictionnaire raisonné, ""Pan de bois"", fig. 4"	measured	Le roulement du pan de bois est maintenu par des décharges E assez fortes, et des croix de Saint-André sous les appuis des fenêtres.
fantasy_building_dimensions_v1.tsv	bay_spacing	urban timber house, Chateaudun, late 13th c	[[PLATE-SCALED off fig. 4 at 88.4 px/m. THE MISSING BAY MODULE. Measured five ways: ground-storey post edges at x=212/293/369 px, and upper-storey window-light edges implying post axes at x=133/213/294 px. The 0.74 m light plus the 0.19 m meneau post sums to the same 0.91 m, so window and panel bays share one grid]] post spacing along the wall, axis to axis (bay length of the pan de bois)	about 0.90	m	0.900	"Viollet-le-Duc, Dictionnaire raisonné, ""Pan de bois"", fig. 4"	measured	Les poteaux d’angle et d’axe de la façade B ont 22 et 24 centimètres d’équarrissage ; tous les autres, ainsi que les sablières et solives, n’ont que 17 à 19 centimètres.
fantasy_building_dimensions_v1.tsv	member_section	urban timber house, Chateaudun, late 13th c	[[PLATE-SCALED off the section profile A of fig. 4 at 88.4 px/m; two successive jetties measured 24 and 26 px]] jetty projection per storey (solive-end encorbellement, no potences)	0.27 and 0.29	m	0.270	"Viollet-le-Duc, Dictionnaire raisonné, ""Pan de bois"", fig. 4"	measured	Les deux étages de pans de bois de face sont posés en encorbellement l’un sur l’autre, ainsi que l’indique le profil A.
fantasy_building_dimensions_v1.tsv	wall_thickness	urban timber house, Chateaudun, late 13th c	[[PLATE-SCALED off the section profile A of fig. 4 at 88.4 px/m. This is the calibration check, not an independent finding — it reproduces Viollet's printed 17-19 cm]] wall thickness measured in section, storey by storey from the ground up	0.16 (rez-de-chaussee), 0.18 (1er etage), 0.19 (2e etage)	m	0.160	"Viollet-le-Duc, Dictionnaire raisonné, ""Pan de bois"", fig. 4"	measured	Les poteaux d’angle et d’axe de la façade B ont 22 et 24 centimètres d’équarrissage ; tous les autres, ainsi que les sablières et solives, n’ont que 17 à 19 centimètres.
fantasy_building_dimensions_v1.tsv		urban timber house with corner oriel, Strasbourg type, late 14th-15th c	bretèche (corner oriel) face angle to the house face	45	deg		"Viollet-le-Duc, Dictionnaire raisonné, ""Pan de bois"""	measured	La face de la bretèche forme avec la face de la maison un angle de 45º
fantasy_building_dimensions_v1.tsv	width	timber-framed chapel, Saint-Gilles, Troyes (faubourg Croncels), 2nd half 14th c	[[PLATE-SCALED off fig. 6. The plan A carries its own 5 m bar = 74 px (14.8 px/m); the section B carries a separate 5 m bar = 297 px (59.4 px/m). Plan gives 5.19 m, section gives 5.49 m — the plan bar is coarse, so quote the range]] nave interior width (span between the wall frames)	5.2 to 5.5	m	5.350	"Viollet-le-Duc, Dictionnaire raisonné, ""Pan de bois"", fig. 6 (plate Chapelle.Saint.Gilles.Troyes.2.png)"	measured	Nous donnons (fig. 6) en A le plan, et en B la coupe transversale de la chapelle de Saint-Gilles.
fantasy_building_dimensions_v1.tsv	bay_spacing	timber-framed chapel, Saint-Gilles, Troyes, 2nd half 14th c	[[PLATE-SCALED off plan A of fig. 6 at 14.8 px/m. The narrow bay is Viollet's own third travee, and the text independently says it is narrower — a genuine text/plate agreement]] bay (travee) length along the nave — one post per travee	about 3.00 typical, about 2.40 for the narrow third travee under the fleche	m	3.000	"Viollet-le-Duc, Dictionnaire raisonné, ""Pan de bois"", fig. 6"	measured	Tout le système consiste en une suite de poteaux (un par travée et à chaque angle) reposant sur une sablière basse et portant des fermes ; une sablière haute relie le sommet, et deux cours d’entretoises, avec des écharpes et potelets, maintiennent le dévers.
fantasy_building_dimensions_v1.tsv	height	timber-framed chapel, Saint-Gilles, Troyes, 2nd half 14th c	[[PLATE-SCALED off section B of fig. 6 at 59.4 px/m]] wall frame height, ground line to the sabliere haute / entrait	4.2 to 4.5	m	4.350	"Viollet-le-Duc, Dictionnaire raisonné, ""Pan de bois"", fig. 6"	measured	Une flèche, dont l’amorce est tracée en D, couronne le comble sur la troisième travée, plus étroite que les autres.
fantasy_building_dimensions_v1.tsv	roof_pitch	timber-framed chapel, Saint-Gilles, Troyes, 2nd half 14th c	"[[PLATE-SCALED off section B of fig. 6; least-squares fit to the left rafter line over 250 px of run gives 61.6 deg, the right gives 62.4 deg. Sits inside the 60-65 deg band Viollet states in ""Charpente"" (already in viollet_dimensions_v1.tsv) — this is a measured instance of that rule, not a duplicate of it]] roof pitch"	about 62	deg		"Viollet-le-Duc, Dictionnaire raisonné, ""Pan de bois"", fig. 6"	measured	Les entraits et poinçons de la charpente sont apparents ; celle-ci est lambrissée.
fantasy_building_dimensions_v1.tsv	member_section	any timber-framed building — floor structure	floor joist (solive) scantling band, varying with span	0.22 (8 pouces) down to 0.164 (6 pouces)	m	0.220	"Viollet-le-Duc, Dictionnaire raisonné, ""Solive"""	measured	Leur équarrissage, suivant les portées, varie entre 0m,22 (8 pouces) et 0m,164 (6 pouces).
fantasy_building_dimensions_v1.tsv	bay_spacing	any timber-framed building — floor structure	joist spacing RULE: clear gap between joists equals the width of one joist ('tant plein que vide'), so spacing axis-to-axis = 2 x joist width, i.e. 0.33 to 0.44 m for the 0.164-0.22 m band above	gap = 1 joist width	m	1.000	"Viollet-le-Duc, Dictionnaire raisonné, ""Solive"""	author-rule	L’usage était de poser les solives tant plein que vide, c’est-à-dire qu’on laissait exactement entre chaque solive la largeur de l’une d’elles.
fantasy_building_dimensions_v1.tsv	bay_spacing	urban timber house, Saint-Antonin (Tarn-et-Garonne), 15th c	fir joist spacing (thin, deep joists set on edge)	0.60 to 0.90	m	0.750	"Viollet-le-Duc, Dictionnaire raisonné, ""Solive"""	measured	Ces sortes de solives sont espacées les unes des autres de 0m,60 à 0m,90, et reçoivent des entretoises qui portent l’aire et le plafonnage.
fantasy_building_dimensions_v1.tsv	member_section	southern French town house (Narbonne, Beziers, Aigues-Mortes, Perpignan)	fine close-set fir joists — scantling	0.11	m	0.110	"Viollet-le-Duc, Dictionnaire raisonné, ""Solive"""	measured	on n’employait que le sapin pour les planchers ; les poutres maîtresses sont assez voisines les unes des autres et les solives très-fines 0m,11 (4 pouces) et très-serrées
fantasy_building_dimensions_v1.tsv	thickness	southern French town house	madrier lambrissage over the joists, carrying the floor screed — thickness (the actual walkable deck)	0.06	m	0.060	"Viollet-le-Duc, Dictionnaire raisonné, ""Solive"""	measured	Par-dessus est posé un lambrissage de forts madriers de 0m,06, avec couvre-joints, qui porte l’aire.
fantasy_building_dimensions_v1.tsv	member_section	timber public building — customs house, Constance, 1388	ground-storey internal post — squared section at base and capital (the extreme upper bound for a post)	0.96	m	0.960	"Viollet-le-Duc, Dictionnaire raisonné, ""Poteau"""	measured	Sur une assise de grès A s’élève le poteau inférieur de bois d’orme, qui n’a pas moins de 0m,96 d’équarrissage à la base et au chapiteau, si bien que, comme l’indique la section B, chacun de ces poteaux a dû être pris dans un arbre de 1m,50 de diamètre, franc d’aubier.
fantasy_building_dimensions_v1.tsv	diameter	timber public building — customs house, Constance, 1388	tree diameter, free of sapwood, needed to cut that post	1.50	m	1.500	"Viollet-le-Duc, Dictionnaire raisonné, ""Poteau"""	measured	chacun de ces poteaux a dû être pris dans un arbre de 1m,50 de diamètre, franc d’aubier
fantasy_building_dimensions_v1.tsv	member_section	any medieval French roof — timber supply limit	chevrons portant ferme (principal rafters) — length available, at scantling 0.20 x 0.20	12 to 15 long, 0.20 x 0.20 section	m	12.000	"Viollet-le-Duc, Dictionnaire raisonné, ""Bois"""	measured	Les chevrons portant ferme sont eux-mêmes des bois de brin non refendus, et ces chevrons, qui ne comptent guère que soixante années, atteignent cependant parfois douze et quinze mètres de longueur sur un équarrissage de 0,20 × 0,20.
fantasy_building_dimensions_v1.tsv	width	tile-roofed building, Champagne / Troyes, 13th c onward	common rafter (chevron) width under a tile roof, laid 'tant plein que vide' so the gap equals the rafter width	0.11 wide, 0.11 gap	m	0.110	"Viollet-le-Duc, Dictionnaire raisonné, ""Tuile"""	measured	Ces chevrons avaient, lorsqu’il s’agissait de couvrir en tuiles, 0m,11 (faible) de large (4 pouces) ; ils laissaient donc entre eux un intervalle de 4 pouces.
fantasy_building_dimensions_v1.tsv	bay_spacing	tile-roofed building, Champagne / Troyes	rafter spacing, axis to axis (entre-axe) — set by the tile width, not chosen freely	0.22	m	0.220	"Viollet-le-Duc, Dictionnaire raisonné, ""Tuile"""	measured	L’espace entre les axes a, b, c était donc de 0m,22 (faible).
fantasy_building_dimensions_v1.tsv	width	tile-roofed building, Champagne / Troyes	master rafters carrying trusses, and intermediate chanlattes — widths	0.14 (maitres chevrons), 0.08 (chanlattes)	m	0.140	"Viollet-le-Duc, Dictionnaire raisonné, ""Tuile"""	measured	les maîtres chevrons portant fermes avaient 0m,14 (de 5 à 6 pouces) ; les chevrons intermédiaires, ou chanlattes, n’avaient que 0m,08 (3 pouces)
fantasy_building_dimensions_v1.tsv	bay_spacing	tile-roofed building, Champagne / Troyes	oak lath (latte) spacing up the slope — equals the tile pureau	0.115	m	0.115	"Viollet-le-Duc, Dictionnaire raisonné, ""Tuile"""	measured	Sur ces chevrons étaient clouées les lattes de chêne, espacées les unes des autres de 0m,115.
fantasy_building_dimensions_v1.tsv	thickness	tile-roofed building, Champagne / Troyes, 13th c onward	flat tile ('tuile ordinaire') — length x width, thickness given separately below	0.35 x 0.215	m	0.350	"Viollet-le-Duc, Dictionnaire raisonné, ""Tuile"""	measured	La première a 0m,35 sur 0m,215 de largeur (13 pouces sur 8).
fantasy_building_dimensions_v1.tsv	thickness	tile-roofed building, Champagne / Troyes	flat tile thickness, and exposed course (pureau) — three thicknesses of tile everywhere on the roof	0.022 thick, 0.115 pureau	m	0.022	"Viollet-le-Duc, Dictionnaire raisonné, ""Tuile"""	measured	Le pureau de ces tuiles n’est que de 0m,115. Or ces tuiles ayant 0m,35 de longueur, il y a toujours, sur le comble, trois épaisseurs de lames de terre cuite. L’épaisseur de ces tuiles champenoises est de 0m,022 (10 lignes).
fantasy_building_dimensions_v1.tsv	thickness	tile-roofed building, Burgundy / Nivernais, 12th c	earlier large flat tile — length x width x thickness	0.33 x 0.27 x 0.022	m	0.330	"Viollet-le-Duc, Dictionnaire raisonné, ""Tuile"""	measured	l’on commença par fabriquer de grandes tuiles plates de 0m,33 (1 pied) de long sur 0m,27 (10 pouces) de largeur, et d’une épaisseur de 0m,022 (10 lignes)
fantasy_building_dimensions_v1.tsv	length	ordinary brick or moellon building, south and west France	gutter tile (tuile gouttiere) laid at the eaves as a chéneau — length	0.65	m	0.650	"Viollet-le-Duc, Dictionnaire raisonné, ""Tuile"""	measured	Les tuiles gouttières que l’on trouve encore dans le midi et l’ouest de la France sont très-grandes ; elles mesurent en longueur 0m,65 (2 pieds)
fantasy_building_dimensions_v1.tsv	width	slate-roofed building, west and north France	slate unit size — width x height; and the narrow 'heridelle' grade	0.18 x 0.25 (ordinary), 0.10 x 0.38 (heridelle)	m	0.180	"Viollet-le-Duc, Dictionnaire raisonné, ""Ardoises"""	measured	Quant à leur longueur et largeur, généralement les anciennes ardoises employées dans l’ouest et dans le nord sont petites, de 0,18 c de largeur environ sur 0,25 c de hauteur ; souvent elles appartiennent à la série nommée aujourd’hui héridelle, et n’ayant que 0,10 c de large environ sur 0,38 c.
fantasy_building_dimensions_v1.tsv	thickness	slate-roofed building	slate thickness, by date	0.010 to 0.015 (12th-13th c), 0.005 to 0.008 (15th c)	m	0.010	"Viollet-le-Duc, Dictionnaire raisonné, ""Ardoises"""	measured	Les anciennes ardoises (nous parlons de celles des XIIe et XIIIe siècles) ont de dix à quinze millimètres d’épaisseur, tandis que celles du XVe siècle n’ont guère que de cinq à huit millimètres au plus.
fantasy_building_dimensions_v1.tsv	roof_pitch	slate-roofed building	slate exposure rule (pureau) — the visible part of each slate, hence the course pitch up the slope	1/3 to 1/4 of the slate height	m	1.000	"Viollet-le-Duc, Dictionnaire raisonné, ""Ardoises"""	author-rule	Le pureau étant du tiers ou du quart de la hauteur de l’ardoise, chaque point de la couverture est recouvert par trois ou quatre épaisseurs d’ardoises, et chaque ardoise ne laisse voir que le tiers ou le quart de sa hauteur.
fantasy_building_dimensions_v1.tsv	roof_pitch	any French roof before the late 12th c	roof pitch ceiling for a TILE covering — above this, tiles slide	45	deg		"Viollet-le-Duc, Dictionnaire raisonné, ""Ardoises"""	author-rule	jusque vers la fin du XIIe siècle, on ne leur donnait guère une pente supérieure à quarante-cinq degrés, ce qui est la pente la plus roide pour de la tuile, mais on crut devoir augmenter l’acuité des combles destinés à être couverts en ardoise
fantasy_building_dimensions_v1.tsv	length	shingle-roofed building, 15th-16th c	oak shingle (bardeau) — length x width (riven, not sawn)	0.22 x 0.08	m	0.220	"Viollet-le-Duc, Dictionnaire raisonné, ""Bardeau"""	measured	Leur longueur n’excède guère 0,22 c. et leur largeur 0,08 c.
fantasy_building_dimensions_v1.tsv	bay_spacing	urban timber house, rue du Marc no. 1, Reims, 15th c	principal room — interior span (length x width), with beam count giving the beam bay	15.00 x 6.50, 5 bays between 6 beams (beam spacing about 3.00)	m	15.000	"Viollet-le-Duc, Dictionnaire raisonné, ""Plafond"""	measured	Il recouvre une salle de 15 mètres de longueur sur 6m,50 de largeur, et se divise en cinq travées séparées par six poutres, les deux d’extrémités formant lambourdes.
fantasy_building_dimensions_v1.tsv	member_section	urban house, rue Saint-Pere, Chartres, late 15th c	floor joists set diagonally (on the angle), carrying brick voutains — scantling	0.32	m	0.320	"Viollet-le-Duc, Dictionnaire raisonné, ""Plafond"""	measured	Les solives ont 32 centimètres de côté (un pied) et placées sur la diagonale, elles offrent une grande roideur.
fantasy_building_dimensions_v1.tsv	thickness	urban house, rue Saint-Pere, Chartres, late 15th c	brick used for the voutains between those joists — thickness x side	0.03 x 0.10	m	0.100	"Viollet-le-Duc, Dictionnaire raisonné, ""Plafond"""	measured	Ces briques ont 3 centimètres d’épaisseur sur 10 centimètres de côté.
english_hall_dimensions_v1.tsv	internal_length	The Prior's House, Much Wenlock — first-floor hall	internal length	28 ft 6 in	ft in	8.687	Garner & Stratton, Domestic Architecture of England during the Tudor Period v.1	author-estimate	This hall measures about 28 feet 6 inches long and 19 feet wide, and is covered with a very good open timber roof, 13 feet 6 inches from the floor to the springing of the arched braces
english_hall_dimensions_v1.tsv	internal_width	The Prior's House, Much Wenlock — first-floor hall	internal width	19 ft	ft	5.791	Garner & Stratton, Domestic Architecture of England during the Tudor Period v.1	author-estimate	This hall measures about 28 feet 6 inches long and 19 feet wide, and is covered with a very good open timber roof, 13 feet 6 inches from the floor to the springing of the arched braces
english_hall_dimensions_v1.tsv	height	The Prior's House, Much Wenlock — first-floor hall	height from floor to springing of arched braces	13 ft 6 in	ft in	4.115	Garner & Stratton, Domestic Architecture of England during the Tudor Period v.1	measured	This hall measures about 28 feet 6 inches long and 19 feet wide, and is covered with a very good open timber roof, 13 feet 6 inches from the floor to the springing of the arched braces
english_hall_dimensions_v1.tsv	internal_length	The Prior's House, Much Wenlock — two-storey gallery	gallery internal length	nearly 100 ft	ft	30.480	Garner & Stratton, Domestic Architecture of England during the Tudor Period v.1	author-estimate	a two-storey gallery nearly 100 feet long and 6 feet wide along the whole length
english_hall_dimensions_v1.tsv	opening_width	The Prior's House, Much Wenlock — two-storey gallery	gallery internal width	6 ft	ft	1.829	Garner & Stratton, Domestic Architecture of England during the Tudor Period v.1	author-estimate	a two-storey gallery nearly 100 feet long and 6 feet wide along the whole length
english_hall_dimensions_v1.tsv	internal_length	Great Chalfield Manor House great hall	internal length	about 40 ft	ft	12.192	Garner & Stratton, Domestic Architecture of England during the Tudor Period v.1	author-estimate	The hall itself, which measures about 40 feet by 20 feet and 20 feet in height
english_hall_dimensions_v1.tsv	internal_width	Great Chalfield Manor House great hall	internal width	20 ft	ft	6.096	Garner & Stratton, Domestic Architecture of England during the Tudor Period v.1	author-estimate	The hall itself, which measures about 40 feet by 20 feet and 20 feet in height
english_hall_dimensions_v1.tsv	height	Great Chalfield Manor House great hall	height (internal, to roof)	20 ft	ft	6.096	Garner & Stratton, Domestic Architecture of England during the Tudor Period v.1	author-estimate	The hall itself, which measures about 40 feet by 20 feet and 20 feet in height
english_hall_dimensions_v1.tsv	internal_length	The Abbot's House, Muchelney — 'Cheese room'	internal length	about 25 ft	ft	7.620	Garner & Stratton, Domestic Architecture of England during the Tudor Period v.1	author-estimate	apartment, measuring about 25 feet long by 12 feet wide, known as the ‘Cheese room.’
english_hall_dimensions_v1.tsv	internal_width	The Abbot's House, Muchelney — 'Cheese room'	internal width	12 ft	ft	3.658	Garner & Stratton, Domestic Architecture of England during the Tudor Period v.1	author-estimate	apartment, measuring about 25 feet long by 12 feet wide, known as the ‘Cheese room.’
english_hall_dimensions_v1.tsv	sill_height_above_floor	Forde Abbey — entrance tower oriel	oriel sill height above external ground level	about 12 ft	ft	3.658	Garner & Stratton, Domestic Architecture of England during the Tudor Period v.1	author-estimate	an exceptionally fine two-storey oriel, starting about 12 feet from the ground level
english_hall_dimensions_v1.tsv	internal_length	Forde Abbey great hall (Abbot Chard's hall or refectory)	internal length (truncated by later work)	55 ft	ft	16.764	Garner & Stratton, Domestic Architecture of England during the Tudor Period v.1	measured	The hall, even now 55 feet long by 27 feet 9 inches wide
english_hall_dimensions_v1.tsv	internal_width	Forde Abbey great hall (Abbot Chard's hall or refectory)	internal width	27 ft 9 in	ft in	8.458	Garner & Stratton, Domestic Architecture of England during the Tudor Period v.1	measured	The hall, even now 55 feet long by 27 feet 9 inches wide
english_hall_dimensions_v1.tsv	internal_length	South Wraxall Manor House great hall	internal length (including the screens)	about 32 ft	ft	9.754	Garner & Stratton, Domestic Architecture of England during the Tudor Period v.1	author-estimate	The hall remains nearly intact: it measures about 32 feet in length, including the “screens , 20 feet in width, and 20 feet high to the springing of the open timber roof
english_hall_dimensions_v1.tsv	internal_width	South Wraxall Manor House great hall	internal width	20 ft	ft	6.096	Garner & Stratton, Domestic Architecture of England during the Tudor Period v.1	author-estimate	The hall remains nearly intact: it measures about 32 feet in length, including the “screens , 20 feet in width, and 20 feet high to the springing of the open timber roof
english_hall_dimensions_v1.tsv	internal_height	South Wraxall Manor House great hall	height to springing of open timber roof	20 ft	ft	6.096	Garner & Stratton, Domestic Architecture of England during the Tudor Period v.1	author-estimate	The hall remains nearly intact: it measures about 32 feet in length, including the “screens , 20 feet in width, and 20 feet high to the springing of the open timber roof
english_hall_dimensions_v1.tsv	internal_length	Manor House (Bede House), Lyddington — hall	internal length	about 47 ft	ft	14.326	Garner & Stratton, Domestic Architecture of England during the Tudor Period v.1	author-estimate	The hall, which measures about 47 feet long, 20 feet wide and 14 feet high, occupies the greater part of the single storey building
english_hall_dimensions_v1.tsv	internal_width	Manor House (Bede House), Lyddington — hall	internal width	20 ft	ft	6.096	Garner & Stratton, Domestic Architecture of England during the Tudor Period v.1	author-estimate	The hall, which measures about 47 feet long, 20 feet wide and 14 feet high, occupies the greater part of the single storey building
english_hall_dimensions_v1.tsv	height	Manor House (Bede House), Lyddington — hall	height to flat ribbed ceiling	14 ft	ft	4.267	Garner & Stratton, Domestic Architecture of England during the Tudor Period v.1	author-estimate	The hall, which measures about 47 feet long, 20 feet wide and 14 feet high, occupies the greater part of the single storey building
english_hall_dimensions_v1.tsv	internal_length	Horham Hall great hall	internal length	about 46 ft	ft	14.021	Garner & Stratton, Domestic Architecture of England during the Tudor Period v.1	author-estimate	it measures about 46 feet long by 24 feet wide, and is ceiled at a height of about 25 feet with a flat curved ceiling divided into panels by moulded ribs
english_hall_dimensions_v1.tsv	internal_width	Horham Hall great hall	internal width	24 ft	ft	7.315	Garner & Stratton, Domestic Architecture of England during the Tudor Period v.1	author-estimate	it measures about 46 feet long by 24 feet wide, and is ceiled at a height of about 25 feet with a flat curved ceiling divided into panels by moulded ribs
english_hall_dimensions_v1.tsv	internal_height	Horham Hall great hall	height to ceiling	about 25 ft	ft	7.620	Garner & Stratton, Domestic Architecture of England during the Tudor Period v.1	author-estimate	it measures about 46 feet long by 24 feet wide, and is ceiled at a height of about 25 feet with a flat curved ceiling divided into panels by moulded ribs
english_hall_dimensions_v1.tsv	internal_length	Fawsley Manor House great hall	internal length	about 52 ft	ft	15.850	Garner & Stratton, Domestic Architecture of England during the Tudor Period v.1	author-estimate	It measures about 52 feet long by 23 feet 6 inches wide with windows high up in the gable ends
english_hall_dimensions_v1.tsv	internal_width	Fawsley Manor House great hall	internal width	23 ft 6 in	ft in	7.163	Garner & Stratton, Domestic Architecture of England during the Tudor Period v.1	author-estimate	It measures about 52 feet long by 23 feet 6 inches wide with windows high up in the gable ends
english_hall_dimensions_v1.tsv	internal_length	Brenchley Parsonage drawing-room	internal length	about 19 ft	ft	5.791	Garner & Stratton, Domestic Architecture of England during the Tudor Period v.1	author-estimate	drawing-room measuring about 19 feet long by 16 feet 6 inches and 9 feet 3 inches high, oak panelled from floor to ceiling
english_hall_dimensions_v1.tsv	internal_width	Brenchley Parsonage drawing-room	internal width	16 ft 6 in	ft in	5.029	Garner & Stratton, Domestic Architecture of England during the Tudor Period v.1	author-estimate	drawing-room measuring about 19 feet long by 16 feet 6 inches and 9 feet 3 inches high, oak panelled from floor to ceiling
english_hall_dimensions_v1.tsv	internal_height	Brenchley Parsonage drawing-room	height to ceiling	9 ft 3 in	ft in	2.819	Garner & Stratton, Domestic Architecture of England during the Tudor Period v.1	author-estimate	drawing-room measuring about 19 feet long by 16 feet 6 inches and 9 feet 3 inches high, oak panelled from floor to ceiling
english_hall_dimensions_v1.tsv	internal_length	Aston Bury long gallery (top storey)	internal length	110 ft	ft	33.528	Garner & Stratton, Domestic Architecture of England during the Tudor Period v.1	measured	It measures internally 110 feet long by 17 feet 6 inches wide and receives its light from windows at each end
english_hall_dimensions_v1.tsv	internal_width	Aston Bury long gallery (top storey)	internal width	17 ft 6 in	ft in	5.334	Garner & Stratton, Domestic Architecture of England during the Tudor Period v.1	measured	It measures internally 110 feet long by 17 feet 6 inches wide and receives its light from windows at each end
english_hall_dimensions_v1.tsv	opening_width	Little Leighs Priory gatehouse	gate opening width (stone archway)	9 ft	ft	2.743	Garner & Stratton, Domestic Architecture of England during the Tudor Period v.1	measured	the stone archway, 9 feet wide, with good mouldings and very finely carved spandrils in high relief
english_hall_dimensions_v1.tsv	height	Layer Marney Hall gatehouse tower	height above external ground	about 70 ft	ft	21.336	Garner & Stratton, Domestic Architecture of England during the Tudor Period v.1	author-estimate	The gatehouse, which rises to a height of about 70 feet above the ground, consists of a central block, three storeys in height
english_hall_dimensions_v1.tsv	sill_height_above_floor	Parnham Manor House great hall	window sill height above floor (former west windows)	about 8 ft	ft	2.438	Garner & Stratton, Domestic Architecture of England during the Tudor Period v.1	author-estimate	the sills of the three large mullion- ed windows are all brought quite near to the floor. Pre- vious to 1810 there were win- dows on the western side as well as on the eastern, but the former only reached to about 8 feet from the floor
english_hall_dimensions_v1.tsv	internal_length	Guildhall of Corpus Christi, Lavenham — cellar (undercroft)	undercroft internal length	about 31 ft 9 in	ft in	9.677	Garner & Stratton, Domestic Architecture of England during the Tudor Period v.1	author-estimate	The cellar, which is about 31 feet 9 inches by 16 feet 10 inches, and 7 feet 3 inches high, is reached by a brick stair beneath the staircase
english_hall_dimensions_v1.tsv	internal_width	Guildhall of Corpus Christi, Lavenham — cellar (undercroft)	undercroft internal width	16 ft 10 in	ft in	5.131	Garner & Stratton, Domestic Architecture of England during the Tudor Period v.1	author-estimate	The cellar, which is about 31 feet 9 inches by 16 feet 10 inches, and 7 feet 3 inches high, is reached by a brick stair beneath the staircase
english_hall_dimensions_v1.tsv	height	Guildhall of Corpus Christi, Lavenham — cellar (undercroft)	undercroft height	7 ft 3 in	ft in	2.210	Garner & Stratton, Domestic Architecture of England during the Tudor Period v.1	author-estimate	The cellar, which is about 31 feet 9 inches by 16 feet 10 inches, and 7 feet 3 inches high, is reached by a brick stair beneath the staircase
english_hall_dimensions_v1.tsv	internal_length	Hampton Court Palace great hall	internal length	106 ft	ft	32.309	Garner & Stratton, Domestic Architecture of England during the Tudor Period v.1	measured	the span is about 40 feet, g. the height from floor to hammer-beams about 41 feet, and to apex about 60 feet; the hall, 106 feet long, is divided into seven bays
english_hall_dimensions_v1.tsv	roof_span	Hampton Court Palace great hall	internal width (roof span)	about 40 ft	ft	12.192	Garner & Stratton, Domestic Architecture of England during the Tudor Period v.1	author-estimate	the span is about 40 feet, g. the height from floor to hammer-beams about 41 feet, and to apex about 60 feet; the hall, 106 feet long, is divided into seven bays
english_hall_dimensions_v1.tsv	height	Hampton Court Palace great hall	height from floor to hammer-beams	about 41 ft	ft	12.497	Garner & Stratton, Domestic Architecture of England during the Tudor Period v.1	author-estimate	the span is about 40 feet, g. the height from floor to hammer-beams about 41 feet, and to apex about 60 feet; the hall, 106 feet long, is divided into seven bays
english_hall_dimensions_v1.tsv	internal_height	Hampton Court Palace great hall	height to ridge (apex)	about 60 ft	ft	18.288	Garner & Stratton, Domestic Architecture of England during the Tudor Period v.1	author-estimate	the span is about 40 feet, g. the height from floor to hammer-beams about 41 feet, and to apex about 60 feet; the hall, 106 feet long, is divided into seven bays
english_hall_dimensions_v1.tsv	internal_length	Hampton Court Palace — Great Watching Chamber (formerly Wolsey's hall)	internal length	71 ft	ft	21.641	Garner & Stratton, Domestic Architecture of England during the Tudor Period v.1	measured	it measures 71 feet long and 29 feet wide, and is now about 25 feet high, lighted by windows high in the wall
english_hall_dimensions_v1.tsv	internal_width	Hampton Court Palace — Great Watching Chamber (formerly Wolsey's hall)	internal width	29 ft	ft	8.839	Garner & Stratton, Domestic Architecture of England during the Tudor Period v.1	measured	it measures 71 feet long and 29 feet wide, and is now about 25 feet high, lighted by windows high in the wall
english_hall_dimensions_v1.tsv	internal_height	Hampton Court Palace — Great Watching Chamber (formerly Wolsey's hall)	height to ceiling	about 25 ft	ft	7.620	Garner & Stratton, Domestic Architecture of England during the Tudor Period v.1	author-estimate	it measures 71 feet long and 29 feet wide, and is now about 25 feet high, lighted by windows high in the wall
english_hall_dimensions_v1.tsv	internal_length	The Commandery (Hospital of St Wulstan), Worcester — great hall	internal length (before nineteenth-century truncation)	about 47 ft	ft	14.326	Garner & Stratton, Domestic Architecture of England during the Tudor Period v.1	author-estimate	it presented an uninterrupted apartment about 47 feet long and 26 feet wide, spanned by oak principals
english_hall_dimensions_v1.tsv	internal_width	The Commandery (Hospital of St Wulstan), Worcester — great hall	internal width	26 ft	ft	7.925	Garner & Stratton, Domestic Architecture of England during the Tudor Period v.1	author-estimate	it presented an uninterrupted apartment about 47 feet long and 26 feet wide, spanned by oak principals
english_hall_dimensions_v1.tsv	internal_length	Haddon Hall — private dining-parlour	internal length (exclusive of the oriel)	about 32 ft 6 in	ft in	9.906	Garner & Stratton, Domestic Architecture of England during the Tudor Period v.1	author-estimate	in the whole house, measures about 32 feet 6 inches long and 15 feet wide, exclusive of
english_hall_dimensions_v1.tsv	internal_width	Haddon Hall — private dining-parlour	internal width (exclusive of the oriel)	15 ft	ft	4.572	Garner & Stratton, Domestic Architecture of England during the Tudor Period v.1	author-estimate	in the whole house, measures about 32 feet 6 inches long and 15 feet wide, exclusive of
english_hall_dimensions_v1.tsv	internal_height	Haddon Hall — private dining-parlour	height to ceiling	10 ft 6 in	ft in	3.200	Garner & Stratton, Domestic Architecture of England during the Tudor Period v.1	ocr-uncertain	the oriel: it is to feet 6 inches high, and five oak beams spanning from wall to wall
english_hall_dimensions_v1.tsv	height	Great Cressingham Manor House	height of first-floor level above external ground (string-course)	about 13 ft	ft	3.962	Garner & Stratton, Domestic Architecture of England during the Tudor Period v.1	author-estimate	string-course, about 13 feet above the ground, which marks the first floor level
english_hall_dimensions_v1.tsv	internal_length	Hoghton Tower great hall	internal length (including the screens)	54 ft	ft	16.459	Garner & Stratton, Domestic Architecture of England during the Tudor Period v.1	measured	measuring with the “screens” 54 feet long, and nearly 26 feet wide
english_hall_dimensions_v1.tsv	internal_width	Hoghton Tower great hall	internal width	nearly 26 ft	ft	7.925	Garner & Stratton, Domestic Architecture of England during the Tudor Period v.1	author-estimate	measuring with the “screens” 54 feet long, and nearly 26 feet wide
english_hall_dimensions_v1.tsv	sill_height_above_floor	Hoghton Tower great hall	window sill height above floor (courtyard side)	7 ft	ft	2.134	Garner & Stratton, Domestic Architecture of England during the Tudor Period v.1	measured	The south side, looking into the courtyard, is entirely occupied by windows to within 7 feet cf the floor: beneath the sills the walls are panelled in oak
english_hall_dimensions_v1.tsv	internal_length	Borwick Hall — hall	internal length	30 ft	ft	9.144	Garner & Stratton, Domestic Architecture of England during the Tudor Period v.1	author-estimate	The hall measures about 23 feet 6 inches wide, 30 feet long, and 11 feet 6 inches high: it is lighted by three windows
english_hall_dimensions_v1.tsv	internal_width	Borwick Hall — hall	internal width	about 23 ft 6 in	ft in	7.163	Garner & Stratton, Domestic Architecture of England during the Tudor Period v.1	author-estimate	The hall measures about 23 feet 6 inches wide, 30 feet long, and 11 feet 6 inches high: it is lighted by three windows
english_hall_dimensions_v1.tsv	internal_height	Borwick Hall — hall	height to ceiling	11 ft 6 in	ft in	3.505	Garner & Stratton, Domestic Architecture of England during the Tudor Period v.1	author-estimate	The hall measures about 23 feet 6 inches wide, 30 feet long, and 11 feet 6 inches high: it is lighted by three windows
english_hall_dimensions_v1.tsv	opening_height	Kingston Maurward Manor House — entrance porch	door opening height (threshold to soffit of arch)	6 ft 9 in	ft in	2.057	Garner & Stratton, Domestic Architecture of England during the Tudor Period v.1	measured	The arch to the porch entrance is exceptionally low, being only 6 feet 9 inches from the threshold to the highest point of the soffit
english_hall_dimensions_v1.tsv	internal_length	Wilderhope Manor House — hall	internal length	about 29 ft	ft	8.839	Garner & Stratton, Domestic Architecture of England during the Tudor Period v.1	author-estimate	about 29 feet by 20 feet wide, exclusive of the oriel, and is 13 feet 9 inches high
english_hall_dimensions_v1.tsv	internal_width	Wilderhope Manor House — hall	internal width (exclusive of the oriel)	20 ft	ft	6.096	Garner & Stratton, Domestic Architecture of England during the Tudor Period v.1	author-estimate	about 29 feet by 20 feet wide, exclusive of the oriel, and is 13 feet 9 inches high
english_hall_dimensions_v1.tsv	internal_height	Wilderhope Manor House — hall	height to ceiling	13 ft 9 in	ft in	4.191	Garner & Stratton, Domestic Architecture of England during the Tudor Period v.1	measured	about 29 feet by 20 feet wide, exclusive of the oriel, and is 13 feet 9 inches high
english_hall_dimensions_v1.tsv	tread_depth	Wilderhope Manor House — newel staircase	stair width (tread length)	5 ft	ft	1.524	Garner & Stratton, Domestic Architecture of England during the Tudor Period v.1	measured	the steps, 5 feet wide, are formed of solid balks of oak framed into a central octagonal newel post 7 inches in diameter
english_hall_dimensions_v1.tsv	internal_length	Eltham Palace great hall	internal length	about 101 ft	ft	30.785	Garner & Stratton, Domestic Architecture of England during the Tudor Period v.1	ocr-uncertain	the hall being about tor feet long and 36 feet 3
english_hall_dimensions_v1.tsv	internal_width	Eltham Palace great hall	internal width	36 ft 3 in	ft in	11.049	Garner & Stratton, Domestic Architecture of England during the Tudor Period v.1	ocr-uncertain	the hall being about tor feet long and 36 feet 3
english_hall_dimensions_v1.tsv	bay_spacing	Eltham Palace great hall	bay spacing (roof principals)	about 17 ft	ft	5.182	Garner & Stratton, Domestic Architecture of England during the Tudor Period v.1	author-estimate	There are five principals, spaced about 17 feet
english_hall_dimensions_v1.tsv	level_difference	Upper Slaughter Manor House — vaulted basement	level difference, forecourt down to vaulted basement	about 9 ft	ft	2.743	Garner & Stratton, Domestic Architecture of England during the Tudor Period v.1	ocr-uncertain	There is a difference of about g feet between the level of the forecourt and that of the vaulted basement of earlier date, which is entered from the back
english_hall_dimensions_v1.tsv	external_length	White Tower, Tower of London (keep)	external length x width	1 18 by 107 ft (=118 by 107 ft)	ft	32.614	Gotch, The Growth of the English House	ocr-uncertain	The White Tower of the Tower of London, begun by order of the Conqueror in the later years of the eleventh century, measures 1 18 by 107 ft.
english_hall_dimensions_v1.tsv		Rochester Castle keep	external plan side (square)	70 ft	ft	21.336	Gotch, The Growth of the English House	measured	The keep of Rochester Castle, built about 1 130, is 70 ft. square.
english_hall_dimensions_v1.tsv	external_length	Castle Hedingham keep	external length x width	60 by 55 ft	ft	16.764	Gotch, The Growth of the English House	measured	Castle Heding- ham in Essex, built about the same time, is 60 by 55 ft.
english_hall_dimensions_v1.tsv		Dover Castle keep	external plan side (square)	90 ft	ft	27.432	Gotch, The Growth of the English House	measured	the keep of Dover Castle (about 1154) is 90 ft. square
english_hall_dimensions_v1.tsv	external_length	Castle Rising keep	external length x width	75 by 60 ft	ft	18.288	Gotch, The Growth of the English House	measured	Castle Rising, Norfolk. The Keep. date, is 75 by 60 ft.
english_hall_dimensions_v1.tsv	external_length	Kenilworth Castle keep	external length x width	87 by 54 ft	ft	16.459	Gotch, The Growth of the English House	measured	Kenilworth, dating from the third quarter of the century, is 87 by 54 ft.
english_hall_dimensions_v1.tsv	external_length	Peak Castle keep	external length x width	40 by 36 ft	ft	10.973	Gotch, The Growth of the English House	author-estimate	while the Peak Castle in Derbyshire, erected about 1 176, measures some 40 by 36 ft.
english_hall_dimensions_v1.tsv	wall_thickness	unnamed (Norman keeps, general rule)	wall thickness (keep, external walls)	seldom less than 8 ft, and sometimes as much as 16 or 20 ft.	ft	2.438	Gotch, The Growth of the English House	author-estimate	These are all outside measurements, and as the walls were very thick, seldom less than 8 ft, and sometimes as much as 16 or 20 ft., the available space within them was much less than their total area.
english_hall_dimensions_v1.tsv	internal_length	Tower of London, White Tower - great room	internal length x width	90 ft. long by 37 ft. wide	ft	27.432	Gotch, The Growth of the English House	measured	Tower of London, 90 ft. long by 37 ft. wide
english_hall_dimensions_v1.tsv	internal_length	Castle Hedingham keep - main room	internal length x width	38 by 31 ft	ft	9.449	Gotch, The Growth of the English House	measured	in the medium-sized, such as Hedingham, rooms 38 by 31 ft.
english_hall_dimensions_v1.tsv	internal_length	Peak Castle keep - main room	internal length x width	22 by 19 ft	ft	5.791	Gotch, The Growth of the English House	measured	while in the smallest, such as the Peak Castle, the space was 22 by 19 ft., equal to the drawing-room of an ordinary house of the present day.
english_hall_dimensions_v1.tsv	internal_length	Castle Hedingham keep - one large room on each floor	internal length x width (repeated on every floor, walls honeycombed with mural chambers)	38 by 31 ft	ft	9.449	Gotch, The Growth of the English House	measured	con- sisting of a large room (38 by 31 ft.) on each floor, enclosed by thick walls which are honeycombed with mural chambers and recesses.
english_hall_dimensions_v1.tsv	diameter	Castle Hedingham keep - circular staircase	stair well diameter	more than 1 1 ft. (=11 ft)	ft	0.305	Gotch, The Growth of the English House	ocr-uncertain	Access to these various floors was given by a commodious circular staircase more than 1 1 ft. in 2. Castle Hedingham, Essex. The Keep {cir. 1130). ... diameter.
english_hall_dimensions_v1.tsv	span	Castle Hedingham keep - hall and entrance floor	span of transverse arch carrying floor above	nearly 30 ft.	ft	9.144	Gotch, The Growth of the English House	measured	Across the middle of the entrance floor and of the hall is thrown a fine bold semicircular arch, of nearly 30 ft. span, to carry the floor of the room over
english_hall_dimensions_v1.tsv	opening_width	Peak Castle - courtyard main entrance	gate opening width	some 5 or 6 ft.	ft	1.829	Gotch, The Growth of the English House	author-estimate	The chief of these was adjacent to the dale, and from the remains of the arch stones would appear to have been some 5 or 6 ft. wide.
english_hall_dimensions_v1.tsv	opening_height	Peak Castle keep - entrance door	door threshold height above ground (approached by ladder)	some 6 or 8 ft.	ft	2.438	Gotch, The Growth of the English House	author-estimate	a door some 6 or 8 ft. from the ground, and doubtless approached by a wood ladder.
english_hall_dimensions_v1.tsv	diameter	Peak Castle keep - circular staircase	stair well diameter	about 5 ft.	ft	1.524	Gotch, The Growth of the English House	author-estimate	Near this door a circular staircase of about 5 ft. in diameter led up to the roof and down to the lower room
english_hall_dimensions_v1.tsv	internal_length	Peak Castle keep - upper room	internal length x width (upper room, with garde-robe and mural chamber in wall)	about 22 by 19 ft.	ft	5.791	Gotch, The Growth of the English House	author-estimate	The upper room, about 22 by 19 ft. in size, was also lighted by two small windows ; in one wall was a garde-robe (g) with a shoot corbelled out from the wall ; in another was a small mural chamber (m) occupying one corner of the building
english_hall_dimensions_v1.tsv	height	unnamed (typical medieval hall, screens passage)	height of screen / floor of minstrels' gallery above hall floor	some lo or 12 ft. (=10 or 12 ft)	ft	3.658	Gotch, The Growth of the English House	ocr-uncertain	The screen did not extend the full height of the hall, but stopped short some lo or 12 ft. high, and was connected to the end wall by a floor, which thus at once served as a ceiling to the entrance
english_hall_dimensions_v1.tsv	height	unnamed (typical medieval hall, dais at upper end)	dais platform height above floor	some 6 inches	in	0.152	Gotch, The Growth of the English House	author-estimate	There was at this end a raised platform some 6 inches high, called the dal's, and it was on the da'is that the high table was placed.
english_hall_dimensions_v1.tsv	internal_length	Oakham Castle great hall	internal length x width	65 ft. long by 43 ft. wide	ft	19.812	Gotch, The Growth of the English House	measured	It is of such a large size, 65 ft. long by 43 ft. wide, that it serves for the Law Courts of the county
english_hall_dimensions_v1.tsv	bay_spacing	Oakham Castle great hall - arcade	bay spacing / arcade arch span (four arches dividing hall into nave and aisles)	about 15 ft.	ft	4.572	Gotch, The Growth of the English House	author-estimate	The four arches of the arcades are semicircular and of about 15 ft. span ; they rest on massive round pillars
english_hall_dimensions_v1.tsv	internal_length	Stokesay Castle great hall	internal length x width	52 by 31 ft.	ft	9.449	Gotch, The Growth of the English House	measured	The chief apartment, as usual, is the hall, not so large as that at Oakham, but still of fair size, 52 by 31 ft.
english_hall_dimensions_v1.tsv	internal_length	Abingdon Abbey guest-house (rooms adjoining the Prior's Room)	internal length	30 ft. long	ft	9.144	Gotch, The Growth of the English House	measured	They, too, lighted rooms of some importance, 30 ft. long, warmed by a large fire, handsomely roofed, and deco- rated in places with elaborate ornament.
english_hall_dimensions_v1.tsv	height	Haddon Hall - licensed enclosure wall	perimeter wall height (unbattlemented)	12 ft. high	ft	3.658	Gotch, The Growth of the English House	measured	the licence granted to Richard de Vernon ^o fortify his house of Haddon with a wall 12 ft. high 48 THE GROWTH OF THE ENGLISH HOUSE.
english_hall_dimensions_v1.tsv	internal_length	Kenilworth Castle great hall (John of Gaunt, cir. 1392)	internal length x width (hall standing on a vaulted undercroft)	90 ft. long by 45 ft. wide	ft	27.432	Gotch, The Growth of the English House	measured	The great hall, 90 ft. long by 45 ft. wide, occupied nearly the whole of the west front. It stood on a vaulted undercroft
english_hall_dimensions_v1.tsv	height	Glastonbury Abbey kitchen	height of square walls to springing of octagon	some 20 ft.	ft	6.096	Gotch, The Growth of the English House	author-estimate	The octagon is carried up to a height of some 20 ft., and is then vaulted on eight stone ribs up to a ventilating shaft
english_hall_dimensions_v1.tsv	internal_height	Glastonbury Abbey kitchen	internal height, floor to bottom of ventilating shaft (full ridge/apex height)	41 ft.	ft	12.497	Gotch, The Growth of the English House	measured	om the floor to the bottom of the ventilating shaft is 41 ft. ; the kitchen itself
english_hall_dimensions_v1.tsv		Glastonbury Abbey kitchen	internal plan side (square)	33 ft. 10 in.	ft in	10.312	Gotch, The Growth of the English House	measured	is 33 ft. 10 in. square.
english_hall_dimensions_v1.tsv	internal_length	Stanton Harcourt kitchen	internal length x width	25 ft. 9 in. one way, by 25 ft. 6 in. the other	ft in	7.849	Gotch, The Growth of the English House	measured	It is nearly square on plan, being 25 ft. 9 in. one way, by 25 ft. 6 in. the other — considerably smaller, therefore, than the Glastonbury example
english_hall_dimensions_v1.tsv	internal_height	Stanton Harcourt kitchen	internal height to wall-plate (bottom of roof)	39 ft.	ft	11.887	Gotch, The Growth of the English House	measured	The height here is nearly as great as that at Glastonbury, being 39 ft. to the bottom of the roof.
english_hall_dimensions_v1.tsv	internal_length	South Wingfield Manor House great hall	internal length x width (hall standing on a vaulted undercroft)	71 ft. 7 in. long by 36 ft. 5 in. wide	ft in	21.819	Gotch, The Growth of the English House	measured	The hall stands on a vaulted undercroft, and must have been a fine room ; it measures 71 ft. 7 in. long by 36 ft. 5 in. wide
english_hall_dimensions_v1.tsv	internal_length	Haddon Hall great hall	internal length x width	43 ft. by 28 ft.	ft	13.106	Gotch, The Growth of the English House	measured	and is considerably larger than the hall at Haddon, which is 43 ft. by 28 ft.
english_hall_dimensions_v1.tsv	height	Tattershall Castle brick tower	height to top of turrets	some 120 ft.	ft	36.576	Gotch, The Growth of the English House	author-estimate	It rises sheer from the ground ... to a vast height — some 120 ft. to the top of the turrets, and more than 100 ft. to the battlements.
english_hall_dimensions_v1.tsv	height	Tattershall Castle brick tower	height to battlements (rampart walk level)	more than 100 ft.	ft	30.480	Gotch, The Growth of the English House	author-estimate	some 120 ft. to the top of the turrets, and more than 100 ft. to the battlements.
english_hall_dimensions_v1.tsv	storey_height	Tattershall Castle brick tower - large room on each storey	internal length x width (one such room per storey, four lofty storeys over a cellar)	about 38 ft. by 22 ft.	ft	11.582	Gotch, The Growth of the English House	author-estimate	floor consisted of one large room about 38 ft. by 22 ft., supplemented by small chambers in three of the turrets, and by one or two others in the walls, which are some 12 ft. thick.
english_hall_dimensions_v1.tsv	wall_thickness	Tattershall Castle brick tower	wall thickness (containing mural chambers and a long vaulted passage)	some 12 ft. thick	ft	3.658	Gotch, The Growth of the English House	author-estimate	supplemented by small chambers in three of the turrets, and by one or two others in the walls, which are some 12 ft. thick.
english_hall_dimensions_v1.tsv	diameter	Tattershall Castle brick tower - circular staircase	stair well diameter	10 ft.	ft	3.048	Gotch, The Growth of the English House	measured	access from floor to floor is obtained by a circular staircase, 10 ft. in diameter. The rooms are approached from the stairs through vaulted lobbies, and on the third floor through a long vaulted passage in the thickness of the wall.
english_hall_dimensions_v1.tsv	sill_height_above_floor	unnamed (typical great hall - GENERAL SILL RULE)	window sill height above floor (ordinary hall side windows; bay window is the exception, brought down to floor)	some 10 or 12 ft.	ft	3.658	Gotch, The Growth of the English House	author-estimate	Its lights were brought down low enough to afford an outlook, whereas the other windows of the hall were kept up some 10 or 12 ft. from the floor.
english_hall_dimensions_v1.tsv	bay_spacing	unnamed (typical great hall roof, 14th-15th c.)	bay spacing (roof principals spanning the hall side to side)	twelve feet or thereabouts	ft		Gotch, The Growth of the English House	author-estimate	which spanned the hall from side to side at intervals of twelve feet or thereabouts.
english_hall_dimensions_v1.tsv	length	Holdenby House (1580)	external front lengths (two fronts of the house block)	360 ft. and 224 ft.	ft	109.728	Gotch, The Growth of the English House	measured	Its fronts were 360 ft. and 224 ft. long, as against 320 ft. and 220 ft. at Blenheim, and 324 ft. and 210 ft. at Castle Howard.
english_hall_dimensions_v1.tsv		Audley End (1610)	external frontages	470 ft. and 280 ft.	ft	143.256	Gotch, The Growth of the English House	measured	Audley End (1610) covered even more ground than Holdenby, its frontages extend- ing to 470 ft. and 280 ft.
english_hall_dimensions_v1.tsv	storey_height	"unnamed (published design, Kent's ""Designs of Inigo Jones"")"	storey height, principal (first) storey rooms	18 Feet high	ft	5.486	Gotch, The Growth of the English House	measured	The Rooms of the Plan are 18 Feet high; those above ’em
english_hall_dimensions_v1.tsv	storey_height	"unnamed (published design, Kent's ""Designs of Inigo Jones"")"	storey height, rooms of the storey above	16 Feet high	ft	4.877	Gotch, The Growth of the English House	measured	are 16 Feet high, except the Middle Room which comes over the Arcade to the Front, and includes the Attic Story.
english_hall_dimensions_v1.tsv	storey_height	unnamed (published designs, 18th c. fashion)	"internal height of a single double-storey ""middle room"""	as much as 40 ft. high	ft	12.192	Gotch, The Growth of the English House	author-estimate	it became fashionable (at any rate in published plans) to have one large and lofty room, sometimes as much as 40 ft. high.
english_hall_dimensions_v1.tsv	opening_width	unnamed (published designs, 18th c. attic storey)	window opening width (attic windows set in the frieze of the entablature)	3 or 4 ft.	ft	1.219	Gotch, The Growth of the English House	author-estimate	the windows of the attic storey are in the frieze of the entablature : this would allow a width of 3 or 4 ft., by a height which could ... only be measured in inches
english_hall_dimensions_v1.tsv	internal_length	Bishop's Palace, Salisbury - drawing-room	internal length x width (room built over 12th-c. vaulting)	50 ft. by 25 ft.	ft	15.240	Gotch, The Growth of the English House	measured	This is the drawing-room, built over some of Bishop Poore’s twelfth-century vaulting. It is 50 ft. by 25 ft., a fine apartment
english_hall_dimensions_v1.tsv	depth	unnamed (18th-c. design manual worked example, centre block)	external front length and depth	65 ft. frontage; from 40 to 45 ft. depth	ft	19.812	Gotch, The Growth of the English House	author-estimate	The builder at once replies that a 65 ft. frontage will answer the purpose. ... Sixty-five feet being the correct length of the front, it follows that from 40 to 45 ft. must be the depth.
english_hall_dimensions_v1.tsv	depth	unnamed (18th-c. design manual worked example, detached wings)	wing front length and depth, and offset from centre block	35 ft. front, 48 ft. depth; set 28 ft. to right and left and 13 ft. forward	ft	10.668	Gotch, The Growth of the English House	author-estimate	The best measure in proportion to the 65 ft. is 35 : accordingly that is to be the length of the front of each wing. As to their depth, “ for a house of this bigness and design, 48 ft. will be a good measure.”
english_hall_dimensions_v1.tsv	height	unnamed (17th-18th c. panelled interiors)	dado moulding height above floor (panelling divided into low and lofty ranges)	about 3 ft.	ft	0.914	Gotch, The Growth of the English House	author-estimate	a range of panels near the floor, surmounted by a horizontal moulding which made the circuit of the room at the height of about 3 ft. from the floor
english_hall_dimensions_v1.tsv	internal_length	Oakham Castle great hall	internal length	65 ft	ft	19.812	Turner, Domestic Architecture in England vol 1	measured	It measures inside DOMESTIC ARCHITECTURE : TWELFTH CENTURY. HALL OF OAKHAM CASTLE. 6CALE OF FEET. GROUND PLAN / OAKHAM CASTLE. 29 65 ft. by 43 ft., and is divided by two rows of pillars and arches, thus cutting off two aisles which are lean-tos.
english_hall_dimensions_v1.tsv	internal_width	Oakham Castle great hall	internal width	43 ft	ft	13.106	Turner, Domestic Architecture in England vol 1	measured	It measures inside DOMESTIC ARCHITECTURE : TWELFTH CENTURY. HALL OF OAKHAM CASTLE. 6CALE OF FEET. GROUND PLAN / OAKHAM CASTLE. 29 65 ft. by 43 ft., and is divided by two rows of pillars and arches, thus cutting off two aisles which are lean-tos.
english_hall_dimensions_v1.tsv	external_length	Priory of St Martin, refectory (now a barn)	external length	107 feet	ft	32.614	Turner, Domestic Architecture in England vol 1	measured	It measures exter- nally 107 feet by 34 feet, and the walls are 3 feet 6 inches in thickness.
english_hall_dimensions_v1.tsv	external_width	Priory of St Martin, refectory (now a barn)	external width	34 feet	ft	10.363	Turner, Domestic Architecture in England vol 1	measured	It measures exter- nally 107 feet by 34 feet, and the walls are 3 feet 6 inches in thickness.
english_hall_dimensions_v1.tsv	wall_thickness	Priory of St Martin, refectory (now a barn)	wall thickness	3 feet 6 inches	ft in	1.067	Turner, Domestic Architecture in England vol 1	measured	It measures exter- nally 107 feet by 34 feet, and the walls are 3 feet 6 inches in thickness.
english_hall_dimensions_v1.tsv	internal_length	Priory of St Martin, refectory (now a barn)	internal length	100 feet	ft	30.480	Turner, Domestic Architecture in England vol 1	measured	The interior measures 100 feet by 27 feet, and the walls to the springing of the roof are 26 feet high, and are plastered.
english_hall_dimensions_v1.tsv	internal_width	Priory of St Martin, refectory (now a barn)	internal width	27 feet	ft	8.230	Turner, Domestic Architecture in England vol 1	measured	The interior measures 100 feet by 27 feet, and the walls to the springing of the roof are 26 feet high, and are plastered.
english_hall_dimensions_v1.tsv	internal_height	Priory of St Martin, refectory (now a barn)	height to wall-plate (springing of roof)	26 feet	ft	7.925	Turner, Domestic Architecture in England vol 1	measured	The interior measures 100 feet by 27 feet, and the walls to the springing of the roof are 26 feet high, and are plastered.
english_hall_dimensions_v1.tsv	height	Priory of St Martin, refectory (now a barn)	height of blank lower wall below any opening	12 feet 6 inches	ft in	3.810	Turner, Domestic Architecture in England vol 1	measured	The lower part of the wall to the height of 12 feet 6 inches is entirely blank, and appears never to have had any opening through it, except the doorway at the south- west angle, already mentioned
english_hall_dimensions_v1.tsv	internal_length	Hostelry of the Priors of Lewes, porch	internal length	19 ft	ft	5.791	Turner, Domestic Architecture in England vol 1	measured	The porch extended 19 ft., and appeared to have been longer; its width was 11 ft. 9 in.
english_hall_dimensions_v1.tsv	internal_width	Hostelry of the Priors of Lewes, porch	internal width	11 ft. 9 in.	ft in	3.581	Turner, Domestic Architecture in England vol 1	measured	The porch extended 19 ft., and appeared to have been longer; its width was 11 ft. 9 in.
english_hall_dimensions_v1.tsv	internal_length	Hostelry of the Priors of Lewes, vaulted chamber (undercroft below hall)	internal length	40 ft. 3 in.	ft in	12.268	Turner, Domestic Architecture in England vol 1	measured	The vaulted chamber formed a parallelogram of 40 ft. 3 in., by 16 ft. 6 in., and 14 ft. 3 in. high, the vaulted roof being supported by arches springing from six semi- circular pillars attached to the side walls
english_hall_dimensions_v1.tsv	internal_width	Hostelry of the Priors of Lewes, vaulted chamber (undercroft below hall)	internal width	16 ft. 6 in.	ft in	5.029	Turner, Domestic Architecture in England vol 1	measured	The vaulted chamber formed a parallelogram of 40 ft. 3 in., by 16 ft. 6 in., and 14 ft. 3 in. high, the vaulted roof being supported by arches springing from six semi- circular pillars attached to the side walls
english_hall_dimensions_v1.tsv	height	Hostelry of the Priors of Lewes, vaulted chamber (undercroft below hall)	undercroft height (to crown of vault)	14 ft. 3 in.	ft in	4.343	Turner, Domestic Architecture in England vol 1	measured	The vaulted chamber formed a parallelogram of 40 ft. 3 in., by 16 ft. 6 in., and 14 ft. 3 in. high, the vaulted roof being supported by arches springing from six semi- circular pillars attached to the side walls
english_hall_dimensions_v1.tsv	height	Hostelry of the Priors of Lewes, vaulted chamber (undercroft below hall)	height of vault springing above floor (pillar incl. cap and base)	5 ft. 10 in.	ft in	1.778	Turner, Domestic Architecture in England vol 1	measured	these pillars were 5 ft. 10 in. high, including the capitals and base.
english_hall_dimensions_v1.tsv	wall_thickness	Hostelry of the Priors of Lewes, vaulted chamber (undercroft below hall)	wall thickness	3 ft. 3 in.	ft in	0.991	Turner, Domestic Architecture in England vol 1	measured	The walls were 3 ft. 3 in. thick.
english_hall_dimensions_v1.tsv	thickness	Hostelry of the Priors of Lewes, vaulted chamber (undercroft below hall)	vault web thickness	9 in.	in	0.229	Turner, Domestic Architecture in England vol 1	measured	the vault was entirely chalk, 9 in. thick : the rest of the lower building rubble.
english_hall_dimensions_v1.tsv		Hostelry of the Priors of Lewes, vaulted chamber (undercroft below hall)	undercroft floor level below porch floor	nearly 3^ ft.	ft	0.914	Turner, Domestic Architecture in England vol 1	ocr-uncertain	there was a flight of steps to the chamber, the floor of which was nearly 3^ ft. lower
english_hall_dimensions_v1.tsv	external_length	Norman house (probably of Baldwin de Redvers), by the keep mound	external length	about seventy feet	ft		Turner, Domestic Architecture in England vol 1	author-estimate	It is about seventy feet long, and twenty-four broad, its walls, like those of the keep, being exceedingly thick.
english_hall_dimensions_v1.tsv	external_width	Norman house (probably of Baldwin de Redvers), by the keep mound	external width	twenty-four	ft		Turner, Domestic Architecture in England vol 1	ocr-uncertain	It is about seventy feet long, and twenty-four broad, its walls, like those of the keep, being exceedingly thick.
english_hall_dimensions_v1.tsv	wall_thickness	London citizens' houses, statutory party wall (Assize of Buildings)	wall thickness	three feet	ft		Turner, Domestic Architecture in England vol 1	measured	and so they shall construct, at their joint cost, a stone wall, three feet thick and sixteen feet in height.
english_hall_dimensions_v1.tsv	storey_height	London citizens' houses, statutory party wall (Assize of Buildings)	party wall height (stone storey, timber above)	sixteen feet	ft		Turner, Domestic Architecture in England vol 1	measured	and so they shall construct, at their joint cost, a stone wall, three feet thick and sixteen feet in height.
english_hall_dimensions_v1.tsv	depth	London citizens' houses, statutory party wall (Assize of Buildings)	mural recess (arch) depth, each side of party wall	one foot	ft		Turner, Domestic Architecture in England vol 1	measured	let the arches be made on each side of the depth of one foot only, so that the wall between the arches may be one foot thick.
english_hall_dimensions_v1.tsv	internal_length	King's house for Edward I, upper chamber (camera ad estagiam)	internal length	seventy-two feet	ft		Turner, Domestic Architecture in England vol 1	measured	This building consisted of an upper chamber {camera ad estagiam) seventy-two feet long and twenty- eight feet wide, with two chimneys, a small chapel and two wardrobes, of masonry
english_hall_dimensions_v1.tsv	internal_width	King's house for Edward I, upper chamber (camera ad estagiam)	internal width	twenty- eight feet	ft		Turner, Domestic Architecture in England vol 1	ocr-uncertain	This building consisted of an upper chamber {camera ad estagiam) seventy-two feet long and twenty- eight feet wide, with two chimneys, a small chapel and two wardrobes, of masonry
english_hall_dimensions_v1.tsv	height	"Licence to crenellate ""Mockes"", enclosing wall"	enclosure wall height below the crenellation	ten feet	ft		Turner, Domestic Architecture in England vol 1	measured	with a wall of stone and lime, without tower or turret, so that the wall under the crenellation should be ten feet high.
english_hall_dimensions_v1.tsv	internal_length	Charney-Basset (the Monk's House), hall	internal length	about 36 feet	ft	10.973	Turner, Domestic Architecture in England vol 1	author-estimate	the foun- dations and part of the back wall appear to be original ; it was about 36 feet by 17.
english_hall_dimensions_v1.tsv	internal_width	Charney-Basset (the Monk's House), hall	internal width	17	ft	5.182	Turner, Domestic Architecture in England vol 1	author-estimate	the foun- dations and part of the back wall appear to be original ; it was about 36 feet by 17.
english_hall_dimensions_v1.tsv	internal_length	Charney-Basset (the Monk's House), chapel / private oratory over south wing	internal length	12 ft. 5 in.	ft in	3.785	Turner, Domestic Architecture in England vol 1	measured	and is itself so small (12 ft. 5 in. by 9 ft. 10 in.) that it appears to have been merely a private oratory
english_hall_dimensions_v1.tsv	internal_width	Charney-Basset (the Monk's House), chapel / private oratory over south wing	internal width	9 ft. 10 in.	ft in	2.997	Turner, Domestic Architecture in England vol 1	measured	and is itself so small (12 ft. 5 in. by 9 ft. 10 in.) that it appears to have been merely a private oratory
english_hall_dimensions_v1.tsv	internal_length	Charney-Basset (the Monk's House), south wing ground-floor room under the solar	internal length	30 feet	ft	9.144	Turner, Domestic Architecture in England vol 1	measured	the larger room is 30 feet by 16, and has an original fire-place in it
english_hall_dimensions_v1.tsv	internal_width	Charney-Basset (the Monk's House), south wing ground-floor room under the solar	internal width	16	ft	4.877	Turner, Domestic Architecture in England vol 1	measured	the larger room is 30 feet by 16, and has an original fire-place in it
english_hall_dimensions_v1.tsv	width	Stoke-Say (Stokesay) castle, moat	moat width	about 22 feet	ft	6.706	Turner, Domestic Architecture in England vol 1	author-estimate	The buildings and court-yard are surrounded with a moat about 22 feet wide, and which comes up close to the walls of the house
english_hall_dimensions_v1.tsv	internal_length	Stoke-Say (Stokesay) castle, great hall	internal length	51 ft	ft	15.545	Turner, Domestic Architecture in England vol 1	measured	occupied in its whole height and width by the hall, which is in the interior 51 ft. by 31.
english_hall_dimensions_v1.tsv	internal_width	Stoke-Say (Stokesay) castle, great hall	internal width	31	ft	9.449	Turner, Domestic Architecture in England vol 1	measured	occupied in its whole height and width by the hall, which is in the interior 51 ft. by 31.
english_hall_dimensions_v1.tsv	external_width	Stoke-Say (Stokesay) castle, tower projecting from north wing into the moat	external width	14 feet	ft	4.267	Turner, Domestic Architecture in England vol 1	measured	a tower pro- jecting from it into the moat, having very thick walls, and measuring 14 feet on the outside, and not quite 7 within.
english_hall_dimensions_v1.tsv	internal_width	Stoke-Say (Stokesay) castle, tower projecting from north wing into the moat	internal width	not quite 7	ft	2.134	Turner, Domestic Architecture in England vol 1	author-estimate	a tower pro- jecting from it into the moat, having very thick walls, and measuring 14 feet on the outside, and not quite 7 within.
english_hall_dimensions_v1.tsv	wall_thickness	Cottesford manor-house	wall thickness	two feet six inches	ft in		Turner, Domestic Architecture in England vol 1	measured	the general thickness of the walls is two feet six inches.
english_hall_dimensions_v1.tsv	internal_width	Cottesford manor-house, first-floor closet in north-west projection	internal width (square on plan)	about six feet	ft		Turner, Domestic Architecture in England vol 1	author-estimate	The first floor presents nothing remarkable but a small closet about six feet square in the north-west projection
english_hall_dimensions_v1.tsv	internal_length	Crowhurst manor-house (two-storey block, vaulted below)	internal length	40 ft	ft	12.192	Turner, Domestic Architecture in England vol 1	measured	They consist of portions of a building running east and west, and measuring internally 40 ft. by 23, and of a porch attached to the south-east angle.
english_hall_dimensions_v1.tsv	internal_width	Crowhurst manor-house (two-storey block, vaulted below)	internal width	23	ft	7.010	Turner, Domestic Architecture in England vol 1	measured	They consist of portions of a building running east and west, and measuring internally 40 ft. by 23, and of a porch attached to the south-east angle.
english_hall_dimensions_v1.tsv	external_length	Bishop's Palace, earlier block (long room or gallery over groin-vaulted ground floor)	external length	about 80 ft	ft	24.384	Turner, Domestic Architecture in England vol 1	author-estimate	The earlier portion is a building about 80 ft. by 40.
english_hall_dimensions_v1.tsv	external_width	Bishop's Palace, earlier block (long room or gallery over groin-vaulted ground floor)	external width	40	ft	12.192	Turner, Domestic Architecture in England vol 1	author-estimate	The earlier portion is a building about 80 ft. by 40.
english_hall_dimensions_v1.tsv	internal_length	Bishop's Palace, great hall (ruined, octagonal turret at each angle)	internal length	120 ft	ft	36.576	Turner, Domestic Architecture in England vol 1	measured	It was a magnificent room, 120 ft. by 70, with windows in the side.
english_hall_dimensions_v1.tsv	internal_width	Bishop's Palace, great hall (ruined, octagonal turret at each angle)	internal width	70	ft	21.336	Turner, Domestic Architecture in England vol 1	measured	It was a magnificent room, 120 ft. by 70, with windows in the side.
english_hall_dimensions_v1.tsv	external_length	Acton Burnell, bishop's house (parallelogram with corner towers)	external length	about ninety-five feet	ft		Turner, Domestic Architecture in England vol 1	author-estimate	The general form of the house at Acton Burnell is a parallelogram measuring about ninety-five feet by sixty, and having a small square tower at each angle.
english_hall_dimensions_v1.tsv	external_width	Acton Burnell, bishop's house (parallelogram with corner towers)	external width	sixty	ft		Turner, Domestic Architecture in England vol 1	author-estimate	The general form of the house at Acton Burnell is a parallelogram measuring about ninety-five feet by sixty, and having a small square tower at each angle.
english_hall_dimensions_v1.tsv	internal_length	Acton Burnell, hall	internal length	50 ft	ft	15.240	Turner, Domestic Architecture in England vol 1	measured	A. Hall, 50 ft by 24
english_hall_dimensions_v1.tsv	internal_width	Acton Burnell, hall	internal width	24	ft	7.315	Turner, Domestic Architecture in England vol 1	measured	A. Hall, 50 ft by 24
english_hall_dimensions_v1.tsv	internal_length	Old Soar manor-house, principal room (solar over vaulted undercroft)	internal length	25 ft	ft	7.620	Turner, Domestic Architecture in England vol 1	measured	The principal room is 25 ft. by 20; it has a fire-place in the north wall
english_hall_dimensions_v1.tsv	internal_width	Old Soar manor-house, principal room (solar over vaulted undercroft)	internal width	20	ft	6.096	Turner, Domestic Architecture in England vol 1	measured	The principal room is 25 ft. by 20; it has a fire-place in the north wall
english_hall_dimensions_v1.tsv	external_height	Old Soar manor-house, shaft beside the entrance doorway	corbel height above ground	about 5 ft	ft	1.524	Turner, Domestic Architecture in England vol 1	author-estimate	By its side is a short shaft, resting on a corbel about 5 ft. from the ground, with a foliated capital supporting a block of stone
english_hall_dimensions_v1.tsv	height	The Priory (present Deanery, formerly the prior's house), hall roof	roof-arch corbel height below wall-plate	about two feet	ft		Turner, Domestic Architecture in England vol 1	author-estimate	is supported by a wooden arch spring- ing from corbels, about two feet below the wall-plate, these corbels are carved into heads
english_hall_dimensions_v1.tsv	opening_width	Clarendon palace, windows under the queen's new wardrobe (writ of Henry III)	window opening width	one foot	ft		Turner, Domestic Architecture in England vol 1	measured	to make under the new wardrobe of the queen at Clarendon, four windows, each to be of the width of one foot, and to cause them to be well barred with iron ; taking care that those windows be so high, that no one standing on the areaf can see through them.
english_hall_dimensions_v1.tsv	internal_width	Clarendon palace, great square kitchen (writ of Henry III)	internal width and length (square, within the walls)	forty feet	ft		Turner, Domestic Architecture in England vol 1	ocr-uncertain	And nigh the king's kitchen he is to make another great, and square, kitchen, which is to be every way within the walls forty feet
english_hall_dimensions_v1.tsv	height	Windsor Castle, wall from the king's hall door to the galilee of the new chapel (writ of Henry III)	courtyard wall height	ten feet	ft		Turner, Domestic Architecture in England vol 1	measured	Godfrey de Lyston is ordered to build a certain stone wall ten feet high from the door of the king's hall at Windsor to the galileed of the new chapel, with a certain doorway, not too large, opposite the wardrobe
english_hall_dimensions_v1.tsv	internal_length	Windsor Castle, king's chamber against the castle wall (writ of Henry III)	internal length	sixty feet	ft		Turner, Domestic Architecture in England vol 1	measured	to make in our castle of Windsor a certain chamber for our use nigh the wall of the same castle of the length of sixty feet, and of the width of twenty-eight feet
english_hall_dimensions_v1.tsv	internal_width	Windsor Castle, king's chamber against the castle wall (writ of Henry III)	internal width	twenty-eight feet	ft		Turner, Domestic Architecture in England vol 1	ocr-uncertain	to make in our castle of Windsor a certain chamber for our use nigh the wall of the same castle of the length of sixty feet, and of the width of twenty-eight feet
english_hall_dimensions_v1.tsv	internal_length	Ludgershall, new hall replacing the old hall (writ of Henry III)	internal length	sixty feet	ft		Turner, Domestic Architecture in England vol 1	measured	a new hall in place of the old hall, which is to be sixty feet long and forty feet wide, with four upright b windows
english_hall_dimensions_v1.tsv	internal_width	Ludgershall, new hall replacing the old hall (writ of Henry III)	internal width	forty feet	ft		Turner, Domestic Architecture in England vol 1	ocr-uncertain	a new hall in place of the old hall, which is to be sixty feet long and forty feet wide, with four upright b windows
english_hall_dimensions_v1.tsv	internal_length	Dublin Castle, hall ordered after the pattern of Canterbury (writ of Henry III)	internal length	one hundred and twenty- feet	ft		Turner, Domestic Architecture in England vol 1	ocr-uncertain	to cause to be built in Dublin castle a hall containing one hundred and twenty- feet in length and eighty feet in width, with sufficient windows and glass casements, after the fashion of the hall at Canterbury
english_hall_dimensions_v1.tsv	internal_width	Dublin Castle, hall ordered after the pattern of Canterbury (writ of Henry III)	internal width	eighty feet	ft		Turner, Domestic Architecture in England vol 1	measured	to cause to be built in Dublin castle a hall containing one hundred and twenty- feet in length and eighty feet in width, with sufficient windows and glass casements, after the fashion of the hall at Canterbury
english_hall_dimensions_v1.tsv	diameter	Dublin Castle hall, round window in the gable over the dais (writ of Henry III)	round window circumference	thirty feet	ft		Turner, Domestic Architecture in England vol 1	ocr-uncertain	and they are to make in the gable over the dais a round window thirty feet in circumference
english_hall_dimensions_v1.tsv	internal_width	Marlborough Castle, queen's chamber with an upper story (writ of Henry III)	internal width (within the walls)	twenty-four feet	ft		Turner, Domestic Architecture in England vol 1	ocr-uncertain	so that the same chamber contain twenty-four feet in width within the walls of the same chamber
english_hall_dimensions_v1.tsv	internal_length	Guildford, solar over the new stone gateway (writ of Henry III)	internal length (within the walls)	thirty-two feet	ft		Turner, Domestic Architecture in England vol 1	ocr-uncertain	We order you to build a certain stone gateway at Guildford, and a certain solar above that gateway, of the length of thirty-two feet, within the walls, and of the width of eighteen feet
english_hall_dimensions_v1.tsv	internal_width	Guildford, solar over the new stone gateway (writ of Henry III)	internal width	eighteen feet	ft		Turner, Domestic Architecture in England vol 1	measured	We order you to build a certain stone gateway at Guildford, and a certain solar above that gateway, of the length of thirty-two feet, within the walls, and of the width of eighteen feet
english_hall_dimensions_v1.tsv	length	Winchester Castle, house of the king's chaplains - extension to carry a cellar and solar (writ of Henry III)	length of new cellar-and-solar extension	twenty-four feet	ft		Turner, Domestic Architecture in England vol 1	ocr-uncertain	to lengthen the house of the king's chaplains by twenty-four HISTORICAL ILLUSTRATIONS. 249 feet, so that a cellar and solar may be made of that [new] length
english_hall_dimensions_v1.tsv	bay_spacing	Hospital of St John, hall (built c.1160 by Henry II)	bay spacing (count of bays, three aisles)	eight bays in length	bays		Turner, Domestic Architecture in England vol 1	measured	It is eight bays in length, each bay has a separate vault, there are therefore twenty-four of these small domes, but they are so low as not to interfere with the external roof.
english_hall_dimensions_v1.tsv	internal_length	Tower-house on the Moselle	internal length	about 42 ft	ft	12.802	Turner, Domestic Architecture in England vol 1	author-estimate	It measures internally about 42 ft. by 28 ft.
english_hall_dimensions_v1.tsv	internal_width	Tower-house on the Moselle	internal width	28 ft	ft	8.534	Turner, Domestic Architecture in England vol 1	author-estimate	It measures internally about 42 ft. by 28 ft.
english_hall_dimensions_v1.tsv	internal_length	Manoir de la Courbe, first (smaller) hall	internal length	about 52 feet	ft	15.850	Turner, Domestic Architecture in England vol 1	author-estimate	The remains of two large halls are also mentioned, the one about 52 feet by 26, the other about 62 feet by 30d.
english_hall_dimensions_v1.tsv	internal_width	Manoir de la Courbe, first (smaller) hall	internal width	26	ft	7.925	Turner, Domestic Architecture in England vol 1	author-estimate	The remains of two large halls are also mentioned, the one about 52 feet by 26, the other about 62 feet by 30d.
english_hall_dimensions_v1.tsv	internal_length	Manoir de la Courbe, second (larger) hall	internal length	about 62 feet	ft	18.898	Turner, Domestic Architecture in England vol 1	author-estimate	The remains of two large halls are also mentioned, the one about 52 feet by 26, the other about 62 feet by 30d.
english_hall_dimensions_v1.tsv	internal_width	Manoir de la Courbe, second (larger) hall	internal width	30	ft	9.144	Turner, Domestic Architecture in England vol 1	author-estimate	The remains of two large halls are also mentioned, the one about 52 feet by 26, the other about 62 feet by 30d.
english_hall_dimensions_v1.tsv	internal_length	Elsdon Rectory, Northumberland — ground-floor vaulted apartment (undercroft)	internal length	27 ft. 10 in.	ft in	8.484	Turner/Parker, Domestic Architecture in England vol 2	measured	On the ground floor is a vaulted apart- ment, 12 ft. in height to the top of the arch, and 27 ft. 10 in. long, by 15 ft. 6 in. in width
english_hall_dimensions_v1.tsv	internal_width	Elsdon Rectory, Northumberland — ground-floor vaulted apartment (undercroft)	internal width	15 ft. 6 in.	ft in	4.724	Turner/Parker, Domestic Architecture in England vol 2	measured	On the ground floor is a vaulted apart- ment, 12 ft. in height to the top of the arch, and 27 ft. 10 in. long, by 15 ft. 6 in. in width
english_hall_dimensions_v1.tsv	height	Elsdon Rectory, Northumberland — ground-floor vaulted apartment (undercroft)	undercroft height (to crown of vault)	12 ft.	ft	3.658	Turner/Parker, Domestic Architecture in England vol 2	measured	On the ground floor is a vaulted apart- ment, 12 ft. in height to the top of the arch, and 27 ft. 10 in. long, by 15 ft. 6 in. in width
english_hall_dimensions_v1.tsv	wall_thickness	Elsdon Rectory, Northumberland — tower shell	wall thickness (external walling, whole tower)	7 ft. 8 in.	ft in	2.337	Turner/Parker, Domestic Architecture in England vol 2	measured	It is of good common walling, 7 ft. 8 in. in thickness, and its outside measurement is 43 ft. 2 in. by 30 ft. 10
english_hall_dimensions_v1.tsv	external_length	Elsdon Rectory, Northumberland — tower shell	external length	43 ft. 2 in.	ft in	13.157	Turner/Parker, Domestic Architecture in England vol 2	measured	It is of good common walling, 7 ft. 8 in. in thickness, and its outside measurement is 43 ft. 2 in. by 30 ft. 10
english_hall_dimensions_v1.tsv	external_width	Elsdon Rectory, Northumberland — tower shell	external width	30 ft. 10 in.	ft in	9.398	Turner/Parker, Domestic Architecture in England vol 2	measured	It is of good common walling, 7 ft. 8 in. in thickness, and its outside measurement is 43 ft. 2 in. by 30 ft. 10
english_hall_dimensions_v1.tsv	height	Elsdon Rectory, Northumberland — tower shell	height to top of parapet wall	42 ft.	ft	12.802	Turner/Parker, Domestic Architecture in England vol 2	measured	its height to the top of the parapet wall is 42 ft.
english_hall_dimensions_v1.tsv	opening_width	Elsdon Rectory, Northumberland — entrance passage	door/entrance passage width	4 ft. 6 in.	ft in	1.372	Turner/Parker, Domestic Architecture in England vol 2	measured	The entrance is by a passage on the north side, the width of which is 4 ft. 6 in.
english_hall_dimensions_v1.tsv	newel_diameter	Elsdon Rectory, Northumberland — newel staircase	newel stair diameter	5 ft. 8 in.	ft in	1.727	Turner/Parker, Domestic Architecture in England vol 2	measured	a newel stair- case 5 ft. 8 in. in diameter, and lighted by three narrow loop-holes
english_hall_dimensions_v1.tsv	storey_height	Elsdon Rectory, Northumberland — first floor	storey height (first floor)	10 ft. 8 in.	ft in	3.251	Turner/Parker, Domestic Architecture in England vol 2	measured	This leads to the first floor 10 ft. 8 in. high
english_hall_dimensions_v1.tsv	internal_length	Belsay Castle, Northumberland — chief apartment (hall, first story)	internal length	43 ft.	ft	13.106	Turner/Parker, Domestic Architecture in England vol 2	measured	On the east side of the first story is the chief apartment, 43 ft. long by 21^ ft. broad, and nearly 17 ft. in height
english_hall_dimensions_v1.tsv	internal_width	Belsay Castle, Northumberland — chief apartment (hall, first story)	internal width	21^ ft. (21 1/2 ft.)	ft	6.553	Turner/Parker, Domestic Architecture in England vol 2	ocr-uncertain	On the east side of the first story is the chief apartment, 43 ft. long by 21^ ft. broad, and nearly 17 ft. in height
english_hall_dimensions_v1.tsv	internal_height	Belsay Castle, Northumberland — chief apartment (hall, first story)	internal height	nearly 17 ft.	ft	5.182	Turner/Parker, Domestic Architecture in England vol 2	author-estimate	On the east side of the first story is the chief apartment, 43 ft. long by 21^ ft. broad, and nearly 17 ft. in height
english_hall_dimensions_v1.tsv	external_length	Belsay Castle, Northumberland — tower shell	external length (north to south)	56J feet (56 1/2 ft.)	ft	17.221	Turner/Parker, Domestic Architecture in England vol 2	ocr-uncertain	The building measures externally from north to south 56J feet, and from east to west 47 feet 3 inches
english_hall_dimensions_v1.tsv	external_width	Belsay Castle, Northumberland — tower shell	external width (east to west)	47 feet 3 inches	ft in	14.402	Turner/Parker, Domestic Architecture in England vol 2	measured	The building measures externally from north to south 56J feet, and from east to west 47 feet 3 inches
english_hall_dimensions_v1.tsv	internal_length	Winchelsea, Sussex — vaulted cellar under a burgage plot (typical of many)	internal length	50 feet	ft	15.240	Turner/Parker, Domestic Architecture in England vol 2	measured	One of these cellars is 50 feet long by 18 wide and 12 high, and most of the others are of similar dimensions
english_hall_dimensions_v1.tsv	internal_width	Winchelsea, Sussex — vaulted cellar under a burgage plot (typical of many)	internal width	18 feet	ft	5.486	Turner/Parker, Domestic Architecture in England vol 2	measured	One of these cellars is 50 feet long by 18 wide and 12 high, and most of the others are of similar dimensions
english_hall_dimensions_v1.tsv	height	Winchelsea, Sussex — vaulted cellar under a burgage plot (typical of many)	undercroft height	12 feet	ft	3.658	Turner/Parker, Domestic Architecture in England vol 2	measured	One of these cellars is 50 feet long by 18 wide and 12 high, and most of the others are of similar dimensions
english_hall_dimensions_v1.tsv	internal_length	Corbridge parsonage Pele tower, Northumberland — first-floor room	internal length	nineteen feet	ft		Turner/Parker, Domestic Architecture in England vol 2	author-estimate	The first floor appears to have been a single room, nineteen feet long by thirteen wide, and about eight feet high, separated from the upper room by a wooden floor only
english_hall_dimensions_v1.tsv	internal_width	Corbridge parsonage Pele tower, Northumberland — first-floor room	internal width	thirteen feet	ft		Turner/Parker, Domestic Architecture in England vol 2	author-estimate	The first floor appears to have been a single room, nineteen feet long by thirteen wide, and about eight feet high, separated from the upper room by a wooden floor only
english_hall_dimensions_v1.tsv	internal_height	Corbridge parsonage Pele tower, Northumberland — first-floor room	internal height (to underside of timber floor above)	about eight feet	ft		Turner/Parker, Domestic Architecture in England vol 2	author-estimate	The first floor appears to have been a single room, nineteen feet long by thirteen wide, and about eight feet high, separated from the upper room by a wooden floor only
english_hall_dimensions_v1.tsv	internal_length	"Lapworth manor-house, Warwickshire (1314 mason's contract, Sir John Bishopsden) — ""sovereign chamber"" (the hall, upper storey, full length of house)"	internal length	forty feet	ft		Turner/Parker, Domestic Architecture in England vol 2	ocr-uncertain	""" the sovereign chamber,"" extend- ing the entire length of the mansion, was forty feet long and eighteen feet wide"
english_hall_dimensions_v1.tsv	internal_width	"Lapworth manor-house, Warwickshire (1314 mason's contract) — ""sovereign chamber"" (the hall, upper storey)"	internal width	eighteen feet	ft		Turner/Parker, Domestic Architecture in England vol 2	measured	""" the sovereign chamber,"" extend- ing the entire length of the mansion, was forty feet long and eighteen feet wide"
english_hall_dimensions_v1.tsv	internal_height	"Lapworth manor-house, Warwickshire (1314 mason's contract) — ""sovereign chamber"" (the hall, upper storey)"	internal height (floor to rafters)	nine feet	ft		Turner/Parker, Domestic Architecture in England vol 2	measured	"this "" sovereign chamber"" to be nine feet high from the floor to the rafters, and aluresf of stone two feet and a half in height were to be raised above the roof timbers"
english_hall_dimensions_v1.tsv	internal_length	Lapworth manor-house, Warwickshire (1314 mason's contract) — whole house	internal length (within the walls)	forty feet	ft		Turner/Parker, Domestic Architecture in England vol 2	ocr-uncertain	This building was to be forty feet in length within the walls, and eighteen feet in width
english_hall_dimensions_v1.tsv	wall_thickness	Lapworth manor-house, Warwickshire (1314 mason's contract) — end (gable) walls	wall thickness (end walls with the gables)	three feet and a half	ft		Turner/Parker, Domestic Architecture in England vol 2	measured	the end walls with the gables were to be three feet and a half in thickness, and the back and front walls two feet and a half
english_hall_dimensions_v1.tsv	wall_thickness	Lapworth manor-house, Warwickshire (1314 mason's contract) — front and back walls	wall thickness (back and front walls)	two feet and a half	ft		Turner/Parker, Domestic Architecture in England vol 2	measured	the end walls with the gables were to be three feet and a half in thickness, and the back and front walls two feet and a half
english_hall_dimensions_v1.tsv	storey_height	Lapworth manor-house, Warwickshire (1314 mason's contract) — ground storey (doorway and base chambers)	storey height (ground to first rafters)	eleven feet	ft		Turner/Parker, Domestic Architecture in England vol 2	measured	this doorway, together with the base chambers, to be eleven feet in height from the ground to the first rafters
english_hall_dimensions_v1.tsv	height	Lapworth manor-house, Warwickshire (1314 mason's contract) — parapet (alure)	parapet height above roof timbers	two feet and a half	ft		Turner/Parker, Domestic Architecture in England vol 2	measured	aluresf of stone two feet and a half in height were to be raised above the roof timbers
english_hall_dimensions_v1.tsv	internal_length	The Fish House, Meare, Somersetshire — whole house	internal length	about 32 ft.	ft	9.754	Turner/Parker, Domestic Architecture in England vol 2	author-estimate	the plan is a parallelogram about 32 ft. long by 16 ft. wide ; it is of two stories, the ground floor is divided into three rooms
english_hall_dimensions_v1.tsv	internal_width	The Fish House, Meare, Somersetshire — whole house	internal width	16 ft.	ft	4.877	Turner/Parker, Domestic Architecture in England vol 2	author-estimate	the plan is a parallelogram about 32 ft. long by 16 ft. wide ; it is of two stories, the ground floor is divided into three rooms
english_hall_dimensions_v1.tsv	storey_height	The Fish House, Meare, Somersetshire — ground-floor rooms	storey height (ground floor, to underside of upper floor)	about seven feet	ft		Turner/Parker, Domestic Architecture in England vol 2	author-estimate	These rooms are about seven feet high ; the floor of the upper rooms forms the roof of these, and is carried on stone corbels
english_hall_dimensions_v1.tsv	internal_length	Archbishop's Palace, Mayfield, Sussex — great hall	internal length	69 ft. 5 in.	ft in	21.158	Turner/Parker, Domestic Architecture in England vol 2	measured	The internal dimensions are very grand, 69 ft. 5 in. by 39 ft. 3 in.
english_hall_dimensions_v1.tsv	internal_width	Archbishop's Palace, Mayfield, Sussex — great hall	internal width	39 ft. 3 in.	ft in	11.963	Turner/Parker, Domestic Architecture in England vol 2	measured	The internal dimensions are very grand, 69 ft. 5 in. by 39 ft. 3 in.
english_hall_dimensions_v1.tsv	internal_length	Archbishop's Palace, Mayfield, Sussex — great hall (second, quoted authority)	internal length x width (conflicting figures for the same hall)	68 ft. by 38 ft.	ft	20.726	Turner/Parker, Domestic Architecture in England vol 2	author-estimate	The arches of the great hall yet remain. Its dimensions within are 68 ft. by 38 ft.
english_hall_dimensions_v1.tsv	internal_length	Archbishop's Palace, Mayfield, Sussex — entrance porch	internal length (porch, inside)	19 ft. 10 in.	ft in	6.045	Turner/Parker, Domestic Architecture in England vol 2	measured	The entrance porch (12 ft. 6 in. by 19 ft. 10 in. inside) is on the south side of the hall, in the westernmost bay
english_hall_dimensions_v1.tsv	internal_width	Archbishop's Palace, Mayfield, Sussex — entrance porch	internal width (porch, inside)	12 ft. 6 in.	ft in	3.810	Turner/Parker, Domestic Architecture in England vol 2	measured	The entrance porch (12 ft. 6 in. by 19 ft. 10 in. inside) is on the south side of the hall, in the westernmost bay
english_hall_dimensions_v1.tsv	projection	Archbishop's Palace, Mayfield, Sussex — hall buttresses	buttress footprint (projection x width)	3 ft. 10 in. by 7 ft. 6 in.	ft in	1.168	Turner/Parker, Domestic Architecture in England vol 2	measured	The great size of the buttresses, 3 ft. 10 in. by 7 ft. 6 in., is necessary in order to resist the thrust of the great arches across the hall
english_hall_dimensions_v1.tsv	projection	Archbishop's Palace, Mayfield, Sussex — hall parapet	parapet-carrying arch projection from wall face	about 9 in.	in	0.229	Turner/Parker, Domestic Architecture in England vol 2	author-estimate	above them are arches of segmental construction like those in the hall at Penshurst, projecting about 9 in. and carrying the parapet
english_hall_dimensions_v1.tsv	internal_length	Sutton Courtenay, Berkshire — hall	internal length	40 ft.	ft	12.192	Turner/Parker, Domestic Architecture in England vol 2	measured	s 40ft. by 23 ft. 10 in.; its original op
english_hall_dimensions_v1.tsv	internal_width	Sutton Courtenay, Berkshire — hall	internal width	23 ft. 10 in.	ft in	7.264	Turner/Parker, Domestic Architecture in England vol 2	measured	s 40ft. by 23 ft. 10 in.; its original op
english_hall_dimensions_v1.tsv	internal_length	Sutton Courtenay, Berkshire — solar (south wing)	internal length	about 35 feet	ft	10.668	Turner/Parker, Domestic Architecture in England vol 2	author-estimate	in this is the solar, which was probably about 35 feet by 17
english_hall_dimensions_v1.tsv	internal_width	Sutton Courtenay, Berkshire — solar (south wing)	internal width	17 feet	ft	5.182	Turner/Parker, Domestic Architecture in England vol 2	author-estimate	in this is the solar, which was probably about 35 feet by 17
english_hall_dimensions_v1.tsv	internal_length	Hurley Priory, Berkshire — upper room (dormitory)	internal length	66 ft.	ft	20.117	Turner/Parker, Domestic Architecture in England vol 2	ocr-uncertain	The size of the room is about 20 ft. 6' in. by 66 ft.
english_hall_dimensions_v1.tsv	internal_width	Hurley Priory, Berkshire — upper room (dormitory)	internal width	about 20 ft. 6' in. (20 ft. 6 in.)	ft in	6.248	Turner/Parker, Domestic Architecture in England vol 2	ocr-uncertain	The size of the room is about 20 ft. 6' in. by 66 ft.
english_hall_dimensions_v1.tsv	opening_width	Hurley Priory, Berkshire — dormitory windows (single-light trefoil-headed)	window opening width	2 ft. 5\ in. (2 ft. 5 1/2 in.)	ft in	0.749	Turner/Parker, Domestic Architecture in England vol 2	ocr-uncertain	The dimensions of these windows are rather peculiar, 2 ft. 5\ in. wide by 2 ft. 3g in. from the sill to the line of the springing of the arch
english_hall_dimensions_v1.tsv	opening_height	Hurley Priory, Berkshire — dormitory windows (single-light trefoil-headed)	window height from sill to springing of arch	2 ft. 3g in. (2 ft. 3 3/8 in.?)	ft in	0.610	Turner/Parker, Domestic Architecture in England vol 2	ocr-uncertain	The dimensions of these windows are rather peculiar, 2 ft. 5\ in. wide by 2 ft. 3g in. from the sill to the line of the springing of the arch
english_hall_dimensions_v1.tsv	internal_length	Gerrard's Hall crypt, London — merchant's vaulted lower storey (cellar/warehouse under the hall)	internal length	42 feet	ft	12.802	Turner/Parker, Domestic Architecture in England vol 2	measured	Its dimensions were 42 feet long by 21 wide
english_hall_dimensions_v1.tsv	internal_width	Gerrard's Hall crypt, London — merchant's vaulted lower storey (cellar/warehouse under the hall)	internal width	21 feet	ft	6.401	Turner/Parker, Domestic Architecture in England vol 2	measured	Its dimensions were 42 feet long by 21 wide
english_hall_dimensions_v1.tsv	wall_thickness	Dacre Castle, Cumberland — lower (ground) story	wall thickness (lower storey)	more than 8 feet	ft	2.438	Turner/Parker, Domestic Architecture in England vol 2	author-estimate	the walls are extremely thick, being more than 8 feet
english_hall_dimensions_v1.tsv	internal_length	Dacre Castle, Cumberland — mural bed-room in the wall thickness (second story)	internal length	8 ft. 6 in.	ft in	2.591	Turner/Parker, Domestic Architecture in England vol 2	measured	between this and the fire-place is a small bed-room 8 ft. 6 in. by 7 ft., entirely in the thickness of the wall
english_hall_dimensions_v1.tsv	internal_width	Dacre Castle, Cumberland — mural bed-room in the wall thickness (second story)	internal width	7 ft.	ft	2.134	Turner/Parker, Domestic Architecture in England vol 2	measured	between this and the fire-place is a small bed-room 8 ft. 6 in. by 7 ft., entirely in the thickness of the wall
english_hall_dimensions_v1.tsv	wall_thickness	Woodcroft House, Northamptonshire — main range	wall thickness (external walls)	from 2 ft. to 2 ft. 6 in.	ft in	0.610	Turner/Parker, Domestic Architecture in England vol 2	measured	The external walls are from 2 ft. to 2 ft. 6 in. thick, with well-finished ashlar facing
english_hall_dimensions_v1.tsv	wall_thickness	Woodcroft House, Northamptonshire — gateway walls (Bridges' earlier account, conflicting)	wall thickness (gateway range)	about four feet	ft		Turner/Parker, Domestic Architecture in England vol 2	ocr-uncertain	"The walls are about four feet with two large arches and seats of stone, thick."""
english_hall_dimensions_v1.tsv	external_length	Woodcroft House, Northamptonshire — main range	external length	about 100 feet	ft	30.480	Turner/Parker, Domestic Architecture in England vol 2	author-estimate	These remains consist of a parallelogram of about 100 feet long by 24 wide
english_hall_dimensions_v1.tsv	external_width	Woodcroft House, Northamptonshire — main range	external width	24 feet	ft	7.315	Turner/Parker, Domestic Architecture in England vol 2	author-estimate	These remains consist of a parallelogram of about 100 feet long by 24 wide
english_hall_dimensions_v1.tsv	diameter	Woodcroft House, Northamptonshire — attached circular tower	tower external diameter	about 15 feet	ft	4.572	Turner/Parker, Domestic Architecture in England vol 2	author-estimate	with an attached circular tower, about 15 feet di- ameter
english_hall_dimensions_v1.tsv	opening_height	Cantilupe Chantry House, Lincoln — lower-room windows	window opening height (in the clear)	four feet	ft		Turner/Parker, Domestic Architecture in England vol 2	measured	Those in the lower rooms were of a square form, four feet high in the clear, and scarcely three feet wide, divided into two lights by a plain mullion
english_hall_dimensions_v1.tsv	opening_width	Cantilupe Chantry House, Lincoln — lower-room windows	window opening width	scarcely three feet	ft		Turner/Parker, Domestic Architecture in England vol 2	author-estimate	Those in the lower rooms were of a square form, four feet high in the clear, and scarcely three feet wide, divided into two lights by a plain mullion
english_hall_dimensions_v1.tsv	sill_height_above_floor	Broughton Castle, Oxfordshire — room over the groined passage, squint into the chapel	opening sill height above floor	10 inches	in	0.254	Turner/Parker, Domestic Architecture in England vol 2	measured	Prom this room a square opening 10 inches from the floor, and 3 ft. 6 in. high, has been left into the chapel
english_hall_dimensions_v1.tsv	height	Broughton Castle, Oxfordshire — room over the groined passage, squint into the chapel	opening height	3 ft. 6 in.	ft in	1.067	Turner/Parker, Domestic Architecture in England vol 2	measured	Prom this room a square opening 10 inches from the floor, and 3 ft. 6 in. high, has been left into the chapel
english_hall_dimensions_v1.tsv	opening_width	Nunney Castle, Somersetshire — windows between the corner turrets	window opening width	two feet	ft		Turner/Parker, Domestic Architecture in England vol 2	measured	so nearly meet at the two ends of the house that there is barely room for a single window two feet wide between them
english_hall_dimensions_v1.tsv	storey_height	Nunney Castle, Somersetshire — ground-floor rooms	storey height (ground floor)	about ten feet	ft		Turner/Parker, Domestic Architecture in England vol 2	author-estimate	the rooms on the ground floor were about ten feet high, those on the front floor somewhat more lofty, and the two upper stories not so high
english_hall_dimensions_v1.tsv	internal_length	Meare manor-house, Somersetshire — hall (on the first floor)	internal length	about 60 feet	ft	18.288	Turner/Parker, Domestic Architecture in England vol 2	author-estimate	The hall is about 60 feet long by 22 wide
english_hall_dimensions_v1.tsv	internal_width	Meare manor-house, Somersetshire — hall (on the first floor)	internal width	22 feet	ft	6.706	Turner/Parker, Domestic Architecture in England vol 2	author-estimate	The hall is about 60 feet long by 22 wide
english_hall_dimensions_v1.tsv	height	Meare manor-house, Somersetshire — courtyard enclosure wall	enclosure wall height	about twelve feet	ft		Turner/Parker, Domestic Architecture in England vol 2	author-estimate	the other two sides have been enclosed by a wall about twelve feet high
english_hall_dimensions_v1.tsv	height	Caldecot Castle, Monmouthshire — great hall over cellar	hall floor height above outside ground level	some six feet	ft		Turner/Parker, Domestic Architecture in England vol 2	author-estimate	The floor of the hall was some six feet above the level of the present ground, and there remain a series of recesses in the wall beneath, which served for receiving the barrels, as this lower chamber was originally the cellar
english_hall_dimensions_v1.tsv	external_length	Caldecot Castle, Monmouthshire — whole enclosure	external length	one hundred feet	ft		Turner/Parker, Domestic Architecture in England vol 2	measured	The length is one hundred feet, the breadth varies from seventy to forty
english_hall_dimensions_v1.tsv	internal_length	Langley Castle, Northumberland — central space (four stories of floors)	internal length	about 80 feet	ft	24.384	Turner/Parker, Domestic Architecture in England vol 2	author-estimate	The central space is oblong, about 80 feet long by 24 wide internally : this space has not been vaulted, but was divided by floors into four stories
english_hall_dimensions_v1.tsv	internal_width	Langley Castle, Northumberland — central space (four stories of floors)	internal width	24 feet	ft	7.315	Turner/Parker, Domestic Architecture in England vol 2	author-estimate	The central space is oblong, about 80 feet long by 24 wide internally : this space has not been vaulted, but was divided by floors into four stories
english_hall_dimensions_v1.tsv	internal_length	Langley Castle, Northumberland — garderobe chambers off the principal apartment (south-west tower)	internal length and width (square chamber)	about twelve feet square	ft		Turner/Parker, Domestic Architecture in England vol 2	author-estimate	the chambers into which they open were about twelve feet square, with a doorway on each floor from the principal apartment
english_hall_dimensions_v1.tsv	external_length	Nursted Court, Kent — hall block (aisled timber hall in flint walls)	external length	79 ft.	ft	24.079	Turner/Parker, Domestic Architecture in England vol 2	measured	The external dimensions are 79 ft. by 34 ft. 9 in.
english_hall_dimensions_v1.tsv	external_width	Nursted Court, Kent — hall block (aisled timber hall in flint walls)	external width	34 ft. 9 in.	ft in	10.592	Turner/Parker, Domestic Architecture in England vol 2	measured	The external dimensions are 79 ft. by 34 ft. 9 in.
english_hall_dimensions_v1.tsv	internal_width	Nursted Court, Kent — hall aisles	aisle width (arcade posts set in from the wall)	about four feet	ft		Turner/Parker, Domestic Architecture in England vol 2	author-estimate	The roof was sometimes so framed as to stand about four feet within the walls, and to form by the timber columns on which it rested two small aisles and a centre, as at Nursted court, Kent
english_hall_dimensions_v1.tsv	thickness	Brougham Hall, Westmoreland — old gateway	gate leaf thickness (oak gates)	6 inches	in	0.152	Turner/Parker, Domestic Architecture in England vol 2	measured	The oak gates, 6 inches thick, are original, as also the crook and band hinges
english_hall_dimensions_v1.tsv	internal_length	Norborough (Northburgh) old manor-house, Northamptonshire — hall	internal length	36 feet	ft	10.973	Turner/Parker, Domestic Architecture in England vol 2	measured	the former a room of 36 by 24 feet, lighted by square-headed transomed windows, two on each side, separated from each other by a buttress
english_hall_dimensions_v1.tsv	internal_width	Norborough (Northburgh) old manor-house, Northamptonshire — hall	internal width	24 feet	ft	7.315	Turner/Parker, Domestic Architecture in England vol 2	measured	the former a room of 36 by 24 feet, lighted by square-headed transomed windows, two on each side, separated from each other by a buttress
english_hall_dimensions_v1.tsv	span	Norborough (Northburgh) old manor-house, Northamptonshire — gate-house to hall	courtyard span (gate-house front to hall front)	about fifty feet	ft		Turner/Parker, Domestic Architecture in England vol 2	author-estimate	Immediately facing this gate-house, and at a distance of about fifty feet, stand the hall and adjoining buildings
english_hall_dimensions_v1.tsv	internal_length	The Priory, Lincoln — hall (from the 1649 parliamentary survey)	internal length	40 feet	ft	12.192	Turner/Parker, Domestic Architecture in England vol 2	measured	consisteth of a faire hall, 40 feet long and 22 broad, with a buttery and cellar at the lower end of the said hall
english_hall_dimensions_v1.tsv	internal_width	The Priory, Lincoln — hall (from the 1649 parliamentary survey)	internal width	22 feet	ft	6.706	Turner/Parker, Domestic Architecture in England vol 2	measured	consisteth of a faire hall, 40 feet long and 22 broad, with a buttery and cellar at the lower end of the said hall
english_hall_dimensions_v1.tsv	external_length	Stanton St. Quentin manor-house, Wiltshire — whole range	external length	about 55 feet	ft	16.764	Turner/Parker, Domestic Architecture in England vol 2	author-estimate	is in plan a parallelogram, measuring about 55 feet by 34
english_hall_dimensions_v1.tsv	external_width	Stanton St. Quentin manor-house, Wiltshire — whole range	external width	34 feet	ft	10.363	Turner/Parker, Domestic Architecture in England vol 2	author-estimate	is in plan a parallelogram, measuring about 55 feet by 34
english_hall_dimensions_v1.tsv	internal_length	Bishop's Palace, Brecon (Wales) — north-south range (chief apartment, open roof full length)	internal length	about 45 feet	ft	13.716	Turner/Parker, Domestic Architecture in England vol 2	author-estimate	one run- ning north and south, and ending in a gable at each end, measuring about 45 feet by 20
english_hall_dimensions_v1.tsv	internal_width	Bishop's Palace, Brecon (Wales) — north-south range (chief apartment, open roof full length)	internal width	20 feet	ft	6.096	Turner/Parker, Domestic Architecture in England vol 2	author-estimate	one run- ning north and south, and ending in a gable at each end, measuring about 45 feet by 20
english_hall_dimensions_v1.tsv	internal_length	Bishop's Palace, Brecon (Wales) — east-west range with three-sided apse (probably the chapel)	internal length	about 50 feet	ft	15.240	Turner/Parker, Domestic Architecture in England vol 2	author-estimate	terminating in a three-sided apse at the east end, measuring about 50 feet by 24
english_hall_dimensions_v1.tsv	internal_width	Bishop's Palace, Brecon (Wales) — east-west range with three-sided apse (probably the chapel)	internal width	24 feet	ft	7.315	Turner/Parker, Domestic Architecture in England vol 2	author-estimate	terminating in a three-sided apse at the east end, measuring about 50 feet by 24
english_hall_dimensions_v1.tsv	internal_length	Bishop's Palace, Brecon (Wales) — third portion (offices)	internal length	about 36 feet	ft	10.973	Turner/Parker, Domestic Architecture in England vol 2	author-estimate	a smaller portion attached to the re-entering angle formed by the two first on their south side, measur- ing about 36 feet by 17
english_hall_dimensions_v1.tsv	internal_width	Bishop's Palace, Brecon (Wales) — third portion (offices)	internal width	17 feet	ft	5.182	Turner/Parker, Domestic Architecture in England vol 2	author-estimate	a smaller portion attached to the re-entering angle formed by the two first on their south side, measur- ing about 36 feet by 17
english_hall_dimensions_v1.tsv	internal_length	Packman's wharf, Thames Street, London (1354-5 lease to Richard Wyllesdon) — hall over cellars	internal length	forty feet	ft		Turner/Parker, Domestic Architecture in England vol 2	ocr-uncertain	a hall forty feet in length, and twenty-four feet wide
english_hall_dimensions_v1.tsv	internal_width	Packman's wharf, Thames Street, London (1354-5 lease) — hall over cellars	internal width	twenty-four feet	ft		Turner/Parker, Domestic Architecture in England vol 2	ocr-uncertain	a hall forty feet in length, and twenty-four feet wide
english_hall_dimensions_v1.tsv	height	Packman's wharf, Thames Street, London (1354-5 lease) — cellars beneath hall, parlour, kitchen and buttery	undercroft height	seven feet	ft		Turner/Parker, Domestic Architecture in England vol 2	measured	there should be cellars seven feet in height beneath the said hall, parlour, kitchen, and buttery
english_hall_dimensions_v1.tsv	storey_height	Packman's wharf, Thames Street, London (1354-5 lease) — street-front wooden tenements, three stories	storey heights (first / second / third)	the first twelve feet in height, the second ten, and the third seven	ft		Turner/Parker, Domestic Architecture in England vol 2	measured	the latter to be of three stories ; the first twelve feet in height, the second ten, and the third seven
english_hall_dimensions_v1.tsv	internal_length	Dublin Castle great hall (royal writ, cited from the Liberate Rolls)	internal length	120 feet	ft	36.576	Turner/Parker, Domestic Architecture in England vol 2	measured	Dublin castle, a hall 120 feet long and 80 feet wide, with sufficient windows and glass casements, after the fashion of the hall at Canterbury, and to make in the gable over the dais a round window, thirty feet in cir- cumference
english_hall_dimensions_v1.tsv	internal_width	Dublin Castle great hall (royal writ, cited from the Liberate Rolls)	internal width	80 feet	ft	24.384	Turner/Parker, Domestic Architecture in England vol 2	measured	Dublin castle, a hall 120 feet long and 80 feet wide, with sufficient windows and glass casements, after the fashion of the hall at Canterbury, and to make in the gable over the dais a round window, thirty feet in cir- cumference
english_hall_dimensions_v1.tsv	diameter	Dublin Castle great hall — round window in the gable over the dais	round window circumference	thirty feet	ft		Turner/Parker, Domestic Architecture in England vol 2	ocr-uncertain	to make in the gable over the dais a round window, thirty feet in cir- cumference
english_hall_dimensions_v1.tsv	internal_length	Palazzo della Ragione, Padua — great hall standing on open arches	internal length	about 240 feet	ft	73.152	Turner/Parker, Domestic Architecture in England vol 2	author-estimate	The length is about 240 feet by 80 wide, and as much in height, and it is ornamented by various paintings, said to have been designed by Giotto
english_hall_dimensions_v1.tsv	internal_width	Palazzo della Ragione, Padua — great hall standing on open arches	internal width	80 feet	ft	24.384	Turner/Parker, Domestic Architecture in England vol 2	author-estimate	The length is about 240 feet by 80 wide, and as much in height, and it is ornamented by various paintings, said to have been designed by Giotto
english_hall_dimensions_v1.tsv	internal_height	Palazzo della Ragione, Padua — great hall standing on open arches	internal height	as much in height (i.e. c. 80 ft., reading the width)	ft	24.384	Turner/Parker, Domestic Architecture in England vol 2	ocr-uncertain	The length is about 240 feet by 80 wide, and as much in height, and it is ornamented by various paintings, said to have been designed by Giotto
english_hall_dimensions_v1.tsv		Winchelsea, Sussex — town houses over vaulted cellars (general, from two surviving examples)	ground-floor level above outside ground (cellar vault crown)	three or four feet	ft		Turner/Parker, Domestic Architecture in England vol 2	author-estimate	the vault of the cellar and con- sequently the floor of the room is three or four feet above the level of the ground, the entrance to the house is up a flight of stone steps, placed sideways to the street
english_hall_dimensions_v1.tsv	height	unnamed — mansions on the western (Welsh) frontier, licence minimum	enclosure wall height (minimum fixed by licence to crenellate)	ten feet	ft		Turner/Parker, Domestic Architecture in England vol 2	measured	the mansions on the western frontier against Wales, where the surrounding walls were fixed by licence at a minimum of ten feet in height
english_hall_dimensions_v1.tsv	bay_spacing	Chibburn preceptory (Hospitallers), Northumberland — principal dwelling-house, internal partitions	partition thickness and stud spacing (oak plank in grooved head and sill)	three inches in thickness, placed at a distance of twelve inches	in		Turner/Parker, Domestic Architecture in England vol 2	measured	the partitions of oak plank placed in a groove at top and bottom, with a narrow reed ornament on their faces, three inches in thickness, placed at a distance of twelve inches, and the interstices filled with loam
english_hall_dimensions_v1.tsv	internal_length	Bishop's Palace, Chichester — detached kitchen	internal length and width (square plan)	about forty feet square	ft		Turner/Parker, Domestic Architecture in England vol 2	ocr-uncertain	The kitchen of the bishop's palace at Chichester is of this period ; it is about forty feet square, with two walls and a timber roof
english_hall_dimensions_v1.tsv	internal_length	Clarendon Palace, Wiltshire — new kitchen (ordered)	internal length and width (square plan)	forty feet square	ft		Turner/Parker, Domestic Architecture in England vol 2	ocr-uncertain	At Clarendon the new kitchen was ordered to be forty feet squared
english_hall_dimensions_v1.tsv	depth	Morlais Castle, near Merthyr (Wales) — pit within the enclosure	pit plan (square) and depth	twenty -five feet square, and excavated upwards of seventy feet deep	ft		Turner/Parker, Domestic Architecture in England vol 2	ocr-uncertain	This castle contains with its enclosure a singular pit, twenty -five feet square, and excavated upwards of seventy feet deep
english_hall_dimensions_v1.tsv	internal_length	Beetham (Bytham) Hall, hall	internal length	39 ft	ft	11.887	Turner/Parker, Domestic Architecture in England vol 4	measured	The castle itself consists of the hall, of the fourteenth century, 39 feet by 26, now used as a barn, and two wings : the windows are small, and high from the ground, for the sake of defence.
english_hall_dimensions_v1.tsv	internal_width	Beetham (Bytham) Hall, hall	internal width	26 ft	ft	7.925	Turner/Parker, Domestic Architecture in England vol 4	measured	The castle itself consists of the hall, of the fourteenth century, 39 feet by 26, now used as a barn, and two wings : the windows are small, and high from the ground, for the sake of defence.
english_hall_dimensions_v1.tsv	internal_length	St. Anthony's Hall, York (Blue-coat School), hall	internal length	81 ft	ft	24.689	Turner/Parker, Domestic Architecture in England vol 4	measured	the dimensions are 81 feet long by 27 wide, and on each side are aisles which also have good roofs, now parted off from the central hall.
english_hall_dimensions_v1.tsv	internal_width	St. Anthony's Hall, York (Blue-coat School), hall	internal width	27 ft	ft	8.230	Turner/Parker, Domestic Architecture in England vol 4	measured	the dimensions are 81 feet long by 27 wide, and on each side are aisles which also have good roofs, now parted off from the central hall.
english_hall_dimensions_v1.tsv	bay_spacing	St. Anthony's Hall, York (Blue-coat School), hall roof	bay spacing (principal timbers / wooden arches)	about 8 ft	ft	2.438	Turner/Parker, Domestic Architecture in England vol 4	author-estimate	they are about eight feet apart, and have angel corbels at the springing.
english_hall_dimensions_v1.tsv	internal_length	Wressel Castle, corner tower interior	internal length x width (chamber footprint)	about 40 ft by 20 ft	ft	12.192	Turner/Parker, Domestic Architecture in England vol 4	author-estimate	the rooms must have been of considerable size, as there is only one fireplace on each floor, and the space within the tower is about forty feet by twenty.
english_hall_dimensions_v1.tsv	height	Tattershall Castle, great brick tower	height to top of battlement	116 ft	ft	35.357	Turner/Parker, Domestic Architecture in England vol 4	measured	It is 116 feet high to the top of the battlement, and the staircase has 175 steps.
english_hall_dimensions_v1.tsv	wall_thickness	Tattershall Castle, great brick tower	wall thickness (main walls, containing passages and garderobes)	14 or 15 ft	ft	4.572	Turner/Parker, Domestic Architecture in England vol 4	author-estimate	The walls are 14 or 15 feet thick, with passages and garderobes in them.
english_hall_dimensions_v1.tsv		Tattershall Castle, great brick tower	external plan (square)	38 ft square	ft	11.582	Turner/Parker, Domestic Architecture in England vol 4	measured	The external measurement is 38 feet square, the internal 22 feet in the clear.
english_hall_dimensions_v1.tsv	internal_width	Tattershall Castle, great brick tower	internal width in the clear	22 ft	ft	6.706	Turner/Parker, Domestic Architecture in England vol 4	measured	The external measurement is 38 feet square, the internal 22 feet in the clear.
english_hall_dimensions_v1.tsv	storey_height	Tattershall Castle, great brick tower	storey count	four stories	stories		Turner/Parker, Domestic Architecture in England vol 4	measured	The building is divided into four stories.
english_hall_dimensions_v1.tsv	internal_length	St. Mary's Hall, Coventry, hall	internal length	63 ft	ft	19.202	Turner/Parker, Domestic Architecture in England vol 4	measured	The dimensions of the hall are 63 feet long by 30 wide.
english_hall_dimensions_v1.tsv	internal_width	St. Mary's Hall, Coventry, hall	internal width	30 ft	ft	9.144	Turner/Parker, Domestic Architecture in England vol 4	measured	The dimensions of the hall are 63 feet long by 30 wide.
english_hall_dimensions_v1.tsv	height	Warwick Castle, Guy's Tower	height (from the bank)	about 94 ft	ft	28.651	Turner/Parker, Domestic Architecture in England vol 4	author-estimate	known as Guy's Tower. It rises from the bank to the height of about ninety-four feet, and, except the projecting base, has no moulding of any kind
english_hall_dimensions_v1.tsv	storey_height	Warwick Castle, Guy's Tower	storey count (all groined, central chamber plus mural rooms)	five stories	stories		Turner/Parker, Domestic Architecture in England vol 4	measured	It is divided into five stories, the whole of which are groined, and consist of one central apart- ment with smaller ones in the thickness of the wall.
english_hall_dimensions_v1.tsv	wall_thickness	Berkeley Castle, great cellar (under the hall range)	wall thickness (measured at the window reveals)	thirteen feet	ft		Turner/Parker, Domestic Architecture in England vol 4	measured	the walls are immensely thick, measuring in the windows thir- teen feet. Leading out of this cellar, on the north side, is the wine cellar
english_hall_dimensions_v1.tsv	internal_length	Wanswell Court, hall	internal length x width (hall, full height of the building)	about 25 ft by 22 ft	ft	7.620	Turner/Parker, Domestic Architecture in England vol 4	author-estimate	whole height of the building, and is almost square, measuring about 25 feet by 22. It is lighted by two windows on the south side
english_hall_dimensions_v1.tsv	internal_length	Wanswell Court, privee parlour (cut out of the hall)	internal length (second figure lost in OCR)	about 26 ft. by [blank]	ft	7.925	Turner/Parker, Domestic Architecture in England vol 4	ocr-uncertain	This parlour, which is about 26 ft. by was furnished with a fireplace, now broken and mutilated, and has a double window of four lights occupying nearly the whole south end of the room.
english_hall_dimensions_v1.tsv	height	Thetford Castle earthworks	rampart height	about 20 ft	ft	6.096	Turner/Parker, Domestic Architecture in England vol 4	author-estimate	the ramparts are about twenty feet high, and the foss from sixty to seventy feet wide.
english_hall_dimensions_v1.tsv	width	Thetford Castle earthworks	ditch (foss) width	sixty to seventy ft	ft		Turner/Parker, Domestic Architecture in England vol 4	author-estimate	the ramparts are about twenty feet high, and the foss from sixty to seventy feet wide.
english_hall_dimensions_v1.tsv	length	Freston Tower, near Ipswich	base plan (length x width)	not more than 10 ft by 12 ft	ft	3.048	Turner/Parker, Domestic Architecture in England vol 4	author-estimate	it is of brick, six stories high, square, with polygonal corner-turrets, and the base is not more than ten feet by twelve.
english_hall_dimensions_v1.tsv	storey_height	Freston Tower, near Ipswich	storey count	six stories	stories		Turner/Parker, Domestic Architecture in England vol 4	measured	it is of brick, six stories high, square, with polygonal corner-turrets, and the base is not more than ten feet by twelve.
english_hall_dimensions_v1.tsv	internal_height	Layer Marney House, gatehouse tower	height	70 ft	ft	21.336	Turner/Parker, Domestic Architecture in England vol 4	measured	The most per- fect part is the gatehouse, a square tower with octagonal corner- turrets seventy feet high, and divided into eight stories
english_hall_dimensions_v1.tsv	storey_height	Layer Marney House, gatehouse tower	storey count	eight stories	stories		Turner/Parker, Domestic Architecture in England vol 4	measured	The most per- fect part is the gatehouse, a square tower with octagonal corner- turrets seventy feet high, and divided into eight stories
english_hall_dimensions_v1.tsv	internal_length	New Hall (Beaulieu), Boreham, great hall	internal length	96 ft	ft	29.261	Turner/Parker, Domestic Architecture in England vol 4	measured	the great hall is still standing, and is ninety-six feet long, fifty wide, and forty high.
english_hall_dimensions_v1.tsv	internal_width	New Hall (Beaulieu), Boreham, great hall	internal width	50 ft	ft	15.240	Turner/Parker, Domestic Architecture in England vol 4	measured	the great hall is still standing, and is ninety-six feet long, fifty wide, and forty high.
english_hall_dimensions_v1.tsv	height	New Hall (Beaulieu), Boreham, great hall	height (unqualified - probably to ridge, book does not say)	40 ft	ft	12.192	Turner/Parker, Domestic Architecture in England vol 4	measured	the great hall is still standing, and is ninety-six feet long, fifty wide, and forty high.
english_hall_dimensions_v1.tsv	internal_length	Lambeth Palace, guard chamber	internal length	56 ft	ft	17.069	Turner/Parker, Domestic Architecture in England vol 4	measured	The guard chamber is a fine room, 56 feet long by 27 wide, with a good open timber- roof, and seems to have been part of the work of Chichele
english_hall_dimensions_v1.tsv	internal_width	Lambeth Palace, guard chamber	internal width	27 ft	ft	8.230	Turner/Parker, Domestic Architecture in England vol 4	measured	The guard chamber is a fine room, 56 feet long by 27 wide, with a good open timber- roof, and seems to have been part of the work of Chichele
english_hall_dimensions_v1.tsv	internal_length	Sutton Place, near Guildford, hall	internal length	50 ft	ft	15.240	Turner/Parker, Domestic Architecture in England vol 4	measured	One side is occupied by the hall, 50 feet long, 25 wide, and 31 high, and the offices.
english_hall_dimensions_v1.tsv	internal_width	Sutton Place, near Guildford, hall	internal width	25 ft	ft	7.620	Turner/Parker, Domestic Architecture in England vol 4	measured	One side is occupied by the hall, 50 feet long, 25 wide, and 31 high, and the offices.
english_hall_dimensions_v1.tsv	height	Sutton Place, near Guildford, hall	height (unqualified - probably to ridge, book does not say)	31 ft	ft	9.449	Turner/Parker, Domestic Architecture in England vol 4	measured	One side is occupied by the hall, 50 feet long, 25 wide, and 31 high, and the offices.
english_hall_dimensions_v1.tsv	internal_length	Sutton Place, near Guildford, long gallery (south-east wing, first floor)	internal length	141 ft	ft	42.977	Turner/Parker, Domestic Architecture in England vol 4	measured	In the south-east wing is an Elizabethan gallery on the first floor, 141 feet long, 20 wide, and 14 high.
english_hall_dimensions_v1.tsv	internal_width	Sutton Place, near Guildford, long gallery (south-east wing, first floor)	internal width	20 ft	ft	6.096	Turner/Parker, Domestic Architecture in England vol 4	measured	In the south-east wing is an Elizabethan gallery on the first floor, 141 feet long, 20 wide, and 14 high.
english_hall_dimensions_v1.tsv	storey_height	Sutton Place, near Guildford, long gallery (south-east wing, first floor)	height (unqualified - ceiled gallery, so effectively floor to ceiling)	14 ft	ft	4.267	Turner/Parker, Domestic Architecture in England vol 4	measured	In the south-east wing is an Elizabethan gallery on the first floor, 141 feet long, 20 wide, and 14 high.
english_hall_dimensions_v1.tsv	opening_width	Southampton Bar (gatehouse), room over the archway	internal length x width (chamber over gate passage)	52 ft by 21 ft	ft	15.850	Turner/Parker, Domestic Architecture in England vol 4	measured	The Bar is a gatehouse of the fifteenth cen- tury, with a good-sized room over the archway, 52 feet long by 21 wide, long used as the Town Hall.
english_hall_dimensions_v1.tsv	height	Winchester Deanery (Prior's Hall), roof	corbel height below wall-plate (springing of the roof arch)	about 2 ft below the wall-plate	ft	0.610	Turner/Parker, Domestic Architecture in England vol 4	author-estimate	each pair of principals is supported by a wooden arch springing from corbels, about two feet below the wall- plate, these corbels are carved into heads
english_hall_dimensions_v1.tsv	internal_length	Berwick St. Leonard's, barn	internal length x width, plus transept span	90 ft long by 25 wide, and 50 across the transept	ft	27.432	Turner/Parker, Domestic Architecture in England vol 4	measured	At Berwick St. Leonard's there is also a fine barn of the fifteenth century, 90 feet long by 25 wide, and 50 across the transept.
english_hall_dimensions_v1.tsv	internal_length	Place House, near Tisbury, barn	internal length	about 70 ft	ft	21.336	Turner/Parker, Domestic Architecture in England vol 4	author-estimate	is a very fine barn of the fifteenth century, said to be the WILTSHIRE. 331 longest in England, (about seventy feet). It has good buttresses and a transept-gateway, with a lofty pointed arch
english_hall_dimensions_v1.tsv	internal_length	Hutton Manor-house, hall	internal length x width	36 ft by 20 ft	ft	10.973	Turner/Parker, Domestic Architecture in England vol 4	measured	Hutton Manor-house : the hall, 36 feet by 20, is of the fif- teenth century, with arched roof and panelled chimney-piece.
english_hall_dimensions_v1.tsv	height	Compton Castle, wall of enceinte	curtain / enceinte wall height	20 ft	ft	6.096	Turner/Parker, Domestic Architecture in England vol 4	measured	The buildings originally surrounded a small quadrangle, and had a square tower at each corner, and were enclosed by a wall twenty feet high, the greater part of which remains.
english_hall_dimensions_v1.tsv	internal_length	Ford Abbey, hall	internal length x width	55 ft long by 28 wide	ft	16.764	Turner/Parker, Domestic Architecture in England vol 4	measured	The hall is 55 feet long by 28 wide, and very fine; the cloisters are also very rich.
english_hall_dimensions_v1.tsv	height	Hemyock Castle, one of the five surviving towers	tower height (surviving)	almost 20 ft	ft	6.096	Turner/Parker, Domestic Architecture in England vol 4	author-estimate	five of the towers and the entrance-gate are visible, and one of them is almost twenty feet high.
english_hall_dimensions_v1.tsv		Lidford (Lydford) Castle, keep-tower	external plan (square)	about 48 ft square	ft	14.630	Turner/Parker, Domestic Architecture in England vol 4	author-estimate	Lidfordj Castle is a large square keep-tower, about 48 feet square, with an outwork projecting to the edge of a steep pre- cipice.
english_hall_dimensions_v1.tsv	height	Launceston Castle, outer wall of the chemin de ronde	wall height	about 12 ft	ft	3.658	Turner/Parker, Domestic Architecture in England vol 4	author-estimate	The outer wall of the chemin de ronde also remains, about twelve feet high, and has no windows in it.
english_hall_dimensions_v1.tsv	wall_thickness	Tintagel Castle, domestic building on the island	wall thickness (as surviving)	not more than 2 ft 6 in	ft in	0.762	Turner/Parker, Domestic Architecture in England vol 4	measured	There is a pointed arch to the door- way, and the walls are at present not more than 2 feet 6 inches thick.
english_hall_dimensions_v1.tsv	internal_width	Wenlock Abbey, Abbot's House, ground-floor room H	internal width	eleven feet	ft		Turner/Parker, Domestic Architecture in England vol 4	measured	The next is a small room (H) measuring only eleven feet in width, and having two windows at the east end.
english_hall_dimensions_v1.tsv	wall_thickness	Wenlock Abbey, Abbot's House, outer walls and the cross wall north of room H	wall thickness (ground storey, outer walls and internal cross wall)	three feet	ft		Turner/Parker, Domestic Architecture in England vol 4	measured	a door cut through the wall on the north side, which, like the outer walls, is three feet thick.
english_hall_dimensions_v1.tsv	bay_spacing	Wenlock Abbey, Abbot's House, north space (rooms K and L)	internal length (north bay, floor to roof, one apartment)	thirty-three feet	ft		Turner/Parker, Domestic Architecture in England vol 4	ocr-uncertain	the space (K and L) to the north end of the building, thirty-three feet, has from the floor to the roof been modernized, and converted into a dwelling-house.
english_hall_dimensions_v1.tsv	storey_height	Wenlock Abbey, Abbot's House, first-floor room G	internal width (upper storey, same as room below)	eleven feet	ft		Turner/Parker, Domestic Architecture in England vol 4	measured	The room we come to next (G) has no door to the passage, but is entered on the north side ; it is the width of the room below, eleven feet, and has two windows
english_hall_dimensions_v1.tsv	internal_length	Kidwelly Castle, great hall (inner court, east side)	internal length x width	sixty feet long by twenty-five wide	ft		Turner/Parker, Domestic Architecture in England vol 4	ocr-uncertain	was the great hall, sixty feet long by twenty-five wide, one end of which joined to the south-east tower, which still bears the marks of the roof very distinctly
english_hall_dimensions_v1.tsv	opening_width	Kidwelly Castle, south gatehouse, hall / state apartment over the gateway	internal length x width (chamber over gate passage)	forty feet long by seventeen wide	ft		Turner/Parker, Domestic Architecture in England vol 4	ocr-uncertain	with its own kitchen and offices, and hall, or state apartment, forty feet long by seventeen wide, over the gateway, and a number of small apart- ments, each with its fire- place and garderobe.
english_hall_dimensions_v1.tsv	storey_height	unnamed - general rule stated for Scotch castles and pele towers	height of principal vaulted chamber (as surviving; originally floored into two storeys)	often as much as twenty feet	ft		Turner/Parker, Domestic Architecture in England vol 4	ocr-uncertain	The principal chambers are usually vaulted in the same plain manner as the stable below, and are in their present state very lofty, often as much as twenty feet high, but it is evident, on a little examination, that space was too valuable to be thus wasted, and that each of these lofty chambers or halls was, in fact, divided by a floor into two stories, of which the corbels re- main
english_hall_dimensions_v1.tsv	sill_height_above_floor	Linlithgow Palace, chapel	window sill height above floor / ground	about ten feet	ft		Turner/Parker, Domestic Architecture in England vol 4	author-estimate	The sills of the windows SCOTLAND. 395 are about ten feet from the ground, and the windows themselves are about twenty feet high by two wide.
english_hall_dimensions_v1.tsv	opening_height	Linlithgow Palace, chapel	window opening height	about twenty feet	ft		Turner/Parker, Domestic Architecture in England vol 4	ocr-uncertain	The sills of the windows SCOTLAND. 395 are about ten feet from the ground, and the windows themselves are about twenty feet high by two wide.
english_hall_dimensions_v1.tsv	opening_width	Linlithgow Palace, chapel	window opening width (single light)	about two feet	ft		Turner/Parker, Domestic Architecture in England vol 4	author-estimate	The sills of the windows SCOTLAND. 395 are about ten feet from the ground, and the windows themselves are about twenty feet high by two wide.
english_hall_dimensions_v1.tsv	external_length	Tulliallan Castle, near Alloa, main front block	external length x width (parallelogram front)	about fifty feet long by twenty wide	ft		Turner/Parker, Domestic Architecture in England vol 4	ocr-uncertain	The front is a parallelogram, about fifty feet long by twenty wide, and from the back of this project two wings, one about twenty feet, the other about thirty, leaving a recess between them into which some of the principal windows opened.
english_hall_dimensions_v1.tsv	projection	Tulliallan Castle, near Alloa, rear wings	wing projection depth (two wings)	about twenty feet / about thirty feet	ft		Turner/Parker, Domestic Architecture in England vol 4	ocr-uncertain	from the back of this project two wings, one about twenty feet, the other about thirty, leaving a recess between them into which some of the principal windows opened.
english_hall_dimensions_v1.tsv	storey_height	unnamed - general rule stated for Irish tower-houses	storey count and vault positions	commonly four or five stories high, with two vaults	stories		Turner/Parker, Domestic Architecture in England vol 4	author-estimate	two vaults, one over the ground room, or store- room, and the other under the state-room, and near the top of the tower, which is commonly four or five stories high.
english_hall_dimensions_v1.tsv	external_length	St. Doulough's, near Dublin (house/church/castle combined)	whole external length x width	only forty feet long by sixteen wide	ft		Turner/Parker, Domestic Architecture in England vol 4	ocr-uncertain	The whole dimen- sions of this singular structure are only forty feet long by six- teen wide : it is of the fourteenth century.
fortification_geometry_v1.tsv	height	merlon, XIIIc formula	merlon height	2.00	m		Créneau	author-rule	Les merlons ont 2 mètres de haut sur 1 m , 70 au moins, et 3 m , 30 au plus de largeur sur 0,45 c. d’épaisseur
fortification_geometry_v1.tsv	width	merlon, XIIIc formula	merlon width, minimum	1.70	m		Créneau	author-rule	sur 1 m , 70 au moins ... de largeur
fortification_geometry_v1.tsv	width	merlon, XIIIc formula	merlon width, maximum	3.30	m		Créneau	author-rule	et 3 m , 30 au plus de largeur
fortification_geometry_v1.tsv	wall_thickness	merlon, XIIIc formula	merlon thickness	0.45	m		Créneau	author-rule	sur 0,45 c. d’épaisseur
fortification_geometry_v1.tsv	sill_height_above_floor	crenel, XIIIc formula	crenel sill height above the wall-walk	1.00	m		Créneau	author-rule	l’appui des créneaux est à 1 mètre du sol du chemin de ronde
fortification_geometry_v1.tsv	opening_width	crenel, XIIIc formula	crenel width	0.70	m		Créneau	author-rule	et leur largeur est de 0,70 c.   [RECOVERED cycle 36 - same sentence as the sill height, dropped on the first pass]
fortification_geometry_v1.tsv	height	crenel, general rule	merlon height	2.00	m		Créneau	author-rule	les merlons ont toujours à peu près deux mètres de hauteur, pour pouvoir garantir complètement les défenseurs
fortification_geometry_v1.tsv	sill_height_above_floor	crenel, general rule	crenel sill height above the wall-walk	1.00	m		Créneau	author-rule	les appuis des créneaux sont à un mètre du sol du chemin de ronde
fortification_geometry_v1.tsv	opening_width	crenel, general rule	crenel width range	0.70 to 1.00	m		Créneau	author-rule	et leur largeur varie d’un mètre, à soixante-dix centimètres
fortification_geometry_v1.tsv		crenellation, sizing principle	crenellation dimensions are set by the human body	n/a	rule		Créneau	author-rule	Les dimensions des crénelages étant données par la taille de l’homme, ces dimensions varient peu
fortification_geometry_v1.tsv	wall_thickness	Gallo-Roman parapet	parapet thickness	0.50	m		Créneau	measured	percés habituellement dans des parapets d’une épaisseur assez forte, 0,50 c. environ
fortification_geometry_v1.tsv		archère in a XIIIc merlon	clear opening	0.07 to 0.08	m		Créneau	measured	en a sont les archères, qui n’ont pas plus de 0,07 c. à 0,08 c. d’ouverture
fortification_geometry_v1.tsv		archère in a XIIIc merlon	internal splay (ébrasement)	0.40 to 0.45	m		Créneau	measured	lesquelles ont 0,40 c. à 0,45 c. d’ébrasement
fortification_geometry_v1.tsv	wall_thickness	crenel under a roof (tour couverte, XIIIc)	wall thickness at the crenellation	0.90	m		Créneau	measured	Les murs ayant 0,90 c. d’épaisseur, les créneaux ont une allège A
fortification_geometry_v1.tsv		Béziers transept crenellation (XIIc)	wall-walk floor to above cornice B	1.18	m		Créneau	measured	Du sol du chemin de ronde, au-dessus de la corniche B , il n’y a qu’un mètre dix-huit centimètres de hauteur
fortification_geometry_v1.tsv	wall_thickness	merlon, measured range	merlon thickness	0.38 to 0.58	m		Chemin de ronde	measured	ayant une épaisseur qui variait de 0,38 c. à 0,58 c. (14 à 21 pouces)
fortification_geometry_v1.tsv	drop_hole	machicolation drop-hole	drop-hole square, range	0.33 to 0.40	m		Mâchicoulis	measured	ils forment un carré qui varie de 0,33 c. (1 pied) à 0,40 c. (15 pouces)
fortification_geometry_v1.tsv	thickness	machicolation logette	slab thickness (three slabs form the jambs and face)	0.20	m		Mâchicoulis	measured	sont construites au moyen de trois dalles de 0,20 c. d’épaisseur ; le chaperon est fait de deux pierres
fortification_geometry_v1.tsv	putlog_hole	hoarding (hourd), XIIIc single-row	putlog hole, square	0.30	m		Hourd	measured	on se contenta d’un seul rang de larges trous carrés (0,30 c. × 0,30 c. environ) percés au niveau des chemins de ronde
fortification_geometry_v1.tsv	member_section	hoarding (hourd)	oak bascule beam, squared section	0.30	m		Hourd	measured	une pièce de bois de chêne de 0,30 c. d’équarrissage   [CORRECTED cycle 36: the source says 'pièce', not 'solive']
fortification_geometry_v1.tsv	length	hoarding (hourd)	bascule beam cantilever length	3.00	m		Hourd	author-rule	fût-elle de trois mètres en bascule, peut porter un poids énorme
fortification_geometry_v1.tsv	projection	hoarding (hourd)	projection beyond the merlons, maximum	1.95	m		Hourd	measured	les hourds avaient rarement plus de 1 m ,95 c. de saillie (une toise)
fortification_geometry_v1.tsv	member_section	hoarding (hourd)	second rank of moises, spacing from the first	1.80	m		Hourd	measured	Un second rang de moises, posé en L , à 1 m ,80 du premier rang
fortification_geometry_v1.tsv	putlog_hole	Carcassonne, Porte Narbonnaise	hoarding putlog hole, square	0.30	m		Hourd	documented-reconstruction	des trous de hourds de 0,30 c. de côté, régulièrement espacés   [CARCASSONNE = VIOLLET'S OWN RESTORATION SITE]
fortification_geometry_v1.tsv	bay_spacing	Carcassonne, Porte Narbonnaise	main bascule joist spacing	5 pieds (approx. 1.63 m)	ft		Hourd	documented-reconstruction	de cinq pieds en cinq pieds passaient par les trous de hourds les fortes solives C
fortification_geometry_v1.tsv	height	Carcassonne towers/curtains c.1100	merlon height	1.60 to 1.80	m		Hourd	documented-reconstruction	Les merlons ... du château de Carcassonne (1100 environ) sont hauts (1 m ,60 à 1 m ,80)   [VIOLLET'S OWN RESTORATION SITE]
fortification_geometry_v1.tsv	projection	Coucy donjon hoarding	stone corbel projection	1.07	m		Hourd	measured	quarante-huit consoles de pierre de 1 m ,07 de saillie sur 0,30 c. d’épaisseur
fortification_geometry_v1.tsv	thickness	Coucy donjon hoarding	stone corbel thickness	0.30	m		Hourd	measured	sur 0,30 c. d’épaisseur
fortification_geometry_v1.tsv	diameter	Coucy donjon hoarding	corbels round the cylinder	48	count		Hourd	measured	quarante-huit consoles de pierre
fortification_geometry_v1.tsv	member_detail	Coucy donjon hoarding	masonry courses per corbel	2	count		Hourd	measured	En B , on voit l’une des consoles formées de deux assises chacune
fortification_geometry_v1.tsv		Coucy donjon	hoarding level above the ditch bottom	46	m		Hourd	measured	à une hauteur de 46 mètres au-dessus du fond du fossé
fortification_geometry_v1.tsv	diameter	round flanking tower, Carcassonne inner enceinte	tower external diameter above the talus	6.00	m		Meurtrière	documented-reconstruction	cette tour ayant 6 m ,00 de diamètre et ses murs 1 m , 20   [VIOLLET'S OWN RESTORATION SITE]
fortification_geometry_v1.tsv	wall_thickness	round flanking tower, Carcassonne inner enceinte	tower wall thickness	1.20	m		Meurtrière	documented-reconstruction	et ses murs 1 m , 20
fortification_geometry_v1.tsv		arrow-loop setting-out rule	ground arc CD struck OUTSIDE the tower circumference	2.20	m		Meurtrière	author-rule	à 2 m ,20 environ de la circonférence AB , on a tracé l’arc de cercle CD   [CORRECTED cycle 36: OUTSIDE, not inside - arc CD is the ground line the loops must cover: 'tous les points de l’arc de cercle CD sont vus'. On a 6.00 m tower that is radius 3.00 + 2.20 = 5.20 m, NOT 0.80 m.]
fortification_geometry_v1.tsv	count	arrow-loop setting-out rule	ground arc divided into N equal parts	16	count		Meurtrière	author-rule	divisant cet arc de cercle en 16 parties égales, oe , ef , fg , gh
fortification_geometry_v1.tsv		arrow-loop setting-out rule	points p offset from the curtain face	0.30	m		Meurtrière	author-rule	prenant sur le parement de la tour les points p à 0 m ,30 du parement de la courtine
fortification_geometry_v1.tsv	count	arrow-loop setting-out rule	tower outer circumference divided into N equal parts	8	count		Meurtrière	author-rule	on a divisé la circonférence externe de cette tour en 8 parties égales
fortification_geometry_v1.tsv	storey_height	arrow-loop setting-out rule	tower storeys carrying loops, plus a crenellated stage	3 + 1	count		Meurtrière	author-rule	Voici ( 3 ) le tracé d’une tour à trois étages, plus l’étage crénelé
fortification_geometry_v1.tsv		arrow-loop setting-out rule	loops enfilading each curtain flank	3	count		Meurtrière	author-rule	les courtines enfilées par trois meurtrières sur chaque flanc, deux au-dessus l’une de l’autre à rez-de-chaussée et au troisième étage, et la troisième un peu en avant
fortification_geometry_v1.tsv	wall_thickness	arrow loop	wall thickness reduced by the interior niche	0.70	m		Meurtrière	measured	Le mur, réduit à une épaisseur de 0 m ,70 par la construction de la niche
fortification_geometry_v1.tsv	opening_width	arrow loop	slit clear opening	0.06	m		Meurtrière	measured	la partie inférieure de la rainure, qui n’a que 0 m , 06 d’ouverture
fortification_geometry_v1.tsv	bay_spacing	arrow loop	setting-out points for the lower splay, spacing	0.03	m		Meurtrière	author-rule	prenant les points a b à une distance de 0 m , 03
fortification_geometry_v1.tsv		arrow loop	field of fire	35	deg		Meurtrière	author-rule	suivant un angle de 35º
fortification_geometry_v1.tsv		plunging fire (design driver)	arrow apogee, ordinary archer	40 to 50	m		Meurtrière	author-rule	Un archer médiocrement exercé envoie facilement une flèche à quarante ou cinquante mètres de hauteur obliquement
fortification_geometry_v1.tsv	thickness	plunging fire (design driver)	plank thickness pierced by a falling arrow	0.03	m		Meurtrière	author-rule	elle perce une planche de trois centimètres d’épaisseur   [REAL centimetres here, unlike the '0,30 c.' form which means 0.30 m]
fortification_geometry_v1.tsv	opening_width	Coucy bastion souterrain	barrel-vaulted gallery width	1.20	m		Meurtrière	measured	une galerie voûtée en berceau plein-cintre de 1 m ,20 de largeur
fortification_geometry_v1.tsv		Coucy bastion souterrain	gallery sits above the ditch bottom	1.00	m		Meurtrière	measured	possède à sa base, à 1 m ,00 environ au-dessus du fond du fossé   [CORRECTED cycle 36: this locates the GALLERY, not the vault springing]
viollet_reharvest_v1.tsv	opening_width	porte d'allée (pedestrian doorway)	door opening width range	1.00 to 1.50	m		Porte	author-rule	des portes d’allée, c’est-à-dire disposées seulement pour des piétons, d’une largeur de 1 mètre à 1 m ,50, et d’une hauteur de 2 m ,50 à 3 mètres au plus
viollet_reharvest_v1.tsv	opening_height	porte d'allée (pedestrian doorway)	door opening height range	2.50 to 3.00	m		Porte	author-rule	et d’une hauteur de 2 m ,50 à 3 mètres au plus
viollet_reharvest_v1.tsv		doorway sizing principle	doorways are sized to the body; occupants did not reach 6 pieds	1.95	m		Porte	author-rule	les personnes passant par ces portes n’avaient pas une taille qui atteignit six pieds
viollet_reharvest_v1.tsv	height	interior door tambour / clotet	draught-lobby height	1.95 to 2.27	m		Porte	measured	garnies de tambours ou de clotets , qui, ne s’élevant qu’à une hauteur de 6 à 7 pieds, empêchaient l’air extérieur de pénétrer
viollet_reharvest_v1.tsv	opening_width	romanesque doorway (fig. 58)	door opening width	1.70	m		Porte	measured	la baie n’a pas plus de 1 m ,70 de largeur
viollet_reharvest_v1.tsv	diameter	doorway jamb order	nook-shaft diameter range	0.16 to 0.33	m		Porte	measured	ces colonnes variant de 0 m , 33 (un pied) de diamètre à 0 m , 16 (six pouces)
viollet_reharvest_v1.tsv	projection	doorway sculpture	apostle figures on the encorbellement, height	1.50	m		Porte	measured	décorés de six figures d’apôtres, demi bas-relief, de 1 m ,50 de hauteur environ
viollet_reharvest_v1.tsv	thickness	Scala bastion profile (XVIc, ROMAN feet)	rear rampart thickness	14.89	m		Architecture militaire	author-rule	50 pieds — (Scala parle ici de pieds romains 0,297896.)   [ROMAN pied 0.2979 m, NOT the pied de roi 0.3248 — an 8.4% error if confused]
viollet_reharvest_v1.tsv	wall_thickness	Scala bastion profile (XVIc, ROMAN feet)	parapet thickness	4.47	m		Architecture militaire	author-rule	15 pieds — (Scala parle ici de pieds romains 0,297896.)   [ROMAN pied 0.2979 m, NOT the pied de roi 0.3248 — an 8.4% error if confused]
viollet_reharvest_v1.tsv	height	Scala bastion profile (XVIc, ROMAN feet)	parapet height	1.19	m		Architecture militaire	author-rule	4 pieds — (Scala parle ici de pieds romains 0,297896.)   [ROMAN pied 0.2979 m, NOT the pied de roi 0.3248 — an 8.4% error if confused]
viollet_reharvest_v1.tsv	height	Scala bastion profile (XVIc, ROMAN feet)	retirade escarpment height	4.17	m		Architecture militaire	author-rule	14 pieds — (Scala parle ici de pieds romains 0,297896.)   [ROMAN pied 0.2979 m, NOT the pied de roi 0.3248 — an 8.4% error if confused]
viollet_reharvest_v1.tsv	wall_thickness	Scala bastion profile (XVIc, ROMAN feet)	parapet K thickness	7.15	m		Architecture militaire	author-rule	24 pieds — (Scala parle ici de pieds romains 0,297896.)   [ROMAN pied 0.2979 m, NOT the pied de roi 0.3248 — an 8.4% error if confused]
viollet_reharvest_v1.tsv	external_height	Scala bastion profile (XVIc, ROMAN feet)	parapet K height above the ditch	14.30	m		Architecture militaire	author-rule	48 pieds — (Scala parle ici de pieds romains 0,297896.)   [ROMAN pied 0.2979 m, NOT the pied de roi 0.3248 — an 8.4% error if confused]
viollet_reharvest_v1.tsv	wall_thickness	De Ville rampart profile (XVIIc)	parapet thickness	5 pas (approx. 8.12 m)	m		Architecture militaire	author-rule	G L sera de cinq pas l’époisseur du parapet ... les pas s’entendent de cinq pieds de roy
viollet_reharvest_v1.tsv	width	De Ville rampart profile (XVIIc)	chemin des rondes width	2 pas (approx. 3.25 m)	m		Architecture militaire	author-rule	N Y le chemin des rondes sera d’environ deux pas
viollet_reharvest_v1.tsv	height	De Ville rampart profile (XVIIc)	parapet height M Y	7 to 8 pieds (2.27-2.60 m)	m		Architecture militaire	author-rule	M moins de demi pas d’epesseur dont sa hauteur M Y sera de sept ou huit pieds
viollet_reharvest_v1.tsv	wall_thickness	timber-reinforced wall (antique system)	tie-timber length laid in the wall thickness	12.99	m		Architecture militaire	author-rule	les arbres, ayant environ quarante pieds de long, liés entre eux dans l’épaisseur de la muraille, ne peuvent être rompus
stair_rules_v1.tsv	tread_depth	Newland pairing table (Gwilt para 2178a)	tread 5 in pairs with riser	9.0	in	0.229	Gwilt, Encyclopaedia of Architecture, printed p.668 (IA encyclopaediaofa00gwil image leaf n689)	author-rule	Set down two sets of numbers, each in arithmetical progression ; the first set showing the width of the steps, ascending by inches, the other showing the height of the riser, descending by half-inches (Newland, Carpenter's and Joiner's Assistant, 1860, p.197)  [TABLE VERIFIED AT FULL RESOLUTION]
stair_rules_v1.tsv	tread_depth	Newland pairing table (Gwilt para 2178a)	tread 6 in pairs with riser	8.5	in	0.216	Gwilt, Encyclopaedia of Architecture, printed p.668 (IA encyclopaediaofa00gwil image leaf n689)	author-rule	Set down two sets of numbers, each in arithmetical progression ; the first set showing the width of the steps, ascending by inches, the other showing the height of the riser, descending by half-inches (Newland, Carpenter's and Joiner's Assistant, 1860, p.197)  [TABLE VERIFIED AT FULL RESOLUTION]
stair_rules_v1.tsv	tread_depth	Newland pairing table (Gwilt para 2178a)	tread 7 in pairs with riser	8.0	in	0.203	Gwilt, Encyclopaedia of Architecture, printed p.668 (IA encyclopaediaofa00gwil image leaf n689)	author-rule	Set down two sets of numbers, each in arithmetical progression ; the first set showing the width of the steps, ascending by inches, the other showing the height of the riser, descending by half-inches (Newland, Carpenter's and Joiner's Assistant, 1860, p.197)  [TABLE VERIFIED AT FULL RESOLUTION]
stair_rules_v1.tsv	tread_depth	Newland pairing table (Gwilt para 2178a)	tread 8 in pairs with riser	7.5	in	0.191	Gwilt, Encyclopaedia of Architecture, printed p.668 (IA encyclopaediaofa00gwil image leaf n689)	author-rule	Set down two sets of numbers, each in arithmetical progression ; the first set showing the width of the steps, ascending by inches, the other showing the height of the riser, descending by half-inches (Newland, Carpenter's and Joiner's Assistant, 1860, p.197)  [TABLE VERIFIED AT FULL RESOLUTION]
stair_rules_v1.tsv	tread_depth	Newland pairing table (Gwilt para 2178a)	tread 9 in pairs with riser	7.0	in	0.178	Gwilt, Encyclopaedia of Architecture, printed p.668 (IA encyclopaediaofa00gwil image leaf n689)	author-rule	Set down two sets of numbers, each in arithmetical progression ; the first set showing the width of the steps, ascending by inches, the other showing the height of the riser, descending by half-inches (Newland, Carpenter's and Joiner's Assistant, 1860, p.197)  [TABLE VERIFIED AT FULL RESOLUTION]
stair_rules_v1.tsv	tread_depth	Newland pairing table (Gwilt para 2178a)	tread 10 in pairs with riser	6.5	in	0.165	Gwilt, Encyclopaedia of Architecture, printed p.668 (IA encyclopaediaofa00gwil image leaf n689)	author-rule	Set down two sets of numbers, each in arithmetical progression ; the first set showing the width of the steps, ascending by inches, the other showing the height of the riser, descending by half-inches (Newland, Carpenter's and Joiner's Assistant, 1860, p.197)  [TABLE VERIFIED AT FULL RESOLUTION]
stair_rules_v1.tsv	tread_depth	Newland pairing table (Gwilt para 2178a)	tread 11 in pairs with riser	6.0	in	0.152	Gwilt, Encyclopaedia of Architecture, printed p.668 (IA encyclopaediaofa00gwil image leaf n689)	author-rule	Set down two sets of numbers, each in arithmetical progression ; the first set showing the width of the steps, ascending by inches, the other showing the height of the riser, descending by half-inches (Newland, Carpenter's and Joiner's Assistant, 1860, p.197)  [TABLE VERIFIED AT FULL RESOLUTION]
stair_rules_v1.tsv	tread_depth	Newland pairing table (Gwilt para 2178a)	tread 12 in pairs with riser	5.5	in	0.140	Gwilt, Encyclopaedia of Architecture, printed p.668 (IA encyclopaediaofa00gwil image leaf n689)	author-rule	Set down two sets of numbers, each in arithmetical progression ; the first set showing the width of the steps, ascending by inches, the other showing the height of the riser, descending by half-inches (Newland, Carpenter's and Joiner's Assistant, 1860, p.197)  [TABLE VERIFIED AT FULL RESOLUTION]
stair_rules_v1.tsv	tread_depth	Newland pairing table (Gwilt para 2178a)	tread 13 in pairs with riser	5.0	in	0.127	Gwilt, Encyclopaedia of Architecture, printed p.668 (IA encyclopaediaofa00gwil image leaf n689)	author-rule	Set down two sets of numbers, each in arithmetical progression ; the first set showing the width of the steps, ascending by inches, the other showing the height of the riser, descending by half-inches (Newland, Carpenter's and Joiner's Assistant, 1860, p.197)  [TABLE VERIFIED AT FULL RESOLUTION]
stair_rules_v1.tsv	tread_depth	Newland pairing table (Gwilt para 2178a)	tread 14 in pairs with riser	4.5	in	0.114	Gwilt, Encyclopaedia of Architecture, printed p.668 (IA encyclopaediaofa00gwil image leaf n689)	author-rule	Set down two sets of numbers, each in arithmetical progression ; the first set showing the width of the steps, ascending by inches, the other showing the height of the riser, descending by half-inches (Newland, Carpenter's and Joiner's Assistant, 1860, p.197)  [TABLE VERIFIED AT FULL RESOLUTION]
stair_rules_v1.tsv	tread_depth	Gwilt constant-product rule (para 2177)	tread x riser product	66	in^2		Gwilt p.668	author-rule	Thus 12 x 5 1/2 = 66, which would be a constant numerator for the proportion
stair_rules_v1.tsv	tread_depth	Gwilt constant-product rule (para 2177)	datum pair: 12 in tread with	5.5	in	0.140	Gwilt p.668	author-rule	the convenient rise of a step 12 inches in width is 5 1/2 inches
stair_rules_v1.tsv	tread_depth	tread breadth, commonest staircase	tread breadth, medium	10	in	0.254	Gwilt p.668	author-rule	The breadth of steps in the commonest staircase may be taken at 10 inches at a medium
stair_rules_v1.tsv	tread_depth	tread breadth, best staircases	tread breadth, minimum	12	in	0.305	Gwilt p.668	author-rule	In the best staircases the breadth of the step should not be less than 12 inches
stair_rules_v1.tsv	tread_depth	tread breadth, best staircases	tread breadth, maximum	18	in	0.457	Gwilt p.668	author-rule	neither should it be more than 18 inches
stair_rules_v1.tsv	width	staircase width (para 2179)	clear width, minimum, for two people to pass	4	ft	1.219	Gwilt p.668	author-rule	The width of the better sorts of staircases should not be less than 4 feet, to allow of two persons freely passing each other
stair_rules_v1.tsv	diameter	solid step from round timber (para 2180a)	log diameter yielding six steps	30	in	0.762	Gwilt p.668	measured	the mode of getting six steps out of round timber 30 inches in diameter, being a saving of about ten per cent
stair_rules_v1.tsv	riser_height	riser count rule (para 2178)	if the division is inexact, ADD a riser rather than drop one	n/a	rule		Gwilt p.668	author-rule	If the height divided by the rise of each step should not give an exact number of risers, it is better to add one rather than diminish the number
stair_rules_v1.tsv	width	Palladio staircase (Gwilt para 2804)	clear width, minimum	4 Vicentine ft (= 4 ft 6 in English)	ft	1.382	Gwilt p.928	author-rule	they ought never to be narrower than 4 feet (4 feet 6 inches English), so that two persons meeting on the stairs may conveniently pass each other   [The Vicentine foot is about 13.6 inches English - GWILT'S OWN FOOTNOTE]
stair_rules_v1.tsv	length	Palladio staircase (Gwilt para 2804)	plan proportion: length to breadth	2 : 1	ratio		Gwilt p.928	author-rule	Therefore, they must be twice as long as broad
stair_rules_v1.tsv	riser_height	Palladio staircase (Gwilt para 2804)	riser, maximum	6 Vicentine in	in	0.173	Gwilt p.928	author-rule	The steps ought not to exceed 6 inches in height ... (These are Vicentine inches.)
stair_rules_v1.tsv	riser_height	Palladio staircase (Gwilt para 2804)	riser, minimum	4 Vicentine in	in	0.115	Gwilt p.928	author-rule	but they must never be lower than 4 inches. (These are Vicentine inches.)
stair_rules_v1.tsv	tread_depth	Palladio staircase (Gwilt para 2804)	tread, minimum	1 Vicentine ft	ft	0.345	Gwilt p.928	author-rule	The breadth of the steps ought not to be less than a foot
stair_rules_v1.tsv	tread_depth	Palladio staircase (Gwilt para 2804)	tread, maximum	1.5 Vicentine ft	ft	0.518	Gwilt p.928	author-rule	nor more than a foot and a half
stair_rules_v1.tsv	count	Palladio staircase (Gwilt para 2804)	steps per flight before a half-pace, maximum	11 to 13	count		Gwilt p.928	author-rule	It will be sufficient to put eleven or thirteen steps at most to a flight before coming to a half-pace
stair_rules_v1.tsv	count	Palladio staircase (Gwilt para 2804)	step count parity: ODD, so the ascent ends on the starting foot	n/a	rule		Gwilt p.928	author-rule	The ancients used to make the steps of an odd number, that thus beginning to ascend with the right foot, they might end with the same foot
stair_rules_v1.tsv		headway (Gwilt para 2805)	clear vertical from any step to the soffit above	tallest person with his hat on	rule		Gwilt p.928	author-rule	a clear distance measured vertically from any step, quarter, half-pace, or landing, to the underside of the ceiling ... so as to allow the tallest person to clear it with his hat on
