family	building	place	element	value_original	unit_original	value_m	parse	source	confidence	quote
hall_manor	Penshurst Place great hall	Penshurst, Kent	internal length	64	ft	19.507	ft	dollman_v2 leaf 46 text	text	
hall_manor	Penshurst Place great hall	Penshurst, Kent	internal width	38 ft 9 in	ft in	11.811	ft-in	dollman_v2 leaf 46 text	text	
hall_manor	Penshurst Place great hall	Penshurst, Kent	floor to ridge of roof	48	ft	14.630	ft	dollman_v2 leaf 46 text	text	
hall_manor	Penshurst Place great hall	Penshurst, Kent	internal length, inner face of service-range wall to inner face of far end wall, including the screens passage	64 ft 0 in	ft in	19.507	ft-in	dollman_v2 leaf 52 plate	printed	
hall_manor	Penshurst Place great hall	Penshurst, Kent	internal width on the plan, at the dais line	38 ft 8 in	ft in	11.786	ft-in	dollman_v2 leaf 52 plate	printed	
hall_manor	Penshurst Place great hall	Penshurst, Kent	internal width on the transverse section	38 ft 9 in	ft in	11.811	ft-in	dollman_v2 leaf 56 plate	printed	
hall_manor	Penshurst Place great hall	Penshurst, Kent	ridge down to top of figure-corbel capital, i.e. springing of the arched principal / wall-plate level	32 ft 0 in	ft in	9.754	ft-in	dollman_v2 leaf 56 plate	printed	
hall_manor	Penshurst Place great hall roof	Penshurst, Kent	purlin at A, larger profile, across	1 ft 7 in	ft in	0.483	ft-in	dollman_v2 leaf 56 plate	printed	
hall_manor	Penshurst Place great hall roof	Penshurst, Kent	purlin at A, larger profile, deep	1 ft 8 1/2 in	ft in	0.521	ft-in	dollman_v2 leaf 56 plate	printed	
hall_manor	Penshurst Place great hall roof	Penshurst, Kent	purlin at A, smaller profile, deep	1 ft 2 in	ft in	0.356	ft-in	dollman_v2 leaf 56 plate	printed	
hall_manor	Penshurst Place great hall roof	Penshurst, Kent	purlin at A, smaller profile, across	1 ft 2 1/2 in	ft in	0.368	ft-in	dollman_v2 leaf 56 plate	printed	
hall_manor	Penshurst Place great hall roof	Penshurst, Kent	Section at C.D. profile, across	1 ft 4 in	ft in	0.406	ft-in	dollman_v2 leaf 56 plate	printed	
hall_manor	Penshurst Place great hall	Penshurst, Kent	2-light N and S wall window, overall width at base	5 ft 9 in	ft in	1.753	ft-in	dollman_v2 leaf 60 plate	printed	
hall_manor	Penshurst Place porch	Penshurst, Kent	member on the inner door section (rib or door thickness, not resolved to a single member)	6 3/4 in	in	0.171	in	dollman_v2 leaf 64 plate	printed	
hall_manor	Penshurst Place, window over porch, N front	Penshurst, Kent	overall height of opening	8 ft 8 1/2 in	ft in	2.654	ft-in	dollman_v2 leaf 68 plate	printed	
hall_manor	Penshurst Place, window over porch, N front	Penshurst, Kent	height of lights below the tracery	5 ft 3 1/2 in	ft in	1.613	ft-in	dollman_v2 leaf 68 plate	printed	
hall_manor	Penshurst Place, window over porch, N front	Penshurst, Kent	splayed opening width on the inside	4 ft 10 in	ft in	1.473	ft-in	dollman_v2 leaf 68 plate	printed	
hall_manor	Penshurst Place, window over porch, N front	Penshurst, Kent	opening width in the plane of the window	4 ft 0 in	ft in	1.219	ft-in	dollman_v2 leaf 68 plate	printed	
hall_manor	Penshurst Place, window over porch, N front	Penshurst, Kent	each of two light widths	1 ft 6 in	ft in	0.457	ft-in	dollman_v2 leaf 68 plate	printed	
hall_manor	Penshurst Place, room over porch	Penshurst, Kent	reveal depth, i.e. wall thickness at this window	2 ft 6 in	ft in	0.762	ft-in	dollman_v2 leaf 68 plate	printed	
hall_manor	Penshurst Place, window in room on 1st floor at E end of great hall	Penshurst, Kent	overall height of opening	7 ft 9 in	ft in	2.362	ft-in	dollman_v2 leaf 68 plate	printed	
hall_manor	Penshurst Place, window in room on 1st floor at E end of great hall	Penshurst, Kent	height of lights	5 ft 6 in	ft in	1.676	ft-in	dollman_v2 leaf 68 plate	printed	
hall_manor	Penshurst Place, window in room on 1st floor at E end of great hall	Penshurst, Kent	splayed opening width on the inside	7 ft 5 3/4 in	ft in	2.280	ft-in	dollman_v2 leaf 68 plate	printed	
hall_manor	Penshurst Place, window in room on 1st floor at E end of great hall	Penshurst, Kent	opening width in the plane of the window	5 ft 2 3/4 in	ft in	1.594	ft-in	dollman_v2 leaf 68 plate	printed	
hall_manor	Penshurst Place, window in room on 1st floor at E end of great hall	Penshurst, Kent	each of two light widths	2 ft 0 1/2 in	ft in	0.622	ft-in	dollman_v2 leaf 68 plate	printed	
hall_manor	Penshurst Place, room on 1st floor at E end of great hall	Penshurst, Kent	reveal depth, i.e. wall thickness at this window	3 ft 1 in	ft in	0.940	ft-in	dollman_v2 leaf 68 plate	printed	
hall_manor	Penshurst Place	Penshurst, Kent	mullion width, across	5 7/8 in	in	0.149	in	dollman_v2 leaf 68 plate	printed	
hall_manor	Penshurst Place	Penshurst, Kent	label mould, across	3 1/2 in	in	0.089	in	dollman_v2 leaf 68 plate	printed	
hall_manor	Penshurst Place great hall gable window	Penshurst, Kent	clear width of one light, between the faces of mullions B and C	2 ft 5 7/8 in	ft in	0.759	ft-in	dollman_v2 leaf 72 plate	printed	
hall_manor	Penshurst Place great hall gable window	Penshurst, Kent	overall width of the window, struck symmetrically about the marked Centre Line	12 ft 3 in	ft in	3.734	ft-in	dollman_v2 leaf 72 plate	printed	
hall_manor	Penshurst Place great hall gable window	Penshurst, Kent	height of the jamb below the head	10 ft 0 in	ft in	3.048	ft-in	dollman_v2 leaf 72 plate	printed	
hall_manor	Penshurst Place chimney stack No.1	Penshurst, Kent	height of capital stage	2 ft 1 in	ft in	0.635	ft-in	dollman_v2 leaf 76 plate	printed	
hall_manor	Penshurst Place chimney stack No.1	Penshurst, Kent	height of octagonal shaft	5 ft 6 in	ft in	1.676	ft-in	dollman_v2 leaf 76 plate	printed	
hall_manor	Penshurst Place chimney stack No.1	Penshurst, Kent	height of base stage	3 ft 5 in	ft in	1.041	ft-in	dollman_v2 leaf 76 plate	printed	
hall_manor	Penshurst Place chimney stack No.2	Penshurst, Kent	height of capital stage	2 ft 0 in	ft in	0.610	ft-in	dollman_v2 leaf 76 plate	printed	
hall_manor	Penshurst Place chimney stack No.2	Penshurst, Kent	height of octagonal shaft	5 ft 6 in	ft in	1.676	ft-in	dollman_v2 leaf 76 plate	printed	
hall_manor	Penshurst Place chimney stack No.2	Penshurst, Kent	height of base stage	3 ft 5 in	ft in	1.041	ft-in	dollman_v2 leaf 76 plate	printed	
hall_manor	Penshurst Place chimney stacks	Penshurst, Kent	octagonal shaft, across the flats	1 ft 11 in	ft in	0.584	ft-in	dollman_v2 leaf 76 plate	printed	
hall_manor	Penshurst Place chimney stacks	Penshurst, Kent	clear gap between paired shafts at base level	4 in	in	0.102	in	dollman_v2 leaf 76 plate	printed	
hall_manor	Penshurst Place chimney stacks	Penshurst, Kent	clear gap between paired shafts at capital level	7 in	in	0.178	in	dollman_v2 leaf 76 plate	printed	
hall_manor	Penshurst Place hall screen	Penshurst, Kent	plinth at C.D., height to floor of the screens passage	1 ft 4 3/8 in	ft in	0.416	ft-in	dollman_v2 leaf 80 plate	printed	
hall_manor	Penshurst Place hall screen	Penshurst, Kent	transom at E.F., across	9 3/4 in	in	0.248	in	dollman_v2 leaf 80 plate	printed	
hall_manor	Penshurst Place oak panels	Penshurst, Kent	linenfold panel, upper left, width by height	9 3/4 in by 1 ft 3 3/8 in	in / ft in	0.102	first measure in prose (in)	dollman_v2 leaf 84 plate	printed	
hall_manor	Penshurst Place oak panels	Penshurst, Kent	linenfold panel, upper right, width by height	9 3/8 in by 1 ft 3 3/8 in	in / ft in	0.203	first measure in prose (in)	dollman_v2 leaf 84 plate	printed	
hall_manor	Penshurst Place oak panels	Penshurst, Kent	linenfold panel, lower left, width by height	8 3/4 in by 1 ft 3 3/4 in	in / ft in	0.102	first measure in prose (in)	dollman_v2 leaf 84 plate	printed	
hall_manor	Penshurst Place oak panels	Penshurst, Kent	linenfold panel, lower centre, width by height	8 3/4 in by 1 ft 4 3/8 in	in / ft in	0.102	first measure in prose (in)	dollman_v2 leaf 84 plate	printed	
hall_manor	Penshurst Place oak panels	Penshurst, Kent	linenfold panel, lower right, width by height	8 3/8 in by 1 ft 4 3/8 in	in / ft in	0.203	first measure in prose (in)	dollman_v2 leaf 84 plate	printed	
hall_manor	Penshurst Place hall table	Penshurst, Kent	length	21 ft 9 in	ft in	6.629	ft-in	dollman_v2 leaf 88 plate	printed	
hall_manor	Penshurst Place hall table	Penshurst, Kent	height to the drawn Floor Line	2 ft 10 3/4 in	ft in	0.883	ft-in	dollman_v2 leaf 88 plate	printed	
hall_manor	Penshurst Place hall table	Penshurst, Kent	width across the end	3 ft 3 in	ft in	0.991	ft-in	dollman_v2 leaf 88 plate	printed	
hall_manor	Penshurst Place hall bench	Penshurst, Kent	length	14 ft 7 in	ft in	4.445	ft-in	dollman_v2 leaf 88 plate	printed	
hall_manor	Penshurst Place hall bench	Penshurst, Kent	seat height	1 ft 11 1/2 in	ft in	0.597	ft-in	dollman_v2 leaf 88 plate	printed	
hall_manor	Penshurst Place hall bench	Penshurst, Kent	top width at the end	10 1/2 in	in	0.267	in	dollman_v2 leaf 88 plate	printed	
hall_manor	Penshurst Place great hall hearth	Penshurst, Kent	octagonal stone hearth, across the flats	7 ft 7 in	ft in	2.311	ft-in	dollman_v2 leaf 88 plate	printed	
hall_manor	Penshurst Place iron fire dog	Penshurst, Kent	overall height of the standard, floor to top of the moulded cap	3 ft 8 1/2 in	ft in	1.130	ft-in	dollman_v2 leaf 88 plate	printed	
hall_manor	Penshurst Place iron fire dog	Penshurst, Kent	horizontal dimension struck at floor level from the foot of the standard (broken line, right terminus not drawn)	3 ft 11 3/4 in	ft in	1.213	ft-in	dollman_v2 leaf 88 plate	printed	
hall_manor	Penshurst Place iron fire dog	Penshurst, Kent	horizontal dimension struck at the level of the top of the standard (broken line, right terminus not drawn)	5 ft 2 in	ft in	1.575	ft-in	dollman_v2 leaf 88 plate	printed	
hall_manor	Penshurst Place iron fire dog	Penshurst, Kent	width of the baluster foot at the base	1 ft 3 in	ft in	0.381	ft-in	dollman_v2 leaf 88 plate	printed	
hall_manor	Browne's Hospital / The Bede House	Stamford, Lincolnshire	audit room	36 ft by 21 ft	ft	10.973	first measure in prose (ft)	dollman_v2 leaf 29 text	text	
hall_manor	Browne's Hospital / The Bede House	Stamford, Lincolnshire	upper (audit room) storey height, elevation band between string course and parapet	12 ft 10 3/4 in	ft in	3.931	ft-in	dollman_v2 leaf 34 plate	printed	
hall_manor	Browne's Hospital / The Bede House	Stamford, Lincolnshire	lower (dormitory) storey height, in the longitudinal section	10 ft 6 in	ft in	3.200	ft-in	dollman_v2 leaf 34 plate	printed	
hall_manor	Browne's Hospital / The Bede House	Stamford, Lincolnshire	unassigned figure on the elevation/section (terminations not resolved)	38 ft 9 in	ft in	11.811	ft-in	dollman_v2 leaf 34 plate	printed	
hall_manor	Browne's Hospital / The Bede House	Stamford, Lincolnshire	unassigned figure on the elevation/section (terminations not resolved)	15 ft 8 3/4 in	ft in	4.794	ft-in	dollman_v2 leaf 34 plate	printed	
hall_manor	Bede House audit room table	Stamford, Lincolnshire	length	15 ft 8 in	ft in	4.775	ft-in	dollman_v2 leaf 374 plate	printed	
hall_manor	Bede House audit room table	Stamford, Lincolnshire	height	2 ft 7 3/4 in	ft in	0.806	ft-in	dollman_v2 leaf 374 plate	printed	
hall_manor	Bede House audit room bench	Stamford, Lincolnshire	length	14 ft 2 in	ft in	4.318	ft-in	dollman_v2 leaf 374 plate	printed	
hall_manor	Bede House audit room bench	Stamford, Lincolnshire	seat height	1 ft 8 1/2 in	ft in	0.521	ft-in	dollman_v2 leaf 374 plate	printed	
hall_manor	Bede House audit room settle	Stamford, Lincolnshire	width	4 ft 6 in	ft in	1.372	ft-in	dollman_v2 leaf 374 plate	printed	
hall_manor	Bede House audit room settle	Stamford, Lincolnshire	overall height	4 ft 0 3/4 in	ft in	1.238	ft-in	dollman_v2 leaf 374 plate	printed	
hall_manor	Bede House audit room settle	Stamford, Lincolnshire	seat height above floor	1 ft 6 in	ft in	0.457	ft-in	dollman_v2 leaf 374 plate	printed	
hall_manor	Bede House audit room settle	Stamford, Lincolnshire	seat depth	1 ft 5 in	ft in	0.432	ft-in	dollman_v2 leaf 374 plate	printed	
hall_manor	Abbot's Hospital dining hall table	Guildford, Surrey	length	10 ft 11 in	ft in	3.327	ft-in	dollman_v2 leaf 374 plate	printed	
hall_manor	Abbot's Hospital dining hall table	Guildford, Surrey	height	2 ft 10 in	ft in	0.864	ft-in	dollman_v2 leaf 374 plate	printed	
hall_manor	Abbot's Hospital hall bench	Guildford, Surrey	length	8 ft 10 in	ft in	2.692	ft-in	dollman_v2 leaf 374 plate	printed	
hall_manor	Abbot's Hospital hall bench	Guildford, Surrey	seat height	1 ft 8 1/2 in	ft in	0.521	ft-in	dollman_v2 leaf 374 plate	printed	
hall_manor	Abbot's Hospital	Guildford, Surrey	quadrangle	66 ft by 63 ft	ft	20.117	first measure in prose (ft)	dollman_v2 leaf 367 text	text	
hall_manor	Bishop of Lincoln's manor house hall (later Jesus Hospital)	Lyddington, Rutland	hall, length by width by height	47 ft 1 in by 20 ft 3 in by 13 ft 9 in high	ft in	14.351	first measure in prose (ft in)	dollman_v1 leaf 15 text	text	
hall_manor	Hospital of St Cross	Winchester, Hampshire	refectory	32 ft 0 1/2 in by 26 ft 3 3/4 in	ft in	9.754	first measure in prose (ft)	dollman_v1 leaf 100 plate	printed	
hall_manor	The Guesten Hall	Worcester	internal length	65 ft 8 in	ft in	20.015	ft-in	dollman_v1 leaf 123 text	text	
hall_manor	The Guesten Hall	Worcester	internal width	34 ft 11 in	ft in	10.643	ft-in	dollman_v1 leaf 123 text	text	
hall_manor	The Guesten Hall	Worcester	floor to top of wall-plate	36 ft 8 in	ft in	11.176	ft-in	dollman_v1 leaf 123 text	text	
hall_manor	The Guesten Hall	Worcester	window mullion, across the face	10 1/2 in	in	0.267	in	dollman_v1 leaf 160 plate	printed	
hall_manor	The Guesten Hall	Worcester	window mullion, depth	6 3/4 in	in	0.171	in	dollman_v1 leaf 160 plate	printed	
hall_manor	Refectory of Great Malvern Priory	Great Malvern, Worcestershire	external length by width	75 ft 8 1/2 in by 31 ft 6 in	ft in	22.860	first measure in prose (ft)	dollman_v1 leaf 121 text	text	
hall_manor	Great Malvern Priory church	Great Malvern, Worcestershire	length by width	171 ft by 63 ft	ft	52.121	first measure in prose (ft)	dollman_v1 leaf 121 text	text	
hall_manor	Great Malvern Priory church	Great Malvern, Worcestershire	height of tower	124 ft	ft	37.795	ft	dollman_v1 leaf 121 text	text	
hall_manor	Parish church of St Thomas (demolished)	Great Malvern, Worcestershire	length by width	90 ft by 36 ft	ft	27.432	first measure in prose (ft)	dollman_v1 leaf 121 text	text	
hall_manor	Mayfield Palace hall	Mayfield, Sussex	length by width	69 ft 1 in by 39 ft 3 in	ft in	21.057	first measure in prose (ft in)	dollman_v1 leaf 128 text	text	
hall_manor	Half timbered house	Mayfield, Sussex	overall length of the front wall	65 ft 5 in	ft in	19.939	ft-in	dollman_v1 leaf 184 plate	printed	
hall_manor	Half timbered house	Mayfield, Sussex	projection of the two gabled wings from the central portion	2 ft 3 in	ft in	0.686	ft-in	dollman_v1 leaf 128 text	text	
hall_manor	Half timbered house	Mayfield, Sussex	projection of the gable wall-face from the wall below	18 in	in	0.457	in	dollman_v1 leaf 128 text	text	
hall_manor	Half timbered house	Mayfield, Sussex	height above ground at which the porch is open at the sides	3 ft	ft	0.914	ft	dollman_v1 leaf 128 text	text	
hall_manor	Half timbered house	Mayfield, Sussex	barge board of Gable A, across the carved board	1 ft 8 in	ft in	0.508	ft-in	dollman_v1 leaf 188 plate	printed	
hall_manor	Half timbered house	Mayfield, Sussex	barge board of Gable A, second figure	1 ft 9 in	ft in	0.533	ft-in	dollman_v1 leaf 188 plate	printed	
hall_manor	Half timbered house	Mayfield, Sussex	barge board projection from the wall face, Plan at C.D	1 ft 3 in	ft in	0.381	ft-in	dollman_v1 leaf 188 plate	printed	
hall_manor	Half timbered house	Mayfield, Sussex	barge board member thickness	2 in	in	0.051	in	dollman_v1 leaf 188 plate	printed	
hall_manor	Half timbered house	Mayfield, Sussex	barge board moulded lip	1 in	in	0.025	in	dollman_v1 leaf 188 plate	printed	
hall_manor	Half timbered house	Mayfield, Sussex	barge board Section	1 ft 4 3/4 in	ft in	0.425	ft-in	dollman_v1 leaf 188 plate	printed	
hall_manor	Half timbered house	Mayfield, Sussex	octagonal porch post	2 ft 8 in	ft in	0.813	ft-in	dollman_v1 leaf 188 plate	printed	
hall_manor	Half timbered house	Mayfield, Sussex	octagonal porch post, second figure	1 ft 0 in	ft in	0.305	ft-in	dollman_v1 leaf 188 plate	printed	
hall_manor	Half timbered house	Mayfield, Sussex	octagonal member on the Head of Porch	1 ft 5 1/2 in	ft in	0.445	ft-in	dollman_v1 leaf 188 plate	printed	
hall_manor	Half timbered house	Mayfield, Sussex	jamb of Window F on Plate 1	9 in	in	0.229	in	dollman_v1 leaf 188 plate	printed	
hall_manor	Half timbered house	Mayfield, Sussex	cill and bracket H, figures	1 ft 1 in, 7 in, 5 3/8 in, 4 3/8 in	ft in	0.330	first measure in prose (ft in)	dollman_v1 leaf 188 plate	printed	
hall_manor	Half timbered house	Mayfield, Sussex	turned balusters	2 ft 4 3/4 in	ft in	0.730	ft-in	dollman_v1 leaf 188 plate	printed	
hall_manor	Half timbered house at Dinham	Ludlow, Shropshire	overall width of the front	27 ft 4 in	ft in	8.331	ft-in	dollman_v2 leaf 92 plate	printed	
hall_manor	Half timbered house at Dinham	Ludlow, Shropshire	ground line to wall plate, i.e. full height of the three storeys of wall	20 ft 0 in	ft in	6.096	ft-in	dollman_v2 leaf 92 plate	printed	
hall_manor	Half timbered house at Dinham	Ludlow, Shropshire	wall plate to ridge, i.e. gable rise	8 ft 3 in	ft in	2.515	ft-in	dollman_v2 leaf 92 plate	printed	
hall_manor	Half timbered house, Butcher Row	Shrewsbury, Shropshire	ground-storey height at one end of the elevation	10 ft 8 in	ft in	3.251	ft-in	dollman_v2 leaf 96 plate	printed	
hall_manor	Half timbered house, Butcher Row	Shrewsbury, Shropshire	ground-storey height at the other end (the street falls)	11 ft 1 in	ft in	3.378	ft-in	dollman_v2 leaf 96 plate	printed	
hall_manor	Half timbered house, Butcher Row	Shrewsbury, Shropshire	detail at E.F., across the arch springing	3 ft 8 3/4 in	ft in	1.137	ft-in	dollman_v2 leaf 96 plate	printed	
hall_manor	Half timbered house, Butcher Row	Shrewsbury, Shropshire	detail on Opening C / Doorway D	2 ft 2 1/2 in	ft in	0.673	ft-in	dollman_v2 leaf 96 plate	printed	
hall_manor	Half timbered house, Butcher Row	Shrewsbury, Shropshire	doorway detail	1 ft 5 3/8 in	ft in	0.441	ft-in	dollman_v2 leaf 96 plate	printed	
hall_manor	Half timbered house, Butcher Row	Shrewsbury, Shropshire	small member	5 3/8 in	in	0.137	in	dollman_v2 leaf 96 plate	printed	
hall_manor	Old House	Lavenham, Suffolk	height of the timber ground storey, plinth line to point A at the bressummer	9 ft 9 in	ft in	2.972	ft-in	dollman_v2 leaf 280 plate	printed	
hall_manor	Old House	Lavenham, Suffolk	overall width of the north front block, on the Plan	26 ft 3 in	ft in	8.001	ft-in	dollman_v2 leaf 280 plate	printed	
hall_manor	Old House	Lavenham, Suffolk	figure on the Plan	6 ft 3 in	ft in	1.905	ft-in	dollman_v2 leaf 280 plate	printed	
hall_manor	Old House	Lavenham, Suffolk	figure at the top right of the sheet	10 in	in	0.254	in	dollman_v2 leaf 280 plate	printed	
hall_manor	Old House	Lavenham, Suffolk	corner post at A, detail	6 3/4 in	in	0.171	in	dollman_v2 leaf 280 plate	printed	
hall_manor	Old House	Lavenham, Suffolk	head of buttress at D, detail	2 3/4 in	in	0.070	in	dollman_v2 leaf 280 plate	printed	
hall_manor	Old House porch	Lavenham, Suffolk	porch figure (leader assignment to be re-checked)	8 ft 10 in	ft in	2.692	ft-in	dollman_v2 leaf 284 plate	printed	
hall_manor	Old House porch	Lavenham, Suffolk	porch figure (leader assignment to be re-checked)	4 ft 10 in	ft in	1.473	ft-in	dollman_v2 leaf 284 plate	printed	
hall_manor	Old House porch	Lavenham, Suffolk	porch figure (leader assignment to be re-checked)	1 ft 10 in	ft in	0.559	ft-in	dollman_v2 leaf 284 plate	printed	
hall_manor	Old House porch	Lavenham, Suffolk	post plan width, Plan on the line D.D	1 ft 5 in	ft in	0.432	ft-in	dollman_v2 leaf 284 plate	printed	
hall_manor	Old House porch	Lavenham, Suffolk	post plan width, Plan on the line E.E	1 ft 5 in	ft in	0.432	ft-in	dollman_v2 leaf 284 plate	printed	
hall_manor	Old House porch	Lavenham, Suffolk	section dimension at A.A	10 in	in	0.254	in	dollman_v2 leaf 284 plate	printed	
hall_manor	Old House oriel, west front	Lavenham, Suffolk	overall HEIGHT of the oriel (vertical dimension, up-arrow at the cornice, down-arrow at the hatched base)	9 ft 10 in	ft in	2.997	ft-in	dollman_v2 leaf 288 plate	printed	
hall_manor	Old House oriel, west front	Lavenham, Suffolk	projection of the oriel, on the Plan	1 ft 5 in	ft in	0.432	ft-in	dollman_v2 leaf 288 plate	printed	
hall_manor	Old House oriel, west front	Lavenham, Suffolk	Mouldings at A, the cornice member	1 ft 4 in	ft in	0.406	ft-in	dollman_v2 leaf 288 plate	printed	
hall_manor	Old House oriel, west front	Lavenham, Suffolk	mullion width, on the plan section	8 3/8 in	in	0.213	in	dollman_v2 leaf 288 plate	printed	
hall_manor	Old House oriel, west front	Lavenham, Suffolk	Mouldings at C, the sill member	1 ft 1 3/4 in	ft in	0.349	ft-in	dollman_v2 leaf 288 plate	printed	
hall_manor	The Palace	Linlithgow, Scotland	whole pile, north-south	175 ft	ft	53.340	ft	dollman_v1 leaf 209 text	text	
hall_manor	The Palace	Linlithgow, Scotland	whole pile, east-west	166 ft	ft	50.597	ft	dollman_v1 leaf 209 text	text	
hall_manor	The Palace	Linlithgow, Scotland	east-west length of the pile, running dimension along the ground line of the south elevation	166 ft 2 in	ft in	50.648	ft-in	dollman_v1 leaf 214 plate	printed	
hall_manor	The Palace	Linlithgow, Scotland	ground line to the parapet of the south-west tower (the only figured height for Linlithgow in the work)	66 ft 0 in	ft in	20.117	ft-in	dollman_v1 leaf 214 plate	printed	
hall_manor	The Palace chapel	Linlithgow, Scotland	length by width, occupying the whole height of the building	50 ft by 26 ft	ft	15.240	first measure in prose (ft)	dollman_v1 leaf 210 text	text	
hall_manor	The Palace, Parliament Hall	Linlithgow, Scotland	length by width	98 ft by 30 ft	ft	29.870	first measure in prose (ft)	dollman_v1 leaf 210 text	text	
hall_manor	The Hospital, master's suite over the west range	Ewelme, Oxfordshire	Audit Room	19 ft 3 in by 13 ft 9 in	ft in	5.867	first measure in prose (ft in)	dollman_v2 leaf 100 plate	printed	
hall_manor	The Hospital, master's suite over the west range	Ewelme, Oxfordshire	Sitting Room	20 ft 2 in by 13 ft 9 in	ft in	6.147	first measure in prose (ft in)	dollman_v2 leaf 100 plate	printed	
hall_manor	The Hospital, master's suite over the west range	Ewelme, Oxfordshire	Bed Room	19 ft 2 in by 13 ft 11 in	ft in	5.842	first measure in prose (ft in)	dollman_v2 leaf 100 plate	printed	
hall_manor	The Hospital, brethren's dwelling	Ewelme, Oxfordshire	upper (bed) room, upper floor to the lettered Ceiling Line	8 ft 7 3/4 in	ft in	2.635	ft-in	dollman_v2 leaf 104 plate	printed	
hall_manor	The Hospital, brethren's dwelling	Ewelme, Oxfordshire	ground (sitting) room, greater of two adjacent figures	8 ft 4 3/4 in	ft in	2.559	ft-in	dollman_v2 leaf 104 plate	printed	
hall_manor	The Hospital, brethren's dwelling	Ewelme, Oxfordshire	ground (sitting) room, lesser of two adjacent figures	7 ft 8 1/2 in	ft in	2.349	ft-in	dollman_v2 leaf 104 plate	printed	
hall_manor	The Hospital, passage west of the quadrangle	Ewelme, Oxfordshire	vertical figure at the four-centred doorway	12 ft 6 in	ft in	3.810	ft-in	dollman_v2 leaf 104 plate	printed	
hall_manor	The Hospital, passage west of the quadrangle	Ewelme, Oxfordshire	second vertical figure at the four-centred doorway	13 ft 8 1/2 in	ft in	4.178	ft-in	dollman_v2 leaf 104 plate	printed	
hall_manor	The Hospital, west range	Ewelme, Oxfordshire	Ceiling Line of the upper room down to the lower ground level at the foot of the external stair, i.e. the fall of the site	17 ft 0 in	ft in	5.182	ft-in	dollman_v2 leaf 104 plate	printed	
hall_manor	The Grammar School	Ewelme, Oxfordshire	ground storey (boys' school), greater of two adjacent figures	10 ft 2 3/4 in	ft in	3.118	ft-in	dollman_v2 leaf 108 plate	printed	
hall_manor	The Grammar School	Ewelme, Oxfordshire	ground storey (boys' school), lesser of two adjacent figures	9 ft 7 1/2 in	ft in	2.934	ft-in	dollman_v2 leaf 108 plate	printed	
hall_manor	The Grammar School	Ewelme, Oxfordshire	upper storey (girls' school), upper floor to the wall plate	10 ft 3 in	ft in	3.124	ft-in	dollman_v2 leaf 108 plate	printed	
hall_manor	The Grammar School	Ewelme, Oxfordshire	upper storey (girls' school), upper floor to the apex of the four-centred arched truss	17 ft 5 in	ft in	5.309	ft-in	dollman_v2 leaf 108 plate	printed	
hall_manor	Holcombe Court hall	Holcombe Rogus, Devon	length by width, two storeys in height	44 ft 6 in by 23 ft	ft in	13.564	first measure in prose (ft in)	dollman_v2 leaf 146 text	text	
hall_manor	Colston's House dining hall	Small Street, Bristol	length by width, roof in six bays	48 ft 6 in by 18 ft 5 in	ft in	14.783	first measure in prose (ft in)	dollman_v2 leaf 291 text	text	
hall_manor	Colston's House, largest first-floor room	Small Street, Bristol	length by width	38 ft 6 in by 19 ft 10 in	ft in	11.735	first measure in prose (ft in)	dollman_v2 leaf 291 text	text	
hall_manor	Spicer's Hall	Bristol	hall, length by width, roof in ten bays	32 ft 3 in by 21 ft	ft in	9.830	first measure in prose (ft in)	dollman_v2 leaf 247 text	text	
hall_manor	Chapel of St Baldwin	Bristol	length by width	about 30 ft by 20 ft	ft	9.144	first measure in prose (ft)	dollman_v2 leaf 247 text	text	
hall_manor	Canynge's House hall	Redcliff Street, Bristol	length by width	22 ft 4 in by 22 ft 6 in	ft in	6.807	first measure in prose (ft in)	dollman_v2 leaf 272 text	text	
hall_manor	Canynge's House	Redcliff Street, Bristol	river front, north-south by east-west, from surviving accounts	60 ft by 48 ft	ft	18.288	first measure in prose (ft)	dollman_v2 leaf 272 text	text	
hall_manor	Blundell's School	Tiverton, Devon	larger schoolroom	55 ft by 24 ft	ft	16.764	first measure in prose (ft)	dollman_v2 leaf 197 text	text	
hall_manor	Blundell's School	Tiverton, Devon	smaller schoolroom	48 ft by 24 ft	ft	14.630	first measure in prose (ft)	dollman_v2 leaf 197 text	text	
hall_manor	Blundell's School	Tiverton, Devon	both schoolrooms, floor to the apex of the roof	36 ft	ft	10.973	ft	dollman_v2 leaf 197 text	text	
hall_manor	Blundell's School	Tiverton, Devon	inter-scholium passage width	7 ft	ft	2.134	ft	dollman_v2 leaf 197 text	text	
hall_manor	Blundell's School	Tiverton, Devon	dining hall	35 ft by 24 ft	ft	10.668	first measure in prose (ft)	dollman_v2 leaf 197 text	text	
hall_manor	Battle Abbey refectory	Battle, Sussex	length by width	106 ft by 35 ft	ft	32.309	first measure in prose (ft)	dollman_v1 leaf 261 text	text	
hall_manor	Stirling Castle, the Parliament House	Stirling, Scotland	length by width	125 ft by 36 ft	ft	38.100	first measure in prose (ft)	dollman_v1 leaf 359 text	text	
hall_manor	Bede House	Higham Ferrers, Northamptonshire	internal length by width	65 ft 8 in by 23 ft 10 1/2 in	ft in	20.015	first measure in prose (ft in)	dollman_v2 leaf 164 text	text	
hall_manor	Ford's Hospital	Coventry	open central court	39 ft 2 in by 11 ft 11 in	ft in	11.938	first measure in prose (ft in)	dollman_v1 leaf 283 text	text	
hall_manor	Chapel in the Episcopal Palace	Wells, Somerset	length by width by height, in three bays	52 ft 5 in by 21 ft 3 in by 37 ft high	ft in	15.977	first measure in prose (ft in)	dollman_v2 leaf 331 text	text	
hall_manor	Refectory (vanished 1842)	Ely, Cambridgeshire	length	230 ft	ft	70.104	ft	dollman_v2 leaf 17 text	text	
hall_manor	Borthwick Castle	Borthwick, Midlothian	plan, and height	about 74 ft by 68 ft, nearly 100 ft high	ft	22.555	first measure in prose (ft)	dollman_v1 leaf 322 text	text	
hall_manor	Borthwick Castle great hall	Borthwick, Midlothian	length	about 40 ft	ft	12.192	ft	dollman_v1 leaf 322 text	text	
hall_manor	Roslin / Castle Campbell	Scotland	east-west by broad, walls 9 ft thick in parts	200 ft by 90 ft, walls 9 ft	ft	60.960	first measure in prose (ft)	dollman_v2 leaf 229 text	text	
hall_manor	The Commandery hall	Worcester	plan, length by width	47 ft 10 in by 25 ft 9 in	ft in	14.580	first measure in prose (ft in)	dollman_v1 leaf 172 plate	printed	
hall_manor	The Commandery	Worcester	carved seat ends in hall, plan dimension each	1 ft 6 in	ft in	0.457	ft-in	dollman_v1 leaf 172 plate	printed	
hall_manor	Town house, Assize of London, 1 Richard I (1189)	London	party wall thickness	3 ft	ft	0.914	ft	dollman_v2 leaf 13 text	text	
hall_manor	Town house, Assize of London, 1 Richard I (1189)	London	masonry wall height before the timber gable	16 ft	ft	4.877	ft	dollman_v2 leaf 13 text	text	
hall_manor	Ancient iron work, Shoppee collection	various parts of the kingdom	scutcheon diameter	5 in	in	0.127	in	dollman_v1 leaf 164 plate	printed	
hall_manor	Ancient iron work, Shoppee collection	various parts of the kingdom	hinge, across the two leaves	3 1/2 in	in	0.089	in	dollman_v1 leaf 164 plate	printed	
hall_manor	Ancient iron work, Shoppee collection	various parts of the kingdom	bolt plate, overall length	3 3/4 in	in	0.095	in	dollman_v1 leaf 164 plate	printed	
hall_manor	Ancient iron work, Shoppee collection	various parts of the kingdom	latch, overall length	8 3/4 in	in	0.222	in	dollman_v1 leaf 164 plate	printed	
hall_manor	Ancient iron work, Shoppee collection	various parts of the kingdom	latch, overall height of the vertical back plate	7 in	in	0.178	in	dollman_v1 leaf 164 plate	printed	
hall_manor	Ancient iron work, Shoppee collection	various parts of the kingdom	sliding sconce, overall height	1 ft 7 in	ft in	0.483	ft-in	dollman_v1 leaf 164 plate	printed	
hall_manor	Ancient iron work, Shoppee collection	various parts of the kingdom	sliding sconce, width of the back-plate channel	1 3/8 in	in	0.035	in	dollman_v1 leaf 164 plate	printed	
hall_manor	Closing ring, Chant Marle Farm	near Cattistock, Dorset	height by width	6 7/8 in by 4 5/8 in	in	0.203	first measure in prose (in)	dollman_v2 leaf 370 plate	printed	
hall_manor	Closing ring, The Commandery	Worcester	across the ring	4 in	in	0.102	in	dollman_v2 leaf 370 plate	printed	
hall_manor	Escutcheon on the gateway of the Bishop's Palace	Wells, Somerset	height	5 3/4 in	in	0.146	in	dollman_v2 leaf 370 plate	printed	
hall_manor	Knocker (original in E. Browning's collection)	Stamford, Lincolnshire	length	7 3/8 in	in	0.187	in	dollman_v2 leaf 370 plate	printed	
hall_manor	Window latch	Lambeth Palace, Surrey	length	5 5/8 in	in	0.143	in	dollman_v2 leaf 370 plate	printed	
hall_manor	Old oak panelling (foreign), Plate 1 panel A	from an old house in Lincolnshire	sunk field, width by height	7 3/4 in by 1 ft 0 in	in / ft in	0.102	first measure in prose (in)	dollman_v2 leaf 254 plate	printed	
hall_manor	Old oak panelling (foreign), Plate 1 panel B	from an old house in Lincolnshire	width by height	5 7/8 in by 1 ft 2 1/2 in	in / ft in	0.203	first measure in prose (in)	dollman_v2 leaf 254 plate	printed	
hall_manor	Old oak panelling (foreign), Plate 2 upright panel 1	E. Browning's collection, Stamford	width	7 5/16 in	in	0.186	in	dollman_v2 leaf 258 plate	printed	
hall_manor	Old oak panelling (foreign), Plate 2 upright panel 2	E. Browning's collection, Stamford	width	7 3/16 in	in	0.183	in	dollman_v2 leaf 258 plate	printed	
hall_manor	Old oak panelling (foreign), Plate 2 frieze	E. Browning's collection, Stamford	length	1 ft 2 5/8 in	ft in	0.371	ft-in	dollman_v2 leaf 258 plate	printed	
hall_manor	Old oak panelling (foreign), Plate 2 frieze	E. Browning's collection, Stamford	height	4 3/8 in	in	0.111	in	dollman_v2 leaf 258 plate	printed	
hall_manor	Old oak panelling (foreign), Plate 3 No. 1	from an old house in Lincolnshire	height by width	1 ft 7 1/2 in by 7 1/2 in	ft in	0.305	first measure in prose (ft)	dollman_v2 leaf 262 plate	printed	
hall_manor	Old oak panelling (foreign), Plate 3 No. 2	from an old house in Lincolnshire	height	9 5/8 in	in	0.244	in	dollman_v2 leaf 262 plate	printed	
fortification	Carcassonne outer enceinte		curtain height, ditch bottom or scarp crest to hoarding floor	10	m	10.000	m	Architecture militaire	documented-reconstruction	les courtines de la premiere defense sont maintenues a 10 metres environ du fond du fosse ou de la crete de l'escarpement au sol des hourds
fortification	Carcassonne inner enceinte		curtain height, lices floor to hoarding floor	14 (minimum)	m	14.000	m	Architecture militaire	documented-reconstruction	les courtines de la seconde enceinte ont, du sol des lices au sol des hourds, 14 metres au moins
fortification	French curtains generally, pre-gunpowder		curtain wall thickness (average)	2 to 3	m	2.500	m [range midpoint]	Architecture militaire	measured-fabric	des murs de maconnerie de deux a trois metres d'epaisseur (qui est l'epaisseur moyenne des courtines anterieures a l'emploi regulier des bouches a feu)
fortification	French curtains generally		chemin de ronde width on curtains	2 (maximum)	m	2.000	m	Architecture militaire	measured-fabric	les chemins de ronde qui n'avaient guere que deux metres au plus de largeur
fortification	French parapets generally		crenellated parapet thickness (peacetime, stone, on wall head)	0.50 to 0.70	m	0.600	m [range midpoint]	Architecture militaire	measured-fabric	le mur du parapet dont l'epaisseur varie de 0 m , 50 a 0 m , 70, perce d'archeres rapprochees
fortification	French wall faces generally		ashlar facing thickness over rubble core	0.30 to 0.50	m	0.400	m [range midpoint]	Architecture militaire	measured-fabric	les revetements de pierre qui n'avaient generalement qu'une epaisseur de 30 a 50 centimetres
fortification	Carcassonne outer enceinte		circuit perimeter measured inside the ditches	1400	m	1400.000	m	Tour	measured-fabric	Le perimetre de l'enceinte exterieure est de 1400 metres en dedans des fosses
fortification	Carcassonne		garrison density rule of thumb	1 man per metre of circuit	men/m	1.000	first number, unit column (m)	Tour	viollet-conjecture	c'est environ un homme par metre de developpement qu'il fallait compter pour composer la garnison d'une ville fortifiee
fortification	Vincennes		short side of the enceinte parallelogram, tower projection included	212	m	212.000	m	Architecture militaire	measured-fabric	Le petit cote du parallelogramme de l'enceinte, compris la saillie des tours, a 212 metres
fortification	Vincennes		curtain length between towers	about 100	m	100.000	m	Tour	measured-fabric	Les courtines entre les tours ont environ 100 metres de long, ce qui depasse la limite des anciennes escarpes flanquees
fortification	Langres, 16th-century tower front		wall thickness built against artillery	7.00	m	7.000	m	Architecture militaire	measured-fabric	les murs sont epais (7,00 metres), afin de pouvoir resister a l'artillerie des assiegeants
fortification	Ham, grosse tour		wall thickness	10	m	10.000	m	Tour	documented-reconstruction	la grosse tour, batie par le comte de Saint-Pol, et dont les murs ont 10 metres d'epaisseur
fortification	Roman city walls		gap between the two masonry facings, earth-filled	20 pieds (about 6.5)	m	20.000	first number, unit column (m)	Architecture militaire	documented-reconstruction	il consistait en deux forts parements de maconnerie separes par un intervalle de vingt pieds
fortification	Gaulish timber-and-stone rampart (Caesar)		spacing of the longitudinal timbers	2 pieds (about 0.65)	m	2.000	first number, unit column (m)	Architecture militaire	documented-reconstruction	les placent a une distance de deux pieds l'une de l'autre
fortification	Gaulish timber-and-stone rampart (Caesar)		length of the tie timbers	about 40 pieds (about 13)	m	40.000	first number, unit column (m)	Architecture militaire	documented-reconstruction	les arbres, ayant environ quarante pieds de long, lies entre eux dans l'epaisseur de la muraille
fortification	Siege contravallation		spacing of the double palisade rows	3 to 4	m	3.500	m [range midpoint]	Architecture militaire	viollet-conjecture	doubles rangs de fortes palissades de bois espaces de la longueur d'une pique (trois a quatre metres)
fortification	Stone machicolation, general type		corbel spacing, axis to axis	0.70 to 1.20	m	0.950	m [range midpoint]	Architecture militaire	measured-fabric	On posait des corbeaux les uns sur les autres formant encorbellements espaces environ de 0 m ,70 a 1 m ,20 au plus d'axe en axe
fortification	Stone machicolation, general type		crenellated parapet on the corbel ends: thickness	0.33 to 0.40	m	0.365	m [range midpoint]	Architecture militaire	measured-fabric	Sur l'extremite de ces corbeaux on elevait un parapet crenele B de 0 m ,33 a 0 m ,40 en pierre, et de 2 metres de haut
fortification	Stone machicolation, general type		crenellated parapet on the corbel ends: height	2	m	2.000	m	Architecture militaire	measured-fabric	un parapet crenele B de 0 m ,33 a 0 m ,40 en pierre, et de 2 metres de haut
fortification	Pierrefonds, tour de Charlemagne		machicolation drop-hole width	about 0.42	m	0.420	m	Tour	documented-reconstruction	les trous des machicoulis ont 42 centimetres environ
fortification	Pierrefonds, tour de Charlemagne		largest round stone projectile stacked for the machicolations	up to 0.40	m	0.400	m	Tour	measured-fabric	pierres rondes, cailloux de toutes grosseurs, jusqu'a 40 centimetres de diametre
fortification	Pierrefonds, tour de Charlemagne		drop from the machicolation walk to the projectile floor S	3	m	3.000	m	Tour	documented-reconstruction	du chemin de ronde R sur l'aire S placee a 3 metres au-dessous
fortification	Carcassonne, Visigothic tower		upper room floor below the crenel sill	1.28	m	1.280	m	Tour	documented-reconstruction	Le plancher de la salle superieure, etant a 1 metre 28 centimetres en contre-bas de l'appui des creneaux
fortification	Hand-thrown stones from the wall head		effective projectile weight dropped about 20 m	8 to 10 kg from 20 m	kg/m	20.000	first measure in prose (m)	Tour	viollet-conjecture	De simples cailloux du poids de 8 a 10 kilogrammes, tombant d'une hauteur de 20 metres, etaient les projectiles les plus dangereux
fortification	French towers and curtains generally		arrow loop, external slit width	about 0.10	m	0.100	m	Architecture militaire	measured-fabric	ces ouvertures, qui n'avaient a l'exterieur que 0 m , 10 de largeur environ
fortification	French towers and curtains generally		arrow loop, internal embrasure width	1 to 1.50	m	1.250	m [range midpoint]	Architecture militaire	measured-fabric	et 1 m , a 1 m , 50 a l'interieur
fortification	Arles, Roman gate towers		tower diameter	8	m	8.000	m	Tour	measured-fabric	Ces tours ont 8 metres de diametre et sont espacees l'une de l'autre de 15 metres
fortification	Arles, Roman gate towers		spacing between towers	15	m	15.000	m	Tour	measured-fabric	Ces tours ont 8 metres de diametre et sont espacees l'une de l'autre de 15 metres
fortification	Coucy, outer enceinte (mid 13th c.)		spacing between towers	50 to 60	m	55.000	m [range midpoint]	Tour	measured-fabric	flanquee de tours, la plupart fermees a la gorge et espacees les unes des autres de 50 a 60 metres
fortification	Coucy		distance from a captured outer tower to the foot of the inner enceinte	20	m	20.000	m	Tour	measured-fabric	il se trouvait a 20 metres du pied de l'enceinte interieure
fortification	Coucy		relief of the inner enceinte above the outer chemin de ronde	15	m	15.000	m	Tour	measured-fabric	dont le relief est de 15 metres au-dessus du chemin de ronde S
fortification	Coucy, north-west tower		masonry thickness of the cylinder at level P	5.20 (16 pieds)	m	5.200	first number, unit column (m)	Tour	measured-fabric	la maconnerie du cylindre, au niveau P , a 5 m ,20 d'epaisseur (16 pieds)
fortification	Coucy, north-west tower		outer talus drop below the courtyard level K	8	m	8.000	m	Tour	measured-fabric	Le talus exterieur descend a 8 metres en contre-bas du niveau K , sol de la cour
fortification	Coucy		course height of the tower masonry	0.40 to 0.50	m	0.450	m [range midpoint]	Tour	measured-fabric	merveilleusement executee en assises de 40 a 50 centimetres
fortification	Coucy		wall thickness at the point a workman pierced it in 27 days	4	m	4.000	m	Tour	measured-fabric	un trou d'un metre carre environ dans l'un de ces murs, au-dessus du talus, c'est-a-dire au point ou la maconnerie n'a que 4 metres d'epaisseur
fortification	Carcassonne, tour Saint-Martin		height above the lices military road	25	m	25.000	m	Tour	measured-fabric	la tour Saint-Martin s'eleve de 25 metres au-dessus du chemin militaire des [li]ces [source text corrupt: 'des ces']
fortification	Carcassonne, tour Saint-Martin		height above the city ground	15.50	m	15.500	m	Tour	measured-fabric	et de 15 [m] ,50 au-dessus du sol de la cite [source text prints '15 e ,50']
fortification	Carcassonne, Porte-Rouge front		level difference between two adjoining curtain walks	3	m	3.000	m	Tour	measured-fabric	le chemin de ronde b est a 3 metres au-dessus du chemin de ronde a
fortification	Carcassonne, Saint-Nazaire postern tower		lices floor below the sill of the second door	3	m	3.000	m	Tour	measured-fabric	le sol des lices est a 3 metres en contre-bas du seuil de la seconde porte
fortification	Carcassonne, Saint-Nazaire postern tower		distance from the tower to Saint-Nazaire church	25	m	25.000	m	Tour	measured-fabric	Sa masse sert de masque a l'eglise de Saint-Nazaire, distante seulement de 25 metres
fortification	Carcassonne, tour visigothe area postern		gargoyle height above the lices floor	about 2	m	2.000	m	Tour	measured-fabric	une gargouille est percee en G , a 2 metres environ au-dessus du sol des lices
fortification	Carcassonne, square tower with echauguettes		postern sill above the outside ground	2	m	2.000	m	Tour	measured-fabric	une large poterne dont le seuil est pose a 2 metres au-dessus du sol exterieur
fortification	Aigues-Mortes, tour de Constance		tower height	29	m	29.000	m	Tour	measured-fabric	Cette tour cylindrique a 29 metres de hauteur sur 22 metres de diametre
fortification	Aigues-Mortes, tour de Constance		tower diameter	22	m	22.000	m	Tour	measured-fabric	Cette tour cylindrique a 29 metres de hauteur sur 22 metres de diametre
fortification	Aigues-Mortes, tour de Constance		lantern turret height above the platform	11	m	11.000	m	Tour	measured-fabric	une tourelle de 11 metres s'eleve pres du crenelage sur la plate-forme
fortification	La Rochelle, tour de la Lanterne		tower diameter	16	m	16.000	m	Tour	measured-fabric	C'est une grosse tour de 16 metres de diametre, terminee par une fleche pyramidale de pierre
fortification	La Rochelle, tour de la Lanterne		distance from the harbour mouth	about 100	m	100.000	m	Tour	measured-fabric	a 100 metres environ du goulet du port
fortification	Pierrefonds, donjon flanking towers		external diameter hors oeuvre	15.50	m	15.500	m	Tour	measured-fabric	deux grosses tours cylindriques dont le diametre est de 15 metres 50 centimetres hors oeuvre
fortification	Montepilloy		course height of the tower masonry	0.32 (one pied)	m	0.320	first number, unit column (m)	Tour	measured-fabric	en assises reglees de 0 m , 32 de hauteur (un pied)
fortification	Montlhery, principal tower		diameter above the talus	9.85 (30 pieds)	m	9.850	first number, unit column (m)	Tour	measured-fabric	a 9 m ,85 de diametre au-dessus du talus (30 pieds)
fortification	Montlhery, principal tower		platform level above the donjon door sill	about 35	m	35.000	m	Tour	viollet-conjecture	le niveau de sa plate-forme etait a 35 metres environ au-dessus du seuil de la porte du donjon
fortification	Paris, tour de Nesle		external diameter hors oeuvre	5 toises (about 9.75)	m	5.000	first number, unit column (m)	Tour	documented-reconstruction	La tour de Nesle D avait, hors oeuvre, cinq toises de diametre
fortification	Curton		tower height, dungeon floor to upper platform	33	m	33.000	m	Tour	measured-fabric	La tour de Curton a d'ailleurs 33 metres de hauteur, du niveau du sol du cachot a la plate-forme superieure
fortification	Salses (Salces)		ditch width	about 15	m	15.000	m	Tour	measured-fabric	Un fosse de 15 metres de largeur environ sur 7 metres de profondeur circonscrit tout le chateau
fortification	Salses (Salces)		ditch depth	7	m	7.000	m	Tour	measured-fabric	Un fosse de 15 metres de largeur environ sur 7 metres de profondeur circonscrit tout le chateau
fortification	Cadillac, porte Garonne		town ditch width, water-filled	about 20	m	20.000	m	Tour	measured-fabric	Des fosses de 20 metres de largeur environ, remplis par les eaux de l'Oeille
fortification	Cadillac		rampart height an escalade would have to climb	10	m	10.000	m	Tour	measured-fabric	de passer un fosse plein d'eau, de 20 metres de largeur, et d'escalader un rempart de 10 metres
fortification	Cadillac, porte Garonne		machicolations and loopholes above the curtain walk floor	2	m	2.000	m	Tour	measured-fabric	Les machicoulis et meurtrieres b sont perces a 2 metres en contre-haut du sol de ce chemin de ronde
fortification	16th-century barbette battery		command over the neighbouring curtain parapet crest	about 1	m	1.000	m	Architecture militaire	measured-fabric	La batterie barbette domine la crete du parapet des courtines voisines de 1 metre environ
fortification	Coucy, donjon		external diameter hors oeuvre, lower talus excluded	30.50	m	30.500	m	Donjon	measured-fabric	Le diametre de l'enorme tour, non compris le talus inferieur, a trente metres cinquante centimetres hors oeuvre
fortification	Coucy, donjon		total height, paved ditch bottom to summit, pinnacles excluded	55	m	55.000	m	Donjon	measured-fabric	sa hauteur, du fond du fosse dalle au sommet, non compris les pinacles, est de cinquante-cinq metres
fortification	Coucy, donjon		ditch width between the chemise and the tower	8	m	8.000	m	Donjon	measured-fabric	entre cette chemise et la tour, est un fosse de huit metres de largeur, entierement dalle
fortification	Coucy, donjon		ditch bottom below the postern sill	5	m	5.000	m	Donjon	measured-fabric	dont le fond est a cinq metres en contre-bas du seuil de la poterne
fortification	Coucy, donjon		masonry from the back of a wall niche to the outer circumference	5.50 (minimum)	m	5.500	m	Donjon	measured-fabric	du fond des niches a la circonference de la tour, la maconnerie n'a pas moins de cinq metres cinquante centimetres
fortification	Coucy, donjon		well depth in its present partly filled state	30 (minimum)	m	30.000	m	Donjon	measured-fabric	En D est un puits tres-large, qui n'a pas encore ete vide, mais qui, dans l'etat actuel, n'a pas moins de trente metres de profondeur
fortification	Coucy, donjon		course height of the masonry	0.40 to 0.50	m	0.450	m [range midpoint]	Donjon	measured-fabric	La maconnerie, elevee en assises regulieres de 0,40 c. a 0,50 c. de hauteur, est bien faite
fortification	Coucy, donjon		depth below floor of Metezeau's demolition mine chamber	2	m	2.000	m	Donjon	documented-reconstruction	il chargea, au centre, a deux metres au-dessous du sol, un fourneau de mine
fortification	Louvre, donjon of Philip Augustus		external diameter	20	m	20.000	m	Donjon	documented-reconstruction	nous savons seulement qu'il etait cylindrique, que son diametre exterieur etait de vingt metres et sa hauteur de quarante metres environ
fortification	Louvre, donjon of Philip Augustus		height	about 40	m	40.000	m	Donjon	documented-reconstruction	son diametre exterieur etait de vingt metres et sa hauteur de quarante metres environ
fortification	Rouen, donjon of Philip Augustus		wall thickness at ground and first floor	near 4	m	4.000	first number, unit column (m)	Donjon	measured-fabric	les murs ont pres de quatre metres d'epaisseur
fortification	Etampes, donjon		wall thickness	4 (minimum)	m	4.000	m	Donjon	measured-fabric	un escalier B , pris aux depens de l'epaisseur du mur, qui n'a pas moins de quatre metres
fortification	Etampes, donjon		drop from the postern vestibule into the cellar trap	4 (minimum)	m	4.000	m	Donjon	measured-fabric	tombat d'une hauteur de quatre metres au moins en F sur le sol de la cave
fortification	Vincennes, donjon		square tower height	about 40	m	40.000	m	Donjon	measured-fabric	une tour carree de quarante metres de haut environ avec quatre tourelles d'angle montant de fond
fortification	Vez, donjon		postern sill above the outside ground	about 7	m	7.000	m	Donjon	measured-fabric	La poterne B , munie d'une herse et de vantaux, surmontee de machicoulis, a son seuil pose a sept metres environ au-dessus du sol exterieur
fortification	Vez, donjon		width of the outside path below the postern	6	m	6.000	m	Donjon	measured-fabric	le sol exterieur qui, a cet endroit, ne presente qu'un chemin de six metres de largeur
fortification	Pierrefonds, donjon		uniform course height	0.33 (one pied)	m	0.330	first number, unit column (m)	Donjon	measured-fabric	toutes les assises reglees et d'une epaisseur uniforme de 0,33 c. (un pied) entre lits
fortification	Arques, donjon (c.1040)		facing stone height between beds	0.15 to 0.20	m	0.175	m [range midpoint]	Donjon	measured-fabric	paremente de petites pierres d'appareil de 0,15 c. a 0,20 c. de hauteur entre lits
fortification	Arques, donjon (c.1040)		facing stone length	0.20 to 0.32	m	0.260	m [range midpoint]	Donjon	measured-fabric	de hauteur entre lits, sur 0,20 c. a 0,32 c. de long
fortification	Chateau-Gaillard		well depth	over 80	m	80.000	m	Donjon	measured-fabric	En K est un puits de plus de 80 metres de profondeur
fortification	Chateau-Gaillard		rise of the rock-cut underground stair treads	0.30 to 0.40	m	0.350	m [range midpoint]	Donjon	measured-fabric	un long souterrain ascendant dont les marches taillees dans la craie et le silex n'ont pas moins de 0,30 c. a 0,40 c. de hauteur
fortification	Normandy donjons, general		raised donjon door above the outside ground	6	m	6.000	m	Donjon	measured-fabric	Sa porte est relevee a six metres au-dessus du sol, et s'ouvre sur le flanc de la tour carree
fortification	Early feudal town and castle gates		carriage opening width	barely 3	m	3.000	first number, unit column (m)	Porte	measured-fabric	elles ont a peine 3 metres d'ouverture sur 3 a 4 metres de hauteur sous clef
fortification	Early feudal town and castle gates		height under the keystone	3 to 4	m	3.500	m [range midpoint]	Porte	measured-fabric	elles ont a peine 3 metres d'ouverture sur 3 a 4 metres de hauteur sous clef
fortification	Carcassonne, chateau gate (c.1120)		gate opening width	under 2	m	2.000	m	Porte	measured-fabric	La porte, qui n'a pas 2 metres de largeur sur 2 m ,30 de hauteur
fortification	Carcassonne, chateau gate (c.1120)		gate opening height	2.30	m	2.300	m	Porte	measured-fabric	La porte, qui n'a pas 2 metres de largeur sur 2 m ,30 de hauteur
fortification	Carcassonne, chateau gate (c.1120)		removable-deck pit in front of the gate: length	about 3	m	3.000	m	Porte	measured-fabric	laisse en avant de l'entree une fosse de 3 metres environ de longueur sur 3 metres de largeur
fortification	Carcassonne, chateau gate (c.1120)		removable-deck pit in front of the gate: width	3	m	3.000	m	Porte	measured-fabric	une fosse de 3 metres environ de longueur sur 3 metres de largeur
fortification	Carcassonne, chateau gate (c.1120)		vertical command holes through the vaults	0.63 by 0.50	m	0.630	first number, unit column (m)	Porte	measured-fabric	Ces trous, qui ont 0 m ,63 de largeur sur 0 m ,50 de large, permettaient meme au besoin de placer des echelles
fortification	Carcassonne, chateau		drop from the forced postern to the inner courtyard	7	m	7.000	m	Architecture militaire	measured-fabric	qu'on se trouvait a 7 metres en contre-bas de la cour interieure L du chateau
fortification	Carcassonne, inner-enceinte postern in the bishop's curtain		postern height	2	m	2.000	m	Architecture militaire	measured-fabric	qui n'a que 2 metres de hauteur sur 0 m , 90 de largeur
fortification	Carcassonne, inner-enceinte postern in the bishop's curtain		postern width	0.90	m	0.900	m	Architecture militaire	measured-fabric	qui n'a que 2 metres de hauteur sur 0 m , 90 de largeur
fortification	Carcassonne, inner-enceinte postern in the bishop's curtain		sill above the lices floor	12	m	12.000	m	Architecture militaire	measured-fabric	et dont le seuil est place a 12 metres au-dessus du sol des lices
fortification	Carcassonne, outer-enceinte postern near the porte de l'Aude		rock scarp below the postern	about 7	m	7.000	m	Architecture militaire	measured-fabric	celle-ci est ouverte au-dessus d'un escarpement de rochers de 7 metres de hauteur environ
fortification	Coucy, porte de Laon		great first-floor hall length	22	m	22.000	m	Porte	measured-fabric	La grande salle S , ayant 22 metres de longueur sur 8 metres de largeur
fortification	Coucy, porte de Laon		great first-floor hall width	8	m	8.000	m	Porte	measured-fabric	La grande salle S , ayant 22 metres de longueur sur 8 metres de largeur
fortification	Coucy, porte de Laon		ordinary garrison the gate could hold	50 to 60 men	men	50.000	first number, unit column (m)	Porte	viollet-conjecture	un poste de cinquante a soixante hommes pouvait facilement tenir dans cet ouvrage en temps ordinaire
fortification	Villeneuve-lez-Avignon gate (late 13th c.)		opening at its narrowest point	4.20	m	4.200	m	Porte	measured-fabric	Son ouverture, au point le plus etroit, est de 4 m ,20, largeur inusitee pour les portes des XIIe et XIIIe siecles
fortification	Villeneuve-lez-Avignon gate		course height of the masonry	0.27	m	0.270	m	Porte	measured-fabric	elevee en excellente pierre de Villeneuve, par assises reglees de 0 m ,27 de hauteur
fortification	Villeneuve-lez-Avignon gate		iron rings carrying the portcullis chain pulleys	0.25	m	0.250	m	Porte	measured-fabric	les trois anneaux de fer, de 0 m ,25 de diametre, qui servaient a suspendre les poulies
fortification	Standard 14th-century carriage gate		opening height	about 3.50	m	3.500	m	Porte	viollet-conjecture	ayant environ, suivant l'usage admis au XIVe siecle, 3 m ,50 de hauteur sur 3 m ,50 de largeur
fortification	Standard 14th-century carriage gate		opening width	about 3.50	m	3.500	m	Porte	viollet-conjecture	ayant environ, suivant l'usage admis au XIVe siecle, 3 m ,50 de hauteur sur 3 m ,50 de largeur
fortification	Postern with single-arm drawbridge, 14th-15th c.		bay width	1 (maximum)	m	1.000	m	Porte	measured-fabric	Elles se composent d'une baie d'un metre de largeur au plus et de 2 metres a 2 m ,50 de hauteur
fortification	Postern with single-arm drawbridge, 14th-15th c.		bay height	2 to 2.50	m	2.250	m [range midpoint]	Porte	measured-fabric	d'une baie d'un metre de largeur au plus et de 2 metres a 2 m ,50 de hauteur
fortification	Pierrefonds, supply postern		sill above the outside road	10	m	10.000	m	Porte	measured-fabric	la poterne de ravitaillement du chateau de Pierrefonds est elevee de 10 metres au-dessus du chemin exterieur
fortification	Pierrefonds, supply postern		thickness of the curtain it pierces	3	m	3.000	m	Porte	measured-fabric	Cette poterne de ravitaillement est percee a travers une haute courtine ayant 3 metres d'epaisseur
fortification	Pierrefonds, supply postern		top of the inclined plane below the sill	2	m	2.000	m	Porte	viollet-conjecture	s'elevait du chemin jusqu'a un niveau en contre-bas de 2 metres du seuil
fortification	Pierrefonds, supply postern		gap between the inclined plane and the curtain, spanned by the drawbridge	4	m	4.000	m	Porte	viollet-conjecture	et a 4 metres de distance de la courtine
fortification	Pierrefonds, chateau		garrison the castle could hold	1200 men	men	1200.000	first number, unit column (m)	Porte	viollet-conjecture	Le chateau de Pierrefonds pouvait facilement contenir une garnison de 1 200 hommes
fortification	Villeneuve-sur-Yonne		ditch width crossed by the approach bridge	12	m	12.000	m	Porte	measured-fabric	le ponceau qui precede la porte, et qui passe sur un fosse de 12 metres de largeur
fortification	Carcassonne, porte Narbonnaise		mortar bed thickness in the ashlar	about 0.01	m	0.010	m	Porte	measured-fabric	les lits, tres-bien dresses et poses sur couche de mortier excellent, ont 0 m ,01 d'epaisseur en moyenne
fortification	Crossbow from the wall head		point-blank effective range	about 60	m	60.000	m	Tour	viollet-conjecture	les arbaletriers, qui envoyaient leurs carreaux de but en blanc a 60 metres environ
fortification	Tower loopholes, Coucy outer enceinte		flat-trajectory sweep from the tower circumference	60	m	60.000	m	Tour	viollet-conjecture	elles envoyaient des projectiles divergeant de plein fouet a 60 metres de leur circonference
fortification	Counterweight engines on tower platforms		effective range	150 to 200	m	175.000	m [range midpoint]	Tour	viollet-conjecture	dont le tir etait tres-precis et l'effet terrible jusqu'a une portee de 150 a 200 metres
fortification	Pierrefonds tower crown, combined fire		radius the defenders could cover	150 to 200	m	175.000	m [range midpoint]	Tour	viollet-conjecture	dans un rayon de 150 a 200 metres, les defenseurs pouvaient couvrir le terrain d'une quantite innombrable de carreaux, de viretons et de pierres
fortification	Orleans 1428, defenders' cannon		point-blank range	600	m	600.000	m	Tour	documented-reconstruction	possedaient cependant des canons envoyant des balles de plein fouet a 600 metres
fortification	16th-century siege battery		concentration needed to breach a 2-3 m wall	300 to 500 shot on about 8 m2	shot/m2		unparsed	Architecture militaire	documented-reconstruction	ne pouvaient resister a une batterie envoyant de trois a cinq cents boulets sur une surface de huit metres carres environ
viollet_general	Antique-system worked example		clear span to be covered (fig.2)	7.60	m	7.600	m	Charpente, Viollet-le-Duc, Dictionnaire raisonne		supposons que l’intervalle à couvrir NO soit de sept mètres soixante centimètres
viollet_general	Charpente		Antique-system arbalétrier scantling (fig.2)	0.20	m (square)	0.200	m (qualified)	Charpente, Viollet-le-Duc, Dictionnaire raisonne		les arbalétriers ayant 0,20 c. d’équarrissage
viollet_general	Charpente		Antique-system chevron scantling (fig.2)	0.12	m	0.120	m	Charpente, Viollet-le-Duc, Dictionnaire raisonne		et les chevrons 0,12 c
viollet_general	Charpente		Wall thickness required by the antique system for a 7.60 m span [[CORRECTED: the reader's derivation '0.20 + 0.20 + 0.12 stacked outside the rafter line plus bearing = 1.10 m' is FABRICATED - those figures sum to 0.52 and Viollet gives no such sum. His STATED cause is shallow pitch: 'si le comble n'a pas une forte inclinaison et si l'on veut que la rencontre des arbaletriers avec l'entrait ne porte pas a faux, ce systeme exige des murs d'une grande epaisseur.' The 1.10 m is a geometric consequence of low pitch making the rafter/tie junction overhang (porter a faux), not an addition of scantlings - which matters, because the pitch story depends on that coupling.]]	1.10	m	1.100	m	Charpente, Viollet-le-Duc, Dictionnaire raisonne		on voit que l’épaisseur des murs doit être de 1,10 c., ce qui est considérable eu égard au peu de largeur du vaisseau
viollet_general	Charpente		Bahut (wall head) bed available for the plates of a 13th-c great roof	about 1.00	m	1.000	m	Charpente, Viollet-le-Duc, Dictionnaire raisonne		L’assiette sur laquelle venaient reposer les sablières des grandes charpentes de combles était donc assez étroite, et se trouvait réduite à un mètre environ
viollet_general	Charpente		Romanesque roof pitch over barrel vaults (Burgundy type)	45 to 50	degrees		non-length (degrees)	Charpente, Viollet-le-Duc, Dictionnaire raisonne		les arbalétriers, n’ayant guère qu’une inclinaison de 45 à 50 degrés
viollet_general	Charpente		Roof pitch, before the 13th-c change	40 or 50	degrees		non-length (degrees)	Charpente, Viollet-le-Duc, Dictionnaire raisonne		on la porta de 40 ou 50 degrés à 60 et même 65 degrés
viollet_general	Charpente		Roof pitch, after the 13th-c change [[CORRECTED SCOPE. Two stated causes at two dates, not one: (i) mid-12th c, smaller scantlings force a steeper pitch - 'employant des bois moins gros, il fallait donner aux arbaletriers une plus grande inclinaison, afin qu'ils ne flechissent pas sous le poids de la couverture'; (ii) 13th c, the bahut has shrunk to about 1 m and the rafter foot plus purlin depth no longer fits on it. And the change is NOT a France-vs-England discriminator: 'Excepte dans les provinces meridionales, ou les charpentes conserverent une faible inclinaison, partout en France et en Angleterre, on modifia, a la fin du XIIe siecle, le systeme des charpentes apparentes' - England is grouped WITH France; the one low-pitch exception is the French Midi.]]	60 to 65	degrees		non-length (degrees)	Charpente, Viollet-le-Duc, Dictionnaire raisonne		on la porta de 40 ou 50 degrés à 60 et même 65 degrés
viollet_general	Reims cathedral nave roof		truss base (span) [['n'a pas moins de' = not less than. VERIFIED AGAINST THE PLATE: at the plate's own 58.8 px/m the drawn half-base is 7.19 m against the stated 7.20.]]	14.40	m	14.400	m	Charpente, Viollet-le-Duc, Dictionnaire raisonne		Les fermes sont taillées sur un triangle qui n’a pas moins de 14 m ,40 de base
viollet_general	Reims		truss height, apex to base [[VERIFIED AGAINST THE PLATE: drawn rise 911 px = 15.49 m against the stated 15.50; pitch atan(15.50/7.20) = 65.1 deg.]]	15.50	m	15.500	m	Charpente, Viollet-le-Duc, Dictionnaire raisonne		sur 15 m ,50 de hauteur du sommet à la base
viollet_general	Reims		length of arbalétriers and chevrons	17.00	m	17.000	m	Charpente, Viollet-le-Duc, Dictionnaire raisonne		les arbalétriers et les chevrons ont 17 m ,00
viollet_general	Reims		length of the one-piece sous-arbalétriers-moises	14.50	m	14.500	m	Charpente, Viollet-le-Duc, Dictionnaire raisonne		ces sous-arbalétriers-moises I qui sont d’un seul morceau et n’ont pas moins de 14 m ,50 de longueur
viollet_general	Reims		maximum scantling of the largest pieces [[VERIFIED AGAINST THE PLATE: the drawn poincon measures 13 px = 0.221 m at 58.8 px/m, i.e. the stated 0.22 m / 8 pouces. Viollet gives the conversion himself, which tells us scantlings were SIZED IN POUCES.]]	0.22	m (= 8 pouces of the old measure)	0.220	m (qualified)	Charpente, Viollet-le-Duc, Dictionnaire raisonne		Les équarrissages ne dépassent pas 0,22 c. pour les plus grosses pièces, huit pouces de l’ancienne mesure
viollet_general	Messina cathedral		ferme spacing, axis to axis	2.50	m	2.500	m	Charpente, Viollet-le-Duc, Dictionnaire raisonne		une suite de fermes assez peu distantes, 2 m ,50 d’axe en axe
viollet_general	Messina		tie-beam span	14.00	m	14.000	m	Charpente, Viollet-le-Duc, Dictionnaire raisonne		Les entraits ont 14 m , 00 de portée
viollet_general	Messina		tie-beam scantling	0.80 x 0.45	m	0.800	pair max (m)	Charpente, Viollet-le-Duc, Dictionnaire raisonne		grâce à leur énorme équarrissage (0,80 c. sur 0,45 c.), ils n’ont pas fléchi d’une manière sensible
viollet_general	Auxerre bishop's palace great hall		visible poinçon, octagonal, across flats	0.13	m	0.130	m	Charpente, Viollet-le-Duc, Dictionnaire raisonne		le poinçon ne donne, en section horizontale, qu’un octogone de 0,13 centimètres de diamètre
viollet_general	Auxerre great hall		arbalétrier scantling	0.14 x 0.12	m	0.140	pair max (m)	Charpente, Viollet-le-Duc, Dictionnaire raisonne		les arbalétriers n’ont que 0,14. sur 0,12. d’équarrissage
viollet_general	Auxerre great hall		chevron scantling	0.13 x 0.12	m	0.130	pair max (m)	Charpente, Viollet-le-Duc, Dictionnaire raisonne		les chevrons 0,13. sur 0,12
viollet_general	Auxerre small hall		width	4.80	m	4.800	m	Charpente, Viollet-le-Duc, Dictionnaire raisonne		Cette salle n’a pas plus de 4 m ,80 de largeur
viollet_general	Charpente		Bardeaux (riven oak ceiling boards): thickness	0.01, sometimes 0.009	m	0.010	first number, unit column (m)	Charpente, Viollet-le-Duc, Dictionnaire raisonne		Ces bardeaux ou feuillets de chêne refendu ont ordinairement 0,01 c. d’épaisseur, et même quelquefois 0,009 m
viollet_general	Mauvesin		ferme spacing	4.30	m	4.300	m	Charpente, Viollet-le-Duc, Dictionnaire raisonne		Les chevrons entre les fermes, espacées de 4 m ,30
viollet_general	Mauvesin		nave width covered	7.00	m	7.000	m	Charpente, Viollet-le-Duc, Dictionnaire raisonne		Cette charpente, qui couvre une nef de 7 m ,00 de largeur
viollet_general	Charpente		Span band for the simplest 13th-14th-c apparent roofs	7.00 to 8.00	m	7.500	m [range midpoint]	Charpente, Viollet-le-Duc, Dictionnaire raisonne		pour couvrir des vaisseaux d’une largeur de 7 m ,00 à 8 m ,00
viollet_general	Sully-sur-Loire		height of the grand'salle floor above the courtyard	14.30	m	14.300	m	Charpente, Viollet-le-Duc, Dictionnaire raisonne		La grand’salle du château de Sully est située au troisième étage, à 14 m , 30 au-dessus du sol de la cour
viollet_general	Sully		floor beams - depth x width	0.63 x 0.50	m	0.630	pair max (m)	Charpente, Viollet-le-Duc, Dictionnaire raisonne		Les poutres qui portent les solives du plancher de la salle ont 0,63 c. d’épaisseur sur 0,50 c. de largeur
viollet_general	Sully		floor beam span	11.90	m	11.900	m	Charpente, Viollet-le-Duc, Dictionnaire raisonne		et 11 m ,90 c. de portée
viollet_general	Sully		sablière scantling	0.30 x 0.24	m	0.300	pair max (m)	Charpente, Viollet-le-Duc, Dictionnaire raisonne		cette sablière a 0,30 cm d’épaisseur sur 0,24 de largeur
viollet_general	Sully		floor level to the apex of the pointed lambris	10.20	m	10.200	m	Charpente, Viollet-le-Duc, Dictionnaire raisonne		Du niveau du plancher au sommet de l’ogive formée par le lambris intérieur on compte 10 m ,20 c
viollet_general	Sully		wall thickness above the top floor	0.95	m	0.950	m	Charpente, Viollet-le-Duc, Dictionnaire raisonne		le mur, réduit à une épaisseur de 0,95 c
viollet_general	Sully		height of that wall above the floor	2.00	m	2.000	m	Charpente, Viollet-le-Duc, Dictionnaire raisonne		s’élève jusqu’à une hauteur de 2 m ,00, reçoit deux sablières
viollet_general	Sully		stone parapet of the chemins de ronde, thickness	0.26	m	0.260	m	Charpente, Viollet-le-Duc, Dictionnaire raisonne		clos à l’extérieur par un parapet de 0,26 c. d’épaisseur, en pierre
viollet_general	Sully		chevron spacing, axis to axis	0.63	m	0.630	m	Charpente, Viollet-le-Duc, Dictionnaire raisonne		Les chevrons sont espacés de 0,63 c. d’axe en axe, et la volige est, par conséquent, très-épaisse, en chêne refendu
viollet_general	Sully		chevrons, jambettes and curved esseliers scantling	0.20 x 0.16	m (set on edge - 'poses sur champ')	0.200	pair max (m)	Charpente, Viollet-le-Duc, Dictionnaire raisonne		Les chevrons, jambettes et esseliers courbes n’ont que 0,20 c. sur 0,16 c. d’équarrissage posés sur champ, et ainsi des autres bois en proportion
viollet_general	Anglo-Norman tie-less truss with a single courbe		span [[CORRECTED: this is the SPAN OF THE FIG. 28 EXAMPLE, not a threshold. The text says only 'Cette ferme n'a que 5 m ,40 de portee' and that for greater spans one-piece courbes were hard to find. No threshold is stated.]]	5.40	m	5.400	m	Charpente, Viollet-le-Duc, Dictionnaire raisonne		Cette ferme n’a que 5 m ,40 de portée
viollet_general	Westminster Hall		width in the clear	21.00	m	21.000	m	Charpente, Viollet-le-Duc, Dictionnaire raisonne		la grand’salle de l’abbaye de Westminster , dont la largeur, dans œuvre, est de 21 m ,00
viollet_general	Westminster Hall		wall thickness	2.20	m	2.200	m	Charpente, Viollet-le-Duc, Dictionnaire raisonne		Les murs de la grand’salle de l’abbaye de Westminster ont 2 m ,20 d’épaisseur
viollet_general	Westminster Hall		wall height	about 11.50	m	11.500	m	Charpente, Viollet-le-Duc, Dictionnaire raisonne		sur une hauteur de 11 m ,50 environ
viollet_general	Westminster Hall		rise from the wall head to the ridge	14.00	m	14.000	m	Charpente, Viollet-le-Duc, Dictionnaire raisonne		La charpente, de la tête des murs au faîtage, porte 14 m ,00
viollet_general	Westminster Hall		total height from the corbels to the ridge	nearly 20.00	m	20.000	first number, unit column (m)	Charpente, Viollet-le-Duc, Dictionnaire raisonne		et près de 20 m ,00 des corbeaux au faîtage
viollet_general	Westminster Hall		length of arbalétriers and chevrons, tenons included	17.00	m	17.000	m	Charpente, Viollet-le-Duc, Dictionnaire raisonne		Les arbalétriers et chevrons ont 17 m ,00 compris tenons ; nous n’avons pu savoir s’ils sont d’un seul morceau
viollet_general	Westminster Hall		ferme spacing, axis to axis	5.75	m	5.750	m	Charpente, Viollet-le-Duc, Dictionnaire raisonne		les fermes-maîtresses, espacées l’une de l’autre de 5 m , 75 d’axe en axe
viollet_general	Westminster Hall		number of chevrons between two fermes	11	rafters per bay		non-length (rafters per bay)	Charpente, Viollet-le-Duc, Dictionnaire raisonne		Il y a, entre fermes, onze chevrons
viollet_general	Hargnies		chevron spacing, axis to axis	about 0.45	m	0.450	m	Charpente, Viollet-le-Duc, Dictionnaire raisonne		Entre les chevrons, espacés de 0,45 c. environ d’axe en axe, sont posées, sous la volige, des chanlattes
viollet_general	Hargnies		scale of the fig.34 ter detail plate	0.05 per metre (1:20)	scale		unparsed	Charpente, Viollet-le-Duc, Dictionnaire raisonne		à l’échelle de 0,05 c. pour mètre
viollet_general	Amiens cathedral		span of the armed beam under the organ loft	about 15.00	m	15.000	m	Charpente, Viollet-le-Duc, Dictionnaire raisonne		cette poutre a 15 m ,00 environ de portée, et elle est fortement chargée
viollet_general	Hotel de la Tremoille, Paris		span of armed floor beams	about 12.00	m	12.000	m	Charpente, Viollet-le-Duc, Dictionnaire raisonne		des poutres de planchers d’environ 12 m ,00 de portée armées
viollet_general	Charpente		Jetty gain per storey	1 to 3	pieds (about 0.32 to 0.97 m)		unparsed	Charpente, Viollet-le-Duc, Dictionnaire raisonne		l’on gagnait ainsi sur la voie publique, à chaque étage, un, deux ou trois pieds
viollet_general	Escalier		Unit conversions Viollet himself uses	pied = 0.325 m; toise = 6 pieds ~ 1.95 m; pouce ~ 0.026 m	m	0.325	first measure in prose (m)	Escalier, Viollet-le-Duc, Dictionnaire raisonne		cette vis a dix pieds de profondeur (3 m , 25) […] huit à neuf pouces (0 m , 23) […] dix toises un demi-pied de hauteur […] soit à 20 mètres
viollet_general	Comfortable step		going (largeur / giron)	0.28-0.30	m	0.290	m [range midpoint]	Escalier, Viollet-le-Duc, Dictionnaire raisonne		que chaque marche ait en largeur la longueur d’un pied d’homme, soit 0,28 c. à 0,30 c.
viollet_general	Comfortable step		rise (hauteur)	0.15-0.20 (max)	m	0.175	m [range midpoint]	Escalier, Viollet-le-Duc, Dictionnaire raisonne		et en hauteur de 0,15 c. à 0,20 c. au plus
viollet_general	Escalier		Comfortable stair pitch, as stated [[ARITHMETIC FLAG CONFIRMED BY VERIFICATION: 22 deg does not follow from his own linear figures (0.15/0.30 = 26.6 deg, 0.20/0.28 = 35.5 deg; 22 deg needs a 0.12 m rise on a 0.30 m going). Use the linear pair and ignore the angle.]]	22 (approx.)	degrees		non-length (degrees)	Escalier, Viollet-le-Duc, Dictionnaire raisonne		ce qui donne une inclinaison de 22 degrés ou environ
viollet_general	Escalier		Fortification / service stair pitch	45	degrees		non-length (degrees)	Escalier, Viollet-le-Duc, Dictionnaire raisonne		de monter suivant un angle de 45 degrés, ce qui donne des marches aussi larges que hautes
viollet_general	Escalier		Wedge-step (coin) stair: rise of a PAIR of steps	0.30	m	0.300	m	Escalier, Viollet-le-Duc, Dictionnaire raisonne		de manière à ce que deux marches eussent ensemble 0,30 c. de hauteur
viollet_general	Wedge-step stair		emmarchement at the wide end of each step	0.30	m	0.300	m	Escalier, Viollet-le-Duc, Dictionnaire raisonne		et chacune 0,30 c. d’emmarchement par un bout
viollet_general	XI-XII c. vis		emmarchement (clear step width)	1.00 max, often less	m	1.000	first number, unit column (m)	Escalier, Viollet-le-Duc, Dictionnaire raisonne		Ces sortes d’escaliers ne dépassent guère 1 m ,00 c. d’emmarchement, et souvent sont-ils moins larges
viollet_general	XI-XII c. vis		internal diameter of the cylindrical cage	six pieds = 1.90 (approx.)	m	1.900	first number, unit column (m)	Escalier, Viollet-le-Duc, Dictionnaire raisonne		les cages cylindriques n’ayant que six pieds, ou 1 m ,90 c. environ
viollet_general	XI-XII c. vis		newel diameter	at least one pied = 0.325	m	0.325	m [from stated conversion]	Escalier, Viollet-le-Duc, Dictionnaire raisonne		le noyau, qui dans ces sortes d’escaliers a au moins un pied de diamètre
viollet_general	XI-XII c. vis		net step width after deducting the newel	0.80 max	m	0.800	first number, unit column (m)	Escalier, Viollet-le-Duc, Dictionnaire raisonne		dont déduisant le noyau […] reste pour les marches 0,80 c. au plus
viollet_general	XIII c.+ vis		emmarchement range	0.50 minimum to 2.00 maximum	m	0.500	first number, unit column (m)	Escalier, Viollet-le-Duc, Dictionnaire raisonne		Les dimensions de ces escaliers varient ; il en est dont les emmarchements n’ont que 0,50 c. ; les plus grands n’ont pas plus de 2 m ,00, ce qui exigeait des pierres très-longues
viollet_general	Louvre grande vis		step length	sept pieds = 2.275	m	2.275	m [from stated conversion]	Escalier, Viollet-le-Duc, Dictionnaire raisonne		elles avoient sept pieds de longueur
viollet_general	Louvre grande vis		step thickness = riser	un demi (pied) = 0.1625	m	0.163	m [from stated conversion]	Escalier, Viollet-le-Duc, Dictionnaire raisonne		sur un demi d’épaisseur
viollet_general	Louvre grande vis		giron next to the enclosing shell [[MEASURING CONVENTION IS SAUVAL'S, NOT A RULE. This is Sauval reporting ONE stair. Viollet's own GIRON article measures a triangular giron AT MID-LENGTH: 'Alors on mesure le giron de la marche au milieu de sa longueur.' Do not generalise 'pres de la coquille' into a medieval measuring convention.]]	deux et demi (pieds) = 0.8125	m	0.812	m [from stated conversion]	Escalier, Viollet-le-Duc, Dictionnaire raisonne		avec deux et demi de giron près de la coquille qui l’environnoit
viollet_general	Louvre petite vis		step size	trois pieds long x un et demi wide = 0.975 x 0.4875	m	0.975	pair max (m) [from stated conversion]	Escalier, Viollet-le-Duc, Dictionnaire raisonne		chaque marche de la petite (vis) portoit trois pieds de long et un et demi de large
viollet_general	Louvre		total height of both vis together	dix toises un demi-pied = 20 (approx.)	m	20.000	first number, unit column (m)	Escalier, Viollet-le-Duc, Dictionnaire raisonne		qu’elles portoient ensemble dix toises un demi-pied de hauteur […] C’est-à-dire que la dernière marche de l’escalier était à 10 toises ½ pied du sol de la cour, soit à 20 mètres, et devait ainsi desservir deux étages au-dessus du rez-de-chaussée, plus la terrasse
viollet_general	Louvre grande vis		number of steps	83	count		non-length (count)	Escalier, Viollet-le-Duc, Dictionnaire raisonne		que la grande (vis) consistoit en quatre-vingt-trois marches […] À ½ pied chacune, cela fait 41 pieds ½ ou 13 m ,30 environ
viollet_general	Louvre petite vis		number of steps	41	count		non-length (count)	Escalier, Viollet-le-Duc, Dictionnaire raisonne		et la petite en quarante et une […] À ½ pied chacune, cela fait 20 pieds ½, soit 6 m ,60 environ. Ces mesures de détail sont d’accord avec la mesure générale et produisent environ 20 mètres
viollet_general	Louvre grande vis		Viollet's reconstructed flight/landing sequence	16 + 16 + 16 + 35 = 83 steps, four landings	count		non-length (count)	Escalier, Viollet-le-Duc, Dictionnaire raisonne		Jusqu’au palier E , tenant compte du giron des marches, on trouve seize degrés. Seize autres degrés conduisaient au second palier posé au-dessus de la voûte F . Seize degrés arrivaient au troisième palier au-dessus de celui E . De ce troisième palier on montait d’une volée jusqu’au quatrième palier, toujours au-dessus de celui E , par trente-cinq marches, total, quatre-vingt-trois.
viollet_general	Louvre grande vis		buttresses and statues	10	count		non-length (count)	Escalier, Viollet-le-Duc, Dictionnaire raisonne		Notre plan nous donne en H dix contre-forts pouvant recevoir les dix grandes statues […] il l’enrichit par dehors de basses-tailles, et de dix grandes figures de pierre couvertes chacune d’un dais, posées dans une niche, portées sur un piédestal
viollet_general	Louvre		ribs of the crowning vault	douze branches d’orgues = 12 ribs	count		non-length (count)	Escalier, Viollet-le-Duc, Dictionnaire raisonne		la voûte qui le terminoit étoit garnie de douze branches d’orgues (nervures)
viollet_general	Louvre		door-guard statues	trois pieds = 0.975	m	0.975	m [from stated conversion]	Escalier, Viollet-le-Duc, Dictionnaire raisonne		Un sergent-d’armes haut de trois pieds, et sculpté par Saint-Romain, gardoit chaque porte des appartemens du roi et de la reine
viollet_general	Louvre		tombstones bought for step and landing stone	20 tombs at 14 sols parisis each, 27 September 1365	count/price		unparsed	Escalier, Viollet-le-Duc, Dictionnaire raisonne		en 1365, Raimond du Temple, conducteur de l’ouvrage, enleva vingt tombes le 27 septembre, qu’il acheta quatorze sols parisis la pièce de Thibault de la Nasse, marguillier de l’église, et enfin les fit tailler par Pierre Anguerrand et Jean Colombel pour servir de pallier
viollet_general	Louvre		sculptor's fee per statue	20 francs d'or = 16 livres parisis; the vault sculpture 32 livres parisis = 40 francs d'or	money	20.000	first number, unit column (m)	Escalier, Viollet-le-Duc, Dictionnaire raisonne		ces sculpteurs, pour chaque figure, eurent vingt francs d’or, ou seize livres parisis […] à raison de trente-deux livres parisis, ou quarante francs d’or
viollet_general	Bernardins double vis		internal diameter	dix pieds = 3.25	m	3.250	m [from stated conversion]	Escalier, Viollet-le-Duc, Dictionnaire raisonne		cette vis a dix pieds de profondeur (3 m , 25)
viollet_general	Bernardins double vis		riser	huit à neuf pouces = 0.23	m	0.230	m [from stated conversion]	Escalier, Viollet-le-Duc, Dictionnaire raisonne		chaque marche porte de hauteur huit à neuf pouces (0 m , 23)
viollet_general	Bernardins double vis		giron	un pied ou environ = 0.325	m	0.325	m [from stated conversion]	Escalier, Viollet-le-Duc, Dictionnaire raisonne		les girons de l’un et de l’autre, portant un pied ou environ, qui sont entrelassés, enclavés, emboîtés, enchaînés, enchâssés, entretaillés l’un dans l’autre, et s’entremordant d’une façon aussi ferme que gentille
viollet_general	Bernardins double vis		windows	2 (one lighting both flights from above, one from below)	count		non-length (count)	Escalier, Viollet-le-Duc, Dictionnaire raisonne		Ces degrés n’ont que deux croisées, l’une qui les éclaire tous deux par en haut, l’autre par en bas
viollet_general	Escalier		Saint-Mederic (Saint-Merri) stair turrets: wall thickness	neuf pouces = 0.23	m	0.230	m [from stated conversion]	Escalier, Viollet-le-Duc, Dictionnaire raisonne		La merveille de ces deux vis consiste en leur petitesse et en la tendresse des murailles qui les soutiennent, ne portant pas neuf pouces d’épaisseur (0 m ,23)
viollet_general	Thelemean		LITERARY FICTION (Rabelais), not evidence - Thelemean vis (Rabelais, FICTION): entrance arch width	six toises = 11.7	m	11.700	m [from stated conversion]	Escalier, Viollet-le-Duc, Dictionnaire raisonne		l’entrée estoit par les dehors du logis en un arceau large de six toises. Icelle estoit faite en telle symétrie et capacité, que six hommes d’armes, la lance sur la cuisse, pouvoient de front monter jusques au-dessus de tous le bastiment
viollet_general	Timber steps		oak log diameter	0.50	m	0.500	m	Escalier, Viollet-le-Duc, Dictionnaire raisonne		Trois sciages I divisent la bille en chêne de 0,50 c. de diamètre, ou environ en six triangles dans chacun desquels on trouve une marche
viollet_general	Timber stair		corner posts (poteaux)	0.18 x 0.20	m	0.200	pair max (m)	Escalier, Viollet-le-Duc, Dictionnaire raisonne		Les poteaux ont 0,18 c. sur 0, 20 posés de champ dans le sens de l’emmarchement
viollet_general	Timber stair		strings (limons) thickness	0.15	m	0.150	m	Escalier, Viollet-le-Duc, Dictionnaire raisonne		ces limons portent 0,15 c. d’épaisseur, et affleurent le nu extérieur des poteaux
viollet_general	Joinery vis		steps per circumference [[CONTRADICTED BY VIOLLET'S OWN PLATE. This is the article's ONLY stated steps-per-turn figure, but plan A of fig. 30 draws 5 steps between 6 montants spanning 110 deg = ~22 deg each and ~16 per turn, and is not a quarter. Keep 12 as the quoted statement; do not use it as a verified timber-vis parameter without noting the plate disagrees.]]	12	count		non-length (count)	Escalier, Viollet-le-Duc, Dictionnaire raisonne		Nous donnons en A le plan d’un quart d’un escalier de ce genre portant douze marches sur sa circonférence
viollet_general	Joinery vis		entry opening height	2.00	m	2.000	m	Escalier, Viollet-le-Duc, Dictionnaire raisonne		Deux des montants, coupés à deux mètres du sol, et reposant sur une traverse assemblée dans les poteaux voisins
viollet_general	College de Montaigu vis		newel from a single timber	12 to 15	m	13.500	m [range midpoint]	Escalier, Viollet-le-Duc, Dictionnaire raisonne		un joli escalier à vis en menuiserie, dont le noyau pris dans une longue pièce de bois de douze à quinze mètres de hauteur était fort habilement travaillé en façon de colonne à nervures torses
viollet_general	Escalier		Drawing scales stated for fig.27/28	plan 1:100, section 1:50	scale		unparsed	Escalier, Viollet-le-Duc, Dictionnaire raisonne		L’échelle du plan est de 0,01 c. pour mètre. Faisons une coupe longitudinale sur a b , et présentons la au double pour plus de clarté. […] Le détail O donne la section horizontale d’un montant au dixième de l’exécution.
viollet_general	Montpazier		width of the front street [[THE PLATE CONFIRMS THE TEXT. Decoding fig. 17 (bar ticks x=108.5/168.0/227.5/287.0 labelled 10/20/30 = 5.95 px/m) gives a street gap of 10.1-10.8 m. The reader's claimed 7.5 m plate figure and its 25 per cent discrepancy do not exist.]]	10	metres	10.000	m	Maison, Viollet-le-Duc, Dictionnaire raisonne		une rue de 10 metres de largeur
viollet_general	Montpazier		width of the rear alley (ruelle) [[THE PLATE CONFIRMS THE TEXT: rear gap 19 px = 3.2 m at 5.95 px/m.]]	about 3	metres	3.000	m	Maison, Viollet-le-Duc, Dictionnaire raisonne		l'autre posterieure sur une ruelle de 3 metres environ
viollet_general	Montpazier		alley between two houses within a block (endronne)	the width of a gutter (caniveau)	-		unparsed	Maison, Viollet-le-Duc, Dictionnaire raisonne		Les ruelles entre les maisons n'ont quelquefois que la largeur d'un caniveau
viollet_general	Vitteaux house		total plot area	about 100	square metres		non-length (square metres)	Maison, Viollet-le-Duc, Dictionnaire raisonne		sur un terrain de 100 metres environ
viollet_general	Vitteaux house		built footprint	49	square metres		non-length (square metres)	Maison, Viollet-le-Duc, Dictionnaire raisonne		sur lesquels 49 metres superficiels etaient reserves a la construction
viollet_general	Vitteaux house		VIOLLET'S OWN 1860s COSTING, not a medieval price - Viollet's 1860s rebuild cost	250 fr per square metre, total 12 250 fr	francs		unparsed	Maison, Viollet-le-Duc, Dictionnaire raisonne		Une construction de ce genre, avec le mode adopte, couterait, caves comprises, en province, 250 fr. le metre superficiel ; la maison reviendrait donc a la somme de 12 250 fr.
viollet_general	Annonay house		roof projection beyond the ground-floor wall face	about 3.50	metres	3.500	m	Maison, Viollet-le-Duc, Dictionnaire raisonne		La saillie du comble sur le nu du mur du rez-de-chaussee est de 3 m 50 environ
viollet_general	Reims		Reims (Place des Marches) 15th-c timber house: jetty projection over the public way	1.65	metres	1.650	m	Maison, Viollet-le-Duc, Dictionnaire raisonne		est ainsi portee en encorbellement sur cinq fortes potences et est en saillie de 1 m,65 sur la voie publique
viollet_general	Late-15th-c Paris/Normandy timber facades		maximum storey projection	up to 2	metres	2.000	m	Maison, Viollet-le-Duc, Dictionnaire raisonne		donnant aux etages jusqu'a deux metres de saillie sur le nu du soubassement
viollet_general	Hotel de Jacques Coeur, Bourges		opening of the great dining-hall chimney	6	metres	6.000	m	Maison, Viollet-le-Duc, Dictionnaire raisonne		La grande cheminee c, de six metres d'ouverture, etait richement decoree
viollet_general	Hotel de Cluny, Paris		garden	17 x 35	metres	35.000	pair max (m)	Maison, Viollet-le-Duc, Dictionnaire raisonne		Le jardin G, de 17 metres de largeur sur 35 metres de longueur environ, etait borde par des proprietes particulieres
viollet_general	Cordes hotel		height of the great ground-floor hall above the court	7 steps	marches	7.000	first number, unit column (m)	Maison, Viollet-le-Duc, Dictionnaire raisonne		donne entree dans la grande salle du rez-de-chaussee H, elevee de sept marches au-dessus du sol de la cour
viollet_general	Morvan peasant house		height of the raised entrance door above ground	1 to 2	metres	1.500	m [range midpoint]	Maison, Viollet-le-Duc, Dictionnaire raisonne		Porte elevee d'un ou deux metres au-dessus du sol avec escalier et palier engage dans la muraille
viollet_general	Vosges peasant house		stone plinth (soubassement) height	about 1.00	metres	1.000	m	Maison, Viollet-le-Duc, Dictionnaire raisonne		Les maisons s'elevent sur un soubassement de 1 m,00 de hauteur environ, forme de gros blocs de gres
viollet_general	Vosges peasant house		room count	3 rooms on the ground floor, 4 under the roof	rooms		unparsed	Maison, Viollet-le-Duc, Dictionnaire raisonne		Presque toujours ces maisons se composent de trois pieces a rez-de-chaussee et de quatre pieces sous comble
viollet_general	Le Cannet fortified farm tower		height of the door above the outside ground	3	metres	3.000	m	Maison, Viollet-le-Duc, Dictionnaire raisonne		La porte, relevee de trois metres au-dessus du terrain exterieur
viollet_general	Le Cannet tower		machicolations on the top storey	6	openings		non-length (openings)	Maison, Viollet-le-Duc, Dictionnaire raisonne		est perce de six machicoulis en forme de hottes, et ne possedait pas de fenetre
viollet_general	Le Cannet tower		distance from the sea	about 4	kilometres		unparsed	Maison, Viollet-le-Duc, Dictionnaire raisonne		a mi-cote et a quatre kilometres environ de la mer
viollet_general	Bordeaux fortified farm		stair from the water level of the moat to the raised door	12 steps	marches	12.000	first number, unit column (m)	Maison, Viollet-le-Duc, Dictionnaire raisonne		Un escalier de douze marches engagees dans la muraille conduisait du niveau de l'eau a la porte relevee
viollet_general	Maison		Modern storeys Viollet condemns as too low, implying medieval storeys exceeded this	less than 3	metres	3.000	first number, unit column (m)	Maison, Viollet-le-Duc, Dictionnaire raisonne		Et ces etages de moins de trois metres de hauteur, sous plafond, sont-ils sains et confortables ?
viollet_general	Maison des Musiciens, Reims		first-floor window and niche count	4 windows, 5 niches	openings		non-length (openings)	Maison, Viollet-le-Duc, Dictionnaire raisonne		La facade de cette maison possede quatre fenetres hautes et larges au premier etage avec cinq niches dans les trumeaux
viollet_general	Saint-Antonin		purchase price of the town by Saint Louis	1 500	livres tournois		unparsed	Maison, Viollet-le-Duc, Dictionnaire raisonne		Saint Louis acheta du comte de Toulouse la ville de Saint-Antonin, moyennant 1 500 livres tournois
viollet_general	Bourges		price paid by Jacques Coeur in 1443 for the two-tower rampart fief	1 200	ecus		unparsed	Maison, Viollet-le-Duc, Dictionnaire raisonne		En 1443, Jacques Coeur acheta de Jacques Belin, moyennant 1 200 ecus, le fief comprenant deux tours des remparts de Bourges sur lequel il batit son hotel
viollet_general	Construction -- Voutes		Isolated monolithic chapel columns, Notre-Dame de Chalons-sur-Marne ambulatory chapels (late 12c)	0.30	m (max)	0.300	m (qualified)	Construction -- Voutes, Viollet-le-Duc, Dictionnaire raisonne		Les colonnes isolées des chapelles sont des monolithes de 0,30 c. de diamètre au plus
viollet_general	Construction -- Voutes		Slender monostyle columns A, hemicycle of Saint-Leu-d'Esserent (c.1190)	0.50	m	0.500	m	Construction -- Voutes, Viollet-le-Duc, Dictionnaire raisonne		Les deux colonnes A n’ont que 0,50 c. de diamètre
viollet_general	Construction -- Voutes		Stout monostyle columns B, hemicycle of Saint-Leu-d'Esserent (c.1190)	0.85	m (approx)	0.850	m (qualified)	Construction -- Voutes, Viollet-le-Duc, Dictionnaire raisonne		celles B 0,85 c. environ
viollet_general	Construction -- Voutes		Rib voussoir bounding section, mid-12c, small vaults	0.22	m	0.220	m	Construction -- Voutes, Viollet-le-Duc, Dictionnaire raisonne		les claveaux des arcs sont généralement compris dans une section carrée C, de huit pouces (0,22 c.)
viollet_general	Construction -- Voutes		Rib voussoir bounding section, mid-12c, medium vaults	0.33	m	0.330	m	Construction -- Voutes, Viollet-le-Duc, Dictionnaire raisonne		à un pied ou dix-huit pouces de côté (0,33 c. et 0,50 c.), suivant la largeur de la voûte
viollet_general	Construction -- Voutes		Rib voussoir bounding section, mid-12c, large vaults	0.50	m	0.500	m	Construction -- Voutes, Viollet-le-Duc, Dictionnaire raisonne		dix-huit pouces de côté (… 0,50 c.), suivant la largeur de la voûte
viollet_general	Construction -- Voutes		Web rubble (moellon) unit width - the setting-out standard XX'	0.08 to 0.15	m	0.115	m [range midpoint]	Construction -- Voutes, Viollet-le-Duc, Dictionnaire raisonne		Supposons que le moellon maniable, qu’un maçon peut facilement poser à la main, ait la largeur XX′ (largeur qui varie de 0,08 c. à 0,15 c. dans ces sortes de constructions)
viollet_general	Construction -- Voutes		Web (remplissage) thickness, large late-12c Gothic vaults	0.10 to 0.12	m	0.110	m [range midpoint]	Construction -- Voutes, Viollet-le-Duc, Dictionnaire raisonne		beaucoup de remplissages de grandes voûtes gothiques, surtout à la fin du XII e siècle, n’ont pas plus de 0,10 c. à 0,12 c. d’épaisseur
viollet_general	Construction -- Voutes		Web thickness, high vaults of Notre-Dame de Paris	0.10	m (max)	0.100	m (qualified)	Construction -- Voutes, Viollet-le-Duc, Dictionnaire raisonne		Les remplissages des grandes voûtes de la cathédrale de Paris n’ont pas plus de 0,10 c. d’épaisseur.
viollet_general	Construction -- Voutes		Rise (fleche) of the ridge line from diagonal crown to wall-arch crown - the worked example the master calls out to the mason [[EXAMPLE VALUE, EXPLICITLY: 'Le constructeur dit, PAR EXEMPLE : la ligne CK ... aura 0,50 c. de fleche'. It is the only ridge rise Viollet quantifies, but it is not a constant.]]	0.50	m	0.500	m	Construction -- Voutes, Viollet-le-Duc, Dictionnaire raisonne		Le constructeur dit, par exemple : la ligne CK, réunissant la clef des arcs ogives à la clef des formerets, aura 0,50 c. de flèche
viollet_general	Construction -- Voutes		Cerce board thickness	0.04	m (approx)	0.040	m (qualified)	Construction -- Voutes, Viollet-le-Duc, Dictionnaire raisonne		Chacune des cerces, coupées dans une planche de 0,04 c. environ d’épaisseur, porte au milieu une rainure évidée
viollet_general	Worked example, fig. 49 ter		HYPOTHETICAL WORKED EXAMPLE, not a measured building - window head height on face AB of an irregular hall	10.00	m	10.000	m	Construction -- Voutes, Viollet-le-Duc, Dictionnaire raisonne		Il s’agit de prendre sur la face AB un jour à 10 m ,00 de hauteur
viollet_general	Worked example, fig. 49 ter		HYPOTHETICAL WORKED EXAMPLE, not a measured building - max wall-arch crown height on faces BC and AD	6.00	m	6.000	m	Construction -- Voutes, Viollet-le-Duc, Dictionnaire raisonne		de ne pas élever les clefs des formerets sur les faces BC et AD à plus de 6 m ,00
viollet_general	Worked example, fig. 49 ter		HYPOTHETICAL WORKED EXAMPLE, not a measured building - max wall-arch crown height on face CD	4.00	m	4.000	m	Construction -- Voutes, Viollet-le-Duc, Dictionnaire raisonne		et la clef du formeret sur la face CD à plus de 4 m ,00
viollet_general	Worked example, fig. 49 ter		HYPOTHETICAL WORKED EXAMPLE, not a measured building - length of face CD	8.00	m	8.000	m	Construction -- Voutes, Viollet-le-Duc, Dictionnaire raisonne		le côté CD ayant 8 m ,00 de long, sur cette face CD nous tracerons un formeret plein cintre dont la naissance sera posée sur le sol même
viollet_general	Validity limit of the 16th-century abutment rule		pier height	<= 1.5 x arch span	ratio		non-length (ratio)	Construction -- Voutes, Viollet-le-Duc, Dictionnaire raisonne		les arcs sont montés sur des pieds-droits d’une hauteur égale pour ces arcs différents et qui n’ont pas plus d’une fois et demie le diamètre ou la base de ces arcs
viollet_general	Construction -- Voutes		Wall-zone fraction of a web cell built as plain walling, unsupported [[LOWER BOUND, NOT A CENTRAL VALUE: the text is 'il monte AU MOINS un tiers de chacun des cotes de son remplissage comme un mur'.]]	~1/3	fraction of each side		unparsed	Construction -- Voutes, Viollet-le-Duc, Dictionnaire raisonne		il monte au moins un tiers de chacun des côtés de son remplissage comme un mur … Mais au delà du premier tiers, ou environ, il faut l’aide d’une cerce
viollet_general	Construction -- Voutes		Rise ordering constraint for a square bay with an intermediate transverse arch (fig. 55)	rise(intersecting doubleau) = R(ogive) > rise(principal doubleau) > rise(formeret incl. stilting)	relation		unparsed	Construction -- Voutes, Viollet-le-Duc, Dictionnaire raisonne		l’arc ogive étant plein cintre, l’arc doubleau d’intersection doit avoir une flèche CH égale au rayon CI ; que, dans les cas ordinaires, l’arc doubleau principal doit avoir une flèche JG moins longue que le rayon CI, et que l’arc formeret doit avoir, y compris sa naissance relevée, une flèche KF moins longue que celle de l’arc doubleau principal
viollet_general	Construction -- Voutes		Radius rule for an oblong bay	R(diagonal) = R(transverse) = 0.5 x bay diagonal	relation		unparsed	Construction -- Voutes, Viollet-le-Duc, Dictionnaire raisonne		reportant le demi-diamètre AD sur la ligne de base de l’arc doubleau AE, nous obtenons en F le centre de l’une des branches de l’arc doubleau, et nous traçons l’arc AG, qui possède le même rayon que l’arc ABC
viollet_general	Construction -- Voutes		Roman/Romanesque barrel vault thickness if built conventionally (article Voute, fig. 1)	0.40 to 0.50	m	0.450	m [range midpoint]	Construction -- Voutes, Viollet-le-Duc, Dictionnaire raisonne		si, à partir du niveau N, les maçons avaient dû bander une voûte de 0 m ,40 à 0 m ,50 d’épaisseur en briques ou moellons par le procédé ordinaire
viollet_general	Construction -- Voutes		Sag of a very large timber centering over 3-4 months (article Voute)	0.50	m at the crown	0.500	m (qualified)	Construction -- Voutes, Viollet-le-Duc, Dictionnaire raisonne		un cintrage de cette importance s’affaisserait peut-être de 0 m ,50 à son sommet au bout de trois ou quatre mois
viollet_general	Pantheon, Rome		vault thickness near the lunette (article Voute)	1.50	m (min)	1.500	m (qualified)	Construction -- Voutes, Viollet-le-Duc, Dictionnaire raisonne		l’épaisseur de la voûte, qui, près de la lunette, n’a pas moins de 1 m ,50
viollet_general	Construction -- Voutes		Hemispherical vault thickness at the nerves (article Voute)	~0.50	m	0.500	m	Construction -- Voutes, Viollet-le-Duc, Dictionnaire raisonne		une voûte hémisphérique de cette étendue, d’une épaisseur de 0 m ,50 environ, au droit des nerfs
viollet_general	Pantheon of Agrippa		dome diameter (article Voute, footnote)	43.36	m	43.360	m	Construction -- Voutes, Viollet-le-Duc, Dictionnaire raisonne		La voûte du Panthéon d’Agrippa a 43 mètres 36 centimètres de diamètre.
viollet_general	Amiens cathedral		transept crossing vault, pier axis to pier axis (article Voute)	14.40	m (average)	14.400	m (qualified)	Construction -- Voutes, Viollet-le-Duc, Dictionnaire raisonne		Cette voûte carrée, qui porte 14 m ,40 en moyenne d’axe en axe des piliers
viollet_general	Construction -- Voutes		Basilica of Chagga (2nd-3rd c AD): bay spacing, pier axis to axis (article Voute)	2.50	m (average)	2.500	m (qualified)	Construction -- Voutes, Viollet-le-Duc, Dictionnaire raisonne		Les travées de cette basilique sont étroites (2 m ,50 d’axe en axe des piles, en moyenne)
viollet_general	Grille of Maximilian I tomb (fragment, fig. 44)		thickness of the beaten-iron skin over the core (ame)	0.001-0.002	m	0.002	m [range midpoint]	Serrurerie, Viollet-le-Duc, Dictionnaire raisonne (recovered from verification; the serrurerie reader delivered no findings file)		Bien que celui-ci n'ait qu'une epaisseur de 1 ou 2 millimetres au plus, il adhere parfaitement a cette ame sur toute sa surface
viollet_general	Beaten-iron ornament (fig. 18)		thickness of each of the two laminae of fer battu	0.002	m (approx.)	0.002	m (qualified)	Serrurerie, Viollet-le-Duc, Dictionnaire raisonne (recovered from verification; the serrurerie reader delivered no findings file)		Deux lames de fer battu de 0 m ,002 d'epaisseur environ
viollet_general	Penture (hinge strap), fig. 17		flat bar stock: width x thickness	0.09 x 0.009	m (max)	0.090	pair max (m)	Serrurerie, Viollet-le-Duc, Dictionnaire raisonne (recovered from verification; the serrurerie reader delivered no findings file)		une simple barre de fer plat de 0 m ,09 de largeur sur 0 m ,009 d'epaisseur au plus
viollet_general	Penture (hinge strap)		strap section: thickness at the edges vs at the centre	0.005 / 0.008	m	0.005	first number, unit column (m)	Serrurerie, Viollet-le-Duc, Dictionnaire raisonne (recovered from verification; the serrurerie reader delivered no findings file)		les bords n'ont que 5 millimetres, et le milieu 8 millimetres
viollet_general	Grille		angle irons (fers d'angle)	0.022	m	0.022	m	Serrurerie, Viollet-le-Duc, Dictionnaire raisonne (recovered from verification; the serrurerie reader delivered no findings file)		Les fers d'angle ont 22 millimetres
viollet_general	Angers door (fig. 26)		width and depth of the door rebate (feuillure) housing the lock	0.05	m	0.050	m	Serrurerie, Viollet-le-Duc, Dictionnaire raisonne (recovered from verification; the serrurerie reader delivered no findings file)		cette feuillure etant large et profonde (0 m ,05, voyez en a )
viollet_general	Great gate leaves fitted with rack bolts (fig. 34)		height of the leaf	4 to 5	m	4.500	m [range midpoint]	Serrurerie, Viollet-le-Duc, Dictionnaire raisonne (recovered from verification; the serrurerie reader delivered no findings file)		d'une hauteur de 4 a 5 metres
buttress			buttress_taper_top_over_bottom	5/11	ratio (0.4545)		unparsed	Ungewitter/Mohrmann Manual of Gothic Construction (Ricker tr. 1920) Table IV p.216	stated-explicitly	Depth at top = 5/11 of depth at bottom — a trapezoidal diminished buttress. Exact authored rule, directly implementable.
buttress			buttress_height_datum	to the keystone of the vault	—		unparsed	ibid. Table IV p.216	stated-explicitly	Height of buttress is taken to the keystone of the vault. Defines what t measures.
buttress			stability_criterion	resultant at border of kern	—		unparsed	ibid. Table V note p.217	stated-explicitly	Resultant at edge causes overthrow! Resultant at border of kern ensures safety of buttress, if pressure at edge is not too great. = middle-third rule as the buttress-sizing test.
buttress			vault_A_plan	4 x 4	m (16 sq m)	4.000	pair max (m)	ibid. Table IV p.216	measured-table	Smaller tabulated vault bay.
buttress			vault_B_plan	8 x 8	m (64 sq m)	8.000	pair max (m)	ibid. Table V p.217	measured-table	Larger tabulated vault bay.
buttress			rise_class_low_u_over_span	0.40	ratio		non-length (ratio)	ibid. Tables IV+V	derived-verified	"Labelled ""Rise 1/2"". u=1.60m at 4m span; u=3.30m at 8m span. Both give u/span 0.40-0.41."
buttress			rise_class_mid_u_over_span	0.55	ratio		non-length (ratio)	ibid. Tables IV+V	derived-verified	"Labelled ""Rise 2/3"". u=2.20m at 4m span; u=4.50m at 8m span."
buttress			rise_class_high_u_over_span	0.70	ratio		non-length (ratio)	ibid. Tables IV+V	derived-verified	"Labelled ""Rise 5/6"". u=2.80m at 4m span; u=5.70m at 8m span."
buttress			vault_rise_scales_with_span	linear	—		unparsed	ibid. Tables IV+V	derived-verified	Rise u doubles when span doubles (1.60/2.20/2.80 -> 3.30/4.50/5.70, all x2.03-2.05). Vault geometry is similar across sizes; only the buttress is not.
buttress			buttress_height_classes_vault_A	5, 10, infinite	m	5.000	first number, unit column (m)	ibid. Table IV p.216	measured-table	Tabulated buttress heights t for the 4x4 m vault.
buttress			buttress_height_classes_vault_B	10, 20, infinite	m	10.000	first number, unit column (m)	ibid. Table V p.217	measured-table	Tabulated buttress heights t for the 8x8 m vault.
buttress			buttress_depth_range_vault_A	0.50 - 3.15	m at bottom	1.825	m (qualified) [range midpoint]	ibid. Table IV p.216	measured-table	Full spread across rise class, buttress height and load column, 4x4 m vault.
buttress			buttress_depth_range_vault_B	0.88 - 5.25	m at bottom	3.065	m (qualified) [range midpoint]	ibid. Table V p.217	measured-table	Full spread across rise class, buttress height and load column, 8x8 m vault.
buttress			buttress_depth_span_scaling	1.2 - 1.6	x per 2x span		unparsed	ibid. Tables IV+V	derived-approximate	Matched cells (row a, t=10 m block): rise-mid 1.00->1.60, rise-high 0.90->1.40, rise-low 1.15->1.40. SUB-LINEAR in span. Column alignment on the rise-low row is uncertain; treat as indicative.
buttress			buttress_depth_vs_rise	shallower as rise increases	—		unparsed	ibid. Tables IV+V	measured-table	At fixed span and height, a steeper (higher-rise) vault needs LESS buttress depth. 4x4 m, row a, t=10 m: 1.15 (rise-low) / 1.00 (mid) / 0.90 (high).
buttress			overturning_check_points	footing, each widening, each abrupt recession of cross-section	—		unparsed	ibid. p.195	stated-explicitly	Why real Gothic abutment is stepped: every recession is a checked pivot.
buttress			leaf_to_printed_page_formula	leaf = 2 x printed_page + 5	—		unparsed	Ungewitter/Mohrmann Manual of Gothic Construction (Ricker tr. 1920) vol 1 scan	derived-verified	Verified on four anchors (p.158/leaf321, p.195/leaf395, p.216/leaf437, p.217/leaf439). Every printed page has a recto scan PLUS a mirror-ghost scan, hence the factor 2. Supersedes the +200 offset guessed in cycle 3.
buttress			table_II_subject	Thickness of straight abutment wall	—		unparsed	Ungewitter/Mohrmann Manual of Gothic Construction (Ricker tr. 1920) Table II p.212	stated-explicitly	printed p.212. The WALL counterpart to Table IV's buttress depth — this is the 'thickness of walls' the preface promised. Thickness given in metres.
buttress			abutment_wall_opening_assumption	half the wall length is window opening	—		unparsed	Ungewitter/Mohrmann Manual of Gothic Construction (Ricker tr. 1920) Table II p.212	stated-explicitly	Table II header: 'Length half occupied by openings.' A Gothic abutment wall is sized ASSUMING 50 percent of its length is pierced. Baked into every value in the table.
buttress			wall_height_datum	to the keystone of the vault	—		unparsed	Ungewitter/Mohrmann Manual of Gothic Construction (Ricker tr. 1920) Table II p.212	stated-explicitly	Same datum as the buttress table — height is measured to the vault keystone, not to the eaves.
buttress			rise_class_1_8_vault_A_u	0.60	m	0.600	m	Ungewitter/Mohrmann Manual of Gothic Construction (Ricker tr. 1920) Tables II/IV	measured-table	Rise class labelled '1/8' for the 4x4 m vault. Five classes now known (Tables II and IV together), where cycle 4 saw only three.
buttress			rise_class_1_3_vault_A_u	1.25	m	1.250	m	Ungewitter/Mohrmann Manual of Gothic Construction (Ricker tr. 1920) Tables II/IV	measured-table	Rise class labelled '1/3' for the 4x4 m vault. Five classes now known (Tables II and IV together), where cycle 4 saw only three.
buttress			rise_class_1_2_vault_A_u	1.60	m	1.600	m	Ungewitter/Mohrmann Manual of Gothic Construction (Ricker tr. 1920) Tables II/IV	measured-table	Rise class labelled '1/2' for the 4x4 m vault. Five classes now known (Tables II and IV together), where cycle 4 saw only three.
buttress			rise_class_2_3_vault_A_u	2.20	m	2.200	m	Ungewitter/Mohrmann Manual of Gothic Construction (Ricker tr. 1920) Tables II/IV	measured-table	Rise class labelled '2/3' for the 4x4 m vault. Five classes now known (Tables II and IV together), where cycle 4 saw only three.
buttress			rise_class_5_6_vault_A_u	2.80	m	2.800	m	Ungewitter/Mohrmann Manual of Gothic Construction (Ricker tr. 1920) Tables II/IV	measured-table	Rise class labelled '5/6' for the 4x4 m vault. Five classes now known (Tables II and IV together), where cycle 4 saw only three.
buttress			wall_thickness_range_vault_A	0.35 - 4.55	m	2.450	m [range midpoint]	Ungewitter/Mohrmann Manual of Gothic Construction (Ricker tr. 1920) Table II p.212	measured-table	Full spread across rise class, wall height and load column for the 4x4 m vault. The 4.55 m extreme is rise 1/8 at infinite height.
buttress			flatter_vault_needs_thicker_wall	~3x	factor		non-length (factor)	Ungewitter/Mohrmann Manual of Gothic Construction (Ricker tr. 1920) Table II p.212	derived-verified	KEY COUPLING: at matched height and column, wall thickness falls from ~1.00 m (rise 1/8) to ~0.35 m (rise 2/3) — a factor near 3. Confirms and greatly widens cycle 4's 'steeper vault needs shallower buttress'. This is the structural reason Gothic went steep: raising the vault buys back wall mass.
buttress			table_row_letters_a_to_f	sub-cases within a rise class	—		unparsed	Ungewitter/Mohrmann Manual of Gothic Construction (Ricker tr. 1920) Tables II-V	UNRESOLVED	Rise classes I-III print only rows a, d, f while class IV prints a-f, so a-f are sub-cases WITHIN a rise class (not vault types as cycle 4 speculated). Most likely load variants. Legend still not located.
buttress			rise_label_semantics	label does NOT equal u/span	—		unparsed	Ungewitter/Mohrmann Manual of Gothic Construction (Ricker tr. 1920) Tables II/IV	UNRESOLVED	u/span for the five classes = 0.15, 0.31, 0.40, 0.55, 0.70 against labels 0.125, 0.333, 0.5, 0.667, 0.833 — no single constant factor, so cycle 4's 'labels are nominal, use 0.40/0.55/0.70' is correct as DATA for three classes but the underlying definition of 'rise' is unresolved. Use the tabulated (label, u) pairs; do not compute from the label.
buttress			table_row_a_kind_of_vault	1/2 porous brick vault	—		unparsed	Ungewitter/Mohrmann Manual of Gothic Construction (Ricker tr. 1920) p.211	stated-explicitly	RESOLVED. Rows a-f are 'kind of vault' = the WEB construction, a ladder of increasing dead weight from a half-brick porous web (a) to a brick vault carrying filling and a floor above (f). Explains why depth grows down the rows, and why rise classes I-III print only a/d/f (three representative weights) while class IV prints all six.
buttress			table_row_b_kind_of_vault	1/2 hard or 3/4 porous brick	—		unparsed	Ungewitter/Mohrmann Manual of Gothic Construction (Ricker tr. 1920) p.211	stated-explicitly	RESOLVED. Rows a-f are 'kind of vault' = the WEB construction, a ladder of increasing dead weight from a half-brick porous web (a) to a brick vault carrying filling and a floor above (f). Explains why depth grows down the rows, and why rise classes I-III print only a/d/f (three representative weights) while class IV prints all six.
buttress			table_row_c_kind_of_vault	3/4 hard or 1 porous brick	—		unparsed	Ungewitter/Mohrmann Manual of Gothic Construction (Ricker tr. 1920) p.211	stated-explicitly	RESOLVED. Rows a-f are 'kind of vault' = the WEB construction, a ladder of increasing dead weight from a half-brick porous web (a) to a brick vault carrying filling and a floor above (f). Explains why depth grows down the rows, and why rise classes I-III print only a/d/f (three representative weights) while class IV prints all six.
buttress			table_row_d_kind_of_vault	1 brick or 20 cm sandstone	—		unparsed	Ungewitter/Mohrmann Manual of Gothic Construction (Ricker tr. 1920) p.211	stated-explicitly	RESOLVED. Rows a-f are 'kind of vault' = the WEB construction, a ladder of increasing dead weight from a half-brick porous web (a) to a brick vault carrying filling and a floor above (f). Explains why depth grows down the rows, and why rise classes I-III print only a/d/f (three representative weights) while class IV prints all six.
buttress			table_row_e_kind_of_vault	30 cm rubble vault	—		unparsed	Ungewitter/Mohrmann Manual of Gothic Construction (Ricker tr. 1920) p.211	stated-explicitly	RESOLVED. Rows a-f are 'kind of vault' = the WEB construction, a ladder of increasing dead weight from a half-brick porous web (a) to a brick vault carrying filling and a floor above (f). Explains why depth grows down the rows, and why rise classes I-III print only a/d/f (three representative weights) while class IV prints all six.
buttress			table_row_f_kind_of_vault	brick vault with filling and floor above	—		unparsed	Ungewitter/Mohrmann Manual of Gothic Construction (Ricker tr. 1920) p.211	stated-explicitly	RESOLVED. Rows a-f are 'kind of vault' = the WEB construction, a ladder of increasing dead weight from a half-brick porous web (a) to a brick vault carrying filling and a floor above (f). Explains why depth grows down the rows, and why rise classes I-III print only a/d/f (three representative weights) while class IV prints all six.
buttress			table_columns_scheme	material x stability criterion	—		unparsed	Ungewitter/Mohrmann Manual of Gothic Construction (Ricker tr. 1920) p.211	partly-verified	"Columns A'/A""/B'/B"" pair a MATERIAL with a CRITERION. Definitively readable: B"" = brick, resultant at edge of KERN. The companion lines (cut stone / sandstone, resultant at edge of SECTION vs kern) are legible only in mirror show-through and are NOT confirmed — do not rely on the A'/A""/B' assignments."
buttress			tables_II_III_IV_subjects	II continuous walls; III vertical buttresses; IV buttresses diminished upwards	—		unparsed	Ungewitter/Mohrmann Manual of Gothic Construction (Ricker tr. 1920) p.210	stated-explicitly	From 'Explanations of Tables II, III and IV': the depths are given 'for continuous walls as well as for vertical buttresses and those diminished upwards'. Matches the titles read in cycles 4 and 9.
buttress			table_I_is_the_source	weights and thrusts, printed p.135	—		unparsed	Ungewitter/Mohrmann Manual of Gothic Construction (Ricker tr. 1920) p.210	stated-explicitly	Tables II-IV are COMPUTED from the weights and thrusts of Table I (p.135 = leaf 275 by the leaf formula). Table I is the primary data; the rest is derived.
buttress			table_axes	rise, kind of vault, span, height of the resistance	—		unparsed	Ungewitter/Mohrmann Manual of Gothic Construction (Ricker tr. 1920) p.210	stated-explicitly	The author states the tables exist to 'give a clear view of the great variation of depths according to rise, kind of vault, span and height of the resistance to the vault' — the four axes, confirmed in the author's own words.
buttress			tables_are_preliminary_only	preliminary value only	—		unparsed	Ungewitter/Mohrmann Manual of Gothic Construction (Ricker tr. 1920) p.210	stated-explicitly	Author's own caveat: the tables 'afford a preliminary value only for the designer' and do not replace case-by-case work with the line of support. Use as plausible defaults, not as truth.
buttress			wind_load_excluded	tables exclude wind; add a little for high roofs	—		unparsed	Ungewitter/Mohrmann Manual of Gothic Construction (Ricker tr. 1920) p.210	stated-explicitly	'They give only the depths required by the vaults... the perhaps existing wind pressure against high roofs may make advisable a relatively small addition to the depth of the abutment.' So a tall-roofed building gets a modest abutment bonus over the tabulated value.
buttress			pier_width_reduction_rule	reduce tabulated pier width by 10-20 percent	percent		unparsed	Ungewitter/Mohrmann Manual of Gothic Construction (Ricker tr. 1920) p.211	ghost-read	If window openings do NOT run buttress-to-buttress but a solid pier of wall remains each side, the widths of pier in Tables III and IV reduce by 10-20 per cent. Complements the 'length half occupied by openings' assumption of Table II. Read from mirror show-through — treat as indicative.
buttress			max_compression_ladder	0-4, 4-7, 7-11, 11-14, 14-21, 21-70	kg per sq cm		unparsed	Ungewitter/Mohrmann Manual of Gothic Construction (Ricker tr. 1920) p.211	ghost-read	A six-step 'magnitude of maximum compression' ladder, apparently keyed to the small figures prefixed to cells in Tables IV/V (the Table V note refers to 'the prefixed figures'). Read from mirror show-through — the band edges need confirmation on a readable copy.
buttress			solution_method	cubic solved by Cardan's formula or repeated trial	—		unparsed	Ungewitter/Mohrmann Manual of Gothic Construction (Ricker tr. 1920) p.210	stated-explicitly	The abutment depth follows from an equation of moments that reduces to a cubic; solved by Cardan or, more simply, by iterating a guess for x. An alternative criterion is offered: assume the resultant crosses at x/2 from the middle, or about 0.30 m from the outer edge.
buttress			leaf_formula_caveat	valid only in odd-readable regions	—		unparsed	Ungewitter/Mohrmann Manual of Gothic Construction (Ricker tr. 1920) vol 1 scan	CORRECTION	Cycle 9's `leaf = 2*printed + 5` is NOT globally valid. The readable/ghost PARITY FLIPS repeatedly through the volume — measured: leaves 160-239 odd-readable, 240-359 even-readable, 360-479 odd-readable, 480-519 even-readable (~every 120 leaves, consistent with binding gatherings). The formula held for every page verified in cycles 9-10 because all of those sat in odd-readable stretches. ALWAYS te
buttress			table_I_content	thrust of a vault as components H and V	—		unparsed	Ungewitter/Mohrmann Manual of Gothic Construction (Ricker tr. 1920) p.194	stated-explicitly	printed p.194: 'When by calculation, construction or by Table I the thrust of a vault has been found, or which is the same, both its components H and V'. Confirms Table I tabulates horizontal thrust and vertical weight per half-vault.
buttress			table_I_location	cited as p.135; NOT located	—		unparsed	Ungewitter/Mohrmann Manual of Gothic Construction (Ricker tr. 1920) p.210/p.194/p.208 etc	UNRESOLVED	Six separate cross-references all read 'Table I (p. 135)'. Volume 2 has essentially no Table I references, so it is in volume 1, but the leaf predicted by the formula (275) is prose - and that region is EVEN-readable, so the arithmetic was invalid there. Next step: read a page number off an even leaf in 240-359 to re-anchor, then jump.
buttress			sliding_criterion_soft_mortar	45-60	degrees		non-length (degrees)	Ungewitter/Mohrmann Manual of Gothic Construction (Ricker tr. 1920) p.194	stated-explicitly	Sliding of the abutment may occur with SOFT mortar if the angle between the direction of the pressure and the bed is LESS than 45-60 deg.
buttress			sliding_criterion_hard_mortar	30-45	degrees		non-length (degrees)	Ungewitter/Mohrmann Manual of Gothic Construction (Ricker tr. 1920) p.194	stated-explicitly	With HARDENED mortar sliding may occur if that angle is under 30-45 deg. So a harder mortar tolerates a shallower pressure-to-bed angle.
buttress			sliding_remedy	change the bed position; dowels are weaker	—		unparsed	Ungewitter/Mohrmann Manual of Gothic Construction (Ricker tr. 1920) p.194	stated-explicitly	Slipping is prevented by re-orienting the bed (tilting the joint toward perpendicular to the thrust), 'or less effectively by dowels'.
buttress			damp_proof_course_hazard	soft pitchy isolating beds have slid whole masonry masses	—		unparsed	Ungewitter/Mohrmann Manual of Gothic Construction (Ricker tr. 1920) p.194	stated-explicitly	Named construction hazard: do not form the damp-proof bed of soft pitchy material - 'this has already permitted the sliding of an entire mass of masonry'. Isolating beds only where compression acts almost perpendicular to the bed, and the isolating material must be neither too soft nor too smooth.
buttress			overturning_inequality	G1*a1 + G2*a2 + W2*n  >  W1*m	—		unparsed	Ungewitter/Mohrmann Manual of Gothic Construction (Ricker tr. 1920) p.194	stated-explicitly	Safety against overturning: moments taken about the outer dangerous angle A; favourable rotation moments (force x lever arm) must exceed unfavourable. Overturning occurs most easily at the bottom of the foundation.
buttress			why_joints_are_radial	the radial joint plane satisfies the sliding criterion	—		unparsed	Ungewitter/Mohrmann Manual of Gothic Construction (Ricker tr. 1920) p.158 + p.194	derived-verified	CAUSAL LINK between two pages: p.158 requires the joint plane be perpendicular to the diagonal groin's vertical plane (radial in section); p.194 shows sliding occurs when the pressure-to-bed angle drops below 30-60 deg. The radial joint exists to keep that angle steep. Vault coursing geometry is a CONSEQUENCE of the sliding limit, not an aesthetic choice.
buttress			table_ghosts_ocr_digits_better	find tables via high-digit GHOST leaves, read leaf +/- 1	—		unparsed	Ungewitter/Mohrmann Manual of Gothic Construction (Ricker tr. 1920) vol 1 scan	derived-verified	RECIPE INVERSION: the actual table leaves 431/433/435/437/439 contain ZERO digits in their OCR, while their ghost neighbours 438/440/442/444 carry 150-470 digits each. Mirror show-through of a numeric table OCRs its figures far better than the table itself. So numeric tables are located by scanning for DIGIT-RICH GHOSTS, then reading the adjacent leaf.
buttress			numeric_table_census_vol1	only two clusters: leaf ~395 and leaves ~431-449	—		unparsed	Ungewitter/Mohrmann Manual of Gothic Construction (Ricker tr. 1920) vol 1 scan	derived-verified	Whole-volume scan for digit-rich leaves found table clusters ONLY at leaf 395 (materials strength, printed p.195) and leaves 431-449 (Tables II-V plus the edge-pressure table). No numeric table exists anywhere in leaves 240-360.
buttress			table_I_absent_from_translation	not present as a table in vol 1	—		unparsed	Ungewitter/Mohrmann Manual of Gothic Construction (Ricker tr. 1920) p.194/p.210 citations	NEGATIVE-RESULT	CLOSED. Six cross-references read 'Table I (p. 135)', but: (a) leaves 240-360 - where p.135 falls under either parity - are uniformly dense prose with no numeric table; (b) the volume-wide digit census finds no table cluster there; (c) volume 2 has essentially no Table I references. Most probable explanation: the 'p. 135' citations retain the GERMAN ORIGINAL's pagination, which the 1920 student ty
buttress			page_numbers_not_always_present	some leaves have no page number in the top margin	—		unparsed	Ungewitter/Mohrmann Manual of Gothic Construction (Ricker tr. 1920) vol 1 scan	derived-verified	Leaves 274 and 300 begin body text at the very top with no page number, so page-number anchoring is not reliably available in this scan. Both also show readable text OVERLAID with its own mirror in the same band.
buttress			masonry_carries_no_tension	design in compression only	—		unparsed	Ungewitter/Mohrmann Manual of Gothic Construction (Ricker tr. 1920) leaf 300	stated-explicitly	From the 'Vaults with only compressile stresses' passage: with the scarcely elastic properties of all stone and mortar it is 'always risky to count on their unbroken resistance'. Also notes that 'not without reason the practical Renaissance supported the heavy vaults by very powerful abutments', and warns against too trustful use of wide flat ceilings.
timber_roof	St Martin's Church, Leicester	Leicestershire	roof span	23 0	ft in	7.010	ft in pair	Brandon 1849	VERIFIED	Carries the entire roof; ridge and purlins bear on it via short templates (3 ft 6 in / 2 ft 6 in).
timber_roof	St Martin's Church, Leicester	Leicestershire	truss spacing	12 6	ft in	3.810	ft in pair	Brandon 1849	VERIFIED	Carries the entire roof; ridge and purlins bear on it via short templates (3 ft 6 in / 2 ft 6 in).
timber_roof	St Martin's Church, Leicester	Leicestershire	Tie-beam scantling	1 ft 8 in x 1 ft 2 in	in	0.508	first measure in prose (ft in)	Brandon 1849	VERIFIED	Carries the entire roof; ridge and purlins bear on it via short templates (3 ft 6 in / 2 ft 6 in).
timber_roof	St Martin's Church, Leicester	Leicestershire	roof span	23 0	ft in	7.010	ft in pair	Brandon 1849	VERIFIED	Framed into the tie-beam; does not touch the wall.
timber_roof	St Martin's Church, Leicester	Leicestershire	truss spacing	12 6	ft in	3.810	ft in pair	Brandon 1849	VERIFIED	Framed into the tie-beam; does not touch the wall.
timber_roof	St Martin's Church, Leicester	Leicestershire	Cornice scantling	10 in x 8 in	in	0.254	scantling max face (in)	Brandon 1849	VERIFIED	Framed into the tie-beam; does not touch the wall.
timber_roof	St Martin's Church, Leicester	Leicestershire	roof span	23 0	ft in	7.010	ft in pair	Brandon 1849	VERIFIED	
timber_roof	St Martin's Church, Leicester	Leicestershire	truss spacing	12 6	ft in	3.810	ft in pair	Brandon 1849	VERIFIED	
timber_roof	St Martin's Church, Leicester	Leicestershire	Purlin scantling	10 in x 10 in	in	0.254	scantling max face (in)	Brandon 1849	VERIFIED	
timber_roof	St Martin's Church, Leicester	Leicestershire	roof span	23 0	ft in	7.010	ft in pair	Brandon 1849	VERIFIED	
timber_roof	St Martin's Church, Leicester	Leicestershire	truss spacing	12 6	ft in	3.810	ft in pair	Brandon 1849	VERIFIED	
timber_roof	St Martin's Church, Leicester	Leicestershire	Ridge scantling	10 in x 9 in	in	0.254	scantling max face (in)	Brandon 1849	VERIFIED	
timber_roof	St Martin's Church, Leicester	Leicestershire	roof span	23 0	ft in	7.010	ft in pair	Brandon 1849	VERIFIED	
timber_roof	St Martin's Church, Leicester	Leicestershire	truss spacing	12 6	ft in	3.810	ft in pair	Brandon 1849	VERIFIED	
timber_roof	St Martin's Church, Leicester	Leicestershire	Common Rafter scantling	6.5 in x 4.5 in	in	0.165	scantling max face (in)	Brandon 1849	VERIFIED	
timber_roof	Chapel of the Holy Trinity, Cirencester	Gloucestershire	roof span	18 0	ft in	5.486	ft in pair	Brandon 1849	VERIFIED	Deepest tie-beam in the set. Supersedes the cycle-5 OCR-PARTIAL rows, which were Leicester values showing through and are now DELETED.
timber_roof	Chapel of the Holy Trinity, Cirencester	Gloucestershire	truss spacing	11 0	ft in	3.353	ft in pair	Brandon 1849	VERIFIED	Deepest tie-beam in the set. Supersedes the cycle-5 OCR-PARTIAL rows, which were Leicester values showing through and are now DELETED.
timber_roof	Chapel of the Holy Trinity, Cirencester	Gloucestershire	Tie-beam scantling	2 ft 8 in x 11 in	in	0.813	scantling max face	Brandon 1849	VERIFIED	Deepest tie-beam in the set. Supersedes the cycle-5 OCR-PARTIAL rows, which were Leicester values showing through and are now DELETED.
timber_roof	Chapel of the Holy Trinity, Cirencester	Gloucestershire	roof span	18 0	ft in	5.486	ft in pair	Brandon 1849	VERIFIED	
timber_roof	Chapel of the Holy Trinity, Cirencester	Gloucestershire	truss spacing	11 0	ft in	3.353	ft in pair	Brandon 1849	VERIFIED	
timber_roof	Chapel of the Holy Trinity, Cirencester	Gloucestershire	Cornice scantling	1 ft 9 in x 11 in	in	0.533	scantling max face	Brandon 1849	VERIFIED	
timber_roof	Chapel of the Holy Trinity, Cirencester	Gloucestershire	roof span	18 0	ft in	5.486	ft in pair	Brandon 1849	VERIFIED	Single-dimension entry (thickness only) as printed.
timber_roof	Chapel of the Holy Trinity, Cirencester	Gloucestershire	truss spacing	11 0	ft in	3.353	ft in pair	Brandon 1849	VERIFIED	Single-dimension entry (thickness only) as printed.
timber_roof	Chapel of the Holy Trinity, Cirencester	Gloucestershire	Intermediate Principal scantling	8 in thick x 	in	0.203	first measure in prose (in)	Brandon 1849	VERIFIED	Single-dimension entry (thickness only) as printed.
timber_roof	Chapel of the Holy Trinity, Cirencester	Gloucestershire	roof span	18 0	ft in	5.486	ft in pair	Brandon 1849	VERIFIED	Single-dimension entry as printed.
timber_roof	Chapel of the Holy Trinity, Cirencester	Gloucestershire	truss spacing	11 0	ft in	3.353	ft in pair	Brandon 1849	VERIFIED	Single-dimension entry as printed.
timber_roof	Chapel of the Holy Trinity, Cirencester	Gloucestershire	Braces scantling	3 in thick x 	in	0.076	first measure in prose (in)	Brandon 1849	VERIFIED	Single-dimension entry as printed.
timber_roof	St Andrew's Church	(unstated)	roof span	about 21 0	ft in	6.401	ft in pair	Brandon 1849	VERIFIED	"Description gives only nave width, ~21 ft. Cites ""Roof over the Nave of St Stephen's Church, Plates 32 and 33"" — the anchor confirming plate N -> leaf 2N+61."
timber_roof	Capel St Mary	Suffolk	roof span	18 3	ft in	5.563	ft in pair	Brandon 1849	VERIFIED	A moulded three-inch plank is tenoned into the hammer-beams; openwork tracery inserted between it and the lowest purlin.
timber_roof	Capel St Mary	Suffolk	truss spacing	6 0	ft in	1.829	ft in pair	Brandon 1849	VERIFIED	A moulded three-inch plank is tenoned into the hammer-beams; openwork tracery inserted between it and the lowest purlin.
timber_roof	Capel St Mary	Suffolk	Principal Rafters scantling	10 in x 8 in	in	0.254	scantling max face (in)	Brandon 1849	VERIFIED	A moulded three-inch plank is tenoned into the hammer-beams; openwork tracery inserted between it and the lowest purlin.
timber_roof	Capel St Mary	Suffolk	roof span	18 3	ft in	5.563	ft in pair	Brandon 1849	VERIFIED	
timber_roof	Capel St Mary	Suffolk	truss spacing	6 0	ft in	1.829	ft in pair	Brandon 1849	VERIFIED	
timber_roof	Capel St Mary	Suffolk	Common Rafters scantling	6 in x 3 in	in	0.152	scantling max face (in)	Brandon 1849	VERIFIED	
timber_roof	Capel St Mary	Suffolk	roof span	18 3	ft in	5.563	ft in pair	Brandon 1849	VERIFIED	Same section as principal rafters and collar-beam — one stock size serves three members.
timber_roof	Capel St Mary	Suffolk	truss spacing	6 0	ft in	1.829	ft in pair	Brandon 1849	VERIFIED	Same section as principal rafters and collar-beam — one stock size serves three members.
timber_roof	Capel St Mary	Suffolk	Hammer-beam scantling	10 in x 8 in	in	0.254	scantling max face (in)	Brandon 1849	VERIFIED	Same section as principal rafters and collar-beam — one stock size serves three members.
timber_roof	Capel St Mary	Suffolk	roof span	18 3	ft in	5.563	ft in pair	Brandon 1849	VERIFIED	
timber_roof	Capel St Mary	Suffolk	truss spacing	6 0	ft in	1.829	ft in pair	Brandon 1849	VERIFIED	
timber_roof	Capel St Mary	Suffolk	Collar-beam scantling	10 in x 8 in	in	0.254	scantling max face (in)	Brandon 1849	VERIFIED	
timber_roof	Capel St Mary	Suffolk	roof span	18 3	ft in	5.563	ft in pair	Brandon 1849	VERIFIED	
timber_roof	Capel St Mary	Suffolk	truss spacing	6 0	ft in	1.829	ft in pair	Brandon 1849	VERIFIED	
timber_roof	Capel St Mary	Suffolk	Purlins scantling	6 in x 5 in	in	0.152	scantling max face (in)	Brandon 1849	VERIFIED	
timber_roof	Capel St Mary	Suffolk	roof span	18 3	ft in	5.563	ft in pair	Brandon 1849	VERIFIED	
timber_roof	Capel St Mary	Suffolk	truss spacing	6 0	ft in	1.829	ft in pair	Brandon 1849	VERIFIED	
timber_roof	Capel St Mary	Suffolk	Ridge-piece scantling	6 in x 6 in	in	0.152	scantling max face (in)	Brandon 1849	VERIFIED	
timber_roof	Trunch Church	Norfolk	roof span	19 0	ft in	5.791	ft in pair	Brandon 1849	VERIFIED	Worstead Church has a very similar design but a wider nave with hammer-beams projecting less in proportion, which the authors call grander.
timber_roof	Trunch Church	Norfolk	truss spacing	5 6	ft in	1.676	ft in pair	Brandon 1849	VERIFIED	Worstead Church has a very similar design but a wider nave with hammer-beams projecting less in proportion, which the authors call grander.
timber_roof	Trunch Church	Norfolk	Principal Rafters scantling	10 in x 9 in	in	0.254	scantling max face (in)	Brandon 1849	VERIFIED	Worstead Church has a very similar design but a wider nave with hammer-beams projecting less in proportion, which the authors call grander.
timber_roof	Trunch Church	Norfolk	roof span	19 0	ft in	5.791	ft in pair	Brandon 1849	VERIFIED	
timber_roof	Trunch Church	Norfolk	truss spacing	5 6	ft in	1.676	ft in pair	Brandon 1849	VERIFIED	
timber_roof	Trunch Church	Norfolk	Common Rafters scantling	6 in x 4 in	in	0.152	scantling max face (in)	Brandon 1849	VERIFIED	
timber_roof	Trunch Church	Norfolk	roof span	19 0	ft in	5.791	ft in pair	Brandon 1849	VERIFIED	
timber_roof	Trunch Church	Norfolk	truss spacing	5 6	ft in	1.676	ft in pair	Brandon 1849	VERIFIED	
timber_roof	Trunch Church	Norfolk	Hammer-beam scantling	10 in x 10 in	in	0.254	scantling max face (in)	Brandon 1849	VERIFIED	
timber_roof	Trunch Church	Norfolk	roof span	19 0	ft in	5.791	ft in pair	Brandon 1849	VERIFIED	
timber_roof	Trunch Church	Norfolk	truss spacing	5 6	ft in	1.676	ft in pair	Brandon 1849	VERIFIED	
timber_roof	Trunch Church	Norfolk	Purlin scantling	8 in x 5 in	in	0.203	scantling max face (in)	Brandon 1849	VERIFIED	
timber_roof	Trunch Church	Norfolk	roof span	19 0	ft in	5.791	ft in pair	Brandon 1849	VERIFIED	
timber_roof	Trunch Church	Norfolk	truss spacing	5 6	ft in	1.676	ft in pair	Brandon 1849	VERIFIED	
timber_roof	Trunch Church	Norfolk	Ridge-piece scantling	10 in x 10 in	in	0.254	scantling max face (in)	Brandon 1849	VERIFIED	
timber_roof	Palgrave Church	Suffolk	roof span	20 4	ft in	6.198	ft in pair	Brandon 1849	VERIFIED	
timber_roof	Palgrave Church	Suffolk	truss spacing	5 9	ft in	1.753	ft in pair	Brandon 1849	VERIFIED	
timber_roof	Palgrave Church	Suffolk	Principal Rafters scantling	1 ft 1 in x 10 in	in	0.330	scantling max face	Brandon 1849	VERIFIED	
timber_roof	Palgrave Church	Suffolk	roof span	20 4	ft in	6.198	ft in pair	Brandon 1849	VERIFIED	
timber_roof	Palgrave Church	Suffolk	truss spacing	5 9	ft in	1.753	ft in pair	Brandon 1849	VERIFIED	
timber_roof	Palgrave Church	Suffolk	Common Rafters scantling	6 in x 4 in	in	0.152	scantling max face (in)	Brandon 1849	VERIFIED	
timber_roof	Palgrave Church	Suffolk	roof span	20 4	ft in	6.198	ft in pair	Brandon 1849	VERIFIED	Same section as the principal rafters.
timber_roof	Palgrave Church	Suffolk	truss spacing	5 9	ft in	1.753	ft in pair	Brandon 1849	VERIFIED	Same section as the principal rafters.
timber_roof	Palgrave Church	Suffolk	Hammer-beam scantling	1 ft 1 in x 10 in	in	0.330	scantling max face	Brandon 1849	VERIFIED	Same section as the principal rafters.
timber_roof	Palgrave Church	Suffolk	roof span	20 4	ft in	6.198	ft in pair	Brandon 1849	VERIFIED	
timber_roof	Palgrave Church	Suffolk	truss spacing	5 9	ft in	1.753	ft in pair	Brandon 1849	VERIFIED	
timber_roof	Palgrave Church	Suffolk	Cornice scantling	1 ft 7 in x 7 in	in	0.483	scantling max face	Brandon 1849	VERIFIED	
timber_roof	Palgrave Church	Suffolk	roof span	20 4	ft in	6.198	ft in pair	Brandon 1849	VERIFIED	
timber_roof	Palgrave Church	Suffolk	truss spacing	5 9	ft in	1.753	ft in pair	Brandon 1849	VERIFIED	
timber_roof	Palgrave Church	Suffolk	Wall-piece scantling	10 in x 7 in	in	0.254	scantling max face (in)	Brandon 1849	VERIFIED	
timber_roof	Brinton Church	Norfolk	roof span	17 0	ft in	5.182	ft in pair	Brandon 1849	VERIFIED	"RIDGE ANGLE STATED: ""the angle formed by the rafters at the ridge is of 100 degrees"" = a 40-degree pitch. Only explicit pitch in the set so far."
timber_roof	Brinton Church	Norfolk	truss spacing	12 0	ft in	3.658	ft in pair	Brandon 1849	VERIFIED	"RIDGE ANGLE STATED: ""the angle formed by the rafters at the ridge is of 100 degrees"" = a 40-degree pitch. Only explicit pitch in the set so far."
timber_roof	Brinton Church	Norfolk	Principal Rafters scantling	10.5 in x 9 in	in	0.267	scantling max face (in)	Brandon 1849	VERIFIED	"RIDGE ANGLE STATED: ""the angle formed by the rafters at the ridge is of 100 degrees"" = a 40-degree pitch. Only explicit pitch in the set so far."
timber_roof	Brinton Church	Norfolk	roof span	17 0	ft in	5.182	ft in pair	Brandon 1849	VERIFIED	
timber_roof	Brinton Church	Norfolk	truss spacing	12 0	ft in	3.658	ft in pair	Brandon 1849	VERIFIED	
timber_roof	Brinton Church	Norfolk	Common Rafters scantling	6 in x 4 in	in	0.152	scantling max face (in)	Brandon 1849	VERIFIED	
timber_roof	Brinton Church	Norfolk	roof span	17 0	ft in	5.182	ft in pair	Brandon 1849	VERIFIED	
timber_roof	Brinton Church	Norfolk	truss spacing	12 0	ft in	3.658	ft in pair	Brandon 1849	VERIFIED	
timber_roof	Brinton Church	Norfolk	Purlin scantling	7 in x 6 in	in	0.178	scantling max face (in)	Brandon 1849	VERIFIED	
timber_roof	Brinton Church	Norfolk	roof span	17 0	ft in	5.182	ft in pair	Brandon 1849	VERIFIED	
timber_roof	Brinton Church	Norfolk	truss spacing	12 0	ft in	3.658	ft in pair	Brandon 1849	VERIFIED	
timber_roof	Brinton Church	Norfolk	Ridge-piece scantling	9 in x 7 in	in	0.229	scantling max face (in)	Brandon 1849	VERIFIED	
timber_roof	Fressingfield Church	Suffolk	roof span	19 8	ft in	5.994	ft in pair	Brandon 1849	VERIFIED	"Truss-spacing line is printed ""7 by 10"" in the ft/in columns; read as 7 ft 10 in by analogy with the other spacing rows."
timber_roof	Fressingfield Church	Suffolk	truss spacing	7 10	ft in	2.388	ft in pair	Brandon 1849	VERIFIED	"Truss-spacing line is printed ""7 by 10"" in the ft/in columns; read as 7 ft 10 in by analogy with the other spacing rows."
timber_roof	Fressingfield Church	Suffolk	Principal Rafters scantling	10 in x 8 in	in	0.254	scantling max face (in)	Brandon 1849	VERIFIED	"Truss-spacing line is printed ""7 by 10"" in the ft/in columns; read as 7 ft 10 in by analogy with the other spacing rows."
timber_roof	Fressingfield Church	Suffolk	roof span	19 8	ft in	5.994	ft in pair	Brandon 1849	VERIFIED	
timber_roof	Fressingfield Church	Suffolk	truss spacing	7 10	ft in	2.388	ft in pair	Brandon 1849	VERIFIED	
timber_roof	Fressingfield Church	Suffolk	Common Rafter scantling	7 in x 3 in	in	0.178	scantling max face (in)	Brandon 1849	VERIFIED	
timber_roof	Fressingfield Church	Suffolk	roof span	19 8	ft in	5.994	ft in pair	Brandon 1849	VERIFIED	
timber_roof	Fressingfield Church	Suffolk	truss spacing	7 10	ft in	2.388	ft in pair	Brandon 1849	VERIFIED	
timber_roof	Fressingfield Church	Suffolk	Hammer-beam scantling	10 in x 8 in	in	0.254	scantling max face (in)	Brandon 1849	VERIFIED	
timber_roof	Fressingfield Church	Suffolk	roof span	19 8	ft in	5.994	ft in pair	Brandon 1849	VERIFIED	
timber_roof	Fressingfield Church	Suffolk	truss spacing	7 10	ft in	2.388	ft in pair	Brandon 1849	VERIFIED	
timber_roof	Fressingfield Church	Suffolk	Collar-beam scantling	1 ft 2 in x 8 in	in	0.356	scantling max face	Brandon 1849	VERIFIED	
timber_roof	Fressingfield Church	Suffolk	roof span	19 8	ft in	5.994	ft in pair	Brandon 1849	VERIFIED	
timber_roof	Fressingfield Church	Suffolk	truss spacing	7 10	ft in	2.388	ft in pair	Brandon 1849	VERIFIED	
timber_roof	Fressingfield Church	Suffolk	Wall-piece scantling	11 in x 8 in	in	0.279	scantling max face (in)	Brandon 1849	VERIFIED	
timber_roof	Fressingfield Church	Suffolk	roof span	19 8	ft in	5.994	ft in pair	Brandon 1849	VERIFIED	
timber_roof	Fressingfield Church	Suffolk	truss spacing	7 10	ft in	2.388	ft in pair	Brandon 1849	VERIFIED	
timber_roof	Fressingfield Church	Suffolk	Purlin scantling	7.5 in x 5.5 in	in	0.191	scantling max face (in)	Brandon 1849	VERIFIED	
timber_roof	Fressingfield Church	Suffolk	roof span	19 8	ft in	5.994	ft in pair	Brandon 1849	VERIFIED	
timber_roof	Fressingfield Church	Suffolk	truss spacing	7 10	ft in	2.388	ft in pair	Brandon 1849	VERIFIED	
timber_roof	Fressingfield Church	Suffolk	Depth of Cornice scantling	3 in x 3.5 in	in	0.089	scantling max face (in)	Brandon 1849	VERIFIED	
timber_roof	Heckington Church (south porch)	Lincolnshire	roof span	10 9	ft in	3.277	ft in pair	Brandon 1849	VERIFIED	Rafters at 1 ft 2 in centres — no trusses at all. A cornice plate projecting from the wall receives struts and wall-beams by tenon and is called 'of considerable importance in keeping all the trusses in their proper positions' = the longitudinal alignment member. Boarded longitudinally, covered with lead.
timber_roof	Heckington Church (south porch)	Lincolnshire	truss spacing	1 2	ft in	0.356	ft in pair	Brandon 1849	VERIFIED	Rafters at 1 ft 2 in centres — no trusses at all. A cornice plate projecting from the wall receives struts and wall-beams by tenon and is called 'of considerable importance in keeping all the trusses in their proper positions' = the longitudinal alignment member. Boarded longitudinally, covered with lead.
timber_roof	Heckington Church (south porch)	Lincolnshire	Rafters scantling	5.5 in x 4.5 in	in	0.140	scantling max face (in)	Brandon 1849	VERIFIED	Rafters at 1 ft 2 in centres — no trusses at all. A cornice plate projecting from the wall receives struts and wall-beams by tenon and is called 'of considerable importance in keeping all the trusses in their proper positions' = the longitudinal alignment member. Boarded longitudinally, covered with lead.
timber_roof	Heckington Church (south porch)	Lincolnshire	roof span	10 9	ft in	3.277	ft in pair	Brandon 1849	VERIFIED	Rafters at 1 ft 2 in centres — no trusses at all. A cornice plate projecting from the wall receives struts and wall-beams by tenon and is called 'of considerable importance in keeping all the trusses in their proper positions' = the longitudinal alignment member. Boarded longitudinally, covered with lead.
timber_roof	Heckington Church (south porch)	Lincolnshire	truss spacing	1 2	ft in	0.356	ft in pair	Brandon 1849	VERIFIED	Rafters at 1 ft 2 in centres — no trusses at all. A cornice plate projecting from the wall receives struts and wall-beams by tenon and is called 'of considerable importance in keeping all the trusses in their proper positions' = the longitudinal alignment member. Boarded longitudinally, covered with lead.
timber_roof	Heckington Church (south porch)	Lincolnshire	Central Plate scantling	4 in x 2.5 in	in	0.102	scantling max face (in)	Brandon 1849	VERIFIED	Rafters at 1 ft 2 in centres — no trusses at all. A cornice plate projecting from the wall receives struts and wall-beams by tenon and is called 'of considerable importance in keeping all the trusses in their proper positions' = the longitudinal alignment member. Boarded longitudinally, covered with lead.
timber_roof	Starston Church	Norfolk	roof span	21 10	ft in	6.655	ft in pair	Brandon 1849	VERIFIED	No truss spacing printed for this roof.
timber_roof	Starston Church	Norfolk	Principal Rafters scantling	10 in x 9 in	in	0.254	scantling max face (in)	Brandon 1849	VERIFIED	No truss spacing printed for this roof.
timber_roof	Starston Church	Norfolk	roof span	21 10	ft in	6.655	ft in pair	Brandon 1849	VERIFIED	No truss spacing printed for this roof.
timber_roof	Starston Church	Norfolk	Common Rafters scantling	6 in x 4 in	in	0.152	scantling max face (in)	Brandon 1849	VERIFIED	No truss spacing printed for this roof.
timber_roof	Starston Church	Norfolk	roof span	21 10	ft in	6.655	ft in pair	Brandon 1849	VERIFIED	No truss spacing printed for this roof.
timber_roof	Starston Church	Norfolk	Wall-piece scantling	10 in x 7.5 in	in	0.254	scantling max face (in)	Brandon 1849	VERIFIED	No truss spacing printed for this roof.
timber_roof	Starston Church	Norfolk	roof span	21 10	ft in	6.655	ft in pair	Brandon 1849	VERIFIED	No truss spacing printed for this roof.
timber_roof	Starston Church	Norfolk	Purlin scantling	6.5 in x 5.5 in	in	0.165	scantling max face (in)	Brandon 1849	VERIFIED	No truss spacing printed for this roof.
timber_roof	Starston Church	Norfolk	roof span	21 10	ft in	6.655	ft in pair	Brandon 1849	VERIFIED	No truss spacing printed for this roof.
timber_roof	Starston Church	Norfolk	Cornice scantling	11 in x 10 in	in	0.279	scantling max face (in)	Brandon 1849	VERIFIED	No truss spacing printed for this roof.
timber_roof	Bacton Church	Suffolk	roof span	19 4	ft in	5.893	ft in pair	Brandon 1849	VERIFIED	Spacing 6 ft 4.5 in sits inside the hammer-beam band, confirming the cycle-6 rule. Cites Brandon's 'Parish Churches'. Cornice depth printed in the ft/in columns as 3 0.
timber_roof	Bacton Church	Suffolk	truss spacing	6 4.5	ft in	1.943	ft in pair	Brandon 1849	VERIFIED	Spacing 6 ft 4.5 in sits inside the hammer-beam band, confirming the cycle-6 rule. Cites Brandon's 'Parish Churches'. Cornice depth printed in the ft/in columns as 3 0.
timber_roof	Bacton Church	Suffolk	Hammer-beams scantling	10.5 in x 9 in	in	0.267	scantling max face (in)	Brandon 1849	VERIFIED	Spacing 6 ft 4.5 in sits inside the hammer-beam band, confirming the cycle-6 rule. Cites Brandon's 'Parish Churches'. Cornice depth printed in the ft/in columns as 3 0.
timber_roof	Bacton Church	Suffolk	roof span	19 4	ft in	5.893	ft in pair	Brandon 1849	VERIFIED	Spacing 6 ft 4.5 in sits inside the hammer-beam band, confirming the cycle-6 rule. Cites Brandon's 'Parish Churches'. Cornice depth printed in the ft/in columns as 3 0.
timber_roof	Bacton Church	Suffolk	truss spacing	6 4.5	ft in	1.943	ft in pair	Brandon 1849	VERIFIED	Spacing 6 ft 4.5 in sits inside the hammer-beam band, confirming the cycle-6 rule. Cites Brandon's 'Parish Churches'. Cornice depth printed in the ft/in columns as 3 0.
timber_roof	Bacton Church	Suffolk	Principal Rafters scantling	9.5 in x 9 in	in	0.241	scantling max face (in)	Brandon 1849	VERIFIED	Spacing 6 ft 4.5 in sits inside the hammer-beam band, confirming the cycle-6 rule. Cites Brandon's 'Parish Churches'. Cornice depth printed in the ft/in columns as 3 0.
timber_roof	Bacton Church	Suffolk	roof span	19 4	ft in	5.893	ft in pair	Brandon 1849	VERIFIED	Spacing 6 ft 4.5 in sits inside the hammer-beam band, confirming the cycle-6 rule. Cites Brandon's 'Parish Churches'. Cornice depth printed in the ft/in columns as 3 0.
timber_roof	Bacton Church	Suffolk	truss spacing	6 4.5	ft in	1.943	ft in pair	Brandon 1849	VERIFIED	Spacing 6 ft 4.5 in sits inside the hammer-beam band, confirming the cycle-6 rule. Cites Brandon's 'Parish Churches'. Cornice depth printed in the ft/in columns as 3 0.
timber_roof	Bacton Church	Suffolk	Common Rafters scantling	6 in x 3 in	in	0.152	scantling max face (in)	Brandon 1849	VERIFIED	Spacing 6 ft 4.5 in sits inside the hammer-beam band, confirming the cycle-6 rule. Cites Brandon's 'Parish Churches'. Cornice depth printed in the ft/in columns as 3 0.
timber_roof	Bacton Church	Suffolk	roof span	19 4	ft in	5.893	ft in pair	Brandon 1849	VERIFIED	Spacing 6 ft 4.5 in sits inside the hammer-beam band, confirming the cycle-6 rule. Cites Brandon's 'Parish Churches'. Cornice depth printed in the ft/in columns as 3 0.
timber_roof	Bacton Church	Suffolk	truss spacing	6 4.5	ft in	1.943	ft in pair	Brandon 1849	VERIFIED	Spacing 6 ft 4.5 in sits inside the hammer-beam band, confirming the cycle-6 rule. Cites Brandon's 'Parish Churches'. Cornice depth printed in the ft/in columns as 3 0.
timber_roof	Bacton Church	Suffolk	Purlin scantling	8.5 in x 6.5 in	in	0.216	scantling max face (in)	Brandon 1849	VERIFIED	Spacing 6 ft 4.5 in sits inside the hammer-beam band, confirming the cycle-6 rule. Cites Brandon's 'Parish Churches'. Cornice depth printed in the ft/in columns as 3 0.
timber_roof	Bacton Church	Suffolk	roof span	19 4	ft in	5.893	ft in pair	Brandon 1849	VERIFIED	Spacing 6 ft 4.5 in sits inside the hammer-beam band, confirming the cycle-6 rule. Cites Brandon's 'Parish Churches'. Cornice depth printed in the ft/in columns as 3 0.
timber_roof	Bacton Church	Suffolk	truss spacing	6 4.5	ft in	1.943	ft in pair	Brandon 1849	VERIFIED	Spacing 6 ft 4.5 in sits inside the hammer-beam band, confirming the cycle-6 rule. Cites Brandon's 'Parish Churches'. Cornice depth printed in the ft/in columns as 3 0.
timber_roof	Bacton Church	Suffolk	Depth of Cornice scantling	3 ft 0 in x 	in	0.914	first measure in prose (ft in)	Brandon 1849	VERIFIED	Spacing 6 ft 4.5 in sits inside the hammer-beam band, confirming the cycle-6 rule. Cites Brandon's 'Parish Churches'. Cornice depth printed in the ft/in columns as 3 0.
timber_roof	(north aisle roof, leaf 186)	(unstated)	roof span	11 0.5	ft in	3.366	ft in pair	Brandon 1849	VERIFIED	KEY CASE: narrowest span in the set (11 ft) but the WIDEST truss spacing (14 ft) — so spacing does NOT scale with span. Stout principals (11x10.5) and the deepest common rafters in the set (8x4) span the wide bay. Cites Brandon's own 'Analysis of Gothick Architecture', Section I Decorated, plate 33.
timber_roof	(north aisle roof, leaf 186)	(unstated)	truss spacing	14 0	ft in	4.267	ft in pair	Brandon 1849	VERIFIED	KEY CASE: narrowest span in the set (11 ft) but the WIDEST truss spacing (14 ft) — so spacing does NOT scale with span. Stout principals (11x10.5) and the deepest common rafters in the set (8x4) span the wide bay. Cites Brandon's own 'Analysis of Gothick Architecture', Section I Decorated, plate 33.
timber_roof	(north aisle roof, leaf 186)	(unstated)	Principal Rafters scantling	11 in x 10.5 in	in	0.279	scantling max face (in)	Brandon 1849	VERIFIED	KEY CASE: narrowest span in the set (11 ft) but the WIDEST truss spacing (14 ft) — so spacing does NOT scale with span. Stout principals (11x10.5) and the deepest common rafters in the set (8x4) span the wide bay. Cites Brandon's own 'Analysis of Gothick Architecture', Section I Decorated, plate 33.
timber_roof	(north aisle roof, leaf 186)	(unstated)	roof span	11 0.5	ft in	3.366	ft in pair	Brandon 1849	VERIFIED	KEY CASE: narrowest span in the set (11 ft) but the WIDEST truss spacing (14 ft) — so spacing does NOT scale with span. Stout principals (11x10.5) and the deepest common rafters in the set (8x4) span the wide bay. Cites Brandon's own 'Analysis of Gothick Architecture', Section I Decorated, plate 33.
timber_roof	(north aisle roof, leaf 186)	(unstated)	truss spacing	14 0	ft in	4.267	ft in pair	Brandon 1849	VERIFIED	KEY CASE: narrowest span in the set (11 ft) but the WIDEST truss spacing (14 ft) — so spacing does NOT scale with span. Stout principals (11x10.5) and the deepest common rafters in the set (8x4) span the wide bay. Cites Brandon's own 'Analysis of Gothick Architecture', Section I Decorated, plate 33.
timber_roof	(north aisle roof, leaf 186)	(unstated)	Common Rafters scantling	8 in x 4 in	in	0.203	scantling max face (in)	Brandon 1849	VERIFIED	KEY CASE: narrowest span in the set (11 ft) but the WIDEST truss spacing (14 ft) — so spacing does NOT scale with span. Stout principals (11x10.5) and the deepest common rafters in the set (8x4) span the wide bay. Cites Brandon's own 'Analysis of Gothick Architecture', Section I Decorated, plate 33.
timber_roof	(north aisle roof, leaf 186)	(unstated)	roof span	11 0.5	ft in	3.366	ft in pair	Brandon 1849	VERIFIED	KEY CASE: narrowest span in the set (11 ft) but the WIDEST truss spacing (14 ft) — so spacing does NOT scale with span. Stout principals (11x10.5) and the deepest common rafters in the set (8x4) span the wide bay. Cites Brandon's own 'Analysis of Gothick Architecture', Section I Decorated, plate 33.
timber_roof	(north aisle roof, leaf 186)	(unstated)	truss spacing	14 0	ft in	4.267	ft in pair	Brandon 1849	VERIFIED	KEY CASE: narrowest span in the set (11 ft) but the WIDEST truss spacing (14 ft) — so spacing does NOT scale with span. Stout principals (11x10.5) and the deepest common rafters in the set (8x4) span the wide bay. Cites Brandon's own 'Analysis of Gothick Architecture', Section I Decorated, plate 33.
timber_roof	(north aisle roof, leaf 186)	(unstated)	Curved Braces scantling	7.5 in x 6.75 in	in	0.191	scantling max face (in)	Brandon 1849	VERIFIED	KEY CASE: narrowest span in the set (11 ft) but the WIDEST truss spacing (14 ft) — so spacing does NOT scale with span. Stout principals (11x10.5) and the deepest common rafters in the set (8x4) span the wide bay. Cites Brandon's own 'Analysis of Gothick Architecture', Section I Decorated, plate 33.
timber_roof	(north aisle roof, leaf 186)	(unstated)	roof span	11 0.5	ft in	3.366	ft in pair	Brandon 1849	VERIFIED	KEY CASE: narrowest span in the set (11 ft) but the WIDEST truss spacing (14 ft) — so spacing does NOT scale with span. Stout principals (11x10.5) and the deepest common rafters in the set (8x4) span the wide bay. Cites Brandon's own 'Analysis of Gothick Architecture', Section I Decorated, plate 33.
timber_roof	(north aisle roof, leaf 186)	(unstated)	truss spacing	14 0	ft in	4.267	ft in pair	Brandon 1849	VERIFIED	KEY CASE: narrowest span in the set (11 ft) but the WIDEST truss spacing (14 ft) — so spacing does NOT scale with span. Stout principals (11x10.5) and the deepest common rafters in the set (8x4) span the wide bay. Cites Brandon's own 'Analysis of Gothick Architecture', Section I Decorated, plate 33.
timber_roof	(north aisle roof, leaf 186)	(unstated)	Purlin scantling	11 in x 10 in	in	0.279	scantling max face (in)	Brandon 1849	VERIFIED	KEY CASE: narrowest span in the set (11 ft) but the WIDEST truss spacing (14 ft) — so spacing does NOT scale with span. Stout principals (11x10.5) and the deepest common rafters in the set (8x4) span the wide bay. Cites Brandon's own 'Analysis of Gothick Architecture', Section I Decorated, plate 33.
timber_roof	Bramford Church (south aisle)	Suffolk	roof span	11 5	ft in	3.480	ft in pair	Brandon 1849	VERIFIED	Second aisle case: narrow span, very wide truss spacing. Description notes carved figures of angels 'the heads of which have been sawn off' — iconoclast damage, useful for a weathering/defacement pass.
timber_roof	Bramford Church (south aisle)	Suffolk	truss spacing	13 9	ft in	4.191	ft in pair	Brandon 1849	VERIFIED	Second aisle case: narrow span, very wide truss spacing. Description notes carved figures of angels 'the heads of which have been sawn off' — iconoclast damage, useful for a weathering/defacement pass.
timber_roof	Bramford Church (south aisle)	Suffolk	Principal Rafters scantling	11.5 in x 10 in	in	0.292	scantling max face (in)	Brandon 1849	VERIFIED	Second aisle case: narrow span, very wide truss spacing. Description notes carved figures of angels 'the heads of which have been sawn off' — iconoclast damage, useful for a weathering/defacement pass.
timber_roof	Bramford Church (south aisle)	Suffolk	roof span	11 5	ft in	3.480	ft in pair	Brandon 1849	VERIFIED	Second aisle case: narrow span, very wide truss spacing. Description notes carved figures of angels 'the heads of which have been sawn off' — iconoclast damage, useful for a weathering/defacement pass.
timber_roof	Bramford Church (south aisle)	Suffolk	truss spacing	13 9	ft in	4.191	ft in pair	Brandon 1849	VERIFIED	Second aisle case: narrow span, very wide truss spacing. Description notes carved figures of angels 'the heads of which have been sawn off' — iconoclast damage, useful for a weathering/defacement pass.
timber_roof	Bramford Church (south aisle)	Suffolk	Common Rafters scantling	7 in x 3 in	in	0.178	scantling max face (in)	Brandon 1849	VERIFIED	Second aisle case: narrow span, very wide truss spacing. Description notes carved figures of angels 'the heads of which have been sawn off' — iconoclast damage, useful for a weathering/defacement pass.
timber_roof	Bramford Church (south aisle)	Suffolk	roof span	11 5	ft in	3.480	ft in pair	Brandon 1849	VERIFIED	Second aisle case: narrow span, very wide truss spacing. Description notes carved figures of angels 'the heads of which have been sawn off' — iconoclast damage, useful for a weathering/defacement pass.
timber_roof	Bramford Church (south aisle)	Suffolk	truss spacing	13 9	ft in	4.191	ft in pair	Brandon 1849	VERIFIED	Second aisle case: narrow span, very wide truss spacing. Description notes carved figures of angels 'the heads of which have been sawn off' — iconoclast damage, useful for a weathering/defacement pass.
timber_roof	Bramford Church (south aisle)	Suffolk	Wall-piece scantling	11.5 in x 8.5 in	in	0.292	scantling max face (in)	Brandon 1849	VERIFIED	Second aisle case: narrow span, very wide truss spacing. Description notes carved figures of angels 'the heads of which have been sawn off' — iconoclast damage, useful for a weathering/defacement pass.
timber_roof	Bramford Church (south aisle)	Suffolk	roof span	11 5	ft in	3.480	ft in pair	Brandon 1849	VERIFIED	Second aisle case: narrow span, very wide truss spacing. Description notes carved figures of angels 'the heads of which have been sawn off' — iconoclast damage, useful for a weathering/defacement pass.
timber_roof	Bramford Church (south aisle)	Suffolk	truss spacing	13 9	ft in	4.191	ft in pair	Brandon 1849	VERIFIED	Second aisle case: narrow span, very wide truss spacing. Description notes carved figures of angels 'the heads of which have been sawn off' — iconoclast damage, useful for a weathering/defacement pass.
timber_roof	Bramford Church (south aisle)	Suffolk	Purlin scantling	11.5 in x 7 in	in	0.292	scantling max face (in)	Brandon 1849	VERIFIED	Second aisle case: narrow span, very wide truss spacing. Description notes carved figures of angels 'the heads of which have been sawn off' — iconoclast damage, useful for a weathering/defacement pass.
timber_roof	(south aisle roof, leaf 182)	(unstated)	roof span	11 10.5	ft in	3.620	ft in pair	Brandon 1849	VERIFIED	Third aisle case. Same page notes the chancel is nearly 20 ft wide. Spacing row printed 'centre to centre of principal Truss'.
timber_roof	(south aisle roof, leaf 182)	(unstated)	truss spacing	9 7	ft in	2.921	ft in pair	Brandon 1849	VERIFIED	Third aisle case. Same page notes the chancel is nearly 20 ft wide. Spacing row printed 'centre to centre of principal Truss'.
timber_roof	(south aisle roof, leaf 182)	(unstated)	Principal Rafters scantling	12 in x 10.5 in	in	0.305	scantling max face (in)	Brandon 1849	VERIFIED	Third aisle case. Same page notes the chancel is nearly 20 ft wide. Spacing row printed 'centre to centre of principal Truss'.
timber_roof	(south aisle roof, leaf 182)	(unstated)	roof span	11 10.5	ft in	3.620	ft in pair	Brandon 1849	VERIFIED	Third aisle case. Same page notes the chancel is nearly 20 ft wide. Spacing row printed 'centre to centre of principal Truss'.
timber_roof	(south aisle roof, leaf 182)	(unstated)	truss spacing	9 7	ft in	2.921	ft in pair	Brandon 1849	VERIFIED	Third aisle case. Same page notes the chancel is nearly 20 ft wide. Spacing row printed 'centre to centre of principal Truss'.
timber_roof	(south aisle roof, leaf 182)	(unstated)	Common Rafters scantling	6 in x 4.5 in	in	0.152	scantling max face (in)	Brandon 1849	VERIFIED	Third aisle case. Same page notes the chancel is nearly 20 ft wide. Spacing row printed 'centre to centre of principal Truss'.
timber_roof	(south aisle roof, leaf 182)	(unstated)	roof span	11 10.5	ft in	3.620	ft in pair	Brandon 1849	VERIFIED	Third aisle case. Same page notes the chancel is nearly 20 ft wide. Spacing row printed 'centre to centre of principal Truss'.
timber_roof	(south aisle roof, leaf 182)	(unstated)	truss spacing	9 7	ft in	2.921	ft in pair	Brandon 1849	VERIFIED	Third aisle case. Same page notes the chancel is nearly 20 ft wide. Spacing row printed 'centre to centre of principal Truss'.
timber_roof	(south aisle roof, leaf 182)	(unstated)	Purlin scantling	8 in x 6 in	in	0.203	scantling max face (in)	Brandon 1849	VERIFIED	Third aisle case. Same page notes the chancel is nearly 20 ft wide. Spacing row printed 'centre to centre of principal Truss'.
timber_roof	(south aisle roof, leaf 182)	(unstated)	roof span	11 10.5	ft in	3.620	ft in pair	Brandon 1849	VERIFIED	Third aisle case. Same page notes the chancel is nearly 20 ft wide. Spacing row printed 'centre to centre of principal Truss'.
timber_roof	(south aisle roof, leaf 182)	(unstated)	truss spacing	9 7	ft in	2.921	ft in pair	Brandon 1849	VERIFIED	Third aisle case. Same page notes the chancel is nearly 20 ft wide. Spacing row printed 'centre to centre of principal Truss'.
timber_roof	(south aisle roof, leaf 182)	(unstated)	Wall-piece scantling	7.5 in x 5.5 in	in	0.191	scantling max face (in)	Brandon 1849	VERIFIED	Third aisle case. Same page notes the chancel is nearly 20 ft wide. Spacing row printed 'centre to centre of principal Truss'.
