ia_id	source	building	place	period	element	value	unit	value_m	leaf	printed_page	evidence	verified_full_res	quote
evolutionenglis00addygoog	Addy, The Evolution of the English House (1898)	Kensworth manor house — hall	Kensworth, Bedfordshire (hist. Hertfordshire)	XIIc	internal length	35 ft	ft	10.668	n164	130	documentary-survey	yes	consisted of a hall 35 feet long, 30 feet broad, and 22 feet high, viz., 11 feet to the tie-beams, and 11 feet from the tie-beams to the ridge-tree. ... The "house" was 12 feet long and 17 feet broad; it was 17 feet high, viz, 10 feet to the tie-beams, and 7 feet from the tie-beams to the ridge-tree. The bower was 22 feet long and 16 broad; it was 18 feet high, viz., 9 feet to the tie-beams, and 9 feet from the tie-beams to the ridge-tree. [Latin: Halla hujus manerii habet xxxv. pedes in longitud', xxx. ped' in latitud', et xxii. in altit', xi. sub trabibus. et xi. desuper. Domus, que est inter hallam et talamum, habet xii. pedes in longitud', xvii. in latit' et xvii. in altitudine, x. sub trabibus et vii. de'super. Thalamus habet xxii. pedes in longit', xvi. in latitud', xviii. in altitud', ix. sub trabibus et ix. desuper. — Domesday of St. Paul's, p. 129]
evolutionenglis00addygoog	Addy, The Evolution of the English House (1898)	Kensworth manor house — hall	Kensworth, Bedfordshire (hist. Hertfordshire)	XIIc	internal breadth	30 ft	ft	9.144	n164	130	documentary-survey	yes	consisted of a hall 35 feet long, 30 feet broad, and 22 feet high, viz., 11 feet to the tie-beams, and 11 feet from the tie-beams to the ridge-tree. ... The "house" was 12 feet long and 17 feet broad; it was 17 feet high, viz, 10 feet to the tie-beams, and 7 feet from the tie-beams to the ridge-tree. The bower was 22 feet long and 16 broad; it was 18 feet high, viz., 9 feet to the tie-beams, and 9 feet from the tie-beams to the ridge-tree. [Latin: Halla hujus manerii habet xxxv. pedes in longitud', xxx. ped' in latitud', et xxii. in altit', xi. sub trabibus. et xi. desuper. Domus, que est inter hallam et talamum, habet xii. pedes in longitud', xvii. in latit' et xvii. in altitudine, x. sub trabibus et vii. de'super. Thalamus habet xxii. pedes in longit', xvi. in latitud', xviii. in altitud', ix. sub trabibus et ix. desuper. — Domesday of St. Paul's, p. 129]
evolutionenglis00addygoog	Addy, The Evolution of the English House (1898)	Kensworth manor house — hall	Kensworth, Bedfordshire (hist. Hertfordshire)	XIIc	height, floor to ridge-tree	22 ft	ft	6.706	n164	130	documentary-survey	yes	consisted of a hall 35 feet long, 30 feet broad, and 22 feet high, viz., 11 feet to the tie-beams, and 11 feet from the tie-beams to the ridge-tree. ... The "house" was 12 feet long and 17 feet broad; it was 17 feet high, viz, 10 feet to the tie-beams, and 7 feet from the tie-beams to the ridge-tree. The bower was 22 feet long and 16 broad; it was 18 feet high, viz., 9 feet to the tie-beams, and 9 feet from the tie-beams to the ridge-tree. [Latin: Halla hujus manerii habet xxxv. pedes in longitud', xxx. ped' in latitud', et xxii. in altit', xi. sub trabibus. et xi. desuper. Domus, que est inter hallam et talamum, habet xii. pedes in longitud', xvii. in latit' et xvii. in altitudine, x. sub trabibus et vii. de'super. Thalamus habet xxii. pedes in longit', xvi. in latitud', xviii. in altitud', ix. sub trabibus et ix. desuper. — Domesday of St. Paul's, p. 129]
evolutionenglis00addygoog	Addy, The Evolution of the English House (1898)	Kensworth manor house — hall	Kensworth, Bedfordshire (hist. Hertfordshire)	XIIc	height, floor to tie-beams	11 ft	ft	3.353	n164	130	documentary-survey	yes	consisted of a hall 35 feet long, 30 feet broad, and 22 feet high, viz., 11 feet to the tie-beams, and 11 feet from the tie-beams to the ridge-tree. ... The "house" was 12 feet long and 17 feet broad; it was 17 feet high, viz, 10 feet to the tie-beams, and 7 feet from the tie-beams to the ridge-tree. The bower was 22 feet long and 16 broad; it was 18 feet high, viz., 9 feet to the tie-beams, and 9 feet from the tie-beams to the ridge-tree. [Latin: Halla hujus manerii habet xxxv. pedes in longitud', xxx. ped' in latitud', et xxii. in altit', xi. sub trabibus. et xi. desuper. Domus, que est inter hallam et talamum, habet xii. pedes in longitud', xvii. in latit' et xvii. in altitudine, x. sub trabibus et vii. de'super. Thalamus habet xxii. pedes in longit', xvi. in latitud', xviii. in altitud', ix. sub trabibus et ix. desuper. — Domesday of St. Paul's, p. 129]
evolutionenglis00addygoog	Addy, The Evolution of the English House (1898)	Kensworth manor house — hall	Kensworth, Bedfordshire (hist. Hertfordshire)	XIIc	height, tie-beams to ridge-tree	11 ft	ft	3.353	n164	130	documentary-survey	yes	consisted of a hall 35 feet long, 30 feet broad, and 22 feet high, viz., 11 feet to the tie-beams, and 11 feet from the tie-beams to the ridge-tree. ... The "house" was 12 feet long and 17 feet broad; it was 17 feet high, viz, 10 feet to the tie-beams, and 7 feet from the tie-beams to the ridge-tree. The bower was 22 feet long and 16 broad; it was 18 feet high, viz., 9 feet to the tie-beams, and 9 feet from the tie-beams to the ridge-tree. [Latin: Halla hujus manerii habet xxxv. pedes in longitud', xxx. ped' in latitud', et xxii. in altit', xi. sub trabibus. et xi. desuper. Domus, que est inter hallam et talamum, habet xii. pedes in longitud', xvii. in latit' et xvii. in altitudine, x. sub trabibus et vii. de'super. Thalamus habet xxii. pedes in longit', xvi. in latitud', xviii. in altitud', ix. sub trabibus et ix. desuper. — Domesday of St. Paul's, p. 129]
evolutionenglis00addygoog	Addy, The Evolution of the English House (1898)	Kensworth manor house — "house" (domus, the entry between hall and bower)	Kensworth, Bedfordshire (hist. Hertfordshire)	XIIc	internal length	12 ft	ft	3.658	n164	130	documentary-survey	yes	consisted of a hall 35 feet long, 30 feet broad, and 22 feet high, viz., 11 feet to the tie-beams, and 11 feet from the tie-beams to the ridge-tree. ... The "house" was 12 feet long and 17 feet broad; it was 17 feet high, viz, 10 feet to the tie-beams, and 7 feet from the tie-beams to the ridge-tree. The bower was 22 feet long and 16 broad; it was 18 feet high, viz., 9 feet to the tie-beams, and 9 feet from the tie-beams to the ridge-tree. [Latin: Halla hujus manerii habet xxxv. pedes in longitud', xxx. ped' in latitud', et xxii. in altit', xi. sub trabibus. et xi. desuper. Domus, que est inter hallam et talamum, habet xii. pedes in longitud', xvii. in latit' et xvii. in altitudine, x. sub trabibus et vii. de'super. Thalamus habet xxii. pedes in longit', xvi. in latitud', xviii. in altitud', ix. sub trabibus et ix. desuper. — Domesday of St. Paul's, p. 129]
evolutionenglis00addygoog	Addy, The Evolution of the English House (1898)	Kensworth manor house — "house" (domus, the entry between hall and bower)	Kensworth, Bedfordshire (hist. Hertfordshire)	XIIc	internal breadth	17 ft	ft	5.182	n164	130	documentary-survey	yes	consisted of a hall 35 feet long, 30 feet broad, and 22 feet high, viz., 11 feet to the tie-beams, and 11 feet from the tie-beams to the ridge-tree. ... The "house" was 12 feet long and 17 feet broad; it was 17 feet high, viz, 10 feet to the tie-beams, and 7 feet from the tie-beams to the ridge-tree. The bower was 22 feet long and 16 broad; it was 18 feet high, viz., 9 feet to the tie-beams, and 9 feet from the tie-beams to the ridge-tree. [Latin: Halla hujus manerii habet xxxv. pedes in longitud', xxx. ped' in latitud', et xxii. in altit', xi. sub trabibus. et xi. desuper. Domus, que est inter hallam et talamum, habet xii. pedes in longitud', xvii. in latit' et xvii. in altitudine, x. sub trabibus et vii. de'super. Thalamus habet xxii. pedes in longit', xvi. in latitud', xviii. in altitud', ix. sub trabibus et ix. desuper. — Domesday of St. Paul's, p. 129]
evolutionenglis00addygoog	Addy, The Evolution of the English House (1898)	Kensworth manor house — "house" (domus, the entry between hall and bower)	Kensworth, Bedfordshire (hist. Hertfordshire)	XIIc	height, floor to ridge-tree	17 ft	ft	5.182	n164	130	documentary-survey	yes	consisted of a hall 35 feet long, 30 feet broad, and 22 feet high, viz., 11 feet to the tie-beams, and 11 feet from the tie-beams to the ridge-tree. ... The "house" was 12 feet long and 17 feet broad; it was 17 feet high, viz, 10 feet to the tie-beams, and 7 feet from the tie-beams to the ridge-tree. The bower was 22 feet long and 16 broad; it was 18 feet high, viz., 9 feet to the tie-beams, and 9 feet from the tie-beams to the ridge-tree. [Latin: Halla hujus manerii habet xxxv. pedes in longitud', xxx. ped' in latitud', et xxii. in altit', xi. sub trabibus. et xi. desuper. Domus, que est inter hallam et talamum, habet xii. pedes in longitud', xvii. in latit' et xvii. in altitudine, x. sub trabibus et vii. de'super. Thalamus habet xxii. pedes in longit', xvi. in latitud', xviii. in altitud', ix. sub trabibus et ix. desuper. — Domesday of St. Paul's, p. 129]
evolutionenglis00addygoog	Addy, The Evolution of the English House (1898)	Kensworth manor house — "house" (domus, the entry between hall and bower)	Kensworth, Bedfordshire (hist. Hertfordshire)	XIIc	height, floor to tie-beams	10 ft	ft	3.048	n164	130	documentary-survey	yes	consisted of a hall 35 feet long, 30 feet broad, and 22 feet high, viz., 11 feet to the tie-beams, and 11 feet from the tie-beams to the ridge-tree. ... The "house" was 12 feet long and 17 feet broad; it was 17 feet high, viz, 10 feet to the tie-beams, and 7 feet from the tie-beams to the ridge-tree. The bower was 22 feet long and 16 broad; it was 18 feet high, viz., 9 feet to the tie-beams, and 9 feet from the tie-beams to the ridge-tree. [Latin: Halla hujus manerii habet xxxv. pedes in longitud', xxx. ped' in latitud', et xxii. in altit', xi. sub trabibus. et xi. desuper. Domus, que est inter hallam et talamum, habet xii. pedes in longitud', xvii. in latit' et xvii. in altitudine, x. sub trabibus et vii. de'super. Thalamus habet xxii. pedes in longit', xvi. in latitud', xviii. in altitud', ix. sub trabibus et ix. desuper. — Domesday of St. Paul's, p. 129]
evolutionenglis00addygoog	Addy, The Evolution of the English House (1898)	Kensworth manor house — "house" (domus, the entry between hall and bower)	Kensworth, Bedfordshire (hist. Hertfordshire)	XIIc	height, tie-beams to ridge-tree	7 ft	ft	2.134	n164	130	documentary-survey	yes	consisted of a hall 35 feet long, 30 feet broad, and 22 feet high, viz., 11 feet to the tie-beams, and 11 feet from the tie-beams to the ridge-tree. ... The "house" was 12 feet long and 17 feet broad; it was 17 feet high, viz, 10 feet to the tie-beams, and 7 feet from the tie-beams to the ridge-tree. The bower was 22 feet long and 16 broad; it was 18 feet high, viz., 9 feet to the tie-beams, and 9 feet from the tie-beams to the ridge-tree. [Latin: Halla hujus manerii habet xxxv. pedes in longitud', xxx. ped' in latitud', et xxii. in altit', xi. sub trabibus. et xi. desuper. Domus, que est inter hallam et talamum, habet xii. pedes in longitud', xvii. in latit' et xvii. in altitudine, x. sub trabibus et vii. de'super. Thalamus habet xxii. pedes in longit', xvi. in latitud', xviii. in altitud', ix. sub trabibus et ix. desuper. — Domesday of St. Paul's, p. 129]
evolutionenglis00addygoog	Addy, The Evolution of the English House (1898)	Kensworth manor house — bower (thalamus, women's apartment)	Kensworth, Bedfordshire (hist. Hertfordshire)	XIIc	internal length	22 ft	ft	6.706	n164	130	documentary-survey	yes	consisted of a hall 35 feet long, 30 feet broad, and 22 feet high, viz., 11 feet to the tie-beams, and 11 feet from the tie-beams to the ridge-tree. ... The "house" was 12 feet long and 17 feet broad; it was 17 feet high, viz, 10 feet to the tie-beams, and 7 feet from the tie-beams to the ridge-tree. The bower was 22 feet long and 16 broad; it was 18 feet high, viz., 9 feet to the tie-beams, and 9 feet from the tie-beams to the ridge-tree. [Latin: Halla hujus manerii habet xxxv. pedes in longitud', xxx. ped' in latitud', et xxii. in altit', xi. sub trabibus. et xi. desuper. Domus, que est inter hallam et talamum, habet xii. pedes in longitud', xvii. in latit' et xvii. in altitudine, x. sub trabibus et vii. de'super. Thalamus habet xxii. pedes in longit', xvi. in latitud', xviii. in altitud', ix. sub trabibus et ix. desuper. — Domesday of St. Paul's, p. 129]
evolutionenglis00addygoog	Addy, The Evolution of the English House (1898)	Kensworth manor house — bower (thalamus, women's apartment)	Kensworth, Bedfordshire (hist. Hertfordshire)	XIIc	internal breadth	16 ft	ft	4.877	n164	130	documentary-survey	yes	consisted of a hall 35 feet long, 30 feet broad, and 22 feet high, viz., 11 feet to the tie-beams, and 11 feet from the tie-beams to the ridge-tree. ... The "house" was 12 feet long and 17 feet broad; it was 17 feet high, viz, 10 feet to the tie-beams, and 7 feet from the tie-beams to the ridge-tree. The bower was 22 feet long and 16 broad; it was 18 feet high, viz., 9 feet to the tie-beams, and 9 feet from the tie-beams to the ridge-tree. [Latin: Halla hujus manerii habet xxxv. pedes in longitud', xxx. ped' in latitud', et xxii. in altit', xi. sub trabibus. et xi. desuper. Domus, que est inter hallam et talamum, habet xii. pedes in longitud', xvii. in latit' et xvii. in altitudine, x. sub trabibus et vii. de'super. Thalamus habet xxii. pedes in longit', xvi. in latitud', xviii. in altitud', ix. sub trabibus et ix. desuper. — Domesday of St. Paul's, p. 129]
evolutionenglis00addygoog	Addy, The Evolution of the English House (1898)	Kensworth manor house — bower (thalamus, women's apartment)	Kensworth, Bedfordshire (hist. Hertfordshire)	XIIc	height, floor to ridge-tree	18 ft	ft	5.486	n164	130	documentary-survey	yes	consisted of a hall 35 feet long, 30 feet broad, and 22 feet high, viz., 11 feet to the tie-beams, and 11 feet from the tie-beams to the ridge-tree. ... The "house" was 12 feet long and 17 feet broad; it was 17 feet high, viz, 10 feet to the tie-beams, and 7 feet from the tie-beams to the ridge-tree. The bower was 22 feet long and 16 broad; it was 18 feet high, viz., 9 feet to the tie-beams, and 9 feet from the tie-beams to the ridge-tree. [Latin: Halla hujus manerii habet xxxv. pedes in longitud', xxx. ped' in latitud', et xxii. in altit', xi. sub trabibus. et xi. desuper. Domus, que est inter hallam et talamum, habet xii. pedes in longitud', xvii. in latit' et xvii. in altitudine, x. sub trabibus et vii. de'super. Thalamus habet xxii. pedes in longit', xvi. in latitud', xviii. in altitud', ix. sub trabibus et ix. desuper. — Domesday of St. Paul's, p. 129]
evolutionenglis00addygoog	Addy, The Evolution of the English House (1898)	Kensworth manor house — bower (thalamus, women's apartment)	Kensworth, Bedfordshire (hist. Hertfordshire)	XIIc	height, floor to tie-beams	9 ft	ft	2.743	n164	130	documentary-survey	yes	consisted of a hall 35 feet long, 30 feet broad, and 22 feet high, viz., 11 feet to the tie-beams, and 11 feet from the tie-beams to the ridge-tree. ... The "house" was 12 feet long and 17 feet broad; it was 17 feet high, viz, 10 feet to the tie-beams, and 7 feet from the tie-beams to the ridge-tree. The bower was 22 feet long and 16 broad; it was 18 feet high, viz., 9 feet to the tie-beams, and 9 feet from the tie-beams to the ridge-tree. [Latin: Halla hujus manerii habet xxxv. pedes in longitud', xxx. ped' in latitud', et xxii. in altit', xi. sub trabibus. et xi. desuper. Domus, que est inter hallam et talamum, habet xii. pedes in longitud', xvii. in latit' et xvii. in altitudine, x. sub trabibus et vii. de'super. Thalamus habet xxii. pedes in longit', xvi. in latitud', xviii. in altitud', ix. sub trabibus et ix. desuper. — Domesday of St. Paul's, p. 129]
evolutionenglis00addygoog	Addy, The Evolution of the English House (1898)	Kensworth manor house — bower (thalamus, women's apartment)	Kensworth, Bedfordshire (hist. Hertfordshire)	XIIc	height, tie-beams to ridge-tree	9 ft	ft	2.743	n164	130	documentary-survey	yes	consisted of a hall 35 feet long, 30 feet broad, and 22 feet high, viz., 11 feet to the tie-beams, and 11 feet from the tie-beams to the ridge-tree. ... The "house" was 12 feet long and 17 feet broad; it was 17 feet high, viz, 10 feet to the tie-beams, and 7 feet from the tie-beams to the ridge-tree. The bower was 22 feet long and 16 broad; it was 18 feet high, viz., 9 feet to the tie-beams, and 9 feet from the tie-beams to the ridge-tree. [Latin: Halla hujus manerii habet xxxv. pedes in longitud', xxx. ped' in latitud', et xxii. in altit', xi. sub trabibus. et xi. desuper. Domus, que est inter hallam et talamum, habet xii. pedes in longitud', xvii. in latit' et xvii. in altitudine, x. sub trabibus et vii. de'super. Thalamus habet xxii. pedes in longit', xvi. in latitud', xviii. in altitud', ix. sub trabibus et ix. desuper. — Domesday of St. Paul's, p. 129]
evolutionenglis00addygoog	Addy, The Evolution of the English House (1898)	Kensworth manor house — ox-house	Kensworth, Bedfordshire (hist. Hertfordshire)	XIIc	internal length	33 ft	ft	10.058	n164	130	documentary-survey	yes	Besides these rooms there was an ox-house 33 feet long, 12 feet broad, and 13 feet high.
evolutionenglis00addygoog	Addy, The Evolution of the English House (1898)	Kensworth manor house — ox-house	Kensworth, Bedfordshire (hist. Hertfordshire)	XIIc	internal breadth	12 ft	ft	3.658	n164	130	documentary-survey	yes	Besides these rooms there was an ox-house 33 feet long, 12 feet broad, and 13 feet high.
evolutionenglis00addygoog	Addy, The Evolution of the English House (1898)	Kensworth manor house — ox-house	Kensworth, Bedfordshire (hist. Hertfordshire)	XIIc	height	13 ft	ft	3.962	n164	130	documentary-survey	yes	Besides these rooms there was an ox-house 33 feet long, 12 feet broad, and 13 feet high.
evolutionenglis00addygoog	Addy, The Evolution of the English House (1898)	Kensworth manor house — sheep-cote	Kensworth, Bedfordshire (hist. Hertfordshire)	XIIc	internal length	39 ft	ft	11.887	n165	131	documentary-survey	no	also a sheep-cote, 39 feet long, 12 feet broad, and 22 feet high, with a lamb-cote, 24 feet long, 12 feet broad, and 12 feet high.
evolutionenglis00addygoog	Addy, The Evolution of the English House (1898)	Kensworth manor house — sheep-cote	Kensworth, Bedfordshire (hist. Hertfordshire)	XIIc	internal breadth	12 ft	ft	3.658	n165	131	documentary-survey	no	also a sheep-cote, 39 feet long, 12 feet broad, and 22 feet high, with a lamb-cote, 24 feet long, 12 feet broad, and 12 feet high.
evolutionenglis00addygoog	Addy, The Evolution of the English House (1898)	Kensworth manor house — sheep-cote	Kensworth, Bedfordshire (hist. Hertfordshire)	XIIc	height	22 ft	ft	6.706	n165	131	documentary-survey	no	also a sheep-cote, 39 feet long, 12 feet broad, and 22 feet high, with a lamb-cote, 24 feet long, 12 feet broad, and 12 feet high.
evolutionenglis00addygoog	Addy, The Evolution of the English House (1898)	Kensworth manor house — lamb-cote	Kensworth, Bedfordshire (hist. Hertfordshire)	XIIc	internal length	24 ft	ft	7.315	n165	131	documentary-survey	no	also a sheep-cote, 39 feet long, 12 feet broad, and 22 feet high, with a lamb-cote, 24 feet long, 12 feet broad, and 12 feet high.
evolutionenglis00addygoog	Addy, The Evolution of the English House (1898)	Kensworth manor house — lamb-cote	Kensworth, Bedfordshire (hist. Hertfordshire)	XIIc	internal breadth	12 ft	ft	3.658	n165	131	documentary-survey	no	also a sheep-cote, 39 feet long, 12 feet broad, and 22 feet high, with a lamb-cote, 24 feet long, 12 feet broad, and 12 feet high.
evolutionenglis00addygoog	Addy, The Evolution of the English House (1898)	Kensworth manor house — lamb-cote	Kensworth, Bedfordshire (hist. Hertfordshire)	XIIc	height	12 ft	ft	3.658	n165	131	documentary-survey	no	also a sheep-cote, 39 feet long, 12 feet broad, and 22 feet high, with a lamb-cote, 24 feet long, 12 feet broad, and 12 feet high.
evolutionenglis00addygoog	Addy, The Evolution of the English House (1898)	Walton manor house — great barn	Walton (manor of St Paul's)	XIIc	internal length	168 ft	ft (= 10 1/2 perches of 16 ft)	51.206	n166	132	documentary-survey	yes	the great barn of the manor house at Walton was 168 feet long, 53 feet wide, and 33 1/2 feet high, viz., 21 1/2 feet to the tie-beams, and 12 feet from them to the ridge-tree. [Latin: Magnum orreum Walentonie habet x. perticas et dimid' in longitudine (et pertica est de xvi. pedibus) et in latitudine iii. perticas et v. pedes, et in altitudine sub trabe xxi. ped' et dimid', et desursum trabe xii. ped'. — Domesday of St. Paul's, p. 130]
evolutionenglis00addygoog	Addy, The Evolution of the English House (1898)	Walton manor house — great barn	Walton (manor of St Paul's)	XIIc	internal breadth	53 ft	ft (= 3 perches + 5 ft)	16.154	n166	132	documentary-survey	yes	the great barn of the manor house at Walton was 168 feet long, 53 feet wide, and 33 1/2 feet high, viz., 21 1/2 feet to the tie-beams, and 12 feet from them to the ridge-tree. [Latin: Magnum orreum Walentonie habet x. perticas et dimid' in longitudine (et pertica est de xvi. pedibus) et in latitudine iii. perticas et v. pedes, et in altitudine sub trabe xxi. ped' et dimid', et desursum trabe xii. ped'. — Domesday of St. Paul's, p. 130]
evolutionenglis00addygoog	Addy, The Evolution of the English House (1898)	Walton manor house — great barn	Walton (manor of St Paul's)	XIIc	height, floor to ridge-tree	33 ft 6 in	ft in	10.211	n166	132	documentary-survey	yes	the great barn of the manor house at Walton was 168 feet long, 53 feet wide, and 33 1/2 feet high, viz., 21 1/2 feet to the tie-beams, and 12 feet from them to the ridge-tree. [Latin: Magnum orreum Walentonie habet x. perticas et dimid' in longitudine (et pertica est de xvi. pedibus) et in latitudine iii. perticas et v. pedes, et in altitudine sub trabe xxi. ped' et dimid', et desursum trabe xii. ped'. — Domesday of St. Paul's, p. 130]
evolutionenglis00addygoog	Addy, The Evolution of the English House (1898)	Walton manor house — great barn	Walton (manor of St Paul's)	XIIc	height, floor to tie-beams	21 ft 6 in	ft in	6.553	n166	132	documentary-survey	yes	the great barn of the manor house at Walton was 168 feet long, 53 feet wide, and 33 1/2 feet high, viz., 21 1/2 feet to the tie-beams, and 12 feet from them to the ridge-tree. [Latin: Magnum orreum Walentonie habet x. perticas et dimid' in longitudine (et pertica est de xvi. pedibus) et in latitudine iii. perticas et v. pedes, et in altitudine sub trabe xxi. ped' et dimid', et desursum trabe xii. ped'. — Domesday of St. Paul's, p. 130]
evolutionenglis00addygoog	Addy, The Evolution of the English House (1898)	Walton manor house — great barn	Walton (manor of St Paul's)	XIIc	height, tie-beams to ridge-tree	12 ft	ft	3.658	n166	132	documentary-survey	yes	the great barn of the manor house at Walton was 168 feet long, 53 feet wide, and 33 1/2 feet high, viz., 21 1/2 feet to the tie-beams, and 12 feet from them to the ridge-tree. [Latin: Magnum orreum Walentonie habet x. perticas et dimid' in longitudine (et pertica est de xvi. pedibus) et in latitudine iii. perticas et v. pedes, et in altitudine sub trabe xxi. ped' et dimid', et desursum trabe xii. ped'. — Domesday of St. Paul's, p. 130]
evolutionenglis00addygoog	Addy, The Evolution of the English House (1898)	Gunthwaite Hall barn — aisled timber barn (nave + two aisles)	Gunthwaite, near Penistone, South Yorkshire	medieval, extant	internal length	165 ft	ft	50.292	n166	132	measured	yes	A large barn with a nave and two aisles adjoining Gunthwaite Hall, near Penistone, still remains. It is 165 feet long, 43 feet broad, and 30 feet high, viz., 15 feet to the tie-beams, and 15 feet from them to the ridge-tree. It consists of 11 bays of 15 feet each in length. It has two rows of wooden pillars, each measuring 14 inches by 9, and standing on stone pedestals. The length of the tie-beams from one pillar to another is 23 feet. The roof is in a single span extending across the whole breadth. The building is of timber framework filled up with stonework to the height of 8 ft 9 in. There are six barn doors.
evolutionenglis00addygoog	Addy, The Evolution of the English House (1898)	Gunthwaite Hall barn — aisled timber barn (nave + two aisles)	Gunthwaite, near Penistone, South Yorkshire	medieval, extant	internal breadth	43 ft	ft	13.106	n166	132	measured	yes	A large barn with a nave and two aisles adjoining Gunthwaite Hall, near Penistone, still remains. It is 165 feet long, 43 feet broad, and 30 feet high, viz., 15 feet to the tie-beams, and 15 feet from them to the ridge-tree. It consists of 11 bays of 15 feet each in length. It has two rows of wooden pillars, each measuring 14 inches by 9, and standing on stone pedestals. The length of the tie-beams from one pillar to another is 23 feet. The roof is in a single span extending across the whole breadth. The building is of timber framework filled up with stonework to the height of 8 ft 9 in. There are six barn doors.
evolutionenglis00addygoog	Addy, The Evolution of the English House (1898)	Gunthwaite Hall barn — aisled timber barn (nave + two aisles)	Gunthwaite, near Penistone, South Yorkshire	medieval, extant	height, floor to ridge-tree	30 ft	ft	9.144	n166	132	measured	yes	A large barn with a nave and two aisles adjoining Gunthwaite Hall, near Penistone, still remains. It is 165 feet long, 43 feet broad, and 30 feet high, viz., 15 feet to the tie-beams, and 15 feet from them to the ridge-tree. It consists of 11 bays of 15 feet each in length. It has two rows of wooden pillars, each measuring 14 inches by 9, and standing on stone pedestals. The length of the tie-beams from one pillar to another is 23 feet. The roof is in a single span extending across the whole breadth. The building is of timber framework filled up with stonework to the height of 8 ft 9 in. There are six barn doors.
evolutionenglis00addygoog	Addy, The Evolution of the English House (1898)	Gunthwaite Hall barn — aisled timber barn (nave + two aisles)	Gunthwaite, near Penistone, South Yorkshire	medieval, extant	height, floor to tie-beams	15 ft	ft	4.572	n166	132	measured	yes	A large barn with a nave and two aisles adjoining Gunthwaite Hall, near Penistone, still remains. It is 165 feet long, 43 feet broad, and 30 feet high, viz., 15 feet to the tie-beams, and 15 feet from them to the ridge-tree. It consists of 11 bays of 15 feet each in length. It has two rows of wooden pillars, each measuring 14 inches by 9, and standing on stone pedestals. The length of the tie-beams from one pillar to another is 23 feet. The roof is in a single span extending across the whole breadth. The building is of timber framework filled up with stonework to the height of 8 ft 9 in. There are six barn doors.
evolutionenglis00addygoog	Addy, The Evolution of the English House (1898)	Gunthwaite Hall barn — aisled timber barn (nave + two aisles)	Gunthwaite, near Penistone, South Yorkshire	medieval, extant	height, tie-beams to ridge-tree	15 ft	ft	4.572	n166	132	measured	yes	A large barn with a nave and two aisles adjoining Gunthwaite Hall, near Penistone, still remains. It is 165 feet long, 43 feet broad, and 30 feet high, viz., 15 feet to the tie-beams, and 15 feet from them to the ridge-tree. It consists of 11 bays of 15 feet each in length. It has two rows of wooden pillars, each measuring 14 inches by 9, and standing on stone pedestals. The length of the tie-beams from one pillar to another is 23 feet. The roof is in a single span extending across the whole breadth. The building is of timber framework filled up with stonework to the height of 8 ft 9 in. There are six barn doors.
evolutionenglis00addygoog	Addy, The Evolution of the English House (1898)	Gunthwaite Hall barn — aisled timber barn (nave + two aisles)	Gunthwaite, near Penistone, South Yorkshire	medieval, extant	structural bay length	15 ft	ft	4.572	n166	132	measured	yes	A large barn with a nave and two aisles adjoining Gunthwaite Hall, near Penistone, still remains. It is 165 feet long, 43 feet broad, and 30 feet high, viz., 15 feet to the tie-beams, and 15 feet from them to the ridge-tree. It consists of 11 bays of 15 feet each in length. It has two rows of wooden pillars, each measuring 14 inches by 9, and standing on stone pedestals. The length of the tie-beams from one pillar to another is 23 feet. The roof is in a single span extending across the whole breadth. The building is of timber framework filled up with stonework to the height of 8 ft 9 in. There are six barn doors.
evolutionenglis00addygoog	Addy, The Evolution of the English House (1898)	Gunthwaite Hall barn — aisled timber barn (nave + two aisles)	Gunthwaite, near Penistone, South Yorkshire	medieval, extant	arcade pillar section, larger face	14 in	in	0.356	n166	132	measured	yes	A large barn with a nave and two aisles adjoining Gunthwaite Hall, near Penistone, still remains. It is 165 feet long, 43 feet broad, and 30 feet high, viz., 15 feet to the tie-beams, and 15 feet from them to the ridge-tree. It consists of 11 bays of 15 feet each in length. It has two rows of wooden pillars, each measuring 14 inches by 9, and standing on stone pedestals. The length of the tie-beams from one pillar to another is 23 feet. The roof is in a single span extending across the whole breadth. The building is of timber framework filled up with stonework to the height of 8 ft 9 in. There are six barn doors.
evolutionenglis00addygoog	Addy, The Evolution of the English House (1898)	Gunthwaite Hall barn — aisled timber barn (nave + two aisles)	Gunthwaite, near Penistone, South Yorkshire	medieval, extant	arcade pillar section, smaller face	9 in	in	0.229	n166	132	measured	yes	A large barn with a nave and two aisles adjoining Gunthwaite Hall, near Penistone, still remains. It is 165 feet long, 43 feet broad, and 30 feet high, viz., 15 feet to the tie-beams, and 15 feet from them to the ridge-tree. It consists of 11 bays of 15 feet each in length. It has two rows of wooden pillars, each measuring 14 inches by 9, and standing on stone pedestals. The length of the tie-beams from one pillar to another is 23 feet. The roof is in a single span extending across the whole breadth. The building is of timber framework filled up with stonework to the height of 8 ft 9 in. There are six barn doors.
evolutionenglis00addygoog	Addy, The Evolution of the English House (1898)	Gunthwaite Hall barn — aisled timber barn (nave + two aisles)	Gunthwaite, near Penistone, South Yorkshire	medieval, extant	tie-beam length, pillar to pillar (aisle-post spacing across)	23 ft	ft	7.010	n166	132	measured	yes	A large barn with a nave and two aisles adjoining Gunthwaite Hall, near Penistone, still remains. It is 165 feet long, 43 feet broad, and 30 feet high, viz., 15 feet to the tie-beams, and 15 feet from them to the ridge-tree. It consists of 11 bays of 15 feet each in length. It has two rows of wooden pillars, each measuring 14 inches by 9, and standing on stone pedestals. The length of the tie-beams from one pillar to another is 23 feet. The roof is in a single span extending across the whole breadth. The building is of timber framework filled up with stonework to the height of 8 ft 9 in. There are six barn doors.
evolutionenglis00addygoog	Addy, The Evolution of the English House (1898)	Gunthwaite Hall barn — aisled timber barn (nave + two aisles)	Gunthwaite, near Penistone, South Yorkshire	medieval, extant	stonework infill height in timber frame (plinth)	8 ft 9 in	ft in	2.667	n166	132	measured	yes	A large barn with a nave and two aisles adjoining Gunthwaite Hall, near Penistone, still remains. It is 165 feet long, 43 feet broad, and 30 feet high, viz., 15 feet to the tie-beams, and 15 feet from them to the ridge-tree. It consists of 11 bays of 15 feet each in length. It has two rows of wooden pillars, each measuring 14 inches by 9, and standing on stone pedestals. The length of the tie-beams from one pillar to another is 23 feet. The roof is in a single span extending across the whole breadth. The building is of timber framework filled up with stonework to the height of 8 ft 9 in. There are six barn doors.
evolutionenglis00addygoog	Addy, The Evolution of the English House (1898)	Cholsey barn (demolished)	Cholsey, Berkshire	medieval	internal length	303 ft	ft	92.354	n166	132	secondary	no	There was formerly a barn at Cholsey, in Berkshire, 303 feet long and 51 feet high. The pillars were four yards in circumference. — Parker's Glossary of Arch., 1850, p. 241 [FLAG: '51 feet high' is what Addy prints; the usual published figure for Cholsey is a WIDTH of about 54 ft, so this may be Parker's or Addy's slip for 'wide'. Recorded as printed, not corrected.]
evolutionenglis00addygoog	Addy, The Evolution of the English House (1898)	Cholsey barn (demolished)	Cholsey, Berkshire	medieval	height (as printed — see flag)	51 ft	ft	15.545	n166	132	secondary	no	There was formerly a barn at Cholsey, in Berkshire, 303 feet long and 51 feet high. The pillars were four yards in circumference. — Parker's Glossary of Arch., 1850, p. 241 [FLAG: '51 feet high' is what Addy prints; the usual published figure for Cholsey is a WIDTH of about 54 ft, so this may be Parker's or Addy's slip for 'wide'. Recorded as printed, not corrected.]
evolutionenglis00addygoog	Addy, The Evolution of the English House (1898)	Cholsey barn (demolished)	Cholsey, Berkshire	medieval	pillar circumference	12 ft	ft (= 4 yards)	3.658	n166	132	secondary	no	There was formerly a barn at Cholsey, in Berkshire, 303 feet long and 51 feet high. The pillars were four yards in circumference. — Parker's Glossary of Arch., 1850, p. 241 [FLAG: '51 feet high' is what Addy prints; the usual published figure for Cholsey is a WIDTH of about 54 ft, so this may be Parker's or Addy's slip for 'wide'. Recorded as printed, not corrected.]
evolutionenglis00addygoog	Addy, The Evolution of the English House (1898)	Great Hatfield mud house (single-storey cot, open hearth)	Great Hatfield, Mappleton, East Yorkshire	vernacular, extant 1898	external length	28 ft	ft	8.534	n72	38	measured	no	A good example of a mud house, not now occupied, may be seen at Great Hatfield, Mappleton, in East Yorkshire. The outside length is 28 ft, and the inside breadth 15 ft. 2 in. The height to the eaves, which project ten inches, is 6 ft. 2 in. The mud walls are 1 ft. 7 in. thick. The house has one door, 3 ft 3 in. wide, facing south... The length of the "speer" is four feet, so that it just covers the door. Its height is 6 ft. 2 in.
evolutionenglis00addygoog	Addy, The Evolution of the English House (1898)	Great Hatfield mud house (single-storey cot, open hearth)	Great Hatfield, Mappleton, East Yorkshire	vernacular, extant 1898	internal breadth	15 ft 2 in	ft in	4.623	n72	38	measured	no	A good example of a mud house, not now occupied, may be seen at Great Hatfield, Mappleton, in East Yorkshire. The outside length is 28 ft, and the inside breadth 15 ft. 2 in. The height to the eaves, which project ten inches, is 6 ft. 2 in. The mud walls are 1 ft. 7 in. thick. The house has one door, 3 ft 3 in. wide, facing south... The length of the "speer" is four feet, so that it just covers the door. Its height is 6 ft. 2 in.
evolutionenglis00addygoog	Addy, The Evolution of the English House (1898)	Great Hatfield mud house (single-storey cot, open hearth)	Great Hatfield, Mappleton, East Yorkshire	vernacular, extant 1898	height to eaves	6 ft 2 in	ft in	1.880	n72	38	measured	no	A good example of a mud house, not now occupied, may be seen at Great Hatfield, Mappleton, in East Yorkshire. The outside length is 28 ft, and the inside breadth 15 ft. 2 in. The height to the eaves, which project ten inches, is 6 ft. 2 in. The mud walls are 1 ft. 7 in. thick. The house has one door, 3 ft 3 in. wide, facing south... The length of the "speer" is four feet, so that it just covers the door. Its height is 6 ft. 2 in.
evolutionenglis00addygoog	Addy, The Evolution of the English House (1898)	Great Hatfield mud house (single-storey cot, open hearth)	Great Hatfield, Mappleton, East Yorkshire	vernacular, extant 1898	eaves projection	10 in	in	0.254	n72	38	measured	no	A good example of a mud house, not now occupied, may be seen at Great Hatfield, Mappleton, in East Yorkshire. The outside length is 28 ft, and the inside breadth 15 ft. 2 in. The height to the eaves, which project ten inches, is 6 ft. 2 in. The mud walls are 1 ft. 7 in. thick. The house has one door, 3 ft 3 in. wide, facing south... The length of the "speer" is four feet, so that it just covers the door. Its height is 6 ft. 2 in.
evolutionenglis00addygoog	Addy, The Evolution of the English House (1898)	Great Hatfield mud house (single-storey cot, open hearth)	Great Hatfield, Mappleton, East Yorkshire	vernacular, extant 1898	mud wall thickness	1 ft 7 in	ft in	0.483	n72	38	measured	no	A good example of a mud house, not now occupied, may be seen at Great Hatfield, Mappleton, in East Yorkshire. The outside length is 28 ft, and the inside breadth 15 ft. 2 in. The height to the eaves, which project ten inches, is 6 ft. 2 in. The mud walls are 1 ft. 7 in. thick. The house has one door, 3 ft 3 in. wide, facing south... The length of the "speer" is four feet, so that it just covers the door. Its height is 6 ft. 2 in.
evolutionenglis00addygoog	Addy, The Evolution of the English House (1898)	Great Hatfield mud house (single-storey cot, open hearth)	Great Hatfield, Mappleton, East Yorkshire	vernacular, extant 1898	door width	3 ft 3 in	ft in	0.991	n72	38	measured	no	A good example of a mud house, not now occupied, may be seen at Great Hatfield, Mappleton, in East Yorkshire. The outside length is 28 ft, and the inside breadth 15 ft. 2 in. The height to the eaves, which project ten inches, is 6 ft. 2 in. The mud walls are 1 ft. 7 in. thick. The house has one door, 3 ft 3 in. wide, facing south... The length of the "speer" is four feet, so that it just covers the door. Its height is 6 ft. 2 in.
evolutionenglis00addygoog	Addy, The Evolution of the English House (1898)	Great Hatfield mud house (single-storey cot, open hearth)	Great Hatfield, Mappleton, East Yorkshire	vernacular, extant 1898	"speer" (hearth screen) length	4 ft	ft	1.219	n72	38	measured	no	A good example of a mud house, not now occupied, may be seen at Great Hatfield, Mappleton, in East Yorkshire. The outside length is 28 ft, and the inside breadth 15 ft. 2 in. The height to the eaves, which project ten inches, is 6 ft. 2 in. The mud walls are 1 ft. 7 in. thick. The house has one door, 3 ft 3 in. wide, facing south... The length of the "speer" is four feet, so that it just covers the door. Its height is 6 ft. 2 in.
evolutionenglis00addygoog	Addy, The Evolution of the English House (1898)	Great Hatfield mud house (single-storey cot, open hearth)	Great Hatfield, Mappleton, East Yorkshire	vernacular, extant 1898	"speer" (hearth screen) height	6 ft 2 in	ft in	1.880	n72	38	measured	no	A good example of a mud house, not now occupied, may be seen at Great Hatfield, Mappleton, in East Yorkshire. The outside length is 28 ft, and the inside breadth 15 ft. 2 in. The height to the eaves, which project ten inches, is 6 ft. 2 in. The mud walls are 1 ft. 7 in. thick. The house has one door, 3 ft 3 in. wide, facing south... The length of the "speer" is four feet, so that it just covers the door. Its height is 6 ft. 2 in.
evolutionenglis00addygoog	Addy, The Evolution of the English House (1898)	"Coit" at Rushy Lee — combined dwelling + shippon, basilical, aisled	Rushy Lee, near Midhope, South Yorkshire	vernacular, extant 1898	external length	44 ft	ft	13.411	n104	70	measured	no	At Rushy Lee... is one of those numerous buildings known in Yorkshire as "coits"... The larger door, 6 ft. high and 4 ft. 8 in. wide, is the main entrance to the building... Its length is forty-four, and its breadth thirty-seven feet. Four cows stood between each pair of wooden pillars, two in a stall. [and n103: 'is built in bays of approximately fifteen feet in length']
evolutionenglis00addygoog	Addy, The Evolution of the English House (1898)	"Coit" at Rushy Lee — combined dwelling + shippon, basilical, aisled	Rushy Lee, near Midhope, South Yorkshire	vernacular, extant 1898	external breadth	37 ft	ft	11.278	n104	70	measured	no	At Rushy Lee... is one of those numerous buildings known in Yorkshire as "coits"... The larger door, 6 ft. high and 4 ft. 8 in. wide, is the main entrance to the building... Its length is forty-four, and its breadth thirty-seven feet. Four cows stood between each pair of wooden pillars, two in a stall. [and n103: 'is built in bays of approximately fifteen feet in length']
evolutionenglis00addygoog	Addy, The Evolution of the English House (1898)	"Coit" at Rushy Lee — combined dwelling + shippon, basilical, aisled	Rushy Lee, near Midhope, South Yorkshire	vernacular, extant 1898	main (shippon) door height	6 ft	ft	1.829	n104	70	measured	no	At Rushy Lee... is one of those numerous buildings known in Yorkshire as "coits"... The larger door, 6 ft. high and 4 ft. 8 in. wide, is the main entrance to the building... Its length is forty-four, and its breadth thirty-seven feet. Four cows stood between each pair of wooden pillars, two in a stall. [and n103: 'is built in bays of approximately fifteen feet in length']
evolutionenglis00addygoog	Addy, The Evolution of the English House (1898)	"Coit" at Rushy Lee — combined dwelling + shippon, basilical, aisled	Rushy Lee, near Midhope, South Yorkshire	vernacular, extant 1898	main (shippon) door width	4 ft 8 in	ft in	1.422	n104	70	measured	no	At Rushy Lee... is one of those numerous buildings known in Yorkshire as "coits"... The larger door, 6 ft. high and 4 ft. 8 in. wide, is the main entrance to the building... Its length is forty-four, and its breadth thirty-seven feet. Four cows stood between each pair of wooden pillars, two in a stall. [and n103: 'is built in bays of approximately fifteen feet in length']
evolutionenglis00addygoog	Addy, The Evolution of the English House (1898)	"Coit" at Rushy Lee — combined dwelling + shippon, basilical, aisled	Rushy Lee, near Midhope, South Yorkshire	vernacular, extant 1898	structural bay length	15 ft	ft (approximately)	4.572	n104	70	measured	no	At Rushy Lee... is one of those numerous buildings known in Yorkshire as "coits"... The larger door, 6 ft. high and 4 ft. 8 in. wide, is the main entrance to the building... Its length is forty-four, and its breadth thirty-seven feet. Four cows stood between each pair of wooden pillars, two in a stall. [and n103: 'is built in bays of approximately fifteen feet in length']
evolutionenglis00addygoog	Addy, The Evolution of the English House (1898)	Padley Hall — buttery (ground floor)	Padley, Derbyshire	medieval, ruin	internal plan dimension A (order as printed)	15 ft	ft	4.572	n171	137	measured	no	[buttery] measures 15 by 17 feet, and, measured up to the original beams of the floor, is 12 feet high. It contains one window, 2 ft. 7 in. by 2 ft. 5 in., looking into the quadrangle... Within the buttress, about two feet from the ground, is an opening 2 ft. 4 in. square, finished by dressed stones, which may have served for an ambry... surrounded on its outer sides by walls nearly three feet thick
evolutionenglis00addygoog	Addy, The Evolution of the English House (1898)	Padley Hall — buttery (ground floor)	Padley, Derbyshire	medieval, ruin	internal plan dimension B (order as printed)	17 ft	ft	5.182	n171	137	measured	no	[buttery] measures 15 by 17 feet, and, measured up to the original beams of the floor, is 12 feet high. It contains one window, 2 ft. 7 in. by 2 ft. 5 in., looking into the quadrangle... Within the buttress, about two feet from the ground, is an opening 2 ft. 4 in. square, finished by dressed stones, which may have served for an ambry... surrounded on its outer sides by walls nearly three feet thick
evolutionenglis00addygoog	Addy, The Evolution of the English House (1898)	Padley Hall — buttery (ground floor)	Padley, Derbyshire	medieval, ruin	internal height to original floor beams	12 ft	ft	3.658	n171	137	measured	no	[buttery] measures 15 by 17 feet, and, measured up to the original beams of the floor, is 12 feet high. It contains one window, 2 ft. 7 in. by 2 ft. 5 in., looking into the quadrangle... Within the buttress, about two feet from the ground, is an opening 2 ft. 4 in. square, finished by dressed stones, which may have served for an ambry... surrounded on its outer sides by walls nearly three feet thick
evolutionenglis00addygoog	Addy, The Evolution of the English House (1898)	Padley Hall — buttery (ground floor)	Padley, Derbyshire	medieval, ruin	window opening height	2 ft 7 in	ft in	0.787	n171	137	measured	no	[buttery] measures 15 by 17 feet, and, measured up to the original beams of the floor, is 12 feet high. It contains one window, 2 ft. 7 in. by 2 ft. 5 in., looking into the quadrangle... Within the buttress, about two feet from the ground, is an opening 2 ft. 4 in. square, finished by dressed stones, which may have served for an ambry... surrounded on its outer sides by walls nearly three feet thick
evolutionenglis00addygoog	Addy, The Evolution of the English House (1898)	Padley Hall — buttery (ground floor)	Padley, Derbyshire	medieval, ruin	window opening width	2 ft 5 in	ft in	0.737	n171	137	measured	no	[buttery] measures 15 by 17 feet, and, measured up to the original beams of the floor, is 12 feet high. It contains one window, 2 ft. 7 in. by 2 ft. 5 in., looking into the quadrangle... Within the buttress, about two feet from the ground, is an opening 2 ft. 4 in. square, finished by dressed stones, which may have served for an ambry... surrounded on its outer sides by walls nearly three feet thick
evolutionenglis00addygoog	Addy, The Evolution of the English House (1898)	Padley Hall — buttery (ground floor)	Padley, Derbyshire	medieval, ruin	ambry opening (square)	2 ft 4 in	ft in	0.711	n171	137	measured	no	[buttery] measures 15 by 17 feet, and, measured up to the original beams of the floor, is 12 feet high. It contains one window, 2 ft. 7 in. by 2 ft. 5 in., looking into the quadrangle... Within the buttress, about two feet from the ground, is an opening 2 ft. 4 in. square, finished by dressed stones, which may have served for an ambry... surrounded on its outer sides by walls nearly three feet thick
evolutionenglis00addygoog	Addy, The Evolution of the English House (1898)	Padley Hall — buttery (ground floor)	Padley, Derbyshire	medieval, ruin	ambry sill height above floor	2 ft	ft (about)	0.610	n171	137	measured	no	[buttery] measures 15 by 17 feet, and, measured up to the original beams of the floor, is 12 feet high. It contains one window, 2 ft. 7 in. by 2 ft. 5 in., looking into the quadrangle... Within the buttress, about two feet from the ground, is an opening 2 ft. 4 in. square, finished by dressed stones, which may have served for an ambry... surrounded on its outer sides by walls nearly three feet thick
evolutionenglis00addygoog	Addy, The Evolution of the English House (1898)	Padley Hall — buttery (ground floor)	Padley, Derbyshire	medieval, ruin	external wall thickness	3 ft	ft (nearly)	0.914	n171	137	measured	no	[buttery] measures 15 by 17 feet, and, measured up to the original beams of the floor, is 12 feet high. It contains one window, 2 ft. 7 in. by 2 ft. 5 in., looking into the quadrangle... Within the buttress, about two feet from the ground, is an opening 2 ft. 4 in. square, finished by dressed stones, which may have served for an ambry... surrounded on its outer sides by walls nearly three feet thick
evolutionenglis00addygoog	Addy, The Evolution of the English House (1898)	Padley Hall — hall (ground floor, chapel over)	Padley, Derbyshire	medieval, ruin	internal length	32 ft	ft	9.754	n174	140	measured	no	This room is 32 feet in length and 17 feet in breadth. Like the buttery it was 12 feet high. It has a square-headed window in each of its three outer walls. The largest window, which faces inwards, is 2 ft. 7 in. by 2 ft. 4 in. The two other windows are only 2 ft. 6 in. by 1 ft.
evolutionenglis00addygoog	Addy, The Evolution of the English House (1898)	Padley Hall — hall (ground floor, chapel over)	Padley, Derbyshire	medieval, ruin	internal breadth	17 ft	ft	5.182	n174	140	measured	no	This room is 32 feet in length and 17 feet in breadth. Like the buttery it was 12 feet high. It has a square-headed window in each of its three outer walls. The largest window, which faces inwards, is 2 ft. 7 in. by 2 ft. 4 in. The two other windows are only 2 ft. 6 in. by 1 ft.
evolutionenglis00addygoog	Addy, The Evolution of the English House (1898)	Padley Hall — hall (ground floor, chapel over)	Padley, Derbyshire	medieval, ruin	internal height	12 ft	ft	3.658	n174	140	measured	no	This room is 32 feet in length and 17 feet in breadth. Like the buttery it was 12 feet high. It has a square-headed window in each of its three outer walls. The largest window, which faces inwards, is 2 ft. 7 in. by 2 ft. 4 in. The two other windows are only 2 ft. 6 in. by 1 ft.
evolutionenglis00addygoog	Addy, The Evolution of the English House (1898)	Padley Hall — hall (ground floor, chapel over)	Padley, Derbyshire	medieval, ruin	principal window height	2 ft 7 in	ft in	0.787	n174	140	measured	no	This room is 32 feet in length and 17 feet in breadth. Like the buttery it was 12 feet high. It has a square-headed window in each of its three outer walls. The largest window, which faces inwards, is 2 ft. 7 in. by 2 ft. 4 in. The two other windows are only 2 ft. 6 in. by 1 ft.
evolutionenglis00addygoog	Addy, The Evolution of the English House (1898)	Padley Hall — hall (ground floor, chapel over)	Padley, Derbyshire	medieval, ruin	principal window width	2 ft 4 in	ft in	0.711	n174	140	measured	no	This room is 32 feet in length and 17 feet in breadth. Like the buttery it was 12 feet high. It has a square-headed window in each of its three outer walls. The largest window, which faces inwards, is 2 ft. 7 in. by 2 ft. 4 in. The two other windows are only 2 ft. 6 in. by 1 ft.
evolutionenglis00addygoog	Addy, The Evolution of the English House (1898)	Padley Hall — hall (ground floor, chapel over)	Padley, Derbyshire	medieval, ruin	secondary window height	2 ft 6 in	ft in	0.762	n174	140	measured	no	This room is 32 feet in length and 17 feet in breadth. Like the buttery it was 12 feet high. It has a square-headed window in each of its three outer walls. The largest window, which faces inwards, is 2 ft. 7 in. by 2 ft. 4 in. The two other windows are only 2 ft. 6 in. by 1 ft.
evolutionenglis00addygoog	Addy, The Evolution of the English House (1898)	Padley Hall — hall (ground floor, chapel over)	Padley, Derbyshire	medieval, ruin	secondary window width	1 ft	ft	0.305	n174	140	measured	no	This room is 32 feet in length and 17 feet in breadth. Like the buttery it was 12 feet high. It has a square-headed window in each of its three outer walls. The largest window, which faces inwards, is 2 ft. 7 in. by 2 ft. 4 in. The two other windows are only 2 ft. 6 in. by 1 ft.
evolutionenglis00addygoog	Addy, The Evolution of the English House (1898)	Charney Bassett manor house — first-floor chapel	Charney Bassett, Berkshire	late XIIIc	internal length	12 ft 5 in	ft in	3.785	n180	146	measured	no	A house at Charney-Basset near Wantage, in Berkshire, has a hall and buttery on the ground-floor, with a chamber and chapel on the floor above them... the chapel, which is only 12 ft. 5 in. by 9 ft. 10 in., is over the buttery... The hall beneath the chamber is 30 feet by 16
evolutionenglis00addygoog	Addy, The Evolution of the English House (1898)	Charney Bassett manor house — first-floor chapel	Charney Bassett, Berkshire	late XIIIc	internal breadth	9 ft 10 in	ft in	2.997	n180	146	measured	no	A house at Charney-Basset near Wantage, in Berkshire, has a hall and buttery on the ground-floor, with a chamber and chapel on the floor above them... the chapel, which is only 12 ft. 5 in. by 9 ft. 10 in., is over the buttery... The hall beneath the chamber is 30 feet by 16
evolutionenglis00addygoog	Addy, The Evolution of the English House (1898)	Charney Bassett manor house — ground-floor hall	Charney Bassett, Berkshire	late XIIIc	internal length	30 ft	ft	9.144	n180	146	measured	no	A house at Charney-Basset near Wantage, in Berkshire, has a hall and buttery on the ground-floor, with a chamber and chapel on the floor above them... the chapel, which is only 12 ft. 5 in. by 9 ft. 10 in., is over the buttery... The hall beneath the chamber is 30 feet by 16
evolutionenglis00addygoog	Addy, The Evolution of the English House (1898)	Charney Bassett manor house — ground-floor hall	Charney Bassett, Berkshire	late XIIIc	internal breadth	16 ft	ft	4.877	n180	146	measured	no	A house at Charney-Basset near Wantage, in Berkshire, has a hall and buttery on the ground-floor, with a chamber and chapel on the floor above them... the chapel, which is only 12 ft. 5 in. by 9 ft. 10 in., is over the buttery... The hall beneath the chamber is 30 feet by 16
evolutionenglis00addygoog	Addy, The Evolution of the English House (1898)	Peak (Peveril) Castle keep — upper apartment / living room	Castleton, Derbyshire	XIIc, extant	internal length	22 ft	ft	6.706	n192	158	measured	no	The height of this room was 17 feet to the "square," and 27 feet to the ridge. The length is 22 feet, and the breadth 19 feet... This doorway, 4 ft. 9 in. wide, is surmounted on the outside by a relieving arch and tympanum. It is 8 ft. 6 in. above the present level of the ground outside.
evolutionenglis00addygoog	Addy, The Evolution of the English House (1898)	Peak (Peveril) Castle keep — upper apartment / living room	Castleton, Derbyshire	XIIc, extant	internal breadth	19 ft	ft	5.791	n192	158	measured	no	The height of this room was 17 feet to the "square," and 27 feet to the ridge. The length is 22 feet, and the breadth 19 feet... This doorway, 4 ft. 9 in. wide, is surmounted on the outside by a relieving arch and tympanum. It is 8 ft. 6 in. above the present level of the ground outside.
evolutionenglis00addygoog	Addy, The Evolution of the English House (1898)	Peak (Peveril) Castle keep — upper apartment / living room	Castleton, Derbyshire	XIIc, extant	height, floor to the "square" (wall-head)	17 ft	ft	5.182	n192	158	measured	no	The height of this room was 17 feet to the "square," and 27 feet to the ridge. The length is 22 feet, and the breadth 19 feet... This doorway, 4 ft. 9 in. wide, is surmounted on the outside by a relieving arch and tympanum. It is 8 ft. 6 in. above the present level of the ground outside.
evolutionenglis00addygoog	Addy, The Evolution of the English House (1898)	Peak (Peveril) Castle keep — upper apartment / living room	Castleton, Derbyshire	XIIc, extant	height, floor to ridge	27 ft	ft	8.230	n192	158	measured	no	The height of this room was 17 feet to the "square," and 27 feet to the ridge. The length is 22 feet, and the breadth 19 feet... This doorway, 4 ft. 9 in. wide, is surmounted on the outside by a relieving arch and tympanum. It is 8 ft. 6 in. above the present level of the ground outside.
evolutionenglis00addygoog	Addy, The Evolution of the English House (1898)	Peak (Peveril) Castle keep — upper apartment / living room	Castleton, Derbyshire	XIIc, extant	first-floor entrance doorway width	4 ft 9 in	ft in	1.448	n192	158	measured	no	The height of this room was 17 feet to the "square," and 27 feet to the ridge. The length is 22 feet, and the breadth 19 feet... This doorway, 4 ft. 9 in. wide, is surmounted on the outside by a relieving arch and tympanum. It is 8 ft. 6 in. above the present level of the ground outside.
evolutionenglis00addygoog	Addy, The Evolution of the English House (1898)	Peak (Peveril) Castle keep — upper apartment / living room	Castleton, Derbyshire	XIIc, extant	entrance doorway sill height above external ground	8 ft 6 in	ft in	2.591	n192	158	measured	no	The height of this room was 17 feet to the "square," and 27 feet to the ridge. The length is 22 feet, and the breadth 19 feet... This doorway, 4 ft. 9 in. wide, is surmounted on the outside by a relieving arch and tympanum. It is 8 ft. 6 in. above the present level of the ground outside.
evolutionenglis00addygoog	Addy, The Evolution of the English House (1898)	Peak (Peveril) Castle keep — basement / ground-floor store	Castleton, Derbyshire	XIIc, extant	height, highest internal ground to floor-ledges	12 ft	ft	3.658	n198	164	measured	no	The height of this room, measured from the highest part of the ground within to the ledges which supported the floor above, was 12 feet, and 17 feet measured from the lowest part of the ground.
evolutionenglis00addygoog	Addy, The Evolution of the English House (1898)	Peak (Peveril) Castle keep — basement / ground-floor store	Castleton, Derbyshire	XIIc, extant	height, lowest internal ground to floor-ledges	17 ft	ft	5.182	n198	164	measured	no	The height of this room, measured from the highest part of the ground within to the ledges which supported the floor above, was 12 feet, and 17 feet measured from the lowest part of the ground.
evolutionenglis00addygoog	Addy, The Evolution of the English House (1898)	Peak (Peveril) Castle keep — "sentry" aperture above the roof	Castleton, Derbyshire	XIIc, extant	aperture depth (through wall)	6 ft 5 in	ft in	1.956	n197	163	measured	no	It is about 6 ft. 5 in. in depth and 4 ft 1 in. in breadth. The narrow loop-hole at the outer end of the aperture has been crossed horizontally by two iron bars, one at the height of 4 ft 7 in. above the floor, and the other a little above the floor.
evolutionenglis00addygoog	Addy, The Evolution of the English House (1898)	Peak (Peveril) Castle keep — "sentry" aperture above the roof	Castleton, Derbyshire	XIIc, extant	aperture breadth	4 ft 1 in	ft in	1.245	n197	163	measured	no	It is about 6 ft. 5 in. in depth and 4 ft 1 in. in breadth. The narrow loop-hole at the outer end of the aperture has been crossed horizontally by two iron bars, one at the height of 4 ft 7 in. above the floor, and the other a little above the floor.
evolutionenglis00addygoog	Addy, The Evolution of the English House (1898)	Peak (Peveril) Castle keep — "sentry" aperture above the roof	Castleton, Derbyshire	XIIc, extant	upper iron bar height above aperture floor	4 ft 7 in	ft in	1.397	n197	163	measured	no	It is about 6 ft. 5 in. in depth and 4 ft 1 in. in breadth. The narrow loop-hole at the outer end of the aperture has been crossed horizontally by two iron bars, one at the height of 4 ft 7 in. above the floor, and the other a little above the floor.
evolutionenglis00addygoog	Addy, The Evolution of the English House (1898)	"Oratory" of Gallarus — dry-rubble corbelled cell	Gallarus, near Dingle, Co. Kerry, Ireland	early medieval, extant	internal length	15 ft 3 in	ft in	4.648	n59	25	measured	no	The "oratory" is composed of dry rubble masonry, and consists of a single rectangular chamber 15 ft. 3 in. long by 10 ft. wide inside. "It has a flat-headed western doorway with inclining jambs, 5 ft. 10 in. high by 1 ft. 11 in. wide at the top, and 2 ft. 5 in. wide at the bottom inside... The outside aperture is 1 ft. 3 in. high by 9 1/2 in. wide at the top, and 10 in. at the bottom. The window measures on the inside 3 ft. 3 in. high by 1 ft 6 in. wide at the top, and 1 ft. 9 in. wide at the bottom. On the inside of the doorway, at a height of eight inches above the bottom of the lintel, is a projecting stone on each side, with a hole three inches square through it to receive the door-frame... The flags below these are 1 ft. 4 in. wide." — Arch. Cambr., vol. ix. (5th S.), 148
evolutionenglis00addygoog	Addy, The Evolution of the English House (1898)	"Oratory" of Gallarus — dry-rubble corbelled cell	Gallarus, near Dingle, Co. Kerry, Ireland	early medieval, extant	internal width	10 ft	ft	3.048	n59	25	measured	no	The "oratory" is composed of dry rubble masonry, and consists of a single rectangular chamber 15 ft. 3 in. long by 10 ft. wide inside. "It has a flat-headed western doorway with inclining jambs, 5 ft. 10 in. high by 1 ft. 11 in. wide at the top, and 2 ft. 5 in. wide at the bottom inside... The outside aperture is 1 ft. 3 in. high by 9 1/2 in. wide at the top, and 10 in. at the bottom. The window measures on the inside 3 ft. 3 in. high by 1 ft 6 in. wide at the top, and 1 ft. 9 in. wide at the bottom. On the inside of the doorway, at a height of eight inches above the bottom of the lintel, is a projecting stone on each side, with a hole three inches square through it to receive the door-frame... The flags below these are 1 ft. 4 in. wide." — Arch. Cambr., vol. ix. (5th S.), 148
evolutionenglis00addygoog	Addy, The Evolution of the English House (1898)	"Oratory" of Gallarus — dry-rubble corbelled cell	Gallarus, near Dingle, Co. Kerry, Ireland	early medieval, extant	doorway height	5 ft 10 in	ft in	1.778	n59	25	measured	no	The "oratory" is composed of dry rubble masonry, and consists of a single rectangular chamber 15 ft. 3 in. long by 10 ft. wide inside. "It has a flat-headed western doorway with inclining jambs, 5 ft. 10 in. high by 1 ft. 11 in. wide at the top, and 2 ft. 5 in. wide at the bottom inside... The outside aperture is 1 ft. 3 in. high by 9 1/2 in. wide at the top, and 10 in. at the bottom. The window measures on the inside 3 ft. 3 in. high by 1 ft 6 in. wide at the top, and 1 ft. 9 in. wide at the bottom. On the inside of the doorway, at a height of eight inches above the bottom of the lintel, is a projecting stone on each side, with a hole three inches square through it to receive the door-frame... The flags below these are 1 ft. 4 in. wide." — Arch. Cambr., vol. ix. (5th S.), 148
evolutionenglis00addygoog	Addy, The Evolution of the English House (1898)	"Oratory" of Gallarus — dry-rubble corbelled cell	Gallarus, near Dingle, Co. Kerry, Ireland	early medieval, extant	doorway width at head (inclining jambs)	1 ft 11 in	ft in	0.584	n59	25	measured	no	The "oratory" is composed of dry rubble masonry, and consists of a single rectangular chamber 15 ft. 3 in. long by 10 ft. wide inside. "It has a flat-headed western doorway with inclining jambs, 5 ft. 10 in. high by 1 ft. 11 in. wide at the top, and 2 ft. 5 in. wide at the bottom inside... The outside aperture is 1 ft. 3 in. high by 9 1/2 in. wide at the top, and 10 in. at the bottom. The window measures on the inside 3 ft. 3 in. high by 1 ft 6 in. wide at the top, and 1 ft. 9 in. wide at the bottom. On the inside of the doorway, at a height of eight inches above the bottom of the lintel, is a projecting stone on each side, with a hole three inches square through it to receive the door-frame... The flags below these are 1 ft. 4 in. wide." — Arch. Cambr., vol. ix. (5th S.), 148
evolutionenglis00addygoog	Addy, The Evolution of the English House (1898)	"Oratory" of Gallarus — dry-rubble corbelled cell	Gallarus, near Dingle, Co. Kerry, Ireland	early medieval, extant	doorway width at sill (inclining jambs)	2 ft 5 in	ft in	0.737	n59	25	measured	no	The "oratory" is composed of dry rubble masonry, and consists of a single rectangular chamber 15 ft. 3 in. long by 10 ft. wide inside. "It has a flat-headed western doorway with inclining jambs, 5 ft. 10 in. high by 1 ft. 11 in. wide at the top, and 2 ft. 5 in. wide at the bottom inside... The outside aperture is 1 ft. 3 in. high by 9 1/2 in. wide at the top, and 10 in. at the bottom. The window measures on the inside 3 ft. 3 in. high by 1 ft 6 in. wide at the top, and 1 ft. 9 in. wide at the bottom. On the inside of the doorway, at a height of eight inches above the bottom of the lintel, is a projecting stone on each side, with a hole three inches square through it to receive the door-frame... The flags below these are 1 ft. 4 in. wide." — Arch. Cambr., vol. ix. (5th S.), 148
evolutionenglis00addygoog	Addy, The Evolution of the English House (1898)	"Oratory" of Gallarus — dry-rubble corbelled cell	Gallarus, near Dingle, Co. Kerry, Ireland	early medieval, extant	window, external aperture height	1 ft 3 in	ft in	0.381	n59	25	measured	no	The "oratory" is composed of dry rubble masonry, and consists of a single rectangular chamber 15 ft. 3 in. long by 10 ft. wide inside. "It has a flat-headed western doorway with inclining jambs, 5 ft. 10 in. high by 1 ft. 11 in. wide at the top, and 2 ft. 5 in. wide at the bottom inside... The outside aperture is 1 ft. 3 in. high by 9 1/2 in. wide at the top, and 10 in. at the bottom. The window measures on the inside 3 ft. 3 in. high by 1 ft 6 in. wide at the top, and 1 ft. 9 in. wide at the bottom. On the inside of the doorway, at a height of eight inches above the bottom of the lintel, is a projecting stone on each side, with a hole three inches square through it to receive the door-frame... The flags below these are 1 ft. 4 in. wide." — Arch. Cambr., vol. ix. (5th S.), 148
evolutionenglis00addygoog	Addy, The Evolution of the English House (1898)	"Oratory" of Gallarus — dry-rubble corbelled cell	Gallarus, near Dingle, Co. Kerry, Ireland	early medieval, extant	window, external width at head	10 in	in [OCR '9!' — printed value is probably 9 1/2 in; 10 in recorded is the BOTTOM figure, see ocr-uncertain row]	0.254	n59	25	measured	no	The "oratory" is composed of dry rubble masonry, and consists of a single rectangular chamber 15 ft. 3 in. long by 10 ft. wide inside. "It has a flat-headed western doorway with inclining jambs, 5 ft. 10 in. high by 1 ft. 11 in. wide at the top, and 2 ft. 5 in. wide at the bottom inside... The outside aperture is 1 ft. 3 in. high by 9 1/2 in. wide at the top, and 10 in. at the bottom. The window measures on the inside 3 ft. 3 in. high by 1 ft 6 in. wide at the top, and 1 ft. 9 in. wide at the bottom. On the inside of the doorway, at a height of eight inches above the bottom of the lintel, is a projecting stone on each side, with a hole three inches square through it to receive the door-frame... The flags below these are 1 ft. 4 in. wide." — Arch. Cambr., vol. ix. (5th S.), 148
evolutionenglis00addygoog	Addy, The Evolution of the English House (1898)	"Oratory" of Gallarus — dry-rubble corbelled cell	Gallarus, near Dingle, Co. Kerry, Ireland	early medieval, extant	window, external width at sill	10 in	in	0.254	n59	25	measured	no	The "oratory" is composed of dry rubble masonry, and consists of a single rectangular chamber 15 ft. 3 in. long by 10 ft. wide inside. "It has a flat-headed western doorway with inclining jambs, 5 ft. 10 in. high by 1 ft. 11 in. wide at the top, and 2 ft. 5 in. wide at the bottom inside... The outside aperture is 1 ft. 3 in. high by 9 1/2 in. wide at the top, and 10 in. at the bottom. The window measures on the inside 3 ft. 3 in. high by 1 ft 6 in. wide at the top, and 1 ft. 9 in. wide at the bottom. On the inside of the doorway, at a height of eight inches above the bottom of the lintel, is a projecting stone on each side, with a hole three inches square through it to receive the door-frame... The flags below these are 1 ft. 4 in. wide." — Arch. Cambr., vol. ix. (5th S.), 148
evolutionenglis00addygoog	Addy, The Evolution of the English House (1898)	"Oratory" of Gallarus — dry-rubble corbelled cell	Gallarus, near Dingle, Co. Kerry, Ireland	early medieval, extant	window, internal height	3 ft 3 in	ft in	0.991	n59	25	measured	no	The "oratory" is composed of dry rubble masonry, and consists of a single rectangular chamber 15 ft. 3 in. long by 10 ft. wide inside. "It has a flat-headed western doorway with inclining jambs, 5 ft. 10 in. high by 1 ft. 11 in. wide at the top, and 2 ft. 5 in. wide at the bottom inside... The outside aperture is 1 ft. 3 in. high by 9 1/2 in. wide at the top, and 10 in. at the bottom. The window measures on the inside 3 ft. 3 in. high by 1 ft 6 in. wide at the top, and 1 ft. 9 in. wide at the bottom. On the inside of the doorway, at a height of eight inches above the bottom of the lintel, is a projecting stone on each side, with a hole three inches square through it to receive the door-frame... The flags below these are 1 ft. 4 in. wide." — Arch. Cambr., vol. ix. (5th S.), 148
evolutionenglis00addygoog	Addy, The Evolution of the English House (1898)	"Oratory" of Gallarus — dry-rubble corbelled cell	Gallarus, near Dingle, Co. Kerry, Ireland	early medieval, extant	window, internal width at head	1 ft 6 in	ft in	0.457	n59	25	measured	no	The "oratory" is composed of dry rubble masonry, and consists of a single rectangular chamber 15 ft. 3 in. long by 10 ft. wide inside. "It has a flat-headed western doorway with inclining jambs, 5 ft. 10 in. high by 1 ft. 11 in. wide at the top, and 2 ft. 5 in. wide at the bottom inside... The outside aperture is 1 ft. 3 in. high by 9 1/2 in. wide at the top, and 10 in. at the bottom. The window measures on the inside 3 ft. 3 in. high by 1 ft 6 in. wide at the top, and 1 ft. 9 in. wide at the bottom. On the inside of the doorway, at a height of eight inches above the bottom of the lintel, is a projecting stone on each side, with a hole three inches square through it to receive the door-frame... The flags below these are 1 ft. 4 in. wide." — Arch. Cambr., vol. ix. (5th S.), 148
evolutionenglis00addygoog	Addy, The Evolution of the English House (1898)	"Oratory" of Gallarus — dry-rubble corbelled cell	Gallarus, near Dingle, Co. Kerry, Ireland	early medieval, extant	window, internal width at sill	1 ft 9 in	ft in	0.533	n59	25	measured	no	The "oratory" is composed of dry rubble masonry, and consists of a single rectangular chamber 15 ft. 3 in. long by 10 ft. wide inside. "It has a flat-headed western doorway with inclining jambs, 5 ft. 10 in. high by 1 ft. 11 in. wide at the top, and 2 ft. 5 in. wide at the bottom inside... The outside aperture is 1 ft. 3 in. high by 9 1/2 in. wide at the top, and 10 in. at the bottom. The window measures on the inside 3 ft. 3 in. high by 1 ft 6 in. wide at the top, and 1 ft. 9 in. wide at the bottom. On the inside of the doorway, at a height of eight inches above the bottom of the lintel, is a projecting stone on each side, with a hole three inches square through it to receive the door-frame... The flags below these are 1 ft. 4 in. wide." — Arch. Cambr., vol. ix. (5th S.), 148
evolutionenglis00addygoog	Addy, The Evolution of the English House (1898)	"Oratory" of Gallarus — dry-rubble corbelled cell	Gallarus, near Dingle, Co. Kerry, Ireland	early medieval, extant	door-frame socket (square section)	3 in	in	0.076	n59	25	measured	no	The "oratory" is composed of dry rubble masonry, and consists of a single rectangular chamber 15 ft. 3 in. long by 10 ft. wide inside. "It has a flat-headed western doorway with inclining jambs, 5 ft. 10 in. high by 1 ft. 11 in. wide at the top, and 2 ft. 5 in. wide at the bottom inside... The outside aperture is 1 ft. 3 in. high by 9 1/2 in. wide at the top, and 10 in. at the bottom. The window measures on the inside 3 ft. 3 in. high by 1 ft 6 in. wide at the top, and 1 ft. 9 in. wide at the bottom. On the inside of the doorway, at a height of eight inches above the bottom of the lintel, is a projecting stone on each side, with a hole three inches square through it to receive the door-frame... The flags below these are 1 ft. 4 in. wide." — Arch. Cambr., vol. ix. (5th S.), 148
evolutionenglis00addygoog	Addy, The Evolution of the English House (1898)	"Oratory" of Gallarus — dry-rubble corbelled cell	Gallarus, near Dingle, Co. Kerry, Ireland	early medieval, extant	socket height above underside of lintel	8 in	in	0.203	n59	25	measured	no	The "oratory" is composed of dry rubble masonry, and consists of a single rectangular chamber 15 ft. 3 in. long by 10 ft. wide inside. "It has a flat-headed western doorway with inclining jambs, 5 ft. 10 in. high by 1 ft. 11 in. wide at the top, and 2 ft. 5 in. wide at the bottom inside... The outside aperture is 1 ft. 3 in. high by 9 1/2 in. wide at the top, and 10 in. at the bottom. The window measures on the inside 3 ft. 3 in. high by 1 ft 6 in. wide at the top, and 1 ft. 9 in. wide at the bottom. On the inside of the doorway, at a height of eight inches above the bottom of the lintel, is a projecting stone on each side, with a hole three inches square through it to receive the door-frame... The flags below these are 1 ft. 4 in. wide." — Arch. Cambr., vol. ix. (5th S.), 148
evolutionenglis00addygoog	Addy, The Evolution of the English House (1898)	"Oratory" of Gallarus — dry-rubble corbelled cell	Gallarus, near Dingle, Co. Kerry, Ireland	early medieval, extant	ridge flag width	1 ft 4 in	ft in	0.406	n59	25	measured	no	The "oratory" is composed of dry rubble masonry, and consists of a single rectangular chamber 15 ft. 3 in. long by 10 ft. wide inside. "It has a flat-headed western doorway with inclining jambs, 5 ft. 10 in. high by 1 ft. 11 in. wide at the top, and 2 ft. 5 in. wide at the bottom inside... The outside aperture is 1 ft. 3 in. high by 9 1/2 in. wide at the top, and 10 in. at the bottom. The window measures on the inside 3 ft. 3 in. high by 1 ft 6 in. wide at the top, and 1 ft. 9 in. wide at the bottom. On the inside of the doorway, at a height of eight inches above the bottom of the lintel, is a projecting stone on each side, with a hole three inches square through it to receive the door-frame... The flags below these are 1 ft. 4 in. wide." — Arch. Cambr., vol. ix. (5th S.), 148
evolutionenglis00addygoog	Addy, The Evolution of the English House (1898)	"Oratory" of Gallarus — dry-rubble corbelled cell	Gallarus, near Dingle, Co. Kerry, Ireland	early medieval, extant	window, external width at head	9.5 in	in	0.241	n59	25	ocr-uncertain	no	The outside aperture is 1 ft. 3 in. high by 9 1/2 in. wide at the top, and 10 in. at the bottom. [OCR renders '9! in.'; this scan destroys every fraction glyph, so 9 1/2 is the reading but it was NOT checked on the page image.]
evolutionenglis00addygoog	Addy, The Evolution of the English House (1898)	Booth (single-cell cruck cot) — newly built on the waste	County Durham	c. 1350	length	20 ft	ft	6.096	n56	22	documentary-survey	no	c. 1350. "Johannes Flesshewer ten. j botham de novo edificatam super vastum, longitudinis xx pedum et latitudinis xviij pedum." — Bishop Hatfield's Survey (Surtees Soc), p. 32. Another booth, as well as the village forge, is described as being of the same size.
evolutionenglis00addygoog	Addy, The Evolution of the English House (1898)	Booth (single-cell cruck cot) — newly built on the waste	County Durham	c. 1350	breadth	18 ft	ft	5.486	n56	22	documentary-survey	no	c. 1350. "Johannes Flesshewer ten. j botham de novo edificatam super vastum, longitudinis xx pedum et latitudinis xviij pedum." — Bishop Hatfield's Survey (Surtees Soc), p. 32. Another booth, as well as the village forge, is described as being of the same size.
evolutionenglis00addygoog	Addy, The Evolution of the English House (1898)	Village forge / smithy	County Durham	c. 1350	length	20 ft	ft (stated as the same size as the booth)	6.096	n56	22	documentary-survey	no	c. 1350. "Johannes Flesshewer ten. j botham de novo edificatam super vastum, longitudinis xx pedum et latitudinis xviij pedum." — Bishop Hatfield's Survey (Surtees Soc), p. 32. Another booth, as well as the village forge, is described as being of the same size.
evolutionenglis00addygoog	Addy, The Evolution of the English House (1898)	Village forge / smithy	County Durham	c. 1350	breadth	18 ft	ft (stated as the same size as the booth)	5.486	n56	22	documentary-survey	no	c. 1350. "Johannes Flesshewer ten. j botham de novo edificatam super vastum, longitudinis xx pedum et latitudinis xviij pedum." — Bishop Hatfield's Survey (Surtees Soc), p. 32. Another booth, as well as the village forge, is described as being of the same size.
evolutionenglis00addygoog	Addy, The Evolution of the English House (1898)	Teampull Beannachadh — drystone corbelled cell	Eilean Mor, Flannan Isles	early medieval, extant	external side wall length (1 of 2)	11 ft 11 in	ft in	3.632	n60	26	measured	no	Teampull Beannachadh... "composed of rough stones joggled compactly together without mortar, built in the form of a squared oblong, but irregular on the ground-plan, the lengths of the side walls externally being respectively 11 ft. 11 in. and 12 ft 2 in., and the lengths of the end walls 10 ft. 3 in. and 9 ft 2 in. The walls vary in thickness from 2 ft. 5 in. to 2 ft. 11 in... The chamber measures about 7 ft. long by 5 ft wide, and 5 ft 9 in. high. The doorway in the west end is but 3 ft. high, and there is no window or other opening of any kind in the building." — Anderson, Scotland in Early Christian Times, 1882, p. 121
evolutionenglis00addygoog	Addy, The Evolution of the English House (1898)	Teampull Beannachadh — drystone corbelled cell	Eilean Mor, Flannan Isles	early medieval, extant	external side wall length (2 of 2)	12 ft 2 in	ft in	3.708	n60	26	measured	no	Teampull Beannachadh... "composed of rough stones joggled compactly together without mortar, built in the form of a squared oblong, but irregular on the ground-plan, the lengths of the side walls externally being respectively 11 ft. 11 in. and 12 ft 2 in., and the lengths of the end walls 10 ft. 3 in. and 9 ft 2 in. The walls vary in thickness from 2 ft. 5 in. to 2 ft. 11 in... The chamber measures about 7 ft. long by 5 ft wide, and 5 ft 9 in. high. The doorway in the west end is but 3 ft. high, and there is no window or other opening of any kind in the building." — Anderson, Scotland in Early Christian Times, 1882, p. 121
evolutionenglis00addygoog	Addy, The Evolution of the English House (1898)	Teampull Beannachadh — drystone corbelled cell	Eilean Mor, Flannan Isles	early medieval, extant	external end wall length (1 of 2)	10 ft 3 in	ft in	3.124	n60	26	measured	no	Teampull Beannachadh... "composed of rough stones joggled compactly together without mortar, built in the form of a squared oblong, but irregular on the ground-plan, the lengths of the side walls externally being respectively 11 ft. 11 in. and 12 ft 2 in., and the lengths of the end walls 10 ft. 3 in. and 9 ft 2 in. The walls vary in thickness from 2 ft. 5 in. to 2 ft. 11 in... The chamber measures about 7 ft. long by 5 ft wide, and 5 ft 9 in. high. The doorway in the west end is but 3 ft. high, and there is no window or other opening of any kind in the building." — Anderson, Scotland in Early Christian Times, 1882, p. 121
evolutionenglis00addygoog	Addy, The Evolution of the English House (1898)	Teampull Beannachadh — drystone corbelled cell	Eilean Mor, Flannan Isles	early medieval, extant	external end wall length (2 of 2)	9 ft 2 in	ft in	2.794	n60	26	measured	no	Teampull Beannachadh... "composed of rough stones joggled compactly together without mortar, built in the form of a squared oblong, but irregular on the ground-plan, the lengths of the side walls externally being respectively 11 ft. 11 in. and 12 ft 2 in., and the lengths of the end walls 10 ft. 3 in. and 9 ft 2 in. The walls vary in thickness from 2 ft. 5 in. to 2 ft. 11 in... The chamber measures about 7 ft. long by 5 ft wide, and 5 ft 9 in. high. The doorway in the west end is but 3 ft. high, and there is no window or other opening of any kind in the building." — Anderson, Scotland in Early Christian Times, 1882, p. 121
evolutionenglis00addygoog	Addy, The Evolution of the English House (1898)	Teampull Beannachadh — drystone corbelled cell	Eilean Mor, Flannan Isles	early medieval, extant	wall thickness, minimum	2 ft 5 in	ft in	0.737	n60	26	measured	no	Teampull Beannachadh... "composed of rough stones joggled compactly together without mortar, built in the form of a squared oblong, but irregular on the ground-plan, the lengths of the side walls externally being respectively 11 ft. 11 in. and 12 ft 2 in., and the lengths of the end walls 10 ft. 3 in. and 9 ft 2 in. The walls vary in thickness from 2 ft. 5 in. to 2 ft. 11 in... The chamber measures about 7 ft. long by 5 ft wide, and 5 ft 9 in. high. The doorway in the west end is but 3 ft. high, and there is no window or other opening of any kind in the building." — Anderson, Scotland in Early Christian Times, 1882, p. 121
evolutionenglis00addygoog	Addy, The Evolution of the English House (1898)	Teampull Beannachadh — drystone corbelled cell	Eilean Mor, Flannan Isles	early medieval, extant	wall thickness, maximum	2 ft 11 in	ft in	0.889	n60	26	measured	no	Teampull Beannachadh... "composed of rough stones joggled compactly together without mortar, built in the form of a squared oblong, but irregular on the ground-plan, the lengths of the side walls externally being respectively 11 ft. 11 in. and 12 ft 2 in., and the lengths of the end walls 10 ft. 3 in. and 9 ft 2 in. The walls vary in thickness from 2 ft. 5 in. to 2 ft. 11 in... The chamber measures about 7 ft. long by 5 ft wide, and 5 ft 9 in. high. The doorway in the west end is but 3 ft. high, and there is no window or other opening of any kind in the building." — Anderson, Scotland in Early Christian Times, 1882, p. 121
evolutionenglis00addygoog	Addy, The Evolution of the English House (1898)	Teampull Beannachadh — drystone corbelled cell	Eilean Mor, Flannan Isles	early medieval, extant	internal chamber length	7 ft	ft (about)	2.134	n60	26	measured	no	Teampull Beannachadh... "composed of rough stones joggled compactly together without mortar, built in the form of a squared oblong, but irregular on the ground-plan, the lengths of the side walls externally being respectively 11 ft. 11 in. and 12 ft 2 in., and the lengths of the end walls 10 ft. 3 in. and 9 ft 2 in. The walls vary in thickness from 2 ft. 5 in. to 2 ft. 11 in... The chamber measures about 7 ft. long by 5 ft wide, and 5 ft 9 in. high. The doorway in the west end is but 3 ft. high, and there is no window or other opening of any kind in the building." — Anderson, Scotland in Early Christian Times, 1882, p. 121
evolutionenglis00addygoog	Addy, The Evolution of the English House (1898)	Teampull Beannachadh — drystone corbelled cell	Eilean Mor, Flannan Isles	early medieval, extant	internal chamber width	5 ft	ft (about)	1.524	n60	26	measured	no	Teampull Beannachadh... "composed of rough stones joggled compactly together without mortar, built in the form of a squared oblong, but irregular on the ground-plan, the lengths of the side walls externally being respectively 11 ft. 11 in. and 12 ft 2 in., and the lengths of the end walls 10 ft. 3 in. and 9 ft 2 in. The walls vary in thickness from 2 ft. 5 in. to 2 ft. 11 in... The chamber measures about 7 ft. long by 5 ft wide, and 5 ft 9 in. high. The doorway in the west end is but 3 ft. high, and there is no window or other opening of any kind in the building." — Anderson, Scotland in Early Christian Times, 1882, p. 121
evolutionenglis00addygoog	Addy, The Evolution of the English House (1898)	Teampull Beannachadh — drystone corbelled cell	Eilean Mor, Flannan Isles	early medieval, extant	internal chamber height	5 ft 9 in	ft in	1.753	n60	26	measured	no	Teampull Beannachadh... "composed of rough stones joggled compactly together without mortar, built in the form of a squared oblong, but irregular on the ground-plan, the lengths of the side walls externally being respectively 11 ft. 11 in. and 12 ft 2 in., and the lengths of the end walls 10 ft. 3 in. and 9 ft 2 in. The walls vary in thickness from 2 ft. 5 in. to 2 ft. 11 in... The chamber measures about 7 ft. long by 5 ft wide, and 5 ft 9 in. high. The doorway in the west end is but 3 ft. high, and there is no window or other opening of any kind in the building." — Anderson, Scotland in Early Christian Times, 1882, p. 121
evolutionenglis00addygoog	Addy, The Evolution of the English House (1898)	Teampull Beannachadh — drystone corbelled cell	Eilean Mor, Flannan Isles	early medieval, extant	doorway height	3 ft	ft	0.914	n60	26	measured	no	Teampull Beannachadh... "composed of rough stones joggled compactly together without mortar, built in the form of a squared oblong, but irregular on the ground-plan, the lengths of the side walls externally being respectively 11 ft. 11 in. and 12 ft 2 in., and the lengths of the end walls 10 ft. 3 in. and 9 ft 2 in. The walls vary in thickness from 2 ft. 5 in. to 2 ft. 11 in... The chamber measures about 7 ft. long by 5 ft wide, and 5 ft 9 in. high. The doorway in the west end is but 3 ft. high, and there is no window or other opening of any kind in the building." — Anderson, Scotland in Early Christian Times, 1882, p. 121
evolutionenglis00addygoog	Addy, The Evolution of the English House (1898)	Hornsea church crypt (undercroft beneath chancel)	Hornsea, East Yorkshire	medieval, extant	internal, north-south	15 ft 5 in	ft in	4.699	n228	194	measured	no	A crypt under the east end of the chancel of Hornsea church in East Yorkshire differs from that at Repton in having a fire-place, 6 ft. 2 in. wide and 3 ft. 2 in. high, on its north side... In shape the crypt approaches to a square measuring 15 ft. 5 in. from north to south, and, in the north compartment, 14 ft. 2 in. from east to west... In the east wall is a window splayed inwardly to a width of nearly 4 feet, and diminishing to 1 ft. 8 in. in the narrowest part.
evolutionenglis00addygoog	Addy, The Evolution of the English House (1898)	Hornsea church crypt (undercroft beneath chancel)	Hornsea, East Yorkshire	medieval, extant	internal, east-west (north compartment)	14 ft 2 in	ft in	4.318	n228	194	measured	no	A crypt under the east end of the chancel of Hornsea church in East Yorkshire differs from that at Repton in having a fire-place, 6 ft. 2 in. wide and 3 ft. 2 in. high, on its north side... In shape the crypt approaches to a square measuring 15 ft. 5 in. from north to south, and, in the north compartment, 14 ft. 2 in. from east to west... In the east wall is a window splayed inwardly to a width of nearly 4 feet, and diminishing to 1 ft. 8 in. in the narrowest part.
evolutionenglis00addygoog	Addy, The Evolution of the English House (1898)	Hornsea church crypt (undercroft beneath chancel)	Hornsea, East Yorkshire	medieval, extant	fireplace opening width	6 ft 2 in	ft in	1.880	n228	194	measured	no	A crypt under the east end of the chancel of Hornsea church in East Yorkshire differs from that at Repton in having a fire-place, 6 ft. 2 in. wide and 3 ft. 2 in. high, on its north side... In shape the crypt approaches to a square measuring 15 ft. 5 in. from north to south, and, in the north compartment, 14 ft. 2 in. from east to west... In the east wall is a window splayed inwardly to a width of nearly 4 feet, and diminishing to 1 ft. 8 in. in the narrowest part.
evolutionenglis00addygoog	Addy, The Evolution of the English House (1898)	Hornsea church crypt (undercroft beneath chancel)	Hornsea, East Yorkshire	medieval, extant	fireplace opening height	3 ft 2 in	ft in	0.965	n228	194	measured	no	A crypt under the east end of the chancel of Hornsea church in East Yorkshire differs from that at Repton in having a fire-place, 6 ft. 2 in. wide and 3 ft. 2 in. high, on its north side... In shape the crypt approaches to a square measuring 15 ft. 5 in. from north to south, and, in the north compartment, 14 ft. 2 in. from east to west... In the east wall is a window splayed inwardly to a width of nearly 4 feet, and diminishing to 1 ft. 8 in. in the narrowest part.
evolutionenglis00addygoog	Addy, The Evolution of the English House (1898)	Hornsea church crypt (undercroft beneath chancel)	Hornsea, East Yorkshire	medieval, extant	window internal splay width	4 ft	ft (nearly)	1.219	n228	194	measured	no	A crypt under the east end of the chancel of Hornsea church in East Yorkshire differs from that at Repton in having a fire-place, 6 ft. 2 in. wide and 3 ft. 2 in. high, on its north side... In shape the crypt approaches to a square measuring 15 ft. 5 in. from north to south, and, in the north compartment, 14 ft. 2 in. from east to west... In the east wall is a window splayed inwardly to a width of nearly 4 feet, and diminishing to 1 ft. 8 in. in the narrowest part.
evolutionenglis00addygoog	Addy, The Evolution of the English House (1898)	Hornsea church crypt (undercroft beneath chancel)	Hornsea, East Yorkshire	medieval, extant	window external (narrowest) width	1 ft 8 in	ft in	0.508	n228	194	measured	no	A crypt under the east end of the chancel of Hornsea church in East Yorkshire differs from that at Repton in having a fire-place, 6 ft. 2 in. wide and 3 ft. 2 in. high, on its north side... In shape the crypt approaches to a square measuring 15 ft. 5 in. from north to south, and, in the north compartment, 14 ft. 2 in. from east to west... In the east wall is a window splayed inwardly to a width of nearly 4 feet, and diminishing to 1 ft. 8 in. in the narrowest part.
evolutionenglis00addygoog	Addy, The Evolution of the English House (1898)	London town house — party wall, by statute (Fitz-Alwyne's Assize)	London	A.D. 1189	party wall thickness (freestone)	3 ft	ft	0.914	n137	103	author-rule	no	The document known as "Fitz-Alwyne's Assize," dated A.D. 1189, shows that the party-walls of London houses "were of freestone, 3 feet thick and 16 feet high, from which the roof (whether covered with tiles or thatch)... " and: "From a deed bearing date 1217 or 1218, it appears that the corbels or joists for supporting the upper floor were inserted at a height of eight feet from the ground."
evolutionenglis00addygoog	Addy, The Evolution of the English House (1898)	London town house — party wall, by statute (Fitz-Alwyne's Assize)	London	A.D. 1189	party wall height	16 ft	ft	4.877	n137	103	author-rule	no	The document known as "Fitz-Alwyne's Assize," dated A.D. 1189, shows that the party-walls of London houses "were of freestone, 3 feet thick and 16 feet high, from which the roof (whether covered with tiles or thatch)... " and: "From a deed bearing date 1217 or 1218, it appears that the corbels or joists for supporting the upper floor were inserted at a height of eight feet from the ground."
evolutionenglis00addygoog	Addy, The Evolution of the English House (1898)	London town house — party wall, by statute (Fitz-Alwyne's Assize)	London	A.D. 1189	upper-floor joist bearing height above ground (deed 1217/18)	8 ft	ft	2.438	n137	103	author-rule	no	The document known as "Fitz-Alwyne's Assize," dated A.D. 1189, shows that the party-walls of London houses "were of freestone, 3 feet thick and 16 feet high, from which the roof (whether covered with tiles or thatch)... " and: "From a deed bearing date 1217 or 1218, it appears that the corbels or joists for supporting the upper floor were inserted at a height of eight feet from the ground."
evolutionenglis00addygoog	Addy, The Evolution of the English House (1898)	Small English house — common room height, XVIc-XVIIc	England	XVIc-XVIIc	internal room height (upper bound observed)	6 ft	ft	1.829	n137	103	author-estimate	no	It is a common thing nowadays to find in houses of the sixteenth and seventeenth centuries rooms not more than 6 feet high, and this is especially the case in the smaller houses.
evolutionenglis00addygoog	Addy, The Evolution of the English House (1898)	English structural bay — farm buildings	England	medieval	linear (building) perch = bay length	16 ft	ft	4.877	n101	67	author-rule	no	In the twelfth century English buildings were measured by the linear perch of 16 ft. Thus "the great barn of Walton was 10 1/2 perches in length (a perch being 16 ft.) and 3 perches and 5 ft. in breadth." [and: 'whilst the length of the English bay is rigidly fixed in farm buildings by the standing room required for two pairs of oxen, considerable variation occurs in the breadth.']
evolutionenglis00addygoog	Addy, The Evolution of the English House (1898)	English land measure — rod / rood	England	medieval	rood breadth	16 ft	ft	4.877	n103	69	author-rule	no	the length of the bay, viz. sixteen feet, corresponds to the breadth of a rod or rood of land, the acre being composed of four roods, each 16 feet broad and 640 feet long, lying side by side... [footnote] Strictly the English land measure is 16 1/2, and not 16, feet.
evolutionenglis00addygoog	Addy, The Evolution of the English House (1898)	English land measure — rod / rood	England	medieval	rood length	640 ft	ft	195.072	n103	69	author-rule	no	the length of the bay, viz. sixteen feet, corresponds to the breadth of a rod or rood of land, the acre being composed of four roods, each 16 feet broad and 640 feet long, lying side by side... [footnote] Strictly the English land measure is 16 1/2, and not 16, feet.
evolutionenglis00addygoog	Addy, The Evolution of the English House (1898)	English land measure — rod / rood	England	medieval	land perch / rod (statute)	16 ft 6 in	ft in (= 16 1/2 ft)	5.029	n103	69	author-rule	no	the length of the bay, viz. sixteen feet, corresponds to the breadth of a rod or rood of land, the acre being composed of four roods, each 16 feet broad and 640 feet long, lying side by side... [footnote] Strictly the English land measure is 16 1/2, and not 16, feet.
evolutionenglis00addygoog	Addy, The Evolution of the English House (1898)	Roman ox-house — Vitruvius	Rome (De Architectura 6.9)	c. B.C. 10	ox-stall breadth, minimum	10 ft	ft (Roman)	3.048	n101	67	author-rule	no	the breadth of ox-stalls should be not less than 10 ft. or more than 15 ft. As regards length, the standing room for each pair of oxen should not be less than 7 ft. [Latin: Bubilium autem debent esse latitudines nec minores pedum denum, nec majores quindenum. Longitudo, uti singula iuga, ne minus occupent pedes septenos.]
evolutionenglis00addygoog	Addy, The Evolution of the English House (1898)	Roman ox-house — Vitruvius	Rome (De Architectura 6.9)	c. B.C. 10	ox-stall breadth, maximum	15 ft	ft (Roman)	4.572	n101	67	author-rule	no	the breadth of ox-stalls should be not less than 10 ft. or more than 15 ft. As regards length, the standing room for each pair of oxen should not be less than 7 ft. [Latin: Bubilium autem debent esse latitudines nec minores pedum denum, nec majores quindenum. Longitudo, uti singula iuga, ne minus occupent pedes septenos.]
evolutionenglis00addygoog	Addy, The Evolution of the English House (1898)	Roman ox-house — Vitruvius	Rome (De Architectura 6.9)	c. B.C. 10	standing room per pair of oxen, minimum	7 ft	ft (Roman)	2.134	n101	67	author-rule	no	the breadth of ox-stalls should be not less than 10 ft. or more than 15 ft. As regards length, the standing room for each pair of oxen should not be less than 7 ft. [Latin: Bubilium autem debent esse latitudines nec minores pedum denum, nec majores quindenum. Longitudo, uti singula iuga, ne minus occupent pedes septenos.]
evolutionenglis00addygoog	Addy, The Evolution of the English House (1898)	Roman ox-house — Palladius	Rome (De Re Rustica i.21)	c. A.D. 210	standing room per pair of oxen	8 ft	ft (Roman)	2.438	n101	67	author-rule	no	8 ft. are more than sufficient standing room for each pair of oxen, and 15 ft. for the breadth [of the ox-house.] [Latin: Octo pedes ad spatium standi singulis boum paribus abundant, et in porrectione xv.]
evolutionenglis00addygoog	Addy, The Evolution of the English House (1898)	Roman ox-house — Palladius	Rome (De Re Rustica i.21)	c. A.D. 210	ox-house breadth	15 ft	ft (Roman)	4.572	n101	67	author-rule	no	8 ft. are more than sufficient standing room for each pair of oxen, and 15 ft. for the breadth [of the ox-house.] [Latin: Octo pedes ad spatium standi singulis boum paribus abundant, et in porrectione xv.]
evolutionenglis00addygoog	Addy, The Evolution of the English House (1898)	Roman cow-house — Columella	Rome (i.6.6)	c. A.D. 60	cow-house breadth, preferred	10 ft	ft (Roman)	3.048	n101	67	author-rule	no	See also Columella, i. 6. 6. This author fixes the breadth at 10, or at least 9, feet.
evolutionenglis00addygoog	Addy, The Evolution of the English House (1898)	Roman cow-house — Columella	Rome (i.6.6)	c. A.D. 60	cow-house breadth, minimum	9 ft	ft (Roman)	2.743	n101	67	author-rule	no	See also Columella, i. 6. 6. This author fixes the breadth at 10, or at least 9, feet.
evolutionenglis00addygoog	Addy, The Evolution of the English House (1898)	Cow-house at Bolsterstone	Bolsterstone, South Yorkshire	vernacular	internal breadth	10 ft 8 in	ft in	3.251	n101	67	measured	no	The breadth of a cow-house at Bolsterstone, described hereafter, is 10 ft. 8 in.
evolutionenglis00addygoog	Addy, The Evolution of the English House (1898)	Bay spacing measured by the author — Roman building, Bailgate	Lincoln	Roman	bay spacing, pillar centre to centre	14 ft 6 in	ft in	4.420	n103	69	measured	no	The author has measured the bays of the great Roman building lately found in Bailgate, on the west side of Lincoln Cathedral, and found them, when measured from the centre of each pillar, 14 ft. 6 in. apart.
evolutionenglis00addygoog	Addy, The Evolution of the English House (1898)	Bay spacing measured by the author — parish churches	England	medieval	bay spacing	15 ft	ft (about)	4.572	n103	69	author-estimate	no	He has also measured the bays of a few churches and found them about fifteen feet apart. In cathedrals they are much wider.
evolutionenglis00addygoog	Addy, The Evolution of the English House (1898)	Welsh Laws — yoke lengths (the unit the bay derives from)	Wales	medieval	field yoke	8 ft	ft	2.438	n245	211	author-rule	no	According to the Welsh Laws there were 8 feet in the field yoke and 16 feet in the long yoke. (i. 187.) "There are sixteen feet in the length of the long yoke." (i. 539.) "Sexdecim pedes et dimidium iugum faciunt longum, id est, hyryeu." (ii. 784.) "Pedes XV. et dimidium faciunt longum jugum." (ii. 852.) [CONFLICT: the four citations give the LONG yoke as 16, 16 1/2 and 15 1/2 feet. Addy prints all of them without resolving them. All four rows are recorded; do not average them.]
evolutionenglis00addygoog	Addy, The Evolution of the English House (1898)	Welsh Laws — yoke lengths (the unit the bay derives from)	Wales	medieval	long yoke (Welsh Laws i.187, i.539)	16 ft	ft	4.877	n245	211	author-rule	no	According to the Welsh Laws there were 8 feet in the field yoke and 16 feet in the long yoke. (i. 187.) "There are sixteen feet in the length of the long yoke." (i. 539.) "Sexdecim pedes et dimidium iugum faciunt longum, id est, hyryeu." (ii. 784.) "Pedes XV. et dimidium faciunt longum jugum." (ii. 852.) [CONFLICT: the four citations give the LONG yoke as 16, 16 1/2 and 15 1/2 feet. Addy prints all of them without resolving them. All four rows are recorded; do not average them.]
evolutionenglis00addygoog	Addy, The Evolution of the English House (1898)	Welsh Laws — yoke lengths (the unit the bay derives from)	Wales	medieval	long yoke (Welsh Laws ii.784)	16 ft 6 in	ft in (= 16 1/2 ft)	5.029	n245	211	author-rule	no	According to the Welsh Laws there were 8 feet in the field yoke and 16 feet in the long yoke. (i. 187.) "There are sixteen feet in the length of the long yoke." (i. 539.) "Sexdecim pedes et dimidium iugum faciunt longum, id est, hyryeu." (ii. 784.) "Pedes XV. et dimidium faciunt longum jugum." (ii. 852.) [CONFLICT: the four citations give the LONG yoke as 16, 16 1/2 and 15 1/2 feet. Addy prints all of them without resolving them. All four rows are recorded; do not average them.]
evolutionenglis00addygoog	Addy, The Evolution of the English House (1898)	Welsh Laws — yoke lengths (the unit the bay derives from)	Wales	medieval	long yoke (Welsh Laws ii.852)	15 ft 6 in	ft in (= 15 1/2 ft)	4.724	n245	211	author-rule	no	According to the Welsh Laws there were 8 feet in the field yoke and 16 feet in the long yoke. (i. 187.) "There are sixteen feet in the length of the long yoke." (i. 539.) "Sexdecim pedes et dimidium iugum faciunt longum, id est, hyryeu." (ii. 784.) "Pedes XV. et dimidium faciunt longum jugum." (ii. 852.) [CONFLICT: the four citations give the LONG yoke as 16, 16 1/2 and 15 1/2 feet. Addy prints all of them without resolving them. All four rows are recorded; do not average them.]
evolutionenglis00addygoog	Addy, The Evolution of the English House (1898)	Cow-house (domus vaccariae) at Felsa	Felsa (Meaux Abbey estate), Yorkshire	1396-9	internal length	80 ft	ft (= 5 bays of 16 ft)	24.384	n245	211	documentary-survey	no	1396-9. "In vaccaria insuper de Felsa unam novam domum vaccariae, lxxx pedum in longitudine; fecit de novo aedificari." Chron. Monast. de Melsa (Rolls Series), iii. 242. This was exactly 5 bays of 16 feet each.
evolutionenglis00addygoog	Addy, The Evolution of the English House (1898)	Berchary (sheep-house), Meaux Abbey estate	Yorkshire	1396-9	internal length	160 ft	ft (= 10 bays of 16 ft)	48.768	n245	211	documentary-survey	no	On the next page we have a berchary 160 feet, i.e., ten bays, in length.
evolutionenglis00addygoog	Addy, The Evolution of the English House (1898)	Basilica at Pompeii — tribunal and undercroft	Pompeii	Roman	tribunal breadth	32 ft	ft	9.754	n224	190	secondary	no	"At the west end," says Dr. Lange, "of the great hall" of the Pompeian basilica, "are three rooms. The middlemost of these is the tribunal, which is raised 5 1/2 feet above the floor of the great hall, and is 32 feet broad and 18 ft. 2 in. deep. On the sides of the tribunal are two side rooms about 18 feet broad... stairs... lead into a subterranean chamber lying 11 feet beneath the tribunal."
evolutionenglis00addygoog	Addy, The Evolution of the English House (1898)	Basilica at Pompeii — tribunal and undercroft	Pompeii	Roman	tribunal depth	18 ft 2 in	ft in	5.537	n224	190	secondary	no	"At the west end," says Dr. Lange, "of the great hall" of the Pompeian basilica, "are three rooms. The middlemost of these is the tribunal, which is raised 5 1/2 feet above the floor of the great hall, and is 32 feet broad and 18 ft. 2 in. deep. On the sides of the tribunal are two side rooms about 18 feet broad... stairs... lead into a subterranean chamber lying 11 feet beneath the tribunal."
evolutionenglis00addygoog	Addy, The Evolution of the English House (1898)	Basilica at Pompeii — tribunal and undercroft	Pompeii	Roman	tribunal floor height above hall floor	5 ft 6 in	ft in (= 5 1/2 ft)	1.676	n224	190	secondary	no	"At the west end," says Dr. Lange, "of the great hall" of the Pompeian basilica, "are three rooms. The middlemost of these is the tribunal, which is raised 5 1/2 feet above the floor of the great hall, and is 32 feet broad and 18 ft. 2 in. deep. On the sides of the tribunal are two side rooms about 18 feet broad... stairs... lead into a subterranean chamber lying 11 feet beneath the tribunal."
evolutionenglis00addygoog	Addy, The Evolution of the English House (1898)	Basilica at Pompeii — tribunal and undercroft	Pompeii	Roman	flanking room breadth	18 ft	ft (about)	5.486	n224	190	secondary	no	"At the west end," says Dr. Lange, "of the great hall" of the Pompeian basilica, "are three rooms. The middlemost of these is the tribunal, which is raised 5 1/2 feet above the floor of the great hall, and is 32 feet broad and 18 ft. 2 in. deep. On the sides of the tribunal are two side rooms about 18 feet broad... stairs... lead into a subterranean chamber lying 11 feet beneath the tribunal."
evolutionenglis00addygoog	Addy, The Evolution of the English House (1898)	Basilica at Pompeii — tribunal and undercroft	Pompeii	Roman	subterranean chamber depth below tribunal	11 ft	ft	3.353	n224	190	secondary	no	"At the west end," says Dr. Lange, "of the great hall" of the Pompeian basilica, "are three rooms. The middlemost of these is the tribunal, which is raised 5 1/2 feet above the floor of the great hall, and is 32 feet broad and 18 ft. 2 in. deep. On the sides of the tribunal are two side rooms about 18 feet broad... stairs... lead into a subterranean chamber lying 11 feet beneath the tribunal."
