ia_id	source	building	place	element	value	unit	value_m	leaf	printed_page	confidence	quote
gri_33125010766489	Garner & Stratton, Domestic Architecture of England during the Tudor Period v.1	The Prior's House, Much Wenlock — first-floor hall	Much Wenlock, Shropshire	internal length	28 ft 6 in	ft in	8.687	37		author-estimate	This hall measures about 28 feet 6 inches long and 19 feet wide, and is covered with a very good open timber roof, 13 feet 6 inches from the floor to the springing of the arched braces
gri_33125010766489	Garner & Stratton, Domestic Architecture of England during the Tudor Period v.1	The Prior's House, Much Wenlock — first-floor hall	Much Wenlock, Shropshire	internal width	19 ft	ft	5.791	37		author-estimate	This hall measures about 28 feet 6 inches long and 19 feet wide, and is covered with a very good open timber roof, 13 feet 6 inches from the floor to the springing of the arched braces
gri_33125010766489	Garner & Stratton, Domestic Architecture of England during the Tudor Period v.1	The Prior's House, Much Wenlock — first-floor hall	Much Wenlock, Shropshire	height from floor to springing of arched braces	13 ft 6 in	ft in	4.115	37		measured	This hall measures about 28 feet 6 inches long and 19 feet wide, and is covered with a very good open timber roof, 13 feet 6 inches from the floor to the springing of the arched braces
gri_33125010766489	Garner & Stratton, Domestic Architecture of England during the Tudor Period v.1	The Prior's House, Much Wenlock — two-storey gallery	Much Wenlock, Shropshire	gallery internal length	nearly 100 ft	ft	30.480	37		author-estimate	a two-storey gallery nearly 100 feet long and 6 feet wide along the whole length
gri_33125010766489	Garner & Stratton, Domestic Architecture of England during the Tudor Period v.1	The Prior's House, Much Wenlock — two-storey gallery	Much Wenlock, Shropshire	gallery internal width	6 ft	ft	1.829	37		author-estimate	a two-storey gallery nearly 100 feet long and 6 feet wide along the whole length
gri_33125010766489	Garner & Stratton, Domestic Architecture of England during the Tudor Period v.1	Great Chalfield Manor House great hall	Great Chalfield, Wiltshire	internal length	about 40 ft	ft	12.192	39		author-estimate	The hall itself, which measures about 40 feet by 20 feet and 20 feet in height
gri_33125010766489	Garner & Stratton, Domestic Architecture of England during the Tudor Period v.1	Great Chalfield Manor House great hall	Great Chalfield, Wiltshire	internal width	20 ft	ft	6.096	39		author-estimate	The hall itself, which measures about 40 feet by 20 feet and 20 feet in height
gri_33125010766489	Garner & Stratton, Domestic Architecture of England during the Tudor Period v.1	Great Chalfield Manor House great hall	Great Chalfield, Wiltshire	height (internal, to roof)	20 ft	ft	6.096	39		author-estimate	The hall itself, which measures about 40 feet by 20 feet and 20 feet in height
gri_33125010766489	Garner & Stratton, Domestic Architecture of England during the Tudor Period v.1	The Abbot's House, Muchelney — 'Cheese room'	Muchelney, Somerset	internal length	about 25 ft	ft	7.620	46	29	author-estimate	apartment, measuring about 25 feet long by 12 feet wide, known as the ‘Cheese room.’
gri_33125010766489	Garner & Stratton, Domestic Architecture of England during the Tudor Period v.1	The Abbot's House, Muchelney — 'Cheese room'	Muchelney, Somerset	internal width	12 ft	ft	3.658	46	29	author-estimate	apartment, measuring about 25 feet long by 12 feet wide, known as the ‘Cheese room.’
gri_33125010766489	Garner & Stratton, Domestic Architecture of England during the Tudor Period v.1	Forde Abbey — entrance tower oriel	Thorncombe, Dorset	oriel sill height above external ground level	about 12 ft	ft	3.658	51		author-estimate	an exceptionally fine two-storey oriel, starting about 12 feet from the ground level
gri_33125010766489	Garner & Stratton, Domestic Architecture of England during the Tudor Period v.1	Forde Abbey great hall (Abbot Chard's hall or refectory)	Thorncombe, Dorset	internal length (truncated by later work)	55 ft	ft	16.764	52		measured	The hall, even now 55 feet long by 27 feet 9 inches wide
gri_33125010766489	Garner & Stratton, Domestic Architecture of England during the Tudor Period v.1	Forde Abbey great hall (Abbot Chard's hall or refectory)	Thorncombe, Dorset	internal width	27 ft 9 in	ft in	8.458	52		measured	The hall, even now 55 feet long by 27 feet 9 inches wide
gri_33125010766489	Garner & Stratton, Domestic Architecture of England during the Tudor Period v.1	South Wraxall Manor House great hall	South Wraxall, Wiltshire	internal length (including the screens)	about 32 ft	ft	9.754	59		author-estimate	The hall remains nearly intact: it measures about 32 feet in length, including the “screens , 20 feet in width, and 20 feet high to the springing of the open timber roof
gri_33125010766489	Garner & Stratton, Domestic Architecture of England during the Tudor Period v.1	South Wraxall Manor House great hall	South Wraxall, Wiltshire	internal width	20 ft	ft	6.096	59		author-estimate	The hall remains nearly intact: it measures about 32 feet in length, including the “screens , 20 feet in width, and 20 feet high to the springing of the open timber roof
gri_33125010766489	Garner & Stratton, Domestic Architecture of England during the Tudor Period v.1	South Wraxall Manor House great hall	South Wraxall, Wiltshire	height to springing of open timber roof	20 ft	ft	6.096	59		author-estimate	The hall remains nearly intact: it measures about 32 feet in length, including the “screens , 20 feet in width, and 20 feet high to the springing of the open timber roof
gri_33125010766489	Garner & Stratton, Domestic Architecture of England during the Tudor Period v.1	Manor House (Bede House), Lyddington — hall	Lyddington, Rutland	internal length	about 47 ft	ft	14.326	62	45	author-estimate	The hall, which measures about 47 feet long, 20 feet wide and 14 feet high, occupies the greater part of the single storey building
gri_33125010766489	Garner & Stratton, Domestic Architecture of England during the Tudor Period v.1	Manor House (Bede House), Lyddington — hall	Lyddington, Rutland	internal width	20 ft	ft	6.096	62	45	author-estimate	The hall, which measures about 47 feet long, 20 feet wide and 14 feet high, occupies the greater part of the single storey building
gri_33125010766489	Garner & Stratton, Domestic Architecture of England during the Tudor Period v.1	Manor House (Bede House), Lyddington — hall	Lyddington, Rutland	height to flat ribbed ceiling	14 ft	ft	4.267	62	45	author-estimate	The hall, which measures about 47 feet long, 20 feet wide and 14 feet high, occupies the greater part of the single storey building
gri_33125010766489	Garner & Stratton, Domestic Architecture of England during the Tudor Period v.1	Horham Hall great hall	Thaxted, Essex	internal length	about 46 ft	ft	14.021	77		author-estimate	it measures about 46 feet long by 24 feet wide, and is ceiled at a height of about 25 feet with a flat curved ceiling divided into panels by moulded ribs
gri_33125010766489	Garner & Stratton, Domestic Architecture of England during the Tudor Period v.1	Horham Hall great hall	Thaxted, Essex	internal width	24 ft	ft	7.315	77		author-estimate	it measures about 46 feet long by 24 feet wide, and is ceiled at a height of about 25 feet with a flat curved ceiling divided into panels by moulded ribs
gri_33125010766489	Garner & Stratton, Domestic Architecture of England during the Tudor Period v.1	Horham Hall great hall	Thaxted, Essex	height to ceiling	about 25 ft	ft	7.620	77		author-estimate	it measures about 46 feet long by 24 feet wide, and is ceiled at a height of about 25 feet with a flat curved ceiling divided into panels by moulded ribs
gri_33125010766489	Garner & Stratton, Domestic Architecture of England during the Tudor Period v.1	Fawsley Manor House great hall	Fawsley, Northamptonshire	internal length	about 52 ft	ft	15.850	84	67	author-estimate	It measures about 52 feet long by 23 feet 6 inches wide with windows high up in the gable ends
gri_33125010766489	Garner & Stratton, Domestic Architecture of England during the Tudor Period v.1	Fawsley Manor House great hall	Fawsley, Northamptonshire	internal width	23 ft 6 in	ft in	7.163	84	67	author-estimate	It measures about 52 feet long by 23 feet 6 inches wide with windows high up in the gable ends
gri_33125010766489	Garner & Stratton, Domestic Architecture of England during the Tudor Period v.1	Brenchley Parsonage drawing-room	Brenchley, Kent	internal length	about 19 ft	ft	5.791	86		author-estimate	drawing-room measuring about 19 feet long by 16 feet 6 inches and 9 feet 3 inches high, oak panelled from floor to ceiling
gri_33125010766489	Garner & Stratton, Domestic Architecture of England during the Tudor Period v.1	Brenchley Parsonage drawing-room	Brenchley, Kent	internal width	16 ft 6 in	ft in	5.029	86		author-estimate	drawing-room measuring about 19 feet long by 16 feet 6 inches and 9 feet 3 inches high, oak panelled from floor to ceiling
gri_33125010766489	Garner & Stratton, Domestic Architecture of England during the Tudor Period v.1	Brenchley Parsonage drawing-room	Brenchley, Kent	height to ceiling	9 ft 3 in	ft in	2.819	86		author-estimate	drawing-room measuring about 19 feet long by 16 feet 6 inches and 9 feet 3 inches high, oak panelled from floor to ceiling
gri_33125010766489	Garner & Stratton, Domestic Architecture of England during the Tudor Period v.1	Aston Bury long gallery (top storey)	Aston, Hertfordshire	internal length	110 ft	ft	33.528	95		measured	It measures internally 110 feet long by 17 feet 6 inches wide and receives its light from windows at each end
gri_33125010766489	Garner & Stratton, Domestic Architecture of England during the Tudor Period v.1	Aston Bury long gallery (top storey)	Aston, Hertfordshire	internal width	17 ft 6 in	ft in	5.334	95		measured	It measures internally 110 feet long by 17 feet 6 inches wide and receives its light from windows at each end
gri_33125010766489	Garner & Stratton, Domestic Architecture of England during the Tudor Period v.1	Little Leighs Priory gatehouse	Little Leighs, Essex	gate opening width (stone archway)	9 ft	ft	2.743	98		measured	the stone archway, 9 feet wide, with good mouldings and very finely carved spandrils in high relief
gri_33125010766489	Garner & Stratton, Domestic Architecture of England during the Tudor Period v.1	Layer Marney Hall gatehouse tower	Layer Marney, Essex	height above external ground	about 70 ft	ft	21.336	100		author-estimate	The gatehouse, which rises to a height of about 70 feet above the ground, consists of a central block, three storeys in height
gri_33125010766489	Garner & Stratton, Domestic Architecture of England during the Tudor Period v.1	Parnham Manor House great hall	Beaminster, Dorset	window sill height above floor (former west windows)	about 8 ft	ft	2.438	115		author-estimate	the sills of the three large mullion- ed windows are all brought quite near to the floor. Pre- vious to 1810 there were win- dows on the western side as well as on the eastern, but the former only reached to about 8 feet from the floor
gri_33125010766489	Garner & Stratton, Domestic Architecture of England during the Tudor Period v.1	Guildhall of Corpus Christi, Lavenham — cellar (undercroft)	Lavenham, Suffolk	undercroft internal length	about 31 ft 9 in	ft in	9.677	125		author-estimate	The cellar, which is about 31 feet 9 inches by 16 feet 10 inches, and 7 feet 3 inches high, is reached by a brick stair beneath the staircase
gri_33125010766489	Garner & Stratton, Domestic Architecture of England during the Tudor Period v.1	Guildhall of Corpus Christi, Lavenham — cellar (undercroft)	Lavenham, Suffolk	undercroft internal width	16 ft 10 in	ft in	5.131	125		author-estimate	The cellar, which is about 31 feet 9 inches by 16 feet 10 inches, and 7 feet 3 inches high, is reached by a brick stair beneath the staircase
gri_33125010766489	Garner & Stratton, Domestic Architecture of England during the Tudor Period v.1	Guildhall of Corpus Christi, Lavenham — cellar (undercroft)	Lavenham, Suffolk	undercroft height	7 ft 3 in	ft in	2.210	125		author-estimate	The cellar, which is about 31 feet 9 inches by 16 feet 10 inches, and 7 feet 3 inches high, is reached by a brick stair beneath the staircase
gri_33125010766489	Garner & Stratton, Domestic Architecture of England during the Tudor Period v.1	Hampton Court Palace great hall	Hampton Court, Middlesex	internal length	106 ft	ft	32.309	130	113	measured	the span is about 40 feet, g. the height from floor to hammer-beams about 41 feet, and to apex about 60 feet; the hall, 106 feet long, is divided into seven bays
gri_33125010766489	Garner & Stratton, Domestic Architecture of England during the Tudor Period v.1	Hampton Court Palace great hall	Hampton Court, Middlesex	internal width (roof span)	about 40 ft	ft	12.192	130	113	author-estimate	the span is about 40 feet, g. the height from floor to hammer-beams about 41 feet, and to apex about 60 feet; the hall, 106 feet long, is divided into seven bays
gri_33125010766489	Garner & Stratton, Domestic Architecture of England during the Tudor Period v.1	Hampton Court Palace great hall	Hampton Court, Middlesex	height from floor to hammer-beams	about 41 ft	ft	12.497	130	113	author-estimate	the span is about 40 feet, g. the height from floor to hammer-beams about 41 feet, and to apex about 60 feet; the hall, 106 feet long, is divided into seven bays
gri_33125010766489	Garner & Stratton, Domestic Architecture of England during the Tudor Period v.1	Hampton Court Palace great hall	Hampton Court, Middlesex	height to ridge (apex)	about 60 ft	ft	18.288	130	113	author-estimate	the span is about 40 feet, g. the height from floor to hammer-beams about 41 feet, and to apex about 60 feet; the hall, 106 feet long, is divided into seven bays
gri_33125010766489	Garner & Stratton, Domestic Architecture of England during the Tudor Period v.1	Hampton Court Palace — Great Watching Chamber (formerly Wolsey's hall)	Hampton Court, Middlesex	internal length	71 ft	ft	21.641	130	113	measured	it measures 71 feet long and 29 feet wide, and is now about 25 feet high, lighted by windows high in the wall
gri_33125010766489	Garner & Stratton, Domestic Architecture of England during the Tudor Period v.1	Hampton Court Palace — Great Watching Chamber (formerly Wolsey's hall)	Hampton Court, Middlesex	internal width	29 ft	ft	8.839	130	113	measured	it measures 71 feet long and 29 feet wide, and is now about 25 feet high, lighted by windows high in the wall
gri_33125010766489	Garner & Stratton, Domestic Architecture of England during the Tudor Period v.1	Hampton Court Palace — Great Watching Chamber (formerly Wolsey's hall)	Hampton Court, Middlesex	height to ceiling	about 25 ft	ft	7.620	130	113	author-estimate	it measures 71 feet long and 29 feet wide, and is now about 25 feet high, lighted by windows high in the wall
gri_33125010766489	Garner & Stratton, Domestic Architecture of England during the Tudor Period v.1	The Commandery (Hospital of St Wulstan), Worcester — great hall	Worcester	internal length (before nineteenth-century truncation)	about 47 ft	ft	14.326	145		author-estimate	it presented an uninterrupted apartment about 47 feet long and 26 feet wide, spanned by oak principals
gri_33125010766489	Garner & Stratton, Domestic Architecture of England during the Tudor Period v.1	The Commandery (Hospital of St Wulstan), Worcester — great hall	Worcester	internal width	26 ft	ft	7.925	145		author-estimate	it presented an uninterrupted apartment about 47 feet long and 26 feet wide, spanned by oak principals
gri_33125010766489	Garner & Stratton, Domestic Architecture of England during the Tudor Period v.1	Haddon Hall — private dining-parlour	Haddon, Derbyshire	internal length (exclusive of the oriel)	about 32 ft 6 in	ft in	9.906	151	136	author-estimate	in the whole house, measures about 32 feet 6 inches long and 15 feet wide, exclusive of
gri_33125010766489	Garner & Stratton, Domestic Architecture of England during the Tudor Period v.1	Haddon Hall — private dining-parlour	Haddon, Derbyshire	internal width (exclusive of the oriel)	15 ft	ft	4.572	151	136	author-estimate	in the whole house, measures about 32 feet 6 inches long and 15 feet wide, exclusive of
gri_33125010766489	Garner & Stratton, Domestic Architecture of England during the Tudor Period v.1	Haddon Hall — private dining-parlour	Haddon, Derbyshire	height to ceiling	10 ft 6 in	ft in	3.200	152	137	ocr-uncertain	the oriel: it is to feet 6 inches high, and five oak beams spanning from wall to wall
gri_33125010766489	Garner & Stratton, Domestic Architecture of England during the Tudor Period v.1	Great Cressingham Manor House	Great Cressingham, Norfolk	height of first-floor level above external ground (string-course)	about 13 ft	ft	3.962	157		author-estimate	string-course, about 13 feet above the ground, which marks the first floor level
gri_33125010766489	Garner & Stratton, Domestic Architecture of England during the Tudor Period v.1	Hoghton Tower great hall	Hoghton, Lancashire	internal length (including the screens)	54 ft	ft	16.459	163		measured	measuring with the “screens” 54 feet long, and nearly 26 feet wide
gri_33125010766489	Garner & Stratton, Domestic Architecture of England during the Tudor Period v.1	Hoghton Tower great hall	Hoghton, Lancashire	internal width	nearly 26 ft	ft	7.925	163		author-estimate	measuring with the “screens” 54 feet long, and nearly 26 feet wide
gri_33125010766489	Garner & Stratton, Domestic Architecture of England during the Tudor Period v.1	Hoghton Tower great hall	Hoghton, Lancashire	window sill height above floor (courtyard side)	7 ft	ft	2.134	163		measured	The south side, looking into the courtyard, is entirely occupied by windows to within 7 feet cf the floor: beneath the sills the walls are panelled in oak
gri_33125010766489	Garner & Stratton, Domestic Architecture of England during the Tudor Period v.1	Borwick Hall — hall	Borwick, Lancashire	internal length	30 ft	ft	9.144	168		author-estimate	The hall measures about 23 feet 6 inches wide, 30 feet long, and 11 feet 6 inches high: it is lighted by three windows
gri_33125010766489	Garner & Stratton, Domestic Architecture of England during the Tudor Period v.1	Borwick Hall — hall	Borwick, Lancashire	internal width	about 23 ft 6 in	ft in	7.163	168		author-estimate	The hall measures about 23 feet 6 inches wide, 30 feet long, and 11 feet 6 inches high: it is lighted by three windows
gri_33125010766489	Garner & Stratton, Domestic Architecture of England during the Tudor Period v.1	Borwick Hall — hall	Borwick, Lancashire	height to ceiling	11 ft 6 in	ft in	3.505	168		author-estimate	The hall measures about 23 feet 6 inches wide, 30 feet long, and 11 feet 6 inches high: it is lighted by three windows
gri_33125010766489	Garner & Stratton, Domestic Architecture of England during the Tudor Period v.1	Kingston Maurward Manor House — entrance porch	Kingston Maurward, Dorset	door opening height (threshold to soffit of arch)	6 ft 9 in	ft in	2.057	182		measured	The arch to the porch entrance is exceptionally low, being only 6 feet 9 inches from the threshold to the highest point of the soffit
gri_33125010766489	Garner & Stratton, Domestic Architecture of England during the Tudor Period v.1	Wilderhope Manor House — hall	Rushbury, Shropshire	internal length	about 29 ft	ft	8.839	187		author-estimate	about 29 feet by 20 feet wide, exclusive of the oriel, and is 13 feet 9 inches high
gri_33125010766489	Garner & Stratton, Domestic Architecture of England during the Tudor Period v.1	Wilderhope Manor House — hall	Rushbury, Shropshire	internal width (exclusive of the oriel)	20 ft	ft	6.096	187		author-estimate	about 29 feet by 20 feet wide, exclusive of the oriel, and is 13 feet 9 inches high
gri_33125010766489	Garner & Stratton, Domestic Architecture of England during the Tudor Period v.1	Wilderhope Manor House — hall	Rushbury, Shropshire	height to ceiling	13 ft 9 in	ft in	4.191	187		measured	about 29 feet by 20 feet wide, exclusive of the oriel, and is 13 feet 9 inches high
gri_33125010766489	Garner & Stratton, Domestic Architecture of England during the Tudor Period v.1	Wilderhope Manor House — newel staircase	Rushbury, Shropshire	stair width (tread length)	5 ft	ft	1.524	187		measured	the steps, 5 feet wide, are formed of solid balks of oak framed into a central octagonal newel post 7 inches in diameter
gri_33125010766489	Garner & Stratton, Domestic Architecture of England during the Tudor Period v.1	Eltham Palace great hall	Eltham, Kent	internal length	about 101 ft	ft	30.785	234		ocr-uncertain	the hall being about tor feet long and 36 feet 3
gri_33125010766489	Garner & Stratton, Domestic Architecture of England during the Tudor Period v.1	Eltham Palace great hall	Eltham, Kent	internal width	36 ft 3 in	ft in	11.049	234		ocr-uncertain	the hall being about tor feet long and 36 feet 3
gri_33125010766489	Garner & Stratton, Domestic Architecture of England during the Tudor Period v.1	Eltham Palace great hall	Eltham, Kent	bay spacing (roof principals)	about 17 ft	ft	5.182	234		author-estimate	There are five principals, spaced about 17 feet
gri_33125010766489	Garner & Stratton, Domestic Architecture of England during the Tudor Period v.1	Upper Slaughter Manor House — vaulted basement	Upper Slaughter, Gloucestershire	level difference, forecourt down to vaulted basement	about 9 ft	ft	2.743	209		ocr-uncertain	There is a difference of about g feet between the level of the forecourt and that of the vaulted basement of earlier date, which is entered from the back
growthofenglishh00gotc	Gotch, The Growth of the English House	White Tower, Tower of London (keep)	London	external length x width	1 18 by 107 ft (=118 by 107 ft)	ft	32.614	21	5	ocr-uncertain	The White Tower of the Tower of London, begun by order of the Conqueror in the later years of the eleventh century, measures 1 18 by 107 ft.
growthofenglishh00gotc	Gotch, The Growth of the English House	Rochester Castle keep	Kent	external plan side (square)	70 ft	ft	21.336	21	5	measured	The keep of Rochester Castle, built about 1 130, is 70 ft. square.
growthofenglishh00gotc	Gotch, The Growth of the English House	Castle Hedingham keep	Essex	external length x width	60 by 55 ft	ft	16.764	21	5	measured	Castle Heding- ham in Essex, built about the same time, is 60 by 55 ft.
growthofenglishh00gotc	Gotch, The Growth of the English House	Dover Castle keep	Kent	external plan side (square)	90 ft	ft	27.432	21	5	measured	the keep of Dover Castle (about 1154) is 90 ft. square
growthofenglishh00gotc	Gotch, The Growth of the English House	Castle Rising keep	Norfolk	external length x width	75 by 60 ft	ft	18.288	21	5	measured	Castle Rising, Norfolk. The Keep. date, is 75 by 60 ft.
growthofenglishh00gotc	Gotch, The Growth of the English House	Kenilworth Castle keep	Warwickshire	external length x width	87 by 54 ft	ft	16.459	21	5	measured	Kenilworth, dating from the third quarter of the century, is 87 by 54 ft.
growthofenglishh00gotc	Gotch, The Growth of the English House	Peak Castle keep	Derbyshire	external length x width	40 by 36 ft	ft	10.973	21	5	author-estimate	while the Peak Castle in Derbyshire, erected about 1 176, measures some 40 by 36 ft.
growthofenglishh00gotc	Gotch, The Growth of the English House	unnamed (Norman keeps, general rule)	England	wall thickness (keep, external walls)	seldom less than 8 ft, and sometimes as much as 16 or 20 ft.	ft	2.438	21	5	author-estimate	These are all outside measurements, and as the walls were very thick, seldom less than 8 ft, and sometimes as much as 16 or 20 ft., the available space within them was much less than their total area.
growthofenglishh00gotc	Gotch, The Growth of the English House	Tower of London, White Tower - great room	London	internal length x width	90 ft. long by 37 ft. wide	ft	27.432	22	6	measured	Tower of London, 90 ft. long by 37 ft. wide
growthofenglishh00gotc	Gotch, The Growth of the English House	Castle Hedingham keep - main room	Essex	internal length x width	38 by 31 ft	ft	9.449	22	6	measured	in the medium-sized, such as Hedingham, rooms 38 by 31 ft.
growthofenglishh00gotc	Gotch, The Growth of the English House	Peak Castle keep - main room	Derbyshire	internal length x width	22 by 19 ft	ft	5.791	22	6	measured	while in the smallest, such as the Peak Castle, the space was 22 by 19 ft., equal to the drawing-room of an ordinary house of the present day.
growthofenglishh00gotc	Gotch, The Growth of the English House	Castle Hedingham keep - one large room on each floor	Essex	internal length x width (repeated on every floor, walls honeycombed with mural chambers)	38 by 31 ft	ft	9.449	23		measured	con- sisting of a large room (38 by 31 ft.) on each floor, enclosed by thick walls which are honeycombed with mural chambers and recesses.
growthofenglishh00gotc	Gotch, The Growth of the English House	Castle Hedingham keep - circular staircase	Essex	stair well diameter	more than 1 1 ft. (=11 ft)	ft	0.305	24	8	ocr-uncertain	Access to these various floors was given by a commodious circular staircase more than 1 1 ft. in 2. Castle Hedingham, Essex. The Keep {cir. 1130). ... diameter.
growthofenglishh00gotc	Gotch, The Growth of the English House	Castle Hedingham keep - hall and entrance floor	Essex	span of transverse arch carrying floor above	nearly 30 ft.	ft	9.144	26		measured	Across the middle of the entrance floor and of the hall is thrown a fine bold semicircular arch, of nearly 30 ft. span, to carry the floor of the room over
growthofenglishh00gotc	Gotch, The Growth of the English House	Peak Castle - courtyard main entrance	Derbyshire	gate opening width	some 5 or 6 ft.	ft	1.829	31		author-estimate	The chief of these was adjacent to the dale, and from the remains of the arch stones would appear to have been some 5 or 6 ft. wide.
growthofenglishh00gotc	Gotch, The Growth of the English House	Peak Castle keep - entrance door	Derbyshire	door threshold height above ground (approached by ladder)	some 6 or 8 ft.	ft	2.438	34	"18 (head OCR'd as ""B T8 THE GROWTH OF THE ENGLISH HOUSE."")"	author-estimate	a door some 6 or 8 ft. from the ground, and doubtless approached by a wood ladder.
growthofenglishh00gotc	Gotch, The Growth of the English House	Peak Castle keep - circular staircase	Derbyshire	stair well diameter	about 5 ft.	ft	1.524	34	18	author-estimate	Near this door a circular staircase of about 5 ft. in diameter led up to the roof and down to the lower room
growthofenglishh00gotc	Gotch, The Growth of the English House	Peak Castle keep - upper room	Derbyshire	internal length x width (upper room, with garde-robe and mural chamber in wall)	about 22 by 19 ft.	ft	5.791	34	18	author-estimate	The upper room, about 22 by 19 ft. in size, was also lighted by two small windows ; in one wall was a garde-robe (g) with a shoot corbelled out from the wall ; in another was a small mural chamber (m) occupying one corner of the building
growthofenglishh00gotc	Gotch, The Growth of the English House	unnamed (typical medieval hall, screens passage)	England	height of screen / floor of minstrels' gallery above hall floor	some lo or 12 ft. (=10 or 12 ft)	ft	3.658	42	26	ocr-uncertain	The screen did not extend the full height of the hall, but stopped short some lo or 12 ft. high, and was connected to the end wall by a floor, which thus at once served as a ceiling to the entrance
growthofenglishh00gotc	Gotch, The Growth of the English House	unnamed (typical medieval hall, dais at upper end)	England	dais platform height above floor	some 6 inches	in	0.152	42	26	author-estimate	There was at this end a raised platform some 6 inches high, called the dal's, and it was on the da'is that the high table was placed.
growthofenglishh00gotc	Gotch, The Growth of the English House	Oakham Castle great hall	Rutland	internal length x width	65 ft. long by 43 ft. wide	ft	19.812	43	27	measured	It is of such a large size, 65 ft. long by 43 ft. wide, that it serves for the Law Courts of the county
growthofenglishh00gotc	Gotch, The Growth of the English House	Oakham Castle great hall - arcade	Rutland	bay spacing / arcade arch span (four arches dividing hall into nave and aisles)	about 15 ft.	ft	4.572	48	32	author-estimate	The four arches of the arcades are semicircular and of about 15 ft. span ; they rest on massive round pillars
growthofenglishh00gotc	Gotch, The Growth of the English House	Stokesay Castle great hall	Shropshire	internal length x width	52 by 31 ft.	ft	9.449	53	37	measured	The chief apartment, as usual, is the hall, not so large as that at Oakham, but still of fair size, 52 by 31 ft.
growthofenglishh00gotc	Gotch, The Growth of the English House	Abingdon Abbey guest-house (rooms adjoining the Prior's Room)	Berkshire	internal length	30 ft. long	ft	9.144	58	42	measured	They, too, lighted rooms of some importance, 30 ft. long, warmed by a large fire, handsomely roofed, and deco- rated in places with elaborate ornament.
growthofenglishh00gotc	Gotch, The Growth of the English House	Haddon Hall - licensed enclosure wall	Derbyshire	perimeter wall height (unbattlemented)	12 ft. high	ft	3.658	65	48	measured	the licence granted to Richard de Vernon ^o fortify his house of Haddon with a wall 12 ft. high 48 THE GROWTH OF THE ENGLISH HOUSE.
growthofenglishh00gotc	Gotch, The Growth of the English House	Kenilworth Castle great hall (John of Gaunt, cir. 1392)	Warwickshire	internal length x width (hall standing on a vaulted undercroft)	90 ft. long by 45 ft. wide	ft	27.432	72		measured	The great hall, 90 ft. long by 45 ft. wide, occupied nearly the whole of the west front. It stood on a vaulted undercroft
growthofenglishh00gotc	Gotch, The Growth of the English House	Glastonbury Abbey kitchen	Somerset	height of square walls to springing of octagon	some 20 ft.	ft	6.096	77		author-estimate	The octagon is carried up to a height of some 20 ft., and is then vaulted on eight stone ribs up to a ventilating shaft
growthofenglishh00gotc	Gotch, The Growth of the English House	Glastonbury Abbey kitchen	Somerset	internal height, floor to bottom of ventilating shaft (full ridge/apex height)	41 ft.	ft	12.497	78		measured	om the floor to the bottom of the ventilating shaft is 41 ft. ; the kitchen itself
growthofenglishh00gotc	Gotch, The Growth of the English House	Glastonbury Abbey kitchen	Somerset	internal plan side (square)	33 ft. 10 in.	ft in	10.312	79	62	measured	is 33 ft. 10 in. square.
growthofenglishh00gotc	Gotch, The Growth of the English House	Stanton Harcourt kitchen	Oxfordshire	internal length x width	25 ft. 9 in. one way, by 25 ft. 6 in. the other	ft in	7.849	79	63	measured	It is nearly square on plan, being 25 ft. 9 in. one way, by 25 ft. 6 in. the other — considerably smaller, therefore, than the Glastonbury example
growthofenglishh00gotc	Gotch, The Growth of the English House	Stanton Harcourt kitchen	Oxfordshire	internal height to wall-plate (bottom of roof)	39 ft.	ft	11.887	79	63	measured	The height here is nearly as great as that at Glastonbury, being 39 ft. to the bottom of the roof.
growthofenglishh00gotc	Gotch, The Growth of the English House	South Wingfield Manor House great hall	Derbyshire	internal length x width (hall standing on a vaulted undercroft)	71 ft. 7 in. long by 36 ft. 5 in. wide	ft in	21.819	86	70	measured	The hall stands on a vaulted undercroft, and must have been a fine room ; it measures 71 ft. 7 in. long by 36 ft. 5 in. wide
growthofenglishh00gotc	Gotch, The Growth of the English House	Haddon Hall great hall	Derbyshire	internal length x width	43 ft. by 28 ft.	ft	13.106	86	70	measured	and is considerably larger than the hall at Haddon, which is 43 ft. by 28 ft.
growthofenglishh00gotc	Gotch, The Growth of the English House	Tattershall Castle brick tower	Lincolnshire	height to top of turrets	some 120 ft.	ft	36.576	95	79	author-estimate	It rises sheer from the ground ... to a vast height — some 120 ft. to the top of the turrets, and more than 100 ft. to the battlements.
growthofenglishh00gotc	Gotch, The Growth of the English House	Tattershall Castle brick tower	Lincolnshire	height to battlements (rampart walk level)	more than 100 ft.	ft	30.480	95	79	author-estimate	some 120 ft. to the top of the turrets, and more than 100 ft. to the battlements.
growthofenglishh00gotc	Gotch, The Growth of the English House	Tattershall Castle brick tower - large room on each storey	Lincolnshire	internal length x width (one such room per storey, four lofty storeys over a cellar)	about 38 ft. by 22 ft.	ft	11.582	96	"80 (head OCR'd as ""8o THE GROWTH OF THE ENGLISPl HOUSE."")"	author-estimate	floor consisted of one large room about 38 ft. by 22 ft., supplemented by small chambers in three of the turrets, and by one or two others in the walls, which are some 12 ft. thick.
growthofenglishh00gotc	Gotch, The Growth of the English House	Tattershall Castle brick tower	Lincolnshire	wall thickness (containing mural chambers and a long vaulted passage)	some 12 ft. thick	ft	3.658	96	80	author-estimate	supplemented by small chambers in three of the turrets, and by one or two others in the walls, which are some 12 ft. thick.
growthofenglishh00gotc	Gotch, The Growth of the English House	Tattershall Castle brick tower - circular staircase	Lincolnshire	stair well diameter	10 ft.	ft	3.048	96	80	measured	access from floor to floor is obtained by a circular staircase, 10 ft. in diameter. The rooms are approached from the stairs through vaulted lobbies, and on the third floor through a long vaulted passage in the thickness of the wall.
growthofenglishh00gotc	Gotch, The Growth of the English House	unnamed (typical great hall - GENERAL SILL RULE)	England	window sill height above floor (ordinary hall side windows; bay window is the exception, brought down to floor)	some 10 or 12 ft.	ft	3.658	120	"103 (running head ""104 the growth of the ENGLISH HOUSE."" follows the sentence in the same slice)"	author-estimate	Its lights were brought down low enough to afford an outlook, whereas the other windows of the hall were kept up some 10 or 12 ft. from the floor.
growthofenglishh00gotc	Gotch, The Growth of the English House	unnamed (typical great hall roof, 14th-15th c.)	England	bay spacing (roof principals spanning the hall side to side)	twelve feet or thereabouts	ft		134	"117 (head ""Il8 THE GROWTH OF THE ENGLISH HOUSE."" follows in the same slice)"	author-estimate	which spanned the hall from side to side at intervals of twelve feet or thereabouts.
growthofenglishh00gotc	Gotch, The Growth of the English House	Holdenby House (1580)	Northamptonshire	external front lengths (two fronts of the house block)	360 ft. and 224 ft.	ft	109.728	170	154	measured	Its fronts were 360 ft. and 224 ft. long, as against 320 ft. and 220 ft. at Blenheim, and 324 ft. and 210 ft. at Castle Howard.
growthofenglishh00gotc	Gotch, The Growth of the English House	Audley End (1610)	Essex	external frontages	470 ft. and 280 ft.	ft	143.256	170	154	measured	Audley End (1610) covered even more ground than Holdenby, its frontages extend- ing to 470 ft. and 280 ft.
growthofenglishh00gotc	Gotch, The Growth of the English House	"unnamed (published design, Kent's ""Designs of Inigo Jones"")"	England	storey height, principal (first) storey rooms	18 Feet high	ft	5.486	246		measured	The Rooms of the Plan are 18 Feet high; those above ’em
growthofenglishh00gotc	Gotch, The Growth of the English House	"unnamed (published design, Kent's ""Designs of Inigo Jones"")"	England	storey height, rooms of the storey above	16 Feet high	ft	4.877	247		measured	are 16 Feet high, except the Middle Room which comes over the Arcade to the Front, and includes the Attic Story.
growthofenglishh00gotc	Gotch, The Growth of the English House	unnamed (published designs, 18th c. fashion)	England	"internal height of a single double-storey ""middle room"""	as much as 40 ft. high	ft	12.192	247	230	author-estimate	it became fashionable (at any rate in published plans) to have one large and lofty room, sometimes as much as 40 ft. high.
growthofenglishh00gotc	Gotch, The Growth of the English House	unnamed (published designs, 18th c. attic storey)	England	window opening width (attic windows set in the frieze of the entablature)	3 or 4 ft.	ft	1.219	247	230	author-estimate	the windows of the attic storey are in the frieze of the entablature : this would allow a width of 3 or 4 ft., by a height which could ... only be measured in inches
growthofenglishh00gotc	Gotch, The Growth of the English House	Bishop's Palace, Salisbury - drawing-room	Wiltshire	internal length x width (room built over 12th-c. vaulting)	50 ft. by 25 ft.	ft	15.240	262	246	measured	This is the drawing-room, built over some of Bishop Poore’s twelfth-century vaulting. It is 50 ft. by 25 ft., a fine apartment
growthofenglishh00gotc	Gotch, The Growth of the English House	unnamed (18th-c. design manual worked example, centre block)	England	external front length and depth	65 ft. frontage; from 40 to 45 ft. depth	ft	19.812	242	226	author-estimate	The builder at once replies that a 65 ft. frontage will answer the purpose. ... Sixty-five feet being the correct length of the front, it follows that from 40 to 45 ft. must be the depth.
growthofenglishh00gotc	Gotch, The Growth of the English House	unnamed (18th-c. design manual worked example, detached wings)	England	wing front length and depth, and offset from centre block	35 ft. front, 48 ft. depth; set 28 ft. to right and left and 13 ft. forward	ft	10.668	242	226	author-estimate	The best measure in proportion to the 65 ft. is 35 : accordingly that is to be the length of the front of each wing. As to their depth, “ for a house of this bigness and design, 48 ft. will be a good measure.”
growthofenglishh00gotc	Gotch, The Growth of the English House	unnamed (17th-18th c. panelled interiors)	England	dado moulding height above floor (panelling divided into low and lofty ranges)	about 3 ft.	ft	0.914	277		author-estimate	a range of panels near the floor, surmounted by a horizontal moulding which made the circuit of the room at the height of about 3 ft. from the floor
someaccountofdom00turn	Turner, Domestic Architecture in England vol 1	Oakham Castle great hall	Oakham, Rutland	internal length	65 ft	ft	19.812	109	29	measured	It measures inside DOMESTIC ARCHITECTURE : TWELFTH CENTURY. HALL OF OAKHAM CASTLE. 6CALE OF FEET. GROUND PLAN / OAKHAM CASTLE. 29 65 ft. by 43 ft., and is divided by two rows of pillars and arches, thus cutting off two aisles which are lean-tos.
someaccountofdom00turn	Turner, Domestic Architecture in England vol 1	Oakham Castle great hall	Oakham, Rutland	internal width	43 ft	ft	13.106	109	29	measured	It measures inside DOMESTIC ARCHITECTURE : TWELFTH CENTURY. HALL OF OAKHAM CASTLE. 6CALE OF FEET. GROUND PLAN / OAKHAM CASTLE. 29 65 ft. by 43 ft., and is divided by two rows of pillars and arches, thus cutting off two aisles which are lean-tos.
someaccountofdom00turn	Turner, Domestic Architecture in England vol 1	Priory of St Martin, refectory (now a barn)	Dover, Kent	external length	107 feet	ft	32.614	146	44	measured	It measures exter- nally 107 feet by 34 feet, and the walls are 3 feet 6 inches in thickness.
someaccountofdom00turn	Turner, Domestic Architecture in England vol 1	Priory of St Martin, refectory (now a barn)	Dover, Kent	external width	34 feet	ft	10.363	146	44	measured	It measures exter- nally 107 feet by 34 feet, and the walls are 3 feet 6 inches in thickness.
someaccountofdom00turn	Turner, Domestic Architecture in England vol 1	Priory of St Martin, refectory (now a barn)	Dover, Kent	wall thickness	3 feet 6 inches	ft in	1.067	146	44	measured	It measures exter- nally 107 feet by 34 feet, and the walls are 3 feet 6 inches in thickness.
someaccountofdom00turn	Turner, Domestic Architecture in England vol 1	Priory of St Martin, refectory (now a barn)	Dover, Kent	internal length	100 feet	ft	30.480	146	44	measured	The interior measures 100 feet by 27 feet, and the walls to the springing of the roof are 26 feet high, and are plastered.
someaccountofdom00turn	Turner, Domestic Architecture in England vol 1	Priory of St Martin, refectory (now a barn)	Dover, Kent	internal width	27 feet	ft	8.230	146	44	measured	The interior measures 100 feet by 27 feet, and the walls to the springing of the roof are 26 feet high, and are plastered.
someaccountofdom00turn	Turner, Domestic Architecture in England vol 1	Priory of St Martin, refectory (now a barn)	Dover, Kent	height to wall-plate (springing of roof)	26 feet	ft	7.925	146	44	measured	The interior measures 100 feet by 27 feet, and the walls to the springing of the roof are 26 feet high, and are plastered.
someaccountofdom00turn	Turner, Domestic Architecture in England vol 1	Priory of St Martin, refectory (now a barn)	Dover, Kent	height of blank lower wall below any opening	12 feet 6 inches	ft in	3.810	146	44	measured	The lower part of the wall to the height of 12 feet 6 inches is entirely blank, and appears never to have had any opening through it, except the doorway at the south- west angle, already mentioned
someaccountofdom00turn	Turner, Domestic Architecture in England vol 1	Hostelry of the Priors of Lewes, porch	Southwark, London	internal length	19 ft	ft	5.791	162	50	measured	The porch extended 19 ft., and appeared to have been longer; its width was 11 ft. 9 in.
someaccountofdom00turn	Turner, Domestic Architecture in England vol 1	Hostelry of the Priors of Lewes, porch	Southwark, London	internal width	11 ft. 9 in.	ft in	3.581	162	50	measured	The porch extended 19 ft., and appeared to have been longer; its width was 11 ft. 9 in.
someaccountofdom00turn	Turner, Domestic Architecture in England vol 1	Hostelry of the Priors of Lewes, vaulted chamber (undercroft below hall)	Southwark, London	internal length	40 ft. 3 in.	ft in	12.268	163	51	measured	The vaulted chamber formed a parallelogram of 40 ft. 3 in., by 16 ft. 6 in., and 14 ft. 3 in. high, the vaulted roof being supported by arches springing from six semi- circular pillars attached to the side walls
someaccountofdom00turn	Turner, Domestic Architecture in England vol 1	Hostelry of the Priors of Lewes, vaulted chamber (undercroft below hall)	Southwark, London	internal width	16 ft. 6 in.	ft in	5.029	163	51	measured	The vaulted chamber formed a parallelogram of 40 ft. 3 in., by 16 ft. 6 in., and 14 ft. 3 in. high, the vaulted roof being supported by arches springing from six semi- circular pillars attached to the side walls
someaccountofdom00turn	Turner, Domestic Architecture in England vol 1	Hostelry of the Priors of Lewes, vaulted chamber (undercroft below hall)	Southwark, London	undercroft height (to crown of vault)	14 ft. 3 in.	ft in	4.343	163	51	measured	The vaulted chamber formed a parallelogram of 40 ft. 3 in., by 16 ft. 6 in., and 14 ft. 3 in. high, the vaulted roof being supported by arches springing from six semi- circular pillars attached to the side walls
someaccountofdom00turn	Turner, Domestic Architecture in England vol 1	Hostelry of the Priors of Lewes, vaulted chamber (undercroft below hall)	Southwark, London	height of vault springing above floor (pillar incl. cap and base)	5 ft. 10 in.	ft in	1.778	163	51	measured	these pillars were 5 ft. 10 in. high, including the capitals and base.
someaccountofdom00turn	Turner, Domestic Architecture in England vol 1	Hostelry of the Priors of Lewes, vaulted chamber (undercroft below hall)	Southwark, London	wall thickness	3 ft. 3 in.	ft in	0.991	163	51	measured	The walls were 3 ft. 3 in. thick.
someaccountofdom00turn	Turner, Domestic Architecture in England vol 1	Hostelry of the Priors of Lewes, vaulted chamber (undercroft below hall)	Southwark, London	vault web thickness	9 in.	in	0.229	163	51	measured	the vault was entirely chalk, 9 in. thick : the rest of the lower building rubble.
someaccountofdom00turn	Turner, Domestic Architecture in England vol 1	Hostelry of the Priors of Lewes, vaulted chamber (undercroft below hall)	Southwark, London	undercroft floor level below porch floor	nearly 3^ ft.	ft	0.914	163	51	ocr-uncertain	there was a flight of steps to the chamber, the floor of which was nearly 3^ ft. lower
someaccountofdom00turn	Turner, Domestic Architecture in England vol 1	Norman house (probably of Baldwin de Redvers), by the keep mound	Christ Church (Christchurch), Hampshire	external length	about seventy feet	ft		130	38	author-estimate	It is about seventy feet long, and twenty-four broad, its walls, like those of the keep, being exceedingly thick.
someaccountofdom00turn	Turner, Domestic Architecture in England vol 1	Norman house (probably of Baldwin de Redvers), by the keep mound	Christ Church (Christchurch), Hampshire	external width	twenty-four	ft		130	38	ocr-uncertain	It is about seventy feet long, and twenty-four broad, its walls, like those of the keep, being exceedingly thick.
someaccountofdom00turn	Turner, Domestic Architecture in England vol 1	London citizens' houses, statutory party wall (Assize of Buildings)	City of London	wall thickness	three feet	ft		95	18	measured	and so they shall construct, at their joint cost, a stone wall, three feet thick and sixteen feet in height.
someaccountofdom00turn	Turner, Domestic Architecture in England vol 1	London citizens' houses, statutory party wall (Assize of Buildings)	City of London	party wall height (stone storey, timber above)	sixteen feet	ft		95	18	measured	and so they shall construct, at their joint cost, a stone wall, three feet thick and sixteen feet in height.
someaccountofdom00turn	Turner, Domestic Architecture in England vol 1	London citizens' houses, statutory party wall (Assize of Buildings)	City of London	mural recess (arch) depth, each side of party wall	one foot	ft		95	18	measured	let the arches be made on each side of the depth of one foot only, so that the wall between the arches may be one foot thick.
someaccountofdom00turn	Turner, Domestic Architecture in England vol 1	King's house for Edward I, upper chamber (camera ad estagiam)	Woolmer, Hampshire	internal length	seventy-two feet	ft		178	60	measured	This building consisted of an upper chamber {camera ad estagiam) seventy-two feet long and twenty- eight feet wide, with two chimneys, a small chapel and two wardrobes, of masonry
someaccountofdom00turn	Turner, Domestic Architecture in England vol 1	King's house for Edward I, upper chamber (camera ad estagiam)	Woolmer, Hampshire	internal width	twenty- eight feet	ft		178	60	ocr-uncertain	This building consisted of an upper chamber {camera ad estagiam) seventy-two feet long and twenty- eight feet wide, with two chimneys, a small chapel and two wardrobes, of masonry
someaccountofdom00turn	Turner, Domestic Architecture in England vol 1	"Licence to crenellate ""Mockes"", enclosing wall"	"""Mockes"", Herefordshire"	enclosure wall height below the crenellation	ten feet	ft		192	71	measured	with a wall of stone and lime, without tower or turret, so that the wall under the crenellation should be ten feet high.
someaccountofdom00turn	Turner, Domestic Architecture in England vol 1	Charney-Basset (the Monk's House), hall	Charney, parish of Longworth, Berkshire	internal length	about 36 feet	ft	10.973	320	154	author-estimate	the foun- dations and part of the back wall appear to be original ; it was about 36 feet by 17.
someaccountofdom00turn	Turner, Domestic Architecture in England vol 1	Charney-Basset (the Monk's House), hall	Charney, parish of Longworth, Berkshire	internal width	17	ft	5.182	320	154	author-estimate	the foun- dations and part of the back wall appear to be original ; it was about 36 feet by 17.
someaccountofdom00turn	Turner, Domestic Architecture in England vol 1	Charney-Basset (the Monk's House), chapel / private oratory over south wing	Charney, parish of Longworth, Berkshire	internal length	12 ft. 5 in.	ft in	3.785	320	154	measured	and is itself so small (12 ft. 5 in. by 9 ft. 10 in.) that it appears to have been merely a private oratory
someaccountofdom00turn	Turner, Domestic Architecture in England vol 1	Charney-Basset (the Monk's House), chapel / private oratory over south wing	Charney, parish of Longworth, Berkshire	internal width	9 ft. 10 in.	ft in	2.997	320	154	measured	and is itself so small (12 ft. 5 in. by 9 ft. 10 in.) that it appears to have been merely a private oratory
someaccountofdom00turn	Turner, Domestic Architecture in England vol 1	Charney-Basset (the Monk's House), south wing ground-floor room under the solar	Charney, parish of Longworth, Berkshire	internal length	30 feet	ft	9.144	331	155	measured	the larger room is 30 feet by 16, and has an original fire-place in it
someaccountofdom00turn	Turner, Domestic Architecture in England vol 1	Charney-Basset (the Monk's House), south wing ground-floor room under the solar	Charney, parish of Longworth, Berkshire	internal width	16	ft	4.877	331	155	measured	the larger room is 30 feet by 16, and has an original fire-place in it
someaccountofdom00turn	Turner, Domestic Architecture in England vol 1	Stoke-Say (Stokesay) castle, moat	Stoke-Say, Shropshire	moat width	about 22 feet	ft	6.706	337	157	author-estimate	The buildings and court-yard are surrounded with a moat about 22 feet wide, and which comes up close to the walls of the house
someaccountofdom00turn	Turner, Domestic Architecture in England vol 1	Stoke-Say (Stokesay) castle, great hall	Stoke-Say, Shropshire	internal length	51 ft	ft	15.545	347	159	measured	occupied in its whole height and width by the hall, which is in the interior 51 ft. by 31.
someaccountofdom00turn	Turner, Domestic Architecture in England vol 1	Stoke-Say (Stokesay) castle, great hall	Stoke-Say, Shropshire	internal width	31	ft	9.449	347	159	measured	occupied in its whole height and width by the hall, which is in the interior 51 ft. by 31.
someaccountofdom00turn	Turner, Domestic Architecture in England vol 1	Stoke-Say (Stokesay) castle, tower projecting from north wing into the moat	Stoke-Say, Shropshire	external width	14 feet	ft	4.267	348	160	measured	a tower pro- jecting from it into the moat, having very thick walls, and measuring 14 feet on the outside, and not quite 7 within.
someaccountofdom00turn	Turner, Domestic Architecture in England vol 1	Stoke-Say (Stokesay) castle, tower projecting from north wing into the moat	Stoke-Say, Shropshire	internal width	not quite 7	ft	2.134	348	160	author-estimate	a tower pro- jecting from it into the moat, having very thick walls, and measuring 14 feet on the outside, and not quite 7 within.
someaccountofdom00turn	Turner, Domestic Architecture in England vol 1	Cottesford manor-house	Cottesford, Oxfordshire	wall thickness	two feet six inches	ft in		356	162	measured	the general thickness of the walls is two feet six inches.
someaccountofdom00turn	Turner, Domestic Architecture in England vol 1	Cottesford manor-house, first-floor closet in north-west projection	Cottesford, Oxfordshire	internal width (square on plan)	about six feet	ft		356	162	author-estimate	The first floor presents nothing remarkable but a small closet about six feet square in the north-west projection
someaccountofdom00turn	Turner, Domestic Architecture in England vol 1	Crowhurst manor-house (two-storey block, vaulted below)	Crowhurst, Sussex	internal length	40 ft	ft	12.192	365	165	measured	They consist of portions of a building running east and west, and measuring internally 40 ft. by 23, and of a porch attached to the south-east angle.
someaccountofdom00turn	Turner, Domestic Architecture in England vol 1	Crowhurst manor-house (two-storey block, vaulted below)	Crowhurst, Sussex	internal width	23	ft	7.010	365	165	measured	They consist of portions of a building running east and west, and measuring internally 40 ft. by 23, and of a porch attached to the south-east angle.
someaccountofdom00turn	Turner, Domestic Architecture in England vol 1	Bishop's Palace, earlier block (long room or gallery over groin-vaulted ground floor)	Wells, Somerset	external length	about 80 ft	ft	24.384	366	165	author-estimate	The earlier portion is a building about 80 ft. by 40.
someaccountofdom00turn	Turner, Domestic Architecture in England vol 1	Bishop's Palace, earlier block (long room or gallery over groin-vaulted ground floor)	Wells, Somerset	external width	40	ft	12.192	366	165	author-estimate	The earlier portion is a building about 80 ft. by 40.
someaccountofdom00turn	Turner, Domestic Architecture in England vol 1	Bishop's Palace, great hall (ruined, octagonal turret at each angle)	Wells, Somerset	internal length	120 ft	ft	36.576	367	166	measured	It was a magnificent room, 120 ft. by 70, with windows in the side.
someaccountofdom00turn	Turner, Domestic Architecture in England vol 1	Bishop's Palace, great hall (ruined, octagonal turret at each angle)	Wells, Somerset	internal width	70	ft	21.336	367	166	measured	It was a magnificent room, 120 ft. by 70, with windows in the side.
someaccountofdom00turn	Turner, Domestic Architecture in England vol 1	Acton Burnell, bishop's house (parallelogram with corner towers)	Acton Burnell, Shropshire	external length	about ninety-five feet	ft		372	170	author-estimate	The general form of the house at Acton Burnell is a parallelogram measuring about ninety-five feet by sixty, and having a small square tower at each angle.
someaccountofdom00turn	Turner, Domestic Architecture in England vol 1	Acton Burnell, bishop's house (parallelogram with corner towers)	Acton Burnell, Shropshire	external width	sixty	ft		372	170	author-estimate	The general form of the house at Acton Burnell is a parallelogram measuring about ninety-five feet by sixty, and having a small square tower at each angle.
someaccountofdom00turn	Turner, Domestic Architecture in England vol 1	Acton Burnell, hall	Acton Burnell, Shropshire	internal length	50 ft	ft	15.240	383		measured	A. Hall, 50 ft by 24
someaccountofdom00turn	Turner, Domestic Architecture in England vol 1	Acton Burnell, hall	Acton Burnell, Shropshire	internal width	24	ft	7.315	383		measured	A. Hall, 50 ft by 24
someaccountofdom00turn	Turner, Domestic Architecture in England vol 1	Old Soar manor-house, principal room (solar over vaulted undercroft)	Old Soar, Kent	internal length	25 ft	ft	7.620	395	174	measured	The principal room is 25 ft. by 20; it has a fire-place in the north wall
someaccountofdom00turn	Turner, Domestic Architecture in England vol 1	Old Soar manor-house, principal room (solar over vaulted undercroft)	Old Soar, Kent	internal width	20	ft	6.096	395	174	measured	The principal room is 25 ft. by 20; it has a fire-place in the north wall
someaccountofdom00turn	Turner, Domestic Architecture in England vol 1	Old Soar manor-house, shaft beside the entrance doorway	Old Soar, Kent	corbel height above ground	about 5 ft	ft	1.524	395	174	author-estimate	By its side is a short shaft, resting on a corbel about 5 ft. from the ground, with a foliated capital supporting a block of stone
someaccountofdom00turn	Turner, Domestic Architecture in England vol 1	The Priory (present Deanery, formerly the prior's house), hall roof	Winchester, Hampshire	roof-arch corbel height below wall-plate	about two feet	ft		406	177	author-estimate	is supported by a wooden arch spring- ing from corbels, about two feet below the wall-plate, these corbels are carved into heads
someaccountofdom00turn	Turner, Domestic Architecture in England vol 1	Clarendon palace, windows under the queen's new wardrobe (writ of Henry III)	Clarendon, Wiltshire	window opening width	one foot	ft		442	206	measured	to make under the new wardrobe of the queen at Clarendon, four windows, each to be of the width of one foot, and to cause them to be well barred with iron ; taking care that those windows be so high, that no one standing on the areaf can see through them.
someaccountofdom00turn	Turner, Domestic Architecture in England vol 1	Clarendon palace, great square kitchen (writ of Henry III)	Clarendon, Wiltshire	internal width and length (square, within the walls)	forty feet	ft		439	202	ocr-uncertain	And nigh the king's kitchen he is to make another great, and square, kitchen, which is to be every way within the walls forty feet
someaccountofdom00turn	Turner, Domestic Architecture in England vol 1	Windsor Castle, wall from the king's hall door to the galilee of the new chapel (writ of Henry III)	Windsor, Berkshire	courtyard wall height	ten feet	ft		460	223	measured	Godfrey de Lyston is ordered to build a certain stone wall ten feet high from the door of the king's hall at Windsor to the galileed of the new chapel, with a certain doorway, not too large, opposite the wardrobe
someaccountofdom00turn	Turner, Domestic Architecture in England vol 1	Windsor Castle, king's chamber against the castle wall (writ of Henry III)	Windsor, Berkshire	internal length	sixty feet	ft		430	193	measured	to make in our castle of Windsor a certain chamber for our use nigh the wall of the same castle of the length of sixty feet, and of the width of twenty-eight feet
someaccountofdom00turn	Turner, Domestic Architecture in England vol 1	Windsor Castle, king's chamber against the castle wall (writ of Henry III)	Windsor, Berkshire	internal width	twenty-eight feet	ft		430	193	ocr-uncertain	to make in our castle of Windsor a certain chamber for our use nigh the wall of the same castle of the length of sixty feet, and of the width of twenty-eight feet
someaccountofdom00turn	Turner, Domestic Architecture in England vol 1	Ludgershall, new hall replacing the old hall (writ of Henry III)	Ludgershall, Wiltshire	internal length	sixty feet	ft		440	204	measured	a new hall in place of the old hall, which is to be sixty feet long and forty feet wide, with four upright b windows
someaccountofdom00turn	Turner, Domestic Architecture in England vol 1	Ludgershall, new hall replacing the old hall (writ of Henry III)	Ludgershall, Wiltshire	internal width	forty feet	ft		440	204	ocr-uncertain	a new hall in place of the old hall, which is to be sixty feet long and forty feet wide, with four upright b windows
someaccountofdom00turn	Turner, Domestic Architecture in England vol 1	Dublin Castle, hall ordered after the pattern of Canterbury (writ of Henry III)	Dublin, Ireland	internal length	one hundred and twenty- feet	ft		495	259	ocr-uncertain	to cause to be built in Dublin castle a hall containing one hundred and twenty- feet in length and eighty feet in width, with sufficient windows and glass casements, after the fashion of the hall at Canterbury
someaccountofdom00turn	Turner, Domestic Architecture in England vol 1	Dublin Castle, hall ordered after the pattern of Canterbury (writ of Henry III)	Dublin, Ireland	internal width	eighty feet	ft		495	259	measured	to cause to be built in Dublin castle a hall containing one hundred and twenty- feet in length and eighty feet in width, with sufficient windows and glass casements, after the fashion of the hall at Canterbury
someaccountofdom00turn	Turner, Domestic Architecture in England vol 1	Dublin Castle hall, round window in the gable over the dais (writ of Henry III)	Dublin, Ireland	round window circumference	thirty feet	ft		495	259	ocr-uncertain	and they are to make in the gable over the dais a round window thirty feet in circumference
someaccountofdom00turn	Turner, Domestic Architecture in England vol 1	Marlborough Castle, queen's chamber with an upper story (writ of Henry III)	Marlborough, Wiltshire	internal width (within the walls)	twenty-four feet	ft		443	206	ocr-uncertain	so that the same chamber contain twenty-four feet in width within the walls of the same chamber
someaccountofdom00turn	Turner, Domestic Architecture in England vol 1	Guildford, solar over the new stone gateway (writ of Henry III)	Guildford, Surrey	internal length (within the walls)	thirty-two feet	ft		484	243	ocr-uncertain	We order you to build a certain stone gateway at Guildford, and a certain solar above that gateway, of the length of thirty-two feet, within the walls, and of the width of eighteen feet
someaccountofdom00turn	Turner, Domestic Architecture in England vol 1	Guildford, solar over the new stone gateway (writ of Henry III)	Guildford, Surrey	internal width	eighteen feet	ft		484	243	measured	We order you to build a certain stone gateway at Guildford, and a certain solar above that gateway, of the length of thirty-two feet, within the walls, and of the width of eighteen feet
someaccountofdom00turn	Turner, Domestic Architecture in England vol 1	Winchester Castle, house of the king's chaplains - extension to carry a cellar and solar (writ of Henry III)	Winchester, Hampshire	length of new cellar-and-solar extension	twenty-four feet	ft		485	249	ocr-uncertain	to lengthen the house of the king's chaplains by twenty-four HISTORICAL ILLUSTRATIONS. 249 feet, so that a cellar and solar may be made of that [new] length
someaccountofdom00turn	Turner, Domestic Architecture in England vol 1	Hospital of St John, hall (built c.1160 by Henry II)	Angers, France	bay spacing (count of bays, three aisles)	eight bays in length	bays		514	269	measured	It is eight bays in length, each bay has a separate vault, there are therefore twenty-four of these small domes, but they are so low as not to interfere with the external roof.
someaccountofdom00turn	Turner, Domestic Architecture in England vol 1	Tower-house on the Moselle	Gondorf, Germany	internal length	about 42 ft	ft	12.802	502	266	author-estimate	It measures internally about 42 ft. by 28 ft.
someaccountofdom00turn	Turner, Domestic Architecture in England vol 1	Tower-house on the Moselle	Gondorf, Germany	internal width	28 ft	ft	8.534	502	266	author-estimate	It measures internally about 42 ft. by 28 ft.
someaccountofdom00turn	Turner, Domestic Architecture in England vol 1	Manoir de la Courbe, first (smaller) hall	near Bree, arrondissement of Laval, Mayenne, France	internal length	about 52 feet	ft	15.850	505	267	author-estimate	The remains of two large halls are also mentioned, the one about 52 feet by 26, the other about 62 feet by 30d.
someaccountofdom00turn	Turner, Domestic Architecture in England vol 1	Manoir de la Courbe, first (smaller) hall	near Bree, arrondissement of Laval, Mayenne, France	internal width	26	ft	7.925	505	267	author-estimate	The remains of two large halls are also mentioned, the one about 52 feet by 26, the other about 62 feet by 30d.
someaccountofdom00turn	Turner, Domestic Architecture in England vol 1	Manoir de la Courbe, second (larger) hall	near Bree, arrondissement of Laval, Mayenne, France	internal length	about 62 feet	ft	18.898	505	267	author-estimate	The remains of two large halls are also mentioned, the one about 52 feet by 26, the other about 62 feet by 30d.
someaccountofdom00turn	Turner, Domestic Architecture in England vol 1	Manoir de la Courbe, second (larger) hall	near Bree, arrondissement of Laval, Mayenne, France	internal width	30	ft	9.144	505	267	author-estimate	The remains of two large halls are also mentioned, the one about 52 feet by 26, the other about 62 feet by 30d.
someaccountofdom00park_0	Turner/Parker, Domestic Architecture in England vol 2	Elsdon Rectory, Northumberland — ground-floor vaulted apartment (undercroft)	Elsdon, Northumberland	internal length	27 ft. 10 in.	ft in	8.484	316	201	measured	On the ground floor is a vaulted apart- ment, 12 ft. in height to the top of the arch, and 27 ft. 10 in. long, by 15 ft. 6 in. in width
someaccountofdom00park_0	Turner/Parker, Domestic Architecture in England vol 2	Elsdon Rectory, Northumberland — ground-floor vaulted apartment (undercroft)	Elsdon, Northumberland	internal width	15 ft. 6 in.	ft in	4.724	316	201	measured	On the ground floor is a vaulted apart- ment, 12 ft. in height to the top of the arch, and 27 ft. 10 in. long, by 15 ft. 6 in. in width
someaccountofdom00park_0	Turner/Parker, Domestic Architecture in England vol 2	Elsdon Rectory, Northumberland — ground-floor vaulted apartment (undercroft)	Elsdon, Northumberland	undercroft height (to crown of vault)	12 ft.	ft	3.658	316	201	measured	On the ground floor is a vaulted apart- ment, 12 ft. in height to the top of the arch, and 27 ft. 10 in. long, by 15 ft. 6 in. in width
someaccountofdom00park_0	Turner/Parker, Domestic Architecture in England vol 2	Elsdon Rectory, Northumberland — tower shell	Elsdon, Northumberland	wall thickness (external walling, whole tower)	7 ft. 8 in.	ft in	2.337	315	201	measured	It is of good common walling, 7 ft. 8 in. in thickness, and its outside measurement is 43 ft. 2 in. by 30 ft. 10
someaccountofdom00park_0	Turner/Parker, Domestic Architecture in England vol 2	Elsdon Rectory, Northumberland — tower shell	Elsdon, Northumberland	external length	43 ft. 2 in.	ft in	13.157	315	201	measured	It is of good common walling, 7 ft. 8 in. in thickness, and its outside measurement is 43 ft. 2 in. by 30 ft. 10
someaccountofdom00park_0	Turner/Parker, Domestic Architecture in England vol 2	Elsdon Rectory, Northumberland — tower shell	Elsdon, Northumberland	external width	30 ft. 10 in.	ft in	9.398	315	201	measured	It is of good common walling, 7 ft. 8 in. in thickness, and its outside measurement is 43 ft. 2 in. by 30 ft. 10
someaccountofdom00park_0	Turner/Parker, Domestic Architecture in England vol 2	Elsdon Rectory, Northumberland — tower shell	Elsdon, Northumberland	height to top of parapet wall	42 ft.	ft	12.802	316	201	measured	its height to the top of the parapet wall is 42 ft.
someaccountofdom00park_0	Turner/Parker, Domestic Architecture in England vol 2	Elsdon Rectory, Northumberland — entrance passage	Elsdon, Northumberland	door/entrance passage width	4 ft. 6 in.	ft in	1.372	316	201	measured	The entrance is by a passage on the north side, the width of which is 4 ft. 6 in.
someaccountofdom00park_0	Turner/Parker, Domestic Architecture in England vol 2	Elsdon Rectory, Northumberland — newel staircase	Elsdon, Northumberland	newel stair diameter	5 ft. 8 in.	ft in	1.727	316	201	measured	a newel stair- case 5 ft. 8 in. in diameter, and lighted by three narrow loop-holes
someaccountofdom00park_0	Turner/Parker, Domestic Architecture in England vol 2	Elsdon Rectory, Northumberland — first floor	Elsdon, Northumberland	storey height (first floor)	10 ft. 8 in.	ft in	3.251	316	201	measured	This leads to the first floor 10 ft. 8 in. high
someaccountofdom00park_0	Turner/Parker, Domestic Architecture in England vol 2	Belsay Castle, Northumberland — chief apartment (hall, first story)	Belsay, Northumberland	internal length	43 ft.	ft	13.106	320	205	measured	On the east side of the first story is the chief apartment, 43 ft. long by 21^ ft. broad, and nearly 17 ft. in height
someaccountofdom00park_0	Turner/Parker, Domestic Architecture in England vol 2	Belsay Castle, Northumberland — chief apartment (hall, first story)	Belsay, Northumberland	internal width	21^ ft. (21 1/2 ft.)	ft	6.553	320	205	ocr-uncertain	On the east side of the first story is the chief apartment, 43 ft. long by 21^ ft. broad, and nearly 17 ft. in height
someaccountofdom00park_0	Turner/Parker, Domestic Architecture in England vol 2	Belsay Castle, Northumberland — chief apartment (hall, first story)	Belsay, Northumberland	internal height	nearly 17 ft.	ft	5.182	320	205	author-estimate	On the east side of the first story is the chief apartment, 43 ft. long by 21^ ft. broad, and nearly 17 ft. in height
someaccountofdom00park_0	Turner/Parker, Domestic Architecture in England vol 2	Belsay Castle, Northumberland — tower shell	Belsay, Northumberland	external length (north to south)	56J feet (56 1/2 ft.)	ft	17.221	320	205	ocr-uncertain	The building measures externally from north to south 56J feet, and from east to west 47 feet 3 inches
someaccountofdom00park_0	Turner/Parker, Domestic Architecture in England vol 2	Belsay Castle, Northumberland — tower shell	Belsay, Northumberland	external width (east to west)	47 feet 3 inches	ft in	14.402	320	205	measured	The building measures externally from north to south 56J feet, and from east to west 47 feet 3 inches
someaccountofdom00park_0	Turner/Parker, Domestic Architecture in England vol 2	Winchelsea, Sussex — vaulted cellar under a burgage plot (typical of many)	Winchelsea, Sussex	internal length	50 feet	ft	15.240	256	162	measured	One of these cellars is 50 feet long by 18 wide and 12 high, and most of the others are of similar dimensions
someaccountofdom00park_0	Turner/Parker, Domestic Architecture in England vol 2	Winchelsea, Sussex — vaulted cellar under a burgage plot (typical of many)	Winchelsea, Sussex	internal width	18 feet	ft	5.486	256	162	measured	One of these cellars is 50 feet long by 18 wide and 12 high, and most of the others are of similar dimensions
someaccountofdom00park_0	Turner/Parker, Domestic Architecture in England vol 2	Winchelsea, Sussex — vaulted cellar under a burgage plot (typical of many)	Winchelsea, Sussex	undercroft height	12 feet	ft	3.658	256	162	measured	One of these cellars is 50 feet long by 18 wide and 12 high, and most of the others are of similar dimensions
someaccountofdom00park_0	Turner/Parker, Domestic Architecture in England vol 2	Corbridge parsonage Pele tower, Northumberland — first-floor room	Corbridge, Northumberland	internal length	nineteen feet	ft		324	207	author-estimate	The first floor appears to have been a single room, nineteen feet long by thirteen wide, and about eight feet high, separated from the upper room by a wooden floor only
someaccountofdom00park_0	Turner/Parker, Domestic Architecture in England vol 2	Corbridge parsonage Pele tower, Northumberland — first-floor room	Corbridge, Northumberland	internal width	thirteen feet	ft		324	207	author-estimate	The first floor appears to have been a single room, nineteen feet long by thirteen wide, and about eight feet high, separated from the upper room by a wooden floor only
someaccountofdom00park_0	Turner/Parker, Domestic Architecture in England vol 2	Corbridge parsonage Pele tower, Northumberland — first-floor room	Corbridge, Northumberland	internal height (to underside of timber floor above)	about eight feet	ft		324	207	author-estimate	The first floor appears to have been a single room, nineteen feet long by thirteen wide, and about eight feet high, separated from the upper room by a wooden floor only
someaccountofdom00park_0	Turner/Parker, Domestic Architecture in England vol 2	"Lapworth manor-house, Warwickshire (1314 mason's contract, Sir John Bishopsden) — ""sovereign chamber"" (the hall, upper storey, full length of house)"	Lapworth, Warwickshire	internal length	forty feet	ft		32	7	ocr-uncertain	""" the sovereign chamber,"" extend- ing the entire length of the mansion, was forty feet long and eighteen feet wide"
someaccountofdom00park_0	Turner/Parker, Domestic Architecture in England vol 2	"Lapworth manor-house, Warwickshire (1314 mason's contract) — ""sovereign chamber"" (the hall, upper storey)"	Lapworth, Warwickshire	internal width	eighteen feet	ft		32	7	measured	""" the sovereign chamber,"" extend- ing the entire length of the mansion, was forty feet long and eighteen feet wide"
someaccountofdom00park_0	Turner/Parker, Domestic Architecture in England vol 2	"Lapworth manor-house, Warwickshire (1314 mason's contract) — ""sovereign chamber"" (the hall, upper storey)"	Lapworth, Warwickshire	internal height (floor to rafters)	nine feet	ft		31	7	measured	"this "" sovereign chamber"" to be nine feet high from the floor to the rafters, and aluresf of stone two feet and a half in height were to be raised above the roof timbers"
someaccountofdom00park_0	Turner/Parker, Domestic Architecture in England vol 2	Lapworth manor-house, Warwickshire (1314 mason's contract) — whole house	Lapworth, Warwickshire	internal length (within the walls)	forty feet	ft		30	6	ocr-uncertain	This building was to be forty feet in length within the walls, and eighteen feet in width
someaccountofdom00park_0	Turner/Parker, Domestic Architecture in England vol 2	Lapworth manor-house, Warwickshire (1314 mason's contract) — end (gable) walls	Lapworth, Warwickshire	wall thickness (end walls with the gables)	three feet and a half	ft		30	6	measured	the end walls with the gables were to be three feet and a half in thickness, and the back and front walls two feet and a half
someaccountofdom00park_0	Turner/Parker, Domestic Architecture in England vol 2	Lapworth manor-house, Warwickshire (1314 mason's contract) — front and back walls	Lapworth, Warwickshire	wall thickness (back and front walls)	two feet and a half	ft		30	6	measured	the end walls with the gables were to be three feet and a half in thickness, and the back and front walls two feet and a half
someaccountofdom00park_0	Turner/Parker, Domestic Architecture in England vol 2	Lapworth manor-house, Warwickshire (1314 mason's contract) — ground storey (doorway and base chambers)	Lapworth, Warwickshire	storey height (ground to first rafters)	eleven feet	ft		31	7	measured	this doorway, together with the base chambers, to be eleven feet in height from the ground to the first rafters
someaccountofdom00park_0	Turner/Parker, Domestic Architecture in England vol 2	Lapworth manor-house, Warwickshire (1314 mason's contract) — parapet (alure)	Lapworth, Warwickshire	parapet height above roof timbers	two feet and a half	ft		31	7	measured	aluresf of stone two feet and a half in height were to be raised above the roof timbers
someaccountofdom00park_0	Turner/Parker, Domestic Architecture in England vol 2	The Fish House, Meare, Somersetshire — whole house	Meare, Somersetshire	internal length	about 32 ft.	ft	9.754	493	300	author-estimate	the plan is a parallelogram about 32 ft. long by 16 ft. wide ; it is of two stories, the ground floor is divided into three rooms
someaccountofdom00park_0	Turner/Parker, Domestic Architecture in England vol 2	The Fish House, Meare, Somersetshire — whole house	Meare, Somersetshire	internal width	16 ft.	ft	4.877	493	300	author-estimate	the plan is a parallelogram about 32 ft. long by 16 ft. wide ; it is of two stories, the ground floor is divided into three rooms
someaccountofdom00park_0	Turner/Parker, Domestic Architecture in England vol 2	The Fish House, Meare, Somersetshire — ground-floor rooms	Meare, Somersetshire	storey height (ground floor, to underside of upper floor)	about seven feet	ft		493	301	author-estimate	These rooms are about seven feet high ; the floor of the upper rooms forms the roof of these, and is carried on stone corbels
someaccountofdom00park_0	Turner/Parker, Domestic Architecture in England vol 2	Archbishop's Palace, Mayfield, Sussex — great hall	Mayfield, Sussex	internal length	69 ft. 5 in.	ft in	21.158	473	290	measured	The internal dimensions are very grand, 69 ft. 5 in. by 39 ft. 3 in.
someaccountofdom00park_0	Turner/Parker, Domestic Architecture in England vol 2	Archbishop's Palace, Mayfield, Sussex — great hall	Mayfield, Sussex	internal width	39 ft. 3 in.	ft in	11.963	473	290	measured	The internal dimensions are very grand, 69 ft. 5 in. by 39 ft. 3 in.
someaccountofdom00park_0	Turner/Parker, Domestic Architecture in England vol 2	Archbishop's Palace, Mayfield, Sussex — great hall (second, quoted authority)	Mayfield, Sussex	internal length x width (conflicting figures for the same hall)	68 ft. by 38 ft.	ft	20.726	477	293	author-estimate	The arches of the great hall yet remain. Its dimensions within are 68 ft. by 38 ft.
someaccountofdom00park_0	Turner/Parker, Domestic Architecture in England vol 2	Archbishop's Palace, Mayfield, Sussex — entrance porch	Mayfield, Sussex	internal length (porch, inside)	19 ft. 10 in.	ft in	6.045	473	290	measured	The entrance porch (12 ft. 6 in. by 19 ft. 10 in. inside) is on the south side of the hall, in the westernmost bay
someaccountofdom00park_0	Turner/Parker, Domestic Architecture in England vol 2	Archbishop's Palace, Mayfield, Sussex — entrance porch	Mayfield, Sussex	internal width (porch, inside)	12 ft. 6 in.	ft in	3.810	473	290	measured	The entrance porch (12 ft. 6 in. by 19 ft. 10 in. inside) is on the south side of the hall, in the westernmost bay
someaccountofdom00park_0	Turner/Parker, Domestic Architecture in England vol 2	Archbishop's Palace, Mayfield, Sussex — hall buttresses	Mayfield, Sussex	buttress footprint (projection x width)	3 ft. 10 in. by 7 ft. 6 in.	ft in	1.168	474	291	measured	The great size of the buttresses, 3 ft. 10 in. by 7 ft. 6 in., is necessary in order to resist the thrust of the great arches across the hall
someaccountofdom00park_0	Turner/Parker, Domestic Architecture in England vol 2	Archbishop's Palace, Mayfield, Sussex — hall parapet	Mayfield, Sussex	parapet-carrying arch projection from wall face	about 9 in.	in	0.229	474	291	author-estimate	above them are arches of segmental construction like those in the hall at Penshurst, projecting about 9 in. and carrying the parapet
someaccountofdom00park_0	Turner/Parker, Domestic Architecture in England vol 2	Sutton Courtenay, Berkshire — hall	Sutton Courtenay, Berkshire	internal length	40 ft.	ft	12.192	445	272	measured	s 40ft. by 23 ft. 10 in.; its original op
someaccountofdom00park_0	Turner/Parker, Domestic Architecture in England vol 2	Sutton Courtenay, Berkshire — hall	Sutton Courtenay, Berkshire	internal width	23 ft. 10 in.	ft in	7.264	445	272	measured	s 40ft. by 23 ft. 10 in.; its original op
someaccountofdom00park_0	Turner/Parker, Domestic Architecture in England vol 2	Sutton Courtenay, Berkshire — solar (south wing)	Sutton Courtenay, Berkshire	internal length	about 35 feet	ft	10.668	448	274	author-estimate	in this is the solar, which was probably about 35 feet by 17
someaccountofdom00park_0	Turner/Parker, Domestic Architecture in England vol 2	Sutton Courtenay, Berkshire — solar (south wing)	Sutton Courtenay, Berkshire	internal width	17 feet	ft	5.182	448	274	author-estimate	in this is the solar, which was probably about 35 feet by 17
someaccountofdom00park_0	Turner/Parker, Domestic Architecture in England vol 2	Hurley Priory, Berkshire — upper room (dormitory)	Hurley, Berkshire	internal length	66 ft.	ft	20.117	447	272 (footnote n)	ocr-uncertain	The size of the room is about 20 ft. 6' in. by 66 ft.
someaccountofdom00park_0	Turner/Parker, Domestic Architecture in England vol 2	Hurley Priory, Berkshire — upper room (dormitory)	Hurley, Berkshire	internal width	about 20 ft. 6' in. (20 ft. 6 in.)	ft in	6.248	447	272 (footnote n)	ocr-uncertain	The size of the room is about 20 ft. 6' in. by 66 ft.
someaccountofdom00park_0	Turner/Parker, Domestic Architecture in England vol 2	Hurley Priory, Berkshire — dormitory windows (single-light trefoil-headed)	Hurley, Berkshire	window opening width	2 ft. 5\ in. (2 ft. 5 1/2 in.)	ft in	0.749	447	272 (footnote n)	ocr-uncertain	The dimensions of these windows are rather peculiar, 2 ft. 5\ in. wide by 2 ft. 3g in. from the sill to the line of the springing of the arch
someaccountofdom00park_0	Turner/Parker, Domestic Architecture in England vol 2	Hurley Priory, Berkshire — dormitory windows (single-light trefoil-headed)	Hurley, Berkshire	window height from sill to springing of arch	2 ft. 3g in. (2 ft. 3 3/8 in.?)	ft in	0.610	447	272 (footnote n)	ocr-uncertain	The dimensions of these windows are rather peculiar, 2 ft. 5\ in. wide by 2 ft. 3g in. from the sill to the line of the springing of the arch
someaccountofdom00park_0	Turner/Parker, Domestic Architecture in England vol 2	Gerrard's Hall crypt, London — merchant's vaulted lower storey (cellar/warehouse under the hall)	London	internal length	42 feet	ft	12.802	291	186	measured	Its dimensions were 42 feet long by 21 wide
someaccountofdom00park_0	Turner/Parker, Domestic Architecture in England vol 2	Gerrard's Hall crypt, London — merchant's vaulted lower storey (cellar/warehouse under the hall)	London	internal width	21 feet	ft	6.401	291	186	measured	Its dimensions were 42 feet long by 21 wide
someaccountofdom00park_0	Turner/Parker, Domestic Architecture in England vol 2	Dacre Castle, Cumberland — lower (ground) story	Dacre, Cumberland	wall thickness (lower storey)	more than 8 feet	ft	2.438	338	214	author-estimate	the walls are extremely thick, being more than 8 feet
someaccountofdom00park_0	Turner/Parker, Domestic Architecture in England vol 2	Dacre Castle, Cumberland — mural bed-room in the wall thickness (second story)	Dacre, Cumberland	internal length	8 ft. 6 in.	ft in	2.591	343		measured	between this and the fire-place is a small bed-room 8 ft. 6 in. by 7 ft., entirely in the thickness of the wall
someaccountofdom00park_0	Turner/Parker, Domestic Architecture in England vol 2	Dacre Castle, Cumberland — mural bed-room in the wall thickness (second story)	Dacre, Cumberland	internal width	7 ft.	ft	2.134	343		measured	between this and the fire-place is a small bed-room 8 ft. 6 in. by 7 ft., entirely in the thickness of the wall
someaccountofdom00park_0	Turner/Parker, Domestic Architecture in England vol 2	Woodcroft House, Northamptonshire — main range	Woodcroft, Northamptonshire	wall thickness (external walls)	from 2 ft. to 2 ft. 6 in.	ft in	0.610	408	251	measured	The external walls are from 2 ft. to 2 ft. 6 in. thick, with well-finished ashlar facing
someaccountofdom00park_0	Turner/Parker, Domestic Architecture in England vol 2	Woodcroft House, Northamptonshire — gateway walls (Bridges' earlier account, conflicting)	Woodcroft, Northamptonshire	wall thickness (gateway range)	about four feet	ft		406	249 (footnote d)	ocr-uncertain	"The walls are about four feet with two large arches and seats of stone, thick."""
someaccountofdom00park_0	Turner/Parker, Domestic Architecture in England vol 2	Woodcroft House, Northamptonshire — main range	Woodcroft, Northamptonshire	external length	about 100 feet	ft	30.480	407	250	author-estimate	These remains consist of a parallelogram of about 100 feet long by 24 wide
someaccountofdom00park_0	Turner/Parker, Domestic Architecture in England vol 2	Woodcroft House, Northamptonshire — main range	Woodcroft, Northamptonshire	external width	24 feet	ft	7.315	407	250	author-estimate	These remains consist of a parallelogram of about 100 feet long by 24 wide
someaccountofdom00park_0	Turner/Parker, Domestic Architecture in England vol 2	Woodcroft House, Northamptonshire — attached circular tower	Woodcroft, Northamptonshire	tower external diameter	about 15 feet	ft	4.572	407	250	author-estimate	with an attached circular tower, about 15 feet di- ameter
someaccountofdom00park_0	Turner/Parker, Domestic Architecture in England vol 2	Cantilupe Chantry House, Lincoln — lower-room windows	Lincoln	window opening height (in the clear)	four feet	ft		393	240	measured	Those in the lower rooms were of a square form, four feet high in the clear, and scarcely three feet wide, divided into two lights by a plain mullion
someaccountofdom00park_0	Turner/Parker, Domestic Architecture in England vol 2	Cantilupe Chantry House, Lincoln — lower-room windows	Lincoln	window opening width	scarcely three feet	ft		393	240	author-estimate	Those in the lower rooms were of a square form, four feet high in the clear, and scarcely three feet wide, divided into two lights by a plain mullion
someaccountofdom00park_0	Turner/Parker, Domestic Architecture in England vol 2	Broughton Castle, Oxfordshire — room over the groined passage, squint into the chapel	Broughton, Oxfordshire	opening sill height above floor	10 inches	in	0.254	432	264	measured	Prom this room a square opening 10 inches from the floor, and 3 ft. 6 in. high, has been left into the chapel
someaccountofdom00park_0	Turner/Parker, Domestic Architecture in England vol 2	Broughton Castle, Oxfordshire — room over the groined passage, squint into the chapel	Broughton, Oxfordshire	opening height	3 ft. 6 in.	ft in	1.067	432	264	measured	Prom this room a square opening 10 inches from the floor, and 3 ft. 6 in. high, has been left into the chapel
someaccountofdom00park_0	Turner/Parker, Domestic Architecture in England vol 2	Nunney Castle, Somersetshire — windows between the corner turrets	Nunney, Somersetshire	window opening width	two feet	ft		483	296	measured	so nearly meet at the two ends of the house that there is barely room for a single window two feet wide between them
someaccountofdom00park_0	Turner/Parker, Domestic Architecture in England vol 2	Nunney Castle, Somersetshire — ground-floor rooms	Nunney, Somersetshire	storey height (ground floor)	about ten feet	ft		483	297	author-estimate	the rooms on the ground floor were about ten feet high, those on the front floor somewhat more lofty, and the two upper stories not so high
someaccountofdom00park_0	Turner/Parker, Domestic Architecture in England vol 2	Meare manor-house, Somersetshire — hall (on the first floor)	Meare, Somersetshire	internal length	about 60 feet	ft	18.288	484	298	author-estimate	The hall is about 60 feet long by 22 wide
someaccountofdom00park_0	Turner/Parker, Domestic Architecture in England vol 2	Meare manor-house, Somersetshire — hall (on the first floor)	Meare, Somersetshire	internal width	22 feet	ft	6.706	484	298	author-estimate	The hall is about 60 feet long by 22 wide
someaccountofdom00park_0	Turner/Parker, Domestic Architecture in England vol 2	Meare manor-house, Somersetshire — courtyard enclosure wall	Meare, Somersetshire	enclosure wall height	about twelve feet	ft		484	298	author-estimate	the other two sides have been enclosed by a wall about twelve feet high
someaccountofdom00park_0	Turner/Parker, Domestic Architecture in England vol 2	Caldecot Castle, Monmouthshire — great hall over cellar	Caldecot, Monmouthshire	hall floor height above outside ground level	some six feet	ft		509	311	author-estimate	The floor of the hall was some six feet above the level of the present ground, and there remain a series of recesses in the wall beneath, which served for receiving the barrels, as this lower chamber was originally the cellar
someaccountofdom00park_0	Turner/Parker, Domestic Architecture in England vol 2	Caldecot Castle, Monmouthshire — whole enclosure	Caldecot, Monmouthshire	external length	one hundred feet	ft		509	310	measured	The length is one hundred feet, the breadth varies from seventy to forty
someaccountofdom00park_0	Turner/Parker, Domestic Architecture in England vol 2	Langley Castle, Northumberland — central space (four stories of floors)	Langley, Northumberland	internal length	about 80 feet	ft	24.384	534	332	author-estimate	The central space is oblong, about 80 feet long by 24 wide internally : this space has not been vaulted, but was divided by floors into four stories
someaccountofdom00park_0	Turner/Parker, Domestic Architecture in England vol 2	Langley Castle, Northumberland — central space (four stories of floors)	Langley, Northumberland	internal width	24 feet	ft	7.315	534	332	author-estimate	The central space is oblong, about 80 feet long by 24 wide internally : this space has not been vaulted, but was divided by floors into four stories
someaccountofdom00park_0	Turner/Parker, Domestic Architecture in England vol 2	Langley Castle, Northumberland — garderobe chambers off the principal apartment (south-west tower)	Langley, Northumberland	internal length and width (square chamber)	about twelve feet square	ft		537	333	author-estimate	the chambers into which they open were about twelve feet square, with a doorway on each floor from the principal apartment
someaccountofdom00park_0	Turner/Parker, Domestic Architecture in England vol 2	Nursted Court, Kent — hall block (aisled timber hall in flint walls)	Nursted, Kent	external length	79 ft.	ft	24.079	460	282	measured	The external dimensions are 79 ft. by 34 ft. 9 in.
someaccountofdom00park_0	Turner/Parker, Domestic Architecture in England vol 2	Nursted Court, Kent — hall block (aisled timber hall in flint walls)	Nursted, Kent	external width	34 ft. 9 in.	ft in	10.592	460	282	measured	The external dimensions are 79 ft. by 34 ft. 9 in.
someaccountofdom00park_0	Turner/Parker, Domestic Architecture in England vol 2	Nursted Court, Kent — hall aisles	Nursted, Kent	aisle width (arcade posts set in from the wall)	about four feet	ft		76	36	author-estimate	The roof was sometimes so framed as to stand about four feet within the walls, and to form by the timber columns on which it rested two small aisles and a centre, as at Nursted court, Kent
someaccountofdom00park_0	Turner/Parker, Domestic Architecture in England vol 2	Brougham Hall, Westmoreland — old gateway	Brougham, Westmoreland	gate leaf thickness (oak gates)	6 inches	in	0.152	363	225	measured	The oak gates, 6 inches thick, are original, as also the crook and band hinges
someaccountofdom00park_0	Turner/Parker, Domestic Architecture in England vol 2	Norborough (Northburgh) old manor-house, Northamptonshire — hall	Norborough, Northamptonshire	internal length	36 feet	ft	10.973	415	254	measured	the former a room of 36 by 24 feet, lighted by square-headed transomed windows, two on each side, separated from each other by a buttress
someaccountofdom00park_0	Turner/Parker, Domestic Architecture in England vol 2	Norborough (Northburgh) old manor-house, Northamptonshire — hall	Norborough, Northamptonshire	internal width	24 feet	ft	7.315	415	254	measured	the former a room of 36 by 24 feet, lighted by square-headed transomed windows, two on each side, separated from each other by a buttress
someaccountofdom00park_0	Turner/Parker, Domestic Architecture in England vol 2	Norborough (Northburgh) old manor-house, Northamptonshire — gate-house to hall	Norborough, Northamptonshire	courtyard span (gate-house front to hall front)	about fifty feet	ft		415	254	author-estimate	Immediately facing this gate-house, and at a distance of about fifty feet, stand the hall and adjoining buildings
someaccountofdom00park_0	Turner/Parker, Domestic Architecture in England vol 2	The Priory, Lincoln — hall (from the 1649 parliamentary survey)	Lincoln	internal length	40 feet	ft	12.192	394	241	measured	consisteth of a faire hall, 40 feet long and 22 broad, with a buttery and cellar at the lower end of the said hall
someaccountofdom00park_0	Turner/Parker, Domestic Architecture in England vol 2	The Priory, Lincoln — hall (from the 1649 parliamentary survey)	Lincoln	internal width	22 feet	ft	6.706	394	241	measured	consisteth of a faire hall, 40 feet long and 22 broad, with a buttery and cellar at the lower end of the said hall
someaccountofdom00park_0	Turner/Parker, Domestic Architecture in England vol 2	Stanton St. Quentin manor-house, Wiltshire — whole range	Stanton St. Quentin, Wiltshire	external length	about 55 feet	ft	16.764	479	294	author-estimate	is in plan a parallelogram, measuring about 55 feet by 34
someaccountofdom00park_0	Turner/Parker, Domestic Architecture in England vol 2	Stanton St. Quentin manor-house, Wiltshire — whole range	Stanton St. Quentin, Wiltshire	external width	34 feet	ft	10.363	479	294	author-estimate	is in plan a parallelogram, measuring about 55 feet by 34
someaccountofdom00park_0	Turner/Parker, Domestic Architecture in England vol 2	Bishop's Palace, Brecon (Wales) — north-south range (chief apartment, open roof full length)	Brecon, Wales	internal length	about 45 feet	ft	13.716	528	325	author-estimate	one run- ning north and south, and ending in a gable at each end, measuring about 45 feet by 20
someaccountofdom00park_0	Turner/Parker, Domestic Architecture in England vol 2	Bishop's Palace, Brecon (Wales) — north-south range (chief apartment, open roof full length)	Brecon, Wales	internal width	20 feet	ft	6.096	528	325	author-estimate	one run- ning north and south, and ending in a gable at each end, measuring about 45 feet by 20
someaccountofdom00park_0	Turner/Parker, Domestic Architecture in England vol 2	Bishop's Palace, Brecon (Wales) — east-west range with three-sided apse (probably the chapel)	Brecon, Wales	internal length	about 50 feet	ft	15.240	528	325	author-estimate	terminating in a three-sided apse at the east end, measuring about 50 feet by 24
someaccountofdom00park_0	Turner/Parker, Domestic Architecture in England vol 2	Bishop's Palace, Brecon (Wales) — east-west range with three-sided apse (probably the chapel)	Brecon, Wales	internal width	24 feet	ft	7.315	528	325	author-estimate	terminating in a three-sided apse at the east end, measuring about 50 feet by 24
someaccountofdom00park_0	Turner/Parker, Domestic Architecture in England vol 2	Bishop's Palace, Brecon (Wales) — third portion (offices)	Brecon, Wales	internal length	about 36 feet	ft	10.973	528	325	author-estimate	a smaller portion attached to the re-entering angle formed by the two first on their south side, measur- ing about 36 feet by 17
someaccountofdom00park_0	Turner/Parker, Domestic Architecture in England vol 2	Bishop's Palace, Brecon (Wales) — third portion (offices)	Brecon, Wales	internal width	17 feet	ft	5.182	528	325	author-estimate	a smaller portion attached to the re-entering angle formed by the two first on their south side, measur- ing about 36 feet by 17
someaccountofdom00park_0	Turner/Parker, Domestic Architecture in England vol 2	Packman's wharf, Thames Street, London (1354-5 lease to Richard Wyllesdon) — hall over cellars	London	internal length	forty feet	ft		282	183	ocr-uncertain	a hall forty feet in length, and twenty-four feet wide
someaccountofdom00park_0	Turner/Parker, Domestic Architecture in England vol 2	Packman's wharf, Thames Street, London (1354-5 lease) — hall over cellars	London	internal width	twenty-four feet	ft		282	183	ocr-uncertain	a hall forty feet in length, and twenty-four feet wide
someaccountofdom00park_0	Turner/Parker, Domestic Architecture in England vol 2	Packman's wharf, Thames Street, London (1354-5 lease) — cellars beneath hall, parlour, kitchen and buttery	London	undercroft height	seven feet	ft		282	183	measured	there should be cellars seven feet in height beneath the said hall, parlour, kitchen, and buttery
someaccountofdom00park_0	Turner/Parker, Domestic Architecture in England vol 2	Packman's wharf, Thames Street, London (1354-5 lease) — street-front wooden tenements, three stories	London	storey heights (first / second / third)	the first twelve feet in height, the second ten, and the third seven	ft		282	183	measured	the latter to be of three stories ; the first twelve feet in height, the second ten, and the third seven
someaccountofdom00park_0	Turner/Parker, Domestic Architecture in England vol 2	Dublin Castle great hall (royal writ, cited from the Liberate Rolls)	Dublin	internal length	120 feet	ft	36.576	80	37	measured	Dublin castle, a hall 120 feet long and 80 feet wide, with sufficient windows and glass casements, after the fashion of the hall at Canterbury, and to make in the gable over the dais a round window, thirty feet in cir- cumference
someaccountofdom00park_0	Turner/Parker, Domestic Architecture in England vol 2	Dublin Castle great hall (royal writ, cited from the Liberate Rolls)	Dublin	internal width	80 feet	ft	24.384	80	37	measured	Dublin castle, a hall 120 feet long and 80 feet wide, with sufficient windows and glass casements, after the fashion of the hall at Canterbury, and to make in the gable over the dais a round window, thirty feet in cir- cumference
someaccountofdom00park_0	Turner/Parker, Domestic Architecture in England vol 2	Dublin Castle great hall — round window in the gable over the dais	Dublin	round window circumference	thirty feet	ft		80	37	ocr-uncertain	to make in the gable over the dais a round window, thirty feet in cir- cumference
someaccountofdom00park_0	Turner/Parker, Domestic Architecture in England vol 2	Palazzo della Ragione, Padua — great hall standing on open arches	Padua, Italy	internal length	about 240 feet	ft	73.152	562	351	author-estimate	The length is about 240 feet by 80 wide, and as much in height, and it is ornamented by various paintings, said to have been designed by Giotto
someaccountofdom00park_0	Turner/Parker, Domestic Architecture in England vol 2	Palazzo della Ragione, Padua — great hall standing on open arches	Padua, Italy	internal width	80 feet	ft	24.384	562	351	author-estimate	The length is about 240 feet by 80 wide, and as much in height, and it is ornamented by various paintings, said to have been designed by Giotto
someaccountofdom00park_0	Turner/Parker, Domestic Architecture in England vol 2	Palazzo della Ragione, Padua — great hall standing on open arches	Padua, Italy	internal height	as much in height (i.e. c. 80 ft., reading the width)	ft	24.384	562	351	ocr-uncertain	The length is about 240 feet by 80 wide, and as much in height, and it is ornamented by various paintings, said to have been designed by Giotto
someaccountofdom00park_0	Turner/Parker, Domestic Architecture in England vol 2	Winchelsea, Sussex — town houses over vaulted cellars (general, from two surviving examples)	Winchelsea, Sussex	ground-floor level above outside ground (cellar vault crown)	three or four feet	ft		257		author-estimate	the vault of the cellar and con- sequently the floor of the room is three or four feet above the level of the ground, the entrance to the house is up a flight of stone steps, placed sideways to the street
someaccountofdom00park_0	Turner/Parker, Domestic Architecture in England vol 2	unnamed — mansions on the western (Welsh) frontier, licence minimum	Welsh march, England	enclosure wall height (minimum fixed by licence to crenellate)	ten feet	ft		46	16	measured	the mansions on the western frontier against Wales, where the surrounding walls were fixed by licence at a minimum of ten feet in height
someaccountofdom00park_0	Turner/Parker, Domestic Architecture in England vol 2	Chibburn preceptory (Hospitallers), Northumberland — principal dwelling-house, internal partitions	Chibburn, Northumberland	partition thickness and stud spacing (oak plank in grooved head and sill)	three inches in thickness, placed at a distance of twelve inches	in		312	198	measured	the partitions of oak plank placed in a groove at top and bottom, with a narrow reed ornament on their faces, three inches in thickness, placed at a distance of twelve inches, and the interstices filled with loam
someaccountofdom00park_0	Turner/Parker, Domestic Architecture in England vol 2	Bishop's Palace, Chichester — detached kitchen	Chichester, Sussex	internal length and width (square plan)	about forty feet square	ft		197	120	ocr-uncertain	The kitchen of the bishop's palace at Chichester is of this period ; it is about forty feet square, with two walls and a timber roof
someaccountofdom00park_0	Turner/Parker, Domestic Architecture in England vol 2	Clarendon Palace, Wiltshire — new kitchen (ordered)	Clarendon, Wiltshire	internal length and width (square plan)	forty feet square	ft		199	123	ocr-uncertain	At Clarendon the new kitchen was ordered to be forty feet squared
someaccountofdom00park_0	Turner/Parker, Domestic Architecture in England vol 2	Morlais Castle, near Merthyr (Wales) — pit within the enclosure	Morlais, Wales	pit plan (square) and depth	twenty -five feet square, and excavated upwards of seventy feet deep	ft		515	315	ocr-uncertain	This castle contains with its enclosure a singular pit, twenty -five feet square, and excavated upwards of seventy feet deep
someaccountofdom02park	Turner/Parker, Domestic Architecture in England vol 4	Beetham (Bytham) Hall, hall	Westmoreland	internal length	39 ft	ft	11.887	41		measured	The castle itself consists of the hall, of the fourteenth century, 39 feet by 26, now used as a barn, and two wings : the windows are small, and high from the ground, for the sake of defence.
someaccountofdom02park	Turner/Parker, Domestic Architecture in England vol 4	Beetham (Bytham) Hall, hall	Westmoreland	internal width	26 ft	ft	7.925	41		measured	The castle itself consists of the hall, of the fourteenth century, 39 feet by 26, now used as a barn, and two wings : the windows are small, and high from the ground, for the sake of defence.
someaccountofdom02park	Turner/Parker, Domestic Architecture in England vol 4	St. Anthony's Hall, York (Blue-coat School), hall	York, Yorkshire	internal length	81 ft	ft	24.689	42	210	measured	the dimensions are 81 feet long by 27 wide, and on each side are aisles which also have good roofs, now parted off from the central hall.
someaccountofdom02park	Turner/Parker, Domestic Architecture in England vol 4	St. Anthony's Hall, York (Blue-coat School), hall	York, Yorkshire	internal width	27 ft	ft	8.230	42	210	measured	the dimensions are 81 feet long by 27 wide, and on each side are aisles which also have good roofs, now parted off from the central hall.
someaccountofdom02park	Turner/Parker, Domestic Architecture in England vol 4	St. Anthony's Hall, York (Blue-coat School), hall roof	York, Yorkshire	bay spacing (principal timbers / wooden arches)	about 8 ft	ft	2.438	42	210	author-estimate	they are about eight feet apart, and have angel corbels at the springing.
someaccountofdom02park	Turner/Parker, Domestic Architecture in England vol 4	Wressel Castle, corner tower interior	Yorkshire	internal length x width (chamber footprint)	about 40 ft by 20 ft	ft	12.192	49		author-estimate	the rooms must have been of considerable size, as there is only one fireplace on each floor, and the space within the tower is about forty feet by twenty.
someaccountofdom02park	Turner/Parker, Domestic Architecture in England vol 4	Tattershall Castle, great brick tower	Lincolnshire	height to top of battlement	116 ft	ft	35.357	77		measured	It is 116 feet high to the top of the battlement, and the staircase has 175 steps.
someaccountofdom02park	Turner/Parker, Domestic Architecture in England vol 4	Tattershall Castle, great brick tower	Lincolnshire	wall thickness (main walls, containing passages and garderobes)	14 or 15 ft	ft	4.572	77		author-estimate	The walls are 14 or 15 feet thick, with passages and garderobes in them.
someaccountofdom02park	Turner/Parker, Domestic Architecture in England vol 4	Tattershall Castle, great brick tower	Lincolnshire	external plan (square)	38 ft square	ft	11.582	77		measured	The external measurement is 38 feet square, the internal 22 feet in the clear.
someaccountofdom02park	Turner/Parker, Domestic Architecture in England vol 4	Tattershall Castle, great brick tower	Lincolnshire	internal width in the clear	22 ft	ft	6.706	77		measured	The external measurement is 38 feet square, the internal 22 feet in the clear.
someaccountofdom02park	Turner/Parker, Domestic Architecture in England vol 4	Tattershall Castle, great brick tower	Lincolnshire	storey count	four stories	stories		77		measured	The building is divided into four stories.
someaccountofdom02park	Turner/Parker, Domestic Architecture in England vol 4	St. Mary's Hall, Coventry, hall	Coventry, Warwickshire	internal length	63 ft	ft	19.202	92	240	measured	The dimensions of the hall are 63 feet long by 30 wide.
someaccountofdom02park	Turner/Parker, Domestic Architecture in England vol 4	St. Mary's Hall, Coventry, hall	Coventry, Warwickshire	internal width	30 ft	ft	9.144	92	240	measured	The dimensions of the hall are 63 feet long by 30 wide.
someaccountofdom02park	Turner/Parker, Domestic Architecture in England vol 4	Warwick Castle, Guy's Tower	Warwick, Warwickshire	height (from the bank)	about 94 ft	ft	28.651	98		author-estimate	known as Guy's Tower. It rises from the bank to the height of about ninety-four feet, and, except the projecting base, has no moulding of any kind
someaccountofdom02park	Turner/Parker, Domestic Architecture in England vol 4	Warwick Castle, Guy's Tower	Warwick, Warwickshire	storey count (all groined, central chamber plus mural rooms)	five stories	stories		98		measured	It is divided into five stories, the whole of which are groined, and consist of one central apart- ment with smaller ones in the thickness of the wall.
someaccountofdom02park	Turner/Parker, Domestic Architecture in England vol 4	Berkeley Castle, great cellar (under the hall range)	Gloucestershire	wall thickness (measured at the window reveals)	thirteen feet	ft		120		measured	the walls are immensely thick, measuring in the windows thir- teen feet. Leading out of this cellar, on the north side, is the wine cellar
someaccountofdom02park	Turner/Parker, Domestic Architecture in England vol 4	Wanswell Court, hall	Gloucestershire	internal length x width (hall, full height of the building)	about 25 ft by 22 ft	ft	7.620	136		author-estimate	whole height of the building, and is almost square, measuring about 25 feet by 22. It is lighted by two windows on the south side
someaccountofdom02park	Turner/Parker, Domestic Architecture in England vol 4	Wanswell Court, privee parlour (cut out of the hall)	Gloucestershire	internal length (second figure lost in OCR)	about 26 ft. by [blank]	ft	7.925	136	268	ocr-uncertain	This parlour, which is about 26 ft. by was furnished with a fireplace, now broken and mutilated, and has a double window of four lights occupying nearly the whole south end of the room.
someaccountofdom02park	Turner/Parker, Domestic Architecture in England vol 4	Thetford Castle earthworks	Thetford, Norfolk	rampart height	about 20 ft	ft	6.096	173		author-estimate	the ramparts are about twenty feet high, and the foss from sixty to seventy feet wide.
someaccountofdom02park	Turner/Parker, Domestic Architecture in England vol 4	Thetford Castle earthworks	Thetford, Norfolk	ditch (foss) width	sixty to seventy ft	ft		173		author-estimate	the ramparts are about twenty feet high, and the foss from sixty to seventy feet wide.
someaccountofdom02park	Turner/Parker, Domestic Architecture in England vol 4	Freston Tower, near Ipswich	Suffolk	base plan (length x width)	not more than 10 ft by 12 ft	ft	3.048	174	294	author-estimate	it is of brick, six stories high, square, with polygonal corner-turrets, and the base is not more than ten feet by twelve.
someaccountofdom02park	Turner/Parker, Domestic Architecture in England vol 4	Freston Tower, near Ipswich	Suffolk	storey count	six stories	stories		174	294	measured	it is of brick, six stories high, square, with polygonal corner-turrets, and the base is not more than ten feet by twelve.
someaccountofdom02park	Turner/Parker, Domestic Architecture in England vol 4	Layer Marney House, gatehouse tower	Essex	height	70 ft	ft	21.336	191		measured	The most per- fect part is the gatehouse, a square tower with octagonal corner- turrets seventy feet high, and divided into eight stories
someaccountofdom02park	Turner/Parker, Domestic Architecture in England vol 4	Layer Marney House, gatehouse tower	Essex	storey count	eight stories	stories		191		measured	The most per- fect part is the gatehouse, a square tower with octagonal corner- turrets seventy feet high, and divided into eight stories
someaccountofdom02park	Turner/Parker, Domestic Architecture in England vol 4	New Hall (Beaulieu), Boreham, great hall	Boreham, Essex	internal length	96 ft	ft	29.261	192		measured	the great hall is still standing, and is ninety-six feet long, fifty wide, and forty high.
someaccountofdom02park	Turner/Parker, Domestic Architecture in England vol 4	New Hall (Beaulieu), Boreham, great hall	Boreham, Essex	internal width	50 ft	ft	15.240	192		measured	the great hall is still standing, and is ninety-six feet long, fifty wide, and forty high.
someaccountofdom02park	Turner/Parker, Domestic Architecture in England vol 4	New Hall (Beaulieu), Boreham, great hall	Boreham, Essex	height (unqualified - probably to ridge, book does not say)	40 ft	ft	12.192	192		measured	the great hall is still standing, and is ninety-six feet long, fifty wide, and forty high.
someaccountofdom02park	Turner/Parker, Domestic Architecture in England vol 4	Lambeth Palace, guard chamber	Lambeth, Surrey	internal length	56 ft	ft	17.069	211		measured	The guard chamber is a fine room, 56 feet long by 27 wide, with a good open timber- roof, and seems to have been part of the work of Chichele
someaccountofdom02park	Turner/Parker, Domestic Architecture in England vol 4	Lambeth Palace, guard chamber	Lambeth, Surrey	internal width	27 ft	ft	8.230	211		measured	The guard chamber is a fine room, 56 feet long by 27 wide, with a good open timber- roof, and seems to have been part of the work of Chichele
someaccountofdom02park	Turner/Parker, Domestic Architecture in England vol 4	Sutton Place, near Guildford, hall	near Guildford, Surrey	internal length	50 ft	ft	15.240	212		measured	One side is occupied by the hall, 50 feet long, 25 wide, and 31 high, and the offices.
someaccountofdom02park	Turner/Parker, Domestic Architecture in England vol 4	Sutton Place, near Guildford, hall	near Guildford, Surrey	internal width	25 ft	ft	7.620	212		measured	One side is occupied by the hall, 50 feet long, 25 wide, and 31 high, and the offices.
someaccountofdom02park	Turner/Parker, Domestic Architecture in England vol 4	Sutton Place, near Guildford, hall	near Guildford, Surrey	height (unqualified - probably to ridge, book does not say)	31 ft	ft	9.449	212		measured	One side is occupied by the hall, 50 feet long, 25 wide, and 31 high, and the offices.
someaccountofdom02park	Turner/Parker, Domestic Architecture in England vol 4	Sutton Place, near Guildford, long gallery (south-east wing, first floor)	near Guildford, Surrey	internal length	141 ft	ft	42.977	212		measured	In the south-east wing is an Elizabethan gallery on the first floor, 141 feet long, 20 wide, and 14 high.
someaccountofdom02park	Turner/Parker, Domestic Architecture in England vol 4	Sutton Place, near Guildford, long gallery (south-east wing, first floor)	near Guildford, Surrey	internal width	20 ft	ft	6.096	212		measured	In the south-east wing is an Elizabethan gallery on the first floor, 141 feet long, 20 wide, and 14 high.
someaccountofdom02park	Turner/Parker, Domestic Architecture in England vol 4	Sutton Place, near Guildford, long gallery (south-east wing, first floor)	near Guildford, Surrey	height (unqualified - ceiled gallery, so effectively floor to ceiling)	14 ft	ft	4.267	212		measured	In the south-east wing is an Elizabethan gallery on the first floor, 141 feet long, 20 wide, and 14 high.
someaccountofdom02park	Turner/Parker, Domestic Architecture in England vol 4	Southampton Bar (gatehouse), room over the archway	Southampton, Hampshire	internal length x width (chamber over gate passage)	52 ft by 21 ft	ft	15.850	226	323	measured	The Bar is a gatehouse of the fifteenth cen- tury, with a good-sized room over the archway, 52 feet long by 21 wide, long used as the Town Hall.
someaccountofdom02park	Turner/Parker, Domestic Architecture in England vol 4	Winchester Deanery (Prior's Hall), roof	Winchester, Hampshire	corbel height below wall-plate (springing of the roof arch)	about 2 ft below the wall-plate	ft	0.610	226		author-estimate	each pair of principals is supported by a wooden arch springing from corbels, about two feet below the wall- plate, these corbels are carved into heads
someaccountofdom02park	Turner/Parker, Domestic Architecture in England vol 4	Berwick St. Leonard's, barn	Berwick St. Leonard, Wiltshire	internal length x width, plus transept span	90 ft long by 25 wide, and 50 across the transept	ft	27.432	228	326 (OCR prints it as '32G')	measured	At Berwick St. Leonard's there is also a fine barn of the fifteenth century, 90 feet long by 25 wide, and 50 across the transept.
someaccountofdom02park	Turner/Parker, Domestic Architecture in England vol 4	Place House, near Tisbury, barn	near Tisbury, Wiltshire	internal length	about 70 ft	ft	21.336	239	331	author-estimate	is a very fine barn of the fifteenth century, said to be the WILTSHIRE. 331 longest in England, (about seventy feet). It has good buttresses and a transept-gateway, with a lofty pointed arch
someaccountofdom02park	Turner/Parker, Domestic Architecture in England vol 4	Hutton Manor-house, hall	Hutton, Somerset	internal length x width	36 ft by 20 ft	ft	10.973	260	342	measured	Hutton Manor-house : the hall, 36 feet by 20, is of the fif- teenth century, with arched roof and panelled chimney-piece.
someaccountofdom02park	Turner/Parker, Domestic Architecture in England vol 4	Compton Castle, wall of enceinte	Marldon, Devonshire	curtain / enceinte wall height	20 ft	ft	6.096	283	353	measured	The buildings originally surrounded a small quadrangle, and had a square tower at each corner, and were enclosed by a wall twenty feet high, the greater part of which remains.
someaccountofdom02park	Turner/Parker, Domestic Architecture in England vol 4	Ford Abbey, hall	Devonshire	internal length x width	55 ft long by 28 wide	ft	16.764	285		measured	The hall is 55 feet long by 28 wide, and very fine; the cloisters are also very rich.
someaccountofdom02park	Turner/Parker, Domestic Architecture in England vol 4	Hemyock Castle, one of the five surviving towers	Hemyock, Devonshire	tower height (surviving)	almost 20 ft	ft	6.096	285	355	author-estimate	five of the towers and the entrance-gate are visible, and one of them is almost twenty feet high.
someaccountofdom02park	Turner/Parker, Domestic Architecture in England vol 4	Lidford (Lydford) Castle, keep-tower	Lydford, Devonshire	external plan (square)	about 48 ft square	ft	14.630	286		author-estimate	Lidfordj Castle is a large square keep-tower, about 48 feet square, with an outwork projecting to the edge of a steep pre- cipice.
someaccountofdom02park	Turner/Parker, Domestic Architecture in England vol 4	Launceston Castle, outer wall of the chemin de ronde	Launceston, Cornwall	wall height	about 12 ft	ft	3.658	291		author-estimate	The outer wall of the chemin de ronde also remains, about twelve feet high, and has no windows in it.
someaccountofdom02park	Turner/Parker, Domestic Architecture in England vol 4	Tintagel Castle, domestic building on the island	Tintagel, Cornwall	wall thickness (as surviving)	not more than 2 ft 6 in	ft in	0.762	292	362	measured	There is a pointed arch to the door- way, and the walls are at present not more than 2 feet 6 inches thick.
someaccountofdom02park	Turner/Parker, Domestic Architecture in England vol 4	Wenlock Abbey, Abbot's House, ground-floor room H	Much Wenlock, Shropshire	internal width	eleven feet	ft		300	368	measured	The next is a small room (H) measuring only eleven feet in width, and having two windows at the east end.
someaccountofdom02park	Turner/Parker, Domestic Architecture in England vol 4	Wenlock Abbey, Abbot's House, outer walls and the cross wall north of room H	Much Wenlock, Shropshire	wall thickness (ground storey, outer walls and internal cross wall)	three feet	ft		300	368	measured	a door cut through the wall on the north side, which, like the outer walls, is three feet thick.
someaccountofdom02park	Turner/Parker, Domestic Architecture in England vol 4	Wenlock Abbey, Abbot's House, north space (rooms K and L)	Much Wenlock, Shropshire	internal length (north bay, floor to roof, one apartment)	thirty-three feet	ft		300	368	ocr-uncertain	the space (K and L) to the north end of the building, thirty-three feet, has from the floor to the roof been modernized, and converted into a dwelling-house.
someaccountofdom02park	Turner/Parker, Domestic Architecture in England vol 4	Wenlock Abbey, Abbot's House, first-floor room G	Much Wenlock, Shropshire	internal width (upper storey, same as room below)	eleven feet	ft		303	369	measured	The room we come to next (G) has no door to the passage, but is entered on the north side ; it is the width of the room below, eleven feet, and has two windows
someaccountofdom02park	Turner/Parker, Domestic Architecture in England vol 4	Kidwelly Castle, great hall (inner court, east side)	Kidwelly, Caermarthenshire	internal length x width	sixty feet long by twenty-five wide	ft		317		ocr-uncertain	was the great hall, sixty feet long by twenty-five wide, one end of which joined to the south-east tower, which still bears the marks of the roof very distinctly
someaccountofdom02park	Turner/Parker, Domestic Architecture in England vol 4	Kidwelly Castle, south gatehouse, hall / state apartment over the gateway	Kidwelly, Caermarthenshire	internal length x width (chamber over gate passage)	forty feet long by seventeen wide	ft		318		ocr-uncertain	with its own kitchen and offices, and hall, or state apartment, forty feet long by seventeen wide, over the gateway, and a number of small apart- ments, each with its fire- place and garderobe.
someaccountofdom02park	Turner/Parker, Domestic Architecture in England vol 4	unnamed - general rule stated for Scotch castles and pele towers	Scotland	height of principal vaulted chamber (as surviving; originally floored into two storeys)	often as much as twenty feet	ft		321		ocr-uncertain	The principal chambers are usually vaulted in the same plain manner as the stable below, and are in their present state very lofty, often as much as twenty feet high, but it is evident, on a little examination, that space was too valuable to be thus wasted, and that each of these lofty chambers or halls was, in fact, divided by a floor into two stories, of which the corbels re- main
someaccountofdom02park	Turner/Parker, Domestic Architecture in England vol 4	Linlithgow Palace, chapel	Linlithgow, Scotland	window sill height above floor / ground	about ten feet	ft		331	395	author-estimate	The sills of the windows SCOTLAND. 395 are about ten feet from the ground, and the windows themselves are about twenty feet high by two wide.
someaccountofdom02park	Turner/Parker, Domestic Architecture in England vol 4	Linlithgow Palace, chapel	Linlithgow, Scotland	window opening height	about twenty feet	ft		331	395	ocr-uncertain	The sills of the windows SCOTLAND. 395 are about ten feet from the ground, and the windows themselves are about twenty feet high by two wide.
someaccountofdom02park	Turner/Parker, Domestic Architecture in England vol 4	Linlithgow Palace, chapel	Linlithgow, Scotland	window opening width (single light)	about two feet	ft		331	395	author-estimate	The sills of the windows SCOTLAND. 395 are about ten feet from the ground, and the windows themselves are about twenty feet high by two wide.
someaccountofdom02park	Turner/Parker, Domestic Architecture in England vol 4	Tulliallan Castle, near Alloa, main front block	near Alloa, Scotland	external length x width (parallelogram front)	about fifty feet long by twenty wide	ft		332		ocr-uncertain	The front is a parallelogram, about fifty feet long by twenty wide, and from the back of this project two wings, one about twenty feet, the other about thirty, leaving a recess between them into which some of the principal windows opened.
someaccountofdom02park	Turner/Parker, Domestic Architecture in England vol 4	Tulliallan Castle, near Alloa, rear wings	near Alloa, Scotland	wing projection depth (two wings)	about twenty feet / about thirty feet	ft		332		ocr-uncertain	from the back of this project two wings, one about twenty feet, the other about thirty, leaving a recess between them into which some of the principal windows opened.
someaccountofdom02park	Turner/Parker, Domestic Architecture in England vol 4	unnamed - general rule stated for Irish tower-houses	Ireland	storey count and vault positions	commonly four or five stories high, with two vaults	stories		335		author-estimate	two vaults, one over the ground room, or store- room, and the other under the state-room, and near the top of the tower, which is commonly four or five stories high.
someaccountofdom02park	Turner/Parker, Domestic Architecture in England vol 4	St. Doulough's, near Dublin (house/church/castle combined)	near Dublin, Ireland	whole external length x width	only forty feet long by sixteen wide	ft		337		ocr-uncertain	The whole dimen- sions of this singular structure are only forty feet long by six- teen wide : it is of the fourteenth century.
