family	building_type	element	value_original	unit_original	value_m	parse	confidence	source	quote
tower	round flanking tower (Carcassonne, inner enceinte, south front)	tower external diameter, measured above the talus	6.00	m	6.000	m	measured	"Viollet-le-Duc, Dictionnaire raisonné, ""Meurtrière"", fig. 3"	Au-dessus de l’empattement ou talus, cette tour ayant 6 m ,00 de diamètre et ses murs 1 m , 20, à 2 m ,20 environ de la circonférence AB , on a tracé l’arc de cercle CD
tower	round flanking tower (Carcassonne, inner enceinte, south front)	wall thickness, at the three loop-pierced storeys above the talus	1.20	m	1.200	m	measured	"Viollet-le-Duc, Dictionnaire raisonné, ""Meurtrière"", fig. 3"	Au-dessus de l’empattement ou talus, cette tour ayant 6 m ,00 de diamètre et ses murs 1 m , 20, à 2 m ,20 environ de la circonférence AB , on a tracé l’arc de cercle CD
tower	round flanking tower (Carcassonne, inner enceinte, south front)	storey count: three floors plus the crenellated stage	3 storeys + 1 crenellated stage	count		non-length (count)	measured	"Viollet-le-Duc, Dictionnaire raisonné, ""Meurtrière"", fig. 3"	Voici ( 3 ) le tracé d’une tour à trois étages, plus l’étage crénelé, comme la plupart de celles qui flanquent l’enceinte intérieure de la cité de Carcassonne , du côté méridional.
tower	round flanking tower — arrow-loop setting-out	radius offset of the setting-out arc CD inside the tower circumference (step 1 of the loop-layout rule)	2.20	m	2.200	m	author-rule	"Viollet-le-Duc, Dictionnaire raisonné, ""Meurtrière"", fig. 3"	à 2 m ,20 environ de la circonférence AB , on a tracé l’arc de cercle CD ; divisant cet arc de cercle en 16 parties égales, oe , ef , fg , gh , etc.
tower	round flanking tower — arrow-loop setting-out	divisions: setting-out arc CD into 16 equal parts, tower outer circumference into 8 equal parts (steps 2-3 of the loop-layout rule)	16 / 8	count		non-length (count)	author-rule	"Viollet-le-Duc, Dictionnaire raisonné, ""Meurtrière"", fig. 3"	divisant cet arc de cercle en 16 parties égales, oe , ef , fg , gh , etc. ; prenant sur le parement de la tour les points p à 0 m ,30 du parement de la courtine, on a divisé la circonférence externe de cette tour en 8 parties égales.
tower	round flanking tower — arrow-loop setting-out	offset of sight-line origin points p from the curtain face (step 4 of the loop-layout rule)	0.30	m	0.300	m	author-rule	"Viollet-le-Duc, Dictionnaire raisonné, ""Meurtrière"", fig. 3"	prenant sur le parement de la tour les points p à 0 m ,30 du parement de la courtine, on a divisé la circonférence externe de cette tour en 8 parties égales.
tower	round flanking tower — arrow-loop setting-out	loop distribution across storeys: ground floor a, first floor b, third floor c; each curtain flanked by three loops, two stacked plus one set forward	3 loops per curtain flank, doubled in height	count		non-length (count)	author-rule	"Viollet-le-Duc, Dictionnaire raisonné, ""Meurtrière"", fig. 3"	Ces lignes ont donné les ouvertures des meurtrières percées dans les trois étages ; les meurtrières a appartenant au rez-de-chaussée, celles b au premier étage et celles c au troisième ; les meurtrières flanquant les courtines étant ainsi doublées dans la hauteur.
tower	round flanking tower — arrow loop	loops staggered storey to storey (solid over void), never stacked vertically	staggered, pleins sur vides	rule		non-length (rule)	measured	"Viollet-le-Duc, Dictionnaire raisonné, ""Meurtrière"""	Ces meurtrières, percées dans les tours, se chevauchent, c’est-à-dire qu’elles ne sont pas placées les unes au-dessus des autres, mais pleins sur vides, afin de découvrir tous les points de la circonférence.
tower	tower / curtain arrow loop (Carcassonne château, early XIIc)	residual wall thickness at the loop, after the interior barrel-vaulted niche is cut	0.70	m	0.700	m	measured	"Viollet-le-Duc, Dictionnaire raisonné, ""Meurtrière"", fig. 1"	Le mur, réduit à une épaisseur de 0 m ,70 par la construction de la niche, est percé d’une ouverture évasée à l’intérieur et très-étroite à l’extérieur, afin de découvrir le dehors suivant un angle de 35º.
tower	tower / curtain arrow loop (Carcassonne château, early XIIc)	horizontal field of fire of the splayed loop	35	deg		non-length (deg)	measured	"Viollet-le-Duc, Dictionnaire raisonné, ""Meurtrière"", fig. 1"	Le mur, réduit à une épaisseur de 0 m ,70 par la construction de la niche, est percé d’une ouverture évasée à l’intérieur et très-étroite à l’extérieur, afin de découvrir le dehors suivant un angle de 35º.
tower	tower / curtain arrow loop (Carcassonne château, early XIIc)	clear width of the external slit (rainure)	0.06	m	0.060	m	measured	"Viollet-le-Duc, Dictionnaire raisonné, ""Meurtrière"", fig. 1 detail C"	Afin de donner plus de champ à l’angle du tir, la partie inférieure de la rainure, qui n’a que 0 m , 06 d’ouverture, est taillée ainsi que l’indique le détail C
tower	tower / curtain arrow loop	setting-out of the lower widening (entaille): sight points a,b struck 0.03 m apart, lines aD and bC drawn from them	0.03	m	0.030	m	author-rule	"Viollet-le-Duc, Dictionnaire raisonné, ""Meurtrière"" (formula footnoted ""Des remparts d’Avignon"")"	AB étant l’ouverture intérieure de la meurtrière ; CD l’ouverture que l’on a voulu donner à l’entaille, prenant les points a b à une distance de 0 m , 03 ; de ces points ab on a tiré les deux lignes a D , b C .
tower	tower / curtain arrow loop	loop foot form by date: triangular widening to mid-XIIIc, square thereafter; cross-pattée slot from mid-XIVc	triangular -> square (mid XIIIc)	rule		non-length (rule)	measured	"Viollet-le-Duc, Dictionnaire raisonné, ""Meurtrière"""	Ces entailles sont primitivement triangulaires ; vers le milieu du XIII e siècle, elles deviennent carrées, ainsi que nous le verrons tout à l’heure.
tower	tower-flanked bastion, underground counter-mine gallery (Coucy, porte de Laon, late XVc)	clear width of the semicircular barrel-vaulted loopholed gallery	1.20	m	1.200	m	measured	"Viollet-le-Duc, Dictionnaire raisonné, ""Meurtrière"", fig. 11"	Ce bastion, dont l’ensemble est donné en A ( 11 ), possède à sa base, à 1 m ,00 environ au-dessus du fond du fossé, une galerie voûtée en berceau plein-cintre de 1 m ,20 de largeur.
tower	tower-flanked bastion, underground counter-mine gallery (Coucy, porte de Laon, late XVc)	gallery floor level above the ditch bottom	1.00	m	1.000	m	measured	"Viollet-le-Duc, Dictionnaire raisonné, ""Meurtrière"", fig. 11"	Ce bastion, dont l’ensemble est donné en A ( 11 ), possède à sa base, à 1 m ,00 environ au-dessus du fond du fossé, une galerie voûtée en berceau plein-cintre de 1 m ,20 de largeur.
tower	tower and curtain wall-head (general)	merlon thickness	0.38 to 0.58	m	0.480	m [range midpoint]	measured	"Viollet-le-Duc, Dictionnaire raisonné, ""Chemin de ronde"""	Les merlons étant posés sur le parement extérieur des murailles, et ayant une épaisseur qui variait de 0,38 c. à 0,58 c. (14 à 21 pouces), il restait en dedans du rempart un couronnement de maçonnerie que l’on recouvrait de dalles et qui formait le chemin de ronde.
tower	tower and curtain wall-head (general)	merlon plan position: set flush on the outer face of the wall, so the wall-walk is the residue of the wall thickness	0 (flush with outer face)	m	0.000	first number, unit column (m)	measured	"Viollet-le-Duc, Dictionnaire raisonné, ""Chemin de ronde"""	Les merlons étant posés sur le parement extérieur des murailles, et ayant une épaisseur qui variait de 0,38 c. à 0,58 c. (14 à 21 pouces), il restait en dedans du rempart un couronnement de maçonnerie que l’on recouvrait de dalles et qui formait le chemin de ronde.
tower	wall-walk (chemin de ronde) on tower and curtain	minimum clear width rule: two men abreast, obtained by corbelling the paving inward when the wall is thin	2 men abreast (minimum)	count		non-length (count)	author-rule	"Viollet-le-Duc, Dictionnaire raisonné, ""Chemin de ronde"""	Lorsque le mur n’avait qu’une épaisseur médiocre, le dallage du chemin de ronde débordait à l’intérieur, afin de suppléer à la maçonnerie et de permettre à deux hommes, au moins, de passer de front.
tower	wall-walk (chemin de ronde) on tower and curtain	vertical access topology: Carolingian = frequent flights straight from the terreplein; from XIIc = only through the towers and their stairs	tower stairs only, from XIIc	rule		non-length (rule)	measured	"Viollet-le-Duc, Dictionnaire raisonné, ""Chemin de ronde"""	Pendant la période carlovingienne, les chemins de ronde des remparts étaient mis en communication directe avec le terre-plain intérieur au moyen d’emmarchements assez rapprochés. Plus tard, à partir du XII e siècle, on ne pouvait généralement circuler sur les chemins de ronde qu’en passant par les tours et les escaliers qui desservaient leurs étages.
tower	tower and curtain wall-head (Carcassonne château, c.1100)	merlon height above the wall-walk	1.60 to 1.80	m	1.700	m [range midpoint]	measured	"Viollet-le-Duc, Dictionnaire raisonné, ""Hourd"""	Les merlons des tours et courtines du château de Carcassonne (1100 environ) sont hauts (1 m ,60 à 1 m ,80) ; les trous de hourds sont espacés régulièrement, autant que le permet la courbe des tours ou les dispositions intérieures
tower	tower and curtain wall-head (Carcassonne château, c.1100)	putlog arrangement, XI-XIIc double-hole system: four holes pierced right through under each merlon jamb — two just below the crenel sill, two at wall-walk level	4 holes per merlon jamb	count		non-length (count)	measured	"Viollet-le-Duc, Dictionnaire raisonné, ""Hourd"", fig. 1"	sous leurs pieds-droits sont percés, tout à travers, quatre trous : deux un peu au-dessous de l’appui des créneaux, deux au niveau du chemin de ronde.
tower	tower and curtain wall-head, hoarding (XIIIc single-row system)	putlog socket, square, pierced at wall-walk level	0.30 x 0.30	m	0.300	pair max (m)	measured	"Viollet-le-Duc, Dictionnaire raisonné, ""Hourd"""	On renonça aux trous doubles, on se contenta d’un seul rang de larges trous carrés (0,30 c. × 0,30 c. environ) percés au niveau des chemins de ronde
tower	tower and curtain wall-head, hoarding (XIIIc single-row system)	oak cantilever joist, square section (équarrissage)	0.30	m	0.300	m	measured	"Viollet-le-Duc, Dictionnaire raisonné, ""Hourd"""	et, en effet, une pièce de bois de chêne de 0,30 c. d’équarrissage, fût-elle de trois mètres en bascule, peut porter un poids énorme.
tower	tower and curtain wall-head, hoarding (XIIIc single-row system)	cantilever length a 0.30 m oak joist will carry (stated capacity, not a measured build)	3.00	m	3.000	m	author-rule	"Viollet-le-Duc, Dictionnaire raisonné, ""Hourd"""	et, en effet, une pièce de bois de chêne de 0,30 c. d’équarrissage, fût-elle de trois mètres en bascule, peut porter un poids énorme.
tower	tower and curtain wall-head, hoarding (XIIIc single-row system)	hoarding projection beyond the wall face (upper bound, one toise)	1.95 (rarely more)	m	1.950	first number, unit column (m)	author-rule	"Viollet-le-Duc, Dictionnaire raisonné, ""Hourd"""	Or les hourds avaient rarement plus de 1 m ,95 c. de saillie (une toise).
tower	curtain wall-head, double hoarding (Carcassonne, porte Narbonnaise, Philippe le Hardi)	putlog socket, square, at the base of the battered merlons	0.30	m	0.300	m	measured	"Viollet-le-Duc, Dictionnaire raisonné, ""Hourd"", fig. 4"	Leur base est traversée au niveau du chemin de ronde, par des trous de hourds de 0,30 c. de côté, régulièrement espacés.
tower	curtain wall-head, double hoarding (Carcassonne, porte Narbonnaise, Philippe le Hardi)	cantilever joist spacing along the wall (five pieds ≈ 1.62 m)	5 pieds (approx. 1.62 m)	ft	1.620	metric conversion in source string	measured	"Viollet-le-Duc, Dictionnaire raisonné, ""Hourd"", fig. 4"	Les hourds doubles étaient donc disposés ainsi : de cinq pieds en cinq pieds passaient par les trous de hourds les fortes solives C
tower	curtain wall-head, double hoarding (Carcassonne, porte Narbonnaise, Philippe le Hardi)	floor-to-floor of the two-deck hoarding: second row of moises set 1.80 m above the first	1.80	m	1.800	m	documented-reconstruction	"Viollet-le-Duc, Dictionnaire raisonné, ""Hourd"", fig. 4"	Un second rang de moises, posé en L , à 1 m ,80 du premier rang, formait l’enrayure des arbalétriers M du comble.
tower	great donjon, hoarding on stone corbels (Coucy, Enguerrand III, 1220-1230)	number of stone hoarding corbels around the cylinder	48	count		non-length (count)	measured	"Viollet-le-Duc, Dictionnaire raisonné, ""Hourd"", fig. 6"	ils ont établi, tout autour de l’énorme cylindre, quarante-huit consoles de pierre de 1 m ,07 de saillie sur 0,30 c. d’épaisseur, pour asseoir le hourdage
tower	great donjon, hoarding on stone corbels (Coucy, Enguerrand III, 1220-1230)	stone hoarding corbel projection	1.07	m	1.070	m	measured	"Viollet-le-Duc, Dictionnaire raisonné, ""Hourd"", fig. 6"	ils ont établi, tout autour de l’énorme cylindre, quarante-huit consoles de pierre de 1 m ,07 de saillie sur 0,30 c. d’épaisseur, pour asseoir le hourdage
tower	great donjon, hoarding on stone corbels (Coucy, Enguerrand III, 1220-1230)	stone hoarding corbel thickness (width)	0.30	m	0.300	m	measured	"Viollet-le-Duc, Dictionnaire raisonné, ""Hourd"", fig. 6"	ils ont établi, tout autour de l’énorme cylindre, quarante-huit consoles de pierre de 1 m ,07 de saillie sur 0,30 c. d’épaisseur, pour asseoir le hourdage
tower	great donjon, hoarding on stone corbels (Coucy)	each corbel built up of two courses	2 courses per corbel	count		non-length (count)	measured	"Viollet-le-Duc, Dictionnaire raisonné, ""Hourd"", fig. 6"	En B , on voit l’une des consoles formées de deux assises chacune.
tower	great donjon (Coucy)	height of the hoarding foot above the counterscarp of the ditch	40	m	40.000	m	measured	"Viollet-le-Duc, Dictionnaire raisonné, ""Hourd"""	Le pied des hourds de ce donjon célèbre, le plus grand de tous ceux que possède l’Europe, est à 40 mètres au-dessus de la contrescarpe du fossé.
tower	great donjon (Coucy)	height of the hoarding corbel course above the ditch bottom	46	m	46.000	m	measured	"Viollet-le-Duc, Dictionnaire raisonné, ""Hourd"", fig. 7"	Nous avons tenu à nous rendre compte de la manière de poser ces hourds, à une hauteur de 46 mètres au-dessus du fond du fossé, sur des consoles isolées en contre-bas des crénelages.
tower	great donjon roof platform (Coucy)	platform layout: wide circular wall-walk ringing a twelve-panel lead-covered flat pavilion vault with a central eye	12 panels + central oculus	count		non-length (count)	measured	"Viollet-le-Duc, Dictionnaire raisonné, ""Hourd"" (referring to ""Donjon"", figs. 38-39)"	Cette plate-forme se compose d’un large chemin de ronde circulaire, pourtournant une voûte à douze pans revêtue de plomb et formant un pavillon plat, au centre duquel est percé un œil.
tower	round tower wall-head, hoarding	plan rule: hoarding of a round tower is polygonal, because putlog holes, crenels and loops are always pierced at equal spacing round the circumference	polygonal, equal spacing	rule		non-length (rule)	measured	"Viollet-le-Duc, Dictionnaire raisonné, ""Hourd"", fig. 5"	Le hourdage d’une tour ronde se trouvait former un plan polygonal à plus ou moins de côtés, suivant que la circonférence de la tour était plus ou moins étendue, car les trous de hourds sont toujours, comme les créneaux et meurtrières, percés à distances égales.
tower	round tower wall-head, hoarding	talus rule governing machicolation position: the batter dies at the level of the counterscarp crest, so a machicolation at the tower face (B) is needed once the ditch is filled and one at the guard-planks (C) while it is not	talus top = counterscarp crest	rule		non-length (rule)	measured	"Viollet-le-Duc, Dictionnaire raisonné, ""Hourd"", fig. 5"	les bases des tours (comme celles des courtines) sont montées en talus, sauf de rares exceptions. Le talus finissait ordinairement au niveau de la crête de la contrescarpe du fossé.
tower	town-wall angle tower (Nuremberg, Dürer-era remodelling)	external diameter, measured 5 m above ground on a battered wall	20 (approx.), taken 5 m above ground	m	5.000	first measure in prose (m)	measured	"Viollet-le-Duc, Dictionnaire raisonné, ""Tour"", fig. 36"	Ces tours ont environ 20 mètres de diamètre à 5 mètres du sol, sont bâties en fruit par assises de grès dur, avec bossages en bas et près du sommet.
tower	town-wall angle tower (Nuremberg, Dürer-era remodelling)	ground-floor plan rule: vaulted chamber set eccentric so that the masonry stays very thick on the outer side; a square eye in the vault links ground floor to first floor	eccentric chamber, mass to the outside	rule		non-length (rule)	measured	"Viollet-le-Duc, Dictionnaire raisonné, ""Tour"", fig. 36"	Au rez-de-chaussée elles possèdent une chambre voûtée, mais tracée de manière à laisser à la maçonnerie une épaisseur considérable du côté extérieur
tower	square keep-tower as an isolated post (Lesparre)	area of the whole château outside the square tower	700	m2		non-length (m2)	measured	"Viollet-le-Duc, Dictionnaire raisonné, ""Tour"""	il faut citer la tour carrée du château de Lesparre , qui était un réduit couronné par une plate-forme sur voûte, un véritable poste, car la surface de ce château en dehors de la tour carrée n’est que de 700 mètres.
tower	turret-flanked gate front (Palais des Papes, Avignon)	height of the machicolation arcade above ground, carrying a crenellated wall-walk with a second crenellation behind	15	m	15.000	m	measured	"Viollet-le-Duc, Dictionnaire raisonné, ""Tourelle"""	Cette façade se compose d’une suite d’arcs percés de mâchicoulis à la hauteur de 15 mètres au-dessus du sol, et portant un chemin de ronde crénelé, en arrière duquel le mur de face s’élève jusqu’aux combles et porte un second crénelage
tower	corbelled angle turret (tourelle)	counterweight rule for the cul-de-lampe: the quarter-plan nopq bearing on the stone angle must load at least as much as the three-quarters nst overhanging, leaving a void v closed by a scrap of boarding — the void mistaken for a deliberate hiding place	1/4 bearing >= 3/4 overhang	rule		non-length (rule)	author-rule	"Viollet-le-Duc, Dictionnaire raisonné, ""Tourelle"", fig. 5"	La naissance du cul-de-lampe était placée en n , et assez bas pour que la charge du quart du plan nopq , posant sur l’angle de pierre, fût équivalente au moins à la charge nst des trois quarts du cul-de-lampe en porte-à-faux. À cet effet, il était laissé en v un vide que l’on recouvrait avec un bout de plancher. C’est ce vide que l’on prend, dans les tourelles anciennes où il existe, pour des cachettes préméditées
tower	sentry turret (échauguette) on a donjon (Provins)	interior capacity of each of the four roofed turrets crowning the keep	1 man each	count		non-length (count)	measured	"Viollet-le-Duc, Dictionnaire raisonné, ""Échauguette"""	Nous voyons quatre belles échauguettes couronnant le donjon de Provins (voy. Donjon , fig. 27 et suivantes) ; celles-ci étaient couvertes et ne pouvaient contenir chacune qu’un homme.
tower	sentry turret (échauguette), general type	interior capacity of the closed guard-post type	2 to 3 soldiers	count		non-length (count)	measured	"Viollet-le-Duc, Dictionnaire raisonné, ""Échauguette"""	Quelquefois l’échauguette est un petit poste clos capable de renfermer deux ou trois soldats, comme un corps de garde supérieur.
tower	sentry turret (échauguette) over a stair cage (Chambois donjon, Orne, XIIIc over a XIIc stair)	interior capacity and fittings: vaulted, a small window to the country, a fireplace, a shelf beside it, terrasson above formerly crenellated	4 men	count		non-length (count)	measured	"Viollet-le-Duc, Dictionnaire raisonné, ""Échauguette"", fig. 1"	Voici ( 1 ) l’aspect intérieur de ce poste, qui peut contenir quatre hommes. Il est voûté et surmonté d’un terrasson autrefois crénelé. Une petite fenêtre donnant sur la campagne l’éclaire ; une cheminée permet de le chauffer
tower	sentry turret (échauguette) on a curtain (Villeneuve-lès-Avignon citadel)	interior capacity and plan: interrupts the wall-walk, two doors, one crenel with an outward view, a small fireplace	2 to 3 men at most	count		non-length (count)	measured	"Viollet-le-Duc, Dictionnaire raisonné, ""Échauguette"", figs. 12-13"	En A est le chemin de ronde interrompu par l’échauguette et ses deux portes B ; un seul créneau C a vue sur l’extérieur ; en D est une petite cheminée. Deux ou trois hommes au plus pouvaient se tenir dans ce poste
tower	sentry turret (échauguette) on buttresses	width of the concealed second machicolation slot, cut in the wall spanning between the two buttresses	0.25 (approx.)	m	0.250	m	measured	"Viollet-le-Duc, Dictionnaire raisonné, ""Échauguette"", fig. 9"	au droit du mur faisant fond entre les contre-forts, est pratiqué un second mâchicoulis C , comme une rainure de 0,25 c. de largeur environ
hall_manor	great hall, priory refectory type (Dover Priory, Kent, 1139)	wall thickness	3 ft 6 in	ft-in	1.067	ft-in	measured	Turner, Some Account of Domestic Architecture in England vol 1 (IA someaccountofdom00turn) leaf n146	It measures exter- nally 107 feet by 34 feet, and the walls are 3 feet 6 inches in thickness.
hall_manor	great hall, priory refectory type (Dover Priory, Kent)	room length x width (interior) and wall height to roof springing	100 x 27 ft interior; walls 26 ft high to springing	ft	30.480	first measure in prose (ft)	measured	Turner, Domestic Architecture in England vol 1 (IA someaccountofdom00turn) leaf n146	The interior measures 100 feet by 27 feet, and the walls to the springing of the roof are 26 feet high, and are plastered. It has evidently never been divided by a floor, but has always been open from the floor to the roof as at present.
hall_manor	great hall, priory refectory type (Dover Priory, Kent)	window sill height (blank dado zone above floor)	12 ft 6 in blank	ft-in	3.810	first measure in prose (ft in)	measured	Turner, Domestic Architecture in England vol 1 (IA someaccountofdom00turn) leaf n146	The lower part of the wall to the height of 12 feet 6 inches is entirely blank, and appears never to have had any opening through it, except the doorway at the south- west angle
hall_manor	vaulted undercroft chamber, urban hostelry (Priors of Lewes, Southwark)	wall thickness	3 ft 3 in	ft-in	0.991	ft-in	measured	Turner, Domestic Architecture in England vol 1 (IA someaccountofdom00turn) leaf n163	The walls were 3 ft. 3 in. thick. The pillars and arches were of wrought stone, a mixture of fire-stone and Kentish rag ; the vault was entirely chalk, 9 in. thick
hall_manor	vaulted undercroft chamber, urban hostelry (Priors of Lewes, Southwark)	room length x width x height	40 ft 3 in x 16 ft 6 in x 14 ft 3 in high	ft-in	12.268	first measure in prose (ft in)	measured	Turner, Domestic Architecture in England vol 1 (IA someaccountofdom00turn) leaf n163	The vaulted chamber formed a parallelogram of 40 ft. 3 in., by 16 ft. 6 in., and 14 ft. 3 in. high, the vaulted roof being supported by arches springing from six semi- circular pillars attached to the side walls ; these pillars were 5 ft. 10 in. high, including the capitals and base.
hall_manor	manor house, ashlar-faced (Norborough Hall, Northamptonshire)	wall thickness (external)	2 ft to 2 ft 6 in	ft-in	0.610	first measure in prose (ft)	measured	Turner/Parker, Domestic Architecture in England vol 2 (IA someaccountofdom00park_0) leaf n408	The external walls are from 2 ft. to 2 ft. 6 in. thick, with well-finished ashlar facing.
hall_manor	tower-house / fortified manor (Dacre Castle, Cumberland)	wall thickness (basement storey)	more than 8 ft	ft	2.438	first measure in prose (ft)	measured	Turner/Parker, Domestic Architecture in England vol 2 (IA someaccountofdom00park_0) leaf n338	it is barrel vaulted, and divided into two rooms lighted by small windows at the front and back, and having fire-places ; the walls are extremely thick, being more than 8 feet.
hall_manor	tower-house / fortified manor (Dacre Castle, Cumberland)	room length x width (mural chamber inside the wall thickness)	8 ft 6 in x 7 ft	ft-in	2.591	first measure in prose (ft in)	measured	Turner/Parker, Domestic Architecture in England vol 2 (IA someaccountofdom00park_0) leaf n343	between this and the fire-place is a small bed-room 8 ft. 6 in. by 7 ft., entirely in the thickness of the wall.
hall_manor	tower-house (Tattershall Castle, Lincolnshire)	wall thickness	some 12 ft	ft	3.658	first measure in prose (ft)	measured	Gotch, The Growth of the English House (IA growthofenglishh00gotc) leaf n96	Each floor consisted of one large room about 38 ft. by 22 ft., supplemented by small chambers in three of the turrets, and by one or two others in the walls, which are some 12 ft. thick.
hall_manor	Norman keep / hall-in-keep (general)	wall thickness	seldom less than 8 ft, sometimes 16 to 20 ft	ft	2.438	first measure in prose (ft)	author-rule	Gotch, The Growth of the English House (IA growthofenglishh00gotc) leaf n21	These are all outside measurements, and as the walls were very thick, seldom less than 8 ft, and sometimes as much as 16 or 20 ft., the available space within them was much less than their total area.
hall_manor	manoir, timber-framed with entresols (Viollet-le-Duc, art. Manoir)	storey height, hall (grande salle, floor to ceiling)	4.30 m	m	4.300	m	documented-reconstruction	Viollet-le-Duc, Dictionnaire raisonné, article 'Manoir'	La grande salle R avait entre le plancher et le plafond 4m,30 de hauteur, et chacun des étages entresolés 2m,30 environ
hall_manor	manoir, timber-framed with entresols (Viollet-le-Duc, art. Manoir)	storey height, entresolled storeys	2.30 m each	m	2.300	first measure in prose (m)	documented-reconstruction	Viollet-le-Duc, Dictionnaire raisonné, article 'Manoir'	L'étage entrésolé 2m,30 — Épaisseur du plancher 30 — L'entresol 2m,30 — Épaisseur du plancher 30 — Hauteur de la grande salle 4m,30 — Poutres et corbeaux 60 — Solivages 30
hall_manor	manoir, timber-framed with entresols (Viollet-le-Duc, art. Manoir)	floor (plancher) thickness	0.30 m	m	0.300	m	documented-reconstruction	Viollet-le-Duc, Dictionnaire raisonné, article 'Manoir'	L'étage entrésolé 2m,30 — Épaisseur du plancher 30 — L'entresol 2m,30 — Épaisseur du plancher 30
hall_manor	manoir, timber-framed with entresols (Viollet-le-Duc, art. Manoir)	beam depth (poutres et corbeaux over the hall)	0.60 m	m	0.600	m	documented-reconstruction	Viollet-le-Duc, Dictionnaire raisonné, article 'Manoir'	Hauteur de la grande salle 4m,30 — Poutres et corbeaux 60 — Solivages 30
hall_manor	manoir, timber-framed with entresols (Viollet-le-Duc, art. Manoir)	joist depth (solivages)	0.30 m	m	0.300	m	documented-reconstruction	Viollet-le-Duc, Dictionnaire raisonné, article 'Manoir'	Poutres et corbeaux 60 — Solivages 30 — L'escalier à vis N montait du sol de la grande salle au chemin de ronde défendu par un parapet crénelé.
hall_manor	manoir, ground storey (Viollet-le-Duc, art. Manoir)	storey height, ground floor (sol to plafond)	2.65 m maximum	m	2.650	first measure in prose (m)	measured	Viollet-le-Duc, Dictionnaire raisonné, article 'Manoir'	Ce rez-de-chaussée du sol au plafond n'a pas plus de 2m,65.
hall_manor	border pele tower / tower-house (Northumberland, Parker vol 2 leaf n316)	storey height, ground floor (vault crown) and first floor	12 ft to top of vault arch; first floor 10 ft 8 in high	ft-in	3.658	first measure in prose (ft)	measured	Turner/Parker, Domestic Architecture in England vol 2 (IA someaccountofdom00park_0) leaf n316	On the ground floor is a vaulted apart- ment, 12 ft. in height to the top of the arch, and 27 ft. 10 in. long, by 15 ft. 6 in. in width. ... This leads to the first floor 10 ft. 8 in. high ; it is divided into two rooms now used for bed-rooms
hall_manor	border pele tower / tower-house (Northumberland, Parker vol 2 leaf n316)	door opening width (entrance passage) and stair diameter	passage 4 ft 6 in wide; newel stair 5 ft 8 in diameter	ft-in	1.372	first measure in prose (ft in)	measured	Turner/Parker, Domestic Architecture in England vol 2 (IA someaccountofdom00park_0) leaf n316	The entrance is by a passage on the north side, the width of which is 4 ft. 6 in. This passage was secured by a door of great strength. ... a few steps lead, by an easy ascent, to a newel stair- case 5 ft. 8 in. in diameter, and lighted by three narrow loop-holes.
hall_manor	tower-house great chamber (Prudhoe Castle, Northumberland)	room length x width x storey height (first storey chief apartment)	43 ft x 21 ft 6 in x nearly 17 ft high	ft-in	13.106	first measure in prose (ft)	measured	Turner/Parker, Domestic Architecture in England vol 2 (IA someaccountofdom00park_0) leaf n320	On the east side of the first story is the chief apartment, 43 ft. long by 21½ ft. broad, and nearly 17 ft. in height ; it has a chimney in it, and is lighted on the north and south by two large windows of two lights, each with transoms.
hall_manor	Tudor royal great hall (Hampton Court Palace, Middlesex, 1531-3)	vault span / roof span, and storey heights to hammer-beam and apex	span about 40 ft; floor to hammer-beams about 41 ft; floor to apex about 60 ft	ft	12.192	first measure in prose (ft)	measured	Garner & Stratton, Domestic Architecture of England during the Tudor Period v.1 (IA gri_33125010766489) leaf n130 / printed p.113	In the transverse section (Fig. 130) the form of the hammer-beam truss is shown: the span is about 40 feet, the height from floor to hammer-beams about 41 feet, and to apex about 60 feet; the hall, 106 feet long, is divided into seven bays
hall_manor	Tudor royal great hall (Hampton Court Palace, Middlesex)	bay spacing (hall divided into seven bays over 106 ft)	106 ft long in seven bays	ft	32.309	first measure in prose (ft)	measured	Garner & Stratton, Tudor Period v.1 (IA gri_33125010766489) leaf n130 / printed p.113	the hall, 106 feet long, is divided into seven bays, the main trusses connected longitudinally by arches and most of the roof visible from below treated as an inner curved ceiling.
hall_manor	Tudor great chamber over/beside a hall (Great Watching Chamber, Hampton Court)	room length x width x height	71 x 29 ft, about 25 ft high	ft	21.641	first measure in prose (ft)	measured	Garner & Stratton, Tudor Period v.1 (IA gri_33125010766489) leaf n130 / printed p.113	Formerly Wolsey's hall, it measures 71 feet long and 29 feet wide, and is now about 25 feet high, lighted by windows high in the wall and by the semicircular oriel window shown on Plate CXLV.
hall_manor	royal/episcopal great hall (Eltham Palace, Kent)	bay spacing (principals along the hall)	about 17 ft apart; five principals plus two against the end walls	ft	5.182	first measure in prose (ft)	measured	Garner & Stratton, Tudor Period v.1 (IA gri_33125010766489) leaf n232 / printed p.217	There are five principals, spaced about 17 feet apart, in addition to the two against the end walls, the hall being about 101 feet long and 36 feet 3 inches wide. The louvre was over the third bay from the upper end
hall_manor	royal/episcopal great hall (Eltham Palace, Kent)	room length x width	about 101 ft x 36 ft 3 in	ft-in	30.785	first measure in prose (ft)	measured	Garner & Stratton, Tudor Period v.1 (IA gri_33125010766489) leaf n232 / printed p.217	the hall being about 101 feet long and 36 feet 3 inches wide. The louvre was over the third bay from the upper end, but it has long since been removed
hall_manor	great merchant/city hall (Crosby Place, London, c.1466)	room length x width, and bay count with louvre position	about 54 x 27 ft; eight bays; louvre over the fifth bay from the dais end	ft	16.459	first measure in prose (ft)	measured	Garner & Stratton, Tudor Period v.1 (IA gri_33125010766489) leaf n233 / printed p.218	The hall here measures about 54 feet in length and 27 feet in width, divided into eight bays, with an hexagonal louvre over the fifth bay from the daïs end.
hall_manor	Tudor mansion great hall (Beddington Hall, Surrey, 16th c.)	room length x width, and truss count	61 ft 4 in x nearly 33 ft; three main trusses plus two three-quarter trusses at the ends	ft-in	18.694	first measure in prose (ft in)	measured	Garner & Stratton, Tudor Period v.1 (IA gri_33125010766489) leaf n233 / printed p.217	this hall measures 61 feet 4 inches in length by nearly 33 feet in width, and it is spanned by three main trusses, of which details are given on Plate CLV, and by two three-quarter trusses, one at each end against the walls
hall_manor	Tudor manor great hall with screens (Hoghton Tower, Lancashire)	room length x width (screens-inclusive)	54 ft long with the screens x nearly 26 ft wide	ft	16.459	first measure in prose (ft)	measured	Garner & Stratton, Tudor Period v.1 (IA gri_33125010766489) leaf n162 / printed p.147	"The north side of the upper courtyard is taken up by the great hall, a magnificent apartment, T-shaped, owing to the two large oriel windows, measuring with the ""screens"" 54 feet long, and nearly 26 feet wide"
hall_manor	Tudor manor great hall (Hoghton Tower, Lancashire)	window opening height above floor (sill / panelling line)	windows down to within 7 ft of the floor	ft	2.134	first measure in prose (ft)	measured	Garner & Stratton, Tudor Period v.1 (IA gri_33125010766489) leaf n162 / printed p.147	The south side, looking into the courtyard, is entirely occupied by windows to within 7 feet of the floor: beneath the sills the walls are panelled in oak, elsewhere the unplastered masonry is exposed
hall_manor	stone manor house hall, ceiled (Wilderhope Manor House, Shropshire)	room length x width x storey height	about 29 x 20 ft (exclusive of the oriel) x 13 ft 9 in high	ft-in	8.839	first measure in prose (ft)	measured	Garner & Stratton, Tudor Period v.1 (IA gri_33125010766489) leaf n186 / printed p.171	The hall measures about 29 feet by 20 feet wide, exclusive of the oriel, and is 13 feet 9 inches high: it is the full width of the house, lighted, as was so often the case, on both sides
hall_manor	stone manor house newel stair (Wilderhope Manor House, Shropshire)	stair tread / step width and newel post diameter	steps 5 ft wide; central octagonal newel post 7 in diameter	ft-in	1.524	first measure in prose (ft)	measured	Garner & Stratton, Tudor Period v.1 (IA gri_33125010766489) leaf n186 / printed p.171	the steps, 5 feet wide, are formed of solid balks of oak framed into a central octagonal newel post 7 inches in diameter
hall_manor	moated manor great hall (Ightham Mote, Kent)	room length x width x height to roof springing	about 32 ft long including the screens x 20 ft wide x 20 ft high to springing	ft	9.754	first measure in prose (ft)	measured	Garner & Stratton, Tudor Period v.1 (IA gri_33125010766489) leaf n59 / printed p.42	"The hall remains nearly intact: it measures about 32 feet in length, including the ""screens"", 20 feet in width, and 20 feet high to the springing of the open timber roof which is of the early hammer beam type"
hall_manor	timber-framed guildhall with cellar (Lavenham Guildhall, Suffolk, c.1529)	room length x width (main hall) and street frontages	main hall about 30 x 17 ft; frontage 48 ft to the market-place, 27 ft to Lady Street	ft	9.144	first measure in prose (ft)	measured	Garner & Stratton, Tudor Period v.1 (IA gri_33125010766489) leaves n124-n125 / printed pp.107-108	The main hall, which was the meeting place for the merchants, is entered through the porch, and measures about 30 feet by 17 feet.
hall_manor	timber-framed guildhall cellar (Lavenham Guildhall, Suffolk)	room length x width x storey height (cellar headroom)	about 31 ft 9 in x 16 ft 10 in x 7 ft 3 in high	ft-in	9.677	first measure in prose (ft in)	measured	Garner & Stratton, Tudor Period v.1 (IA gri_33125010766489) leaf n125 / printed p.108	The cellar, which is about 31 feet 9 inches by 16 feet 10 inches, and 7 feet 3 inches high, is reached by a brick stair beneath the staircase leading to the first floor: the windows are small and iron barred.
hall_manor	timber-framed guildhall / jettied town-manor range (Lavenham, Suffolk)	first-floor jetty overhang	about 18 in	ft-in	0.457	first measure in prose (in)	measured	Garner & Stratton, Tudor Period v.1 (IA gri_33125010766489) leaf n125 / printed p.108	The first floor overhangs the face of the ground floor about 18 inches, and this projection is continued on both frontages by means of a diagonal beam and angle post
hall_manor	castle great hall over vaulted undercroft (Kenilworth Castle, Warwickshire)	room length x width	90 x 45 ft	ft	27.432	first measure in prose (ft)	measured	Gotch, The Growth of the English House (IA growthofenglishh00gotc) leaf n72	The great hall, 90 ft. long by 45 ft. wide, occupied nearly the whole of the west front. It stood on a vaulted undercroft
hall_manor	courtyard manor great hall over vaulted undercroft (Wingfield Manor, Derbyshire, c.1440)	room length x width	71 ft 7 in x 36 ft 5 in (Haddon Hall hall compared at 43 x 28 ft)	ft-in	21.819	first measure in prose (ft in)	measured	Gotch, The Growth of the English House (IA growthofenglishh00gotc) leaf n86	The hall stands on a vaulted undercroft, and must have been a fine room ; it measures 71 ft. 7 in. long by 36 ft. 5 in. wide, and is considerably larger than the hall at Haddon, which is 43 ft. by 28 ft.
hall_manor	aisled hall (Oakham Castle, Rutland, c.1180)	room length x width, and arcade arch span	65 x 43 ft; four arcade arches of about 15 ft span	ft	19.812	first measure in prose (ft)	measured	Gotch, The Growth of the English House (IA growthofenglishh00gotc) leaves n43, n48	The four arches of the arcades are semicircular and of about 15 ft. span ; they rest on massive round pillars (Fig. 13), and where they spring from the end walls they rest on corbels of unusual and quaint design.
hall_manor	fortified manor hall (Stokesay Castle, Shropshire, c.1240-90)	room length x width (interior)	51 ft x 31 ft (Gotch's plan gives 52 x 31 ft)	ft	15.545	first measure in prose (ft)	measured	Turner, Domestic Architecture in England vol 1 (IA someaccountofdom00turn) leaf n347	occupied in its whole height and width by the hall, which is in the interior 51 ft. by 31. It is lighted on the west side by four large windows over the moat, and on the east by three large ones
hall_manor	medieval hall (general English type)	window opening height above floor (sill height)	kept up some 10 or 12 ft from the floor	ft	3.658	first measure in prose (ft)	author-rule	Gotch, The Growth of the English House (IA growthofenglishh00gotc) leaf n120	Its lights were brought down low enough to afford an outlook, whereas the other windows of the hall were kept up some 10 or 12 ft. from the floor.
hall_manor	medieval hall screens passage (general English type)	screen height (and gallery floor over the screens)	stopped short some 10 or 12 ft high	ft	3.658	first measure in prose (ft)	author-rule	Gotch, The Growth of the English House (IA growthofenglishh00gotc) leaf n42	The screen did not extend the full height of the hall, but stopped short some 10 or 12 ft. high, and was connected to the end wall by a floor, which thus at once served as a ceiling to the entrance
hall_manor	manor house hall (Sutton Courtenay, Berkshire, 14th c.)	window opening width x height (sill to arch springing)	2 ft 5.5 in wide x 2 ft 3.375 in from sill to springing	ft-in	0.749	first measure in prose (ft in)	measured	Turner/Parker, Domestic Architecture in England vol 2 (IA someaccountofdom00park_0) leaf n447	The dimensions of these windows are rather peculiar, 2 ft. 5½ in. wide by 2 ft. 3⅜ in. from the sill to the line of the springing of the arch. The size of the room is about 20 ft. 6 in. by 66 ft.
hall_manor	manor house solar wing (Sutton Courtenay, Berkshire)	room length x width (solar)	about 35 x 17 ft	ft	10.668	first measure in prose (ft)	measured	Turner/Parker, Domestic Architecture in England vol 2 (IA someaccountofdom00park_0) leaf n448	in this is the solar, which was probably about 35 feet by 17, and the original open timber roof, which still extends the whole length of this wing
hall_manor	fortified manor chapel squint (Broughton Castle, Oxfordshire)	door/opening size and its height above floor	opening 3 ft 6 in high, sill 10 in above the floor	ft-in	1.067	first measure in prose (ft in)	measured	Turner/Parker, Domestic Architecture in England vol 2 (IA someaccountofdom00park_0) leaf n432	From this room a square opening 10 inches from the floor, and 3 ft. 6 in. high, has been left into the chapel (but now blocked up.)
hall_manor	episcopal palace great hall (Archbishop's Palace, Mayfield, Sussex)	bay spacing, porch size and buttress footprint	four bays, each divided by a stone arch; porch 12 ft 6 in x 19 ft 10 in inside; buttresses 3 ft 10 in x 7 ft 6 in	ft-in	3.810	first measure in prose (ft in)	measured	Turner/Parker, Domestic Architecture in England vol 2 (IA someaccountofdom00park_0) leaves n473-n474	It is of four bays, each bay divided internally by a fine stone arch. The internal dimensions are very grand, 69 ft. 5 in. by 39 ft. 3 in. The entrance porch (12 ft. 6 in. by 19 ft. 10 in. inside) is on the south side of the hall, in the westernmost bay.
hall_manor	tower-house internal circulation (Tattershall Castle, Lincolnshire)	stair diameter (circular newel stair serving four storeys)	10 ft diameter	ft	3.048	first measure in prose (ft)	measured	Gotch, The Growth of the English House (IA growthofenglishh00gotc) leaf n96	access from floor to floor is obtained by a circular staircase, 10 ft. in diameter. The rooms are approached from the stairs through vaulted lobbies, and on the third floor through a long vaulted passage in the thickness of the wall.
hall_manor	tower-house / hall-in-keep (Castle Hedingham, Essex, c.1130)	stair diameter and hall arch span	staircase more than 11 ft diameter; hall arch of nearly 30 ft span	ft	3.353	first measure in prose (ft)	measured	Gotch, The Growth of the English House (IA growthofenglishh00gotc) leaves n24, n26	Across the middle of the entrance floor and of the hall is thrown a fine bold semicircular arch, of nearly 30 ft. span, to carry the floor of the room over
hall_manor	grand'salle, French palace (Poitiers, Palais des comtes)	room length x width (dans oeuvre)	50 m long x 16 m wide (given elsewhere as 16.30 m internal)	m	50.000	first measure in prose (m)	measured	Viollet-le-Duc, Dictionnaire raisonné, article 'Salle'	Ce vaisseau, l'un des plus grands qui fussent en France, avait 50 mètres de longueur sur 16 mètres, dans œuvre.
hall_manor	grand'salle, French palace (Palais de Paris)	room length x width (dans oeuvre)	70.50 m long x 27.50 m wide	m	70.500	first measure in prose (m)	measured	Viollet-le-Duc, Dictionnaire raisonné, article 'Salle'	La grand'salle proprement dite a 70m,50 de long sur 27m,50 de large dans œuvre.
hall_manor	grand'salle hall fireplace (Poitiers)	door/opening size — fireplace opening width and height under mantel	10.00 m wide x 2.30 m under the mantel (sept pieds); hall internal width 16.30 m	m	10.000	first measure in prose (m)	measured	Viollet-le-Duc, Dictionnaire raisonné, article 'Cheminée'	elle n'a pas moins de 10m,00 de largeur sur 2m,30 sous le manteau (sept pieds). ... cette belle salle dont la largeur, dans œuvre, est de 16m,30.
hall_manor	private chamber fireplace, town mansion (Hôtel Jacques Coeur, Bourges, 15th c.)	door/opening size — fireplace opening height under mantel x width	1.66 m under the mantel x 2.57 m wide	m	1.660	first measure in prose (m)	measured	Viollet-le-Duc, Dictionnaire raisonné, article 'Cheminée'	Cette cheminée porte 1m,66 sous le manteau sur 2m,57 de largeur.
stair	stone stair, any (masonry practice)	newel diameter — crossover from solid pillar to hollow shell	2 ft 6 in (0.76 m) maximum for a solid pillar; above that a thin wall round the newel	ft-in	0.760	metric conversion in source string	author-rule	Gwilt, Encyclopaedia of Architecture, para 1926, printed p. 587 (IA encyclopaediaofa00gwil, OCR leaf 612)	Where elegance is not required, and where the newel does not exceed 2 feet 6 inches, the ends of the steps may be conveniently supported by a solid pillar ; but when the newel is thicker, a thin wall surrounding the newel would be cheaper.
stair	stone geometrical stair	step thickness at thinnest point (for a 4 ft step)	2 in (0.051 m)	in	0.051	metric conversion in source string	author-rule	Gwilt, Encyclopaedia of Architecture, para 1928, printed p. 587 (IA encyclopaediaofa00gwil, OCR leaf 612)	With most sorts of stone the thickness of every step at the thinnest place need not exceed 2 inches for steps of 4 feet in length ; that is, measuring from the interior angle of every step perpendicular to the rake.
stair	stone geometrical stair	step thickness at the interior angle, as a function of step length	thickness in inches = half the step length in feet (5 ft step -> 2.5 in)	in	1.524	first measure in prose (ft)	author-rule	Gwilt, Encyclopaedia of Architecture, para 1928, printed p. 587 (IA encyclopaediaofa00gwil, OCR leaf 612)	then will the thickness of them at the interior angles be half the number of inches that the length of the steps is in feet ; for instance, a step 5 feet long would be 2i inches at that place.
stair	stone geometrical stair	joggle rebate — depth the tread plane is carried behind the riser face	1 in (0.025 m)	in	0.025	metric conversion in source string	author-rule	Gwilt, Encyclopaedia of Architecture, para 1927, printed p. 587 (IA encyclopaediaofa00gwil, OCR leaf 612)	which may be level from the face of the risers to about one inch within the joint. Thus the plane of the tread of each step is continued one inch within the surface of each riser
stair	stone geometrical stair	landing / half-pace slab thickness relative to the steps	same thickness as the step stones	in		unparsed	author-rule	Gwilt, Encyclopaedia of Architecture, para 1929, printed p. 588 (IA encyclopaediaofa00gwil, OCR leaf 613)	The stones which form a platform are generally of the same thickness as those forming the steps.
stair	any staircase (leading principle)	tread x rise constant product	tread x rise = 66 (12 in tread pairs with 5.5 in rise; 10 in tread -> 6.6 in rise)	in	0.305	first measure in prose (in)	author-rule	Gwilt, Encyclopaedia of Architecture, para 2177, printed p. 668 (IA encyclopaediaofa00gwil) — verified on plate n689	Now, as in common practice it is found that the convenient rise of a step 12 inches in width is 5 1/2 inches, it may be assumed as some guide for the regulation of other dimensions. Thus 12 x 5 1/2 = 66, which would be a constant numerator for the proportion.
stair	common house stair vs. best staircase	tread breadth (the two-tier quality rule)	commonest staircase 10 in medium; best staircases not less than 12 in and not more than 18 in (0.30 / 0.30-0.46 m)	in	0.254	first measure in prose (in)	author-rule	Gwilt, Encyclopaedia of Architecture, para 2177, printed p. 668 (IA encyclopaediaofa00gwil) — verified on plate n689	The breadth of steps in the commonest staircase may be taken at 10 inches at a medium. In the best staircases the breadth of the step should not be less than 12 inches, neither should it be more than 18 inches.
stair	any staircase	tread/riser pairing table (Newland 1860)	tread 5 in : riser 9 in; 6:8.5; 7:8; 8:7.5; 9:7; 10:6.5; 11:6; 12:5.5; 13:5; 14:4.5 — tread ascends by 1 in as riser descends by 0.5 in. Pitch range = 60.9 deg down to 17.8 deg	in	0.127	first measure in prose (in)	author-rule	Gwilt, Encyclopaedia of Architecture, para 2178a table, printed p. 668 (IA encyclopaediaofa00gwil) — table read directly off plate n689, not OCR	Set down two sets of numbers, each in arithmetical progression ; the first set showing the width of the steps, ascending by inches, the other showing the height of the riser, descending by half-inches. It will readily be seen that each of these steps and risers are such as may suitably pair together. (Newland, Carpenter's and Joiner's Assistant, 1860, p. 197.)
stair	better-sort house staircase	clear stair width for two people to pass	not less than 4 ft (1.22 m); town houses often forced below it	ft	1.220	metric conversion in source string	author-rule	Gwilt, Encyclopaedia of Architecture, para 2179, printed p. 668 (IA encyclopaediaofa00gwil) — verified on plate n689	The width of the better sorts of staircases should not be less than 4 feet, to allow of two persons freely passing each other ; but the want of space in town houses often obliges the architect to submit to less in what is called the going of the stair.
stair	timber stair with solid steps	round-log yield for solid steps	6 steps from a log 30 in (0.76 m) diameter, ~10 per cent saving over square timber	in	0.760	metric conversion in source string	author-rule	Gwilt, Encyclopaedia of Architecture, para 2180a, printed p. 668 (IA encyclopaediaofa00gwil) — verified on plate n689	A curious instance of economy of material is given in fig. 781a., which shows the mode of getting six steps out of round timber 30 inches in diameter, being a saving of about ten per cent. upon the attempt to cut up square timber.
stair	timber geometrical stair	tread and riser board thickness as a function of going	not less than 1.5 in for a 4 ft going; add 0.125 in for every additional 6 in of step length	in	0.038	first measure in prose (in)	author-rule	Gwilt, Encyclopaedia of Architecture, para 2184, printed p. 670 (IA encyclopaediaofa00gwil, OCR leaf 694)	for strength's sake, the treads and risers, when placed in position, should not be less than 1 1/2 inch thick, supposing the going of the stair or length of the step to be 4 feet. For every 6 inches in length of the step an eighth of an inch should be added.
stair	timber geometrical stair	balusters per step	2 per step	count		non-length (count)	author-rule	Gwilt, Encyclopaedia of Architecture, para 2186, printed p. 670 (IA encyclopaediaofa00gwil, OCR leaf 695)	and LMN part of the rail supported by two balusters upon every step.
stair	timber geometrical stair	handrail breadth	about 2.25 in (0.057 m)	in	0.057	metric conversion in source string	author-rule	Gwilt, Encyclopaedia of Architecture, para 2190, printed p. 671 (IA encyclopaediaofa00gwil) — read directly off plate n692	Make BR equal to the breadth of the rail; namely, about two inches and a quarter.
stair	principal staircase, model specification (timber)	full member scantling set	treads 1.5 in pitch pine; risers 1 in; wall strings 1.5 in; outer string boards 2 in; newels 6 in square; oak handrail 4 in wide x 6 in deep; balusters 1.5 in square oak	in	0.038	first measure in prose (in)	author-rule	Gwilt, Encyclopaedia of Architecture, para 2285c specification schedule, printed p. 766 (IA encyclopaediaofa00gwil, OCR leaf 790)	The principal staircase to have 1 5-inch pitch pine (or other) treads, with rounded nosing and hollow moulding under same, and inch risers, glued and blocked to fir carriages ; the ends of the steps to be housed into 1 1/2-inch wall strings, and 2-inch outer string boards, sunk and staff beaded, and finished at the top with a boldly moulded capping, framed at the bottom and corners into 6 inch square newels, with moulded finials, bases, and pendents, as drawing. Boldly moulded oak handrail, 4 in
stair	palace / grand house stair (Palladio)	minimum clear stair width so two people can pass	4 Vicentine ft = 4 ft 6 in English (1.38 m)	ft-in	1.380	metric conversion in source string	author-rule	Gwilt, Encyclopaedia of Architecture, para 2804 quoting Palladio, printed p. 928 (IA encyclopaediaofa00gwil) — verified on plate n949	"Nevertheless, they ought never to be narrower than 4 feet"" (4 feet 6 inches English *), ""so that two persons meeting on the stairs may conveniently pass each other."
stair	palace / grand house stair (Palladio)	Vicentine-to-English foot conversion (needed to use every Palladio stair figure)	1 Vicentine ft = about 13.6 English in (0.345 m)	in	0.345	metric conversion in source string	author-rule	Gwilt, Encyclopaedia of Architecture, footnote to para 2804, printed p. 928 (IA encyclopaediaofa00gwil) — verified on plate n949	* The Vicentine foot is about 13.6 inches English.
stair	palace / grand house stair (Palladio)	flight plan proportion	length = 2 x breadth	ratio		non-length (ratio)	author-rule	Gwilt, Encyclopaedia of Architecture, para 2804 quoting Palladio, printed p. 928 (IA encyclopaediaofa00gwil) — verified on plate n949	Therefore, they must be twice as long as broad.
stair	palace / grand house stair (Palladio)	riser height range	4 to 6 Vicentine in = 4.53 to 6.80 English in (0.115 to 0.173 m)	in	0.173	first measure in prose (m)	author-rule	Gwilt, Encyclopaedia of Architecture, para 2804 quoting Palladio, printed p. 928 (IA encyclopaediaofa00gwil) — verified on plate n949	"The steps ought not to exceed 6 inches in height ; and if they be lower they must be so to long and continued stairs, for they will be so much the easier, because one needs not lift the foot so high ; but they must never be lower than 4 inches."" (These are Vicentine inches.)"
stair	palace / grand house stair (Palladio)	tread breadth range	1 to 1.5 Vicentine ft = 13.6 to 20.4 English in (0.345 to 0.518 m)	ft	0.518	first measure in prose (m)	author-rule	Gwilt, Encyclopaedia of Architecture, para 2804 quoting Palladio, printed p. 928 (IA encyclopaediaofa00gwil) — verified on plate n949	The breadth of the steps ought not to be less than a foot, nor more than a foot and a half.
stair	palace / grand house stair (Palladio)	maximum steps in one flight before a half-pace landing	11 to 13, odd number preferred	count		non-length (count)	author-rule	Gwilt, Encyclopaedia of Architecture, para 2804 quoting Palladio, printed p. 928 (IA encyclopaediaofa00gwil) — verified on plate n949	It will be sufficient to put eleven or thirteen steps at most to a flight before coming to a half-pace, thus to help weak people and of short breath, as well that they may there have the opportunity of resting as to allow of any person falling from above being there caught.
stair	spiral stair with solid newel (Palladio)	newel-to-well diameter split	diameter / 3 -> 2 parts steps, 1 part newel (newel = 33 pct of diameter); alternatively diameter / 7 -> 3 parts newel, 4 parts steps (newel = 43 pct, the Trajan's Column setting-out)	ratio		non-length (ratio)	author-rule	Gwilt, Encyclopaedia of Architecture, para 2806 quoting Palladio, printed p. 929 (IA encyclopaediaofa00gwil, OCR leaf 956)	"The diameter being divided into three parts, two are given for the steps, and the third is for the newel ; or, otherwise, the diameter may be divided into seven parts, three of which are for the newel and four for the steps. ""Thus,"" he says, ""was made the staircase of the column of Trajan at Rome"""
stair	spiral stair with solid newel, tight plan (Palladio plate)	newel-to-well diameter split when space is short	diameter / 12 -> 4 parts newel (newel = 33 pct of diameter), remainder split equally between the two step arms	ratio		non-length (ratio)	author-rule	Gwilt, Encyclopaedia of Architecture, para 2808 (fig. 997), printed p. 929 (IA encyclopaediaofa00gwil, OCR leaf 957)	Fig. 997. is a plan and section of a staircase with a solid newel, in which the whole diameter is divided into twelve parts, and of these four are given to the newel and the remainder divided equally between the steps.
stair	spiral stair with open newel (Palladio plate)	open-well-to-outer diameter split	diameter / 4 -> 2 parts open well (well = 50 pct of diameter), remainder split equally between the two step arms	ratio		non-length (ratio)	author-rule	Gwilt, Encyclopaedia of Architecture, para 2809 (fig. 998), printed p. 930 (IA encyclopaediaofa00gwil, OCR leaf 957)	Fig. 998. is the plan and section of a spiral staircase with an open newel, wherein the diameter is divided into four parts, two being given to the newel, and the remainder equally divided between the steps.
stair	elliptical stair with open newel (Palladio plate)	conjugate-diameter split	conjugate diameter / 4 -> 2 parts to the newel's conjugate diameter, 1 part each side to the steps	ratio		non-length (ratio)	author-rule	Gwilt, Encyclopaedia of Architecture, para 2810 (fig. 999), printed p. 930 (IA encyclopaediaofa00gwil, OCR leaf 957)	Fig. 999. is the plan and section of an elliptical staircase with an open newel. The conjugate diameter is divided into four parts, whereof two are given to the conjugate diameter of the newel, and the remainder one on each side to the steps.
stair	any staircase (Blondel's law of ease)	tread/rise relation as a linear law	w = x - 2h with x = 24 French in (0.65 m); h = 5 in -> w = 14 in. Equivalent: going + 2 x rise = 24 French in	in	0.650	metric conversion in source string	author-rule	Gwilt, Encyclopaedia of Architecture, paras 2813-2814 after Blondel, Cours d'Architecture, printed p. 930 (IA encyclopaediaofa00gwil, OCR leaf 957)	Blondel assumes 24 (French) inches for the value of x, and 12 for that of z. We are not sufficiently, from experiment, convinced that these are the proper values; but, following him, if those values be substituted in the equation h = 1/2 (24 - w), and w = 24 - 2h: if the height of a step be 5 inches, its width should be 24 - 10 = 14 inches
stair	ceremonial platform stair, Persepolis (Achaemenid)	riser and tread of the principal staircase	rise 4 in (0.102 m), tread 14 in (0.356 m) — pitch 16 deg	in	0.102	metric conversion in source string	measured	Gwilt, Encyclopaedia of Architecture, para 47, printed p. 20 (IA encyclopaediaofa00gwil) — read directly off plate n41	The steps are 4 in. high, and 14 in. wide.
stair	ceremonial platform stair, Persepolis (Achaemenid)	flight width and gap between the paired flights at the foot	each flight 25 ft 7 in (7.80 m) wide; 42 ft (12.80 m) between the flights at the bottom	ft-in	7.800	metric conversion in source string	measured	Gwilt, Encyclopaedia of Architecture, para 47, printed p. 20 (IA encyclopaediaofa00gwil) — read directly off plate n41	It has a double flight, the distance between the flights at the bottom being 42 ft., and the width of them is 25 ft. 7 in.
stair	ceremonial platform stair, Persepolis (Achaemenid)	half-pace and upper landing dimensions	half spaces at the top of the first flight 51 ft 4 in (15.65 m) wide; upper landing 75 ft (22.9 m) between the flights	ft-in	15.650	metric conversion in source string	measured	Gwilt, Encyclopaedia of Architecture, para 47, printed p. 20 (IA encyclopaediaofa00gwil) — read directly off plate n41	The half spaces at the top of the first flight are 51 ft. 4 in. wide. The upper flights are separated from the lower by a wall which runs through at the upper landing. The upper flights are in forty-eight steps, and are cut out of single blocks of the rock. The upper landing is seventy-five feet between the flights.
stair	ceremonial platform stair, Persepolis (Achaemenid)	steps per flight	lower flights 55 surviving north / 53 south; upper flights 48 steps	count		non-length (count)	measured	Gwilt, Encyclopaedia of Architecture, para 47, printed p. 20 (IA encyclopaediaofa00gwil) — read directly off plate n41	Fifty-five of them remain on the north side, and fifty-three on the south ; and it is probable that some are buried by the ruins.
stair	mural stair in a temple wall (Greek, Agrigentum)	stair taken out of the pronaos wall thickness — step count of a surviving example	41 steps, still entire	count		non-length (count)	measured	Gwilt, Encyclopaedia of Architecture, para 2799, printed p. 927 (IA encyclopaediaofa00gwil, OCR leaf 954)	The best preserved ancient staircases are those constructed in the thickness of the walls of the pronaos of temples for ascending to the roofs. Of this sort remains are found in several peripteral temples. That of the temple of Concord at Agrigentum is still entire, and consists of forty-one steps.
stair	town house stair, Pompeii	riser height of surviving domestic stairs	sometimes 1 ft (0.30 m)	ft	0.300	metric conversion in source string	measured	Gwilt, Encyclopaedia of Architecture, para 2800, printed p. 927 (IA encyclopaediaofa00gwil, OCR leaf 954)	Where they exist, as in the building at the above place called the country house, and some others, they are narrow and inconvenient, with steps sometimes a foot in height.
stair	palace grand staircase (Caserta)	step length (monolithic marble) and step count	100 steps, each 18 ft (5.49 m) long, each a single piece of marble; splits into two flights at the first landing	ft	5.490	metric conversion in source string	measured	Gwilt, Encyclopaedia of Architecture, glossary/example entry on the palace at Caserta (IA encyclopaediaofa00gwil, OCR leaf 1358)	At the first landing it is divided into two flights ; the hundred steps of which it is composed are 18 feet long, and each of one piece of marble ; it is lighted also from the top by a double skylight.
stair	monolithic stone stair (material supply limit)	maximum length of single-block step actually quarried and shipped	16 ft (4.88 m) blocks; ordinary run 4 to 5 ft wide, up to 20 ft long obtainable	ft	4.880	metric conversion in source string	measured	Gwilt, Encyclopaedia of Architecture, section on Irish black marble quarries, printed p. c.494 (IA encyclopaediaofa00gwil, OCR leaf 516)	Some blocks 16 feet in length were sent over for a staircase for the Duke of Hamilton's seat in Scotland, who was also furnished with landings and solid balustrades worked to a fine polish.
stair	stone stair landing (material supply limit)	largest single-stone landing slab supplied	17 ft 6 in x 7 ft (5.33 x 2.13 m); landings up to 130 sq ft available	ft-in	5.334	first measure in prose (ft in)	measured	Gwilt, Encyclopaedia of Architecture, section on Yorkshire millstone-grit quarries (IA encyclopaediaofa00gwil, OCR leaf 499)	Landings up to 130 feet superficial, suitable for hard wear; one (in 1876), being 17 feet 6 inches long by 7 feet wide, was supplied for a floor and ceiling in a London bank.
stair	public building / theatre escape stair	stair width band and tread for a crowd-carrying stair	never less than 5 ft (1.52 m) wide, some writers say not more than 8 ft (2.44 m); tread 12 in; equal flights of about 13 steps for headway	ft	1.520	metric conversion in source string	author-rule	Gwilt, Encyclopaedia of Architecture, para 2970b, on theatre planning (IA encyclopaediaofa00gwil, OCR leaf 1097)	Staircases should never be less than 5 feet wide (some writers say not more than 8 feet wide), the steps to be all straight, no winders, 12 inches in the tread ... there should be an equal number of steps to each flight, say thirteen for headway and space
stair	large public staircase with a centre and two side flights	width relation between centre and side flights	centre flight width = sum of the two side flight widths	ratio		non-length (ratio)	author-rule	Gwilt, Encyclopaedia of Architecture, para 2970b (IA encyclopaediaofa00gwil, OCR leaf 1097)	In large staircases, which consist of a centre and two side flights, the central one should be equal in width to the two side flights together.
stair	medieval stair, square or oblong plan (Viollet, construction fact)	how winder turns are carried — NO stone strings in the middle ages	turns carried on arcs, not on cut stone limons	n/a (construction rule)		unparsed	documented-reconstruction	Viollet-le-Duc, Dictionnaire raisonne, article 'Limon' (fr.wikisource, 442 chars, previously unmined)	Les limons de pierre n'etaient pas employes dans l'architecture du moyen age, les revolutions des marches dans les escaliers a plan carre ou barlong etant alors portees sur des arcs, ce qui etait beaucoup plus solide que le systeme de limons appareilles.
curtain_rampart	curtain wall crenellation, 13th c. (general formula)	merlon height above chemin de ronde floor	2.00	m	2.000	m	author-rule	Viollet-le-Duc, Dictionnaire raisonné, art. Créneau	Les merlons ont 2 mètres de haut sur 1 m , 70 au moins, et 3 m , 30 au plus de largeur sur 0,45 c. d’épaisseur ; l’appui des créneaux est à 1 mètre du sol du chemin de ronde, et leur largeur est de 0,70 c.
curtain_rampart	curtain wall crenellation, 13th c. (general formula)	merlon width (bay spacing of the crenellation)	1.70 min to 3.30 max	m	1.700	first number, unit column (m)	author-rule	Viollet-le-Duc, Dictionnaire raisonné, art. Créneau	Les merlons ont 2 mètres de haut sur 1 m , 70 au moins, et 3 m , 30 au plus de largeur sur 0,45 c. d’épaisseur
curtain_rampart	curtain wall crenellation, 13th c. (general formula)	merlon thickness (parapet thickness at the wall head)	0.45	m	0.450	m	author-rule	Viollet-le-Duc, Dictionnaire raisonné, art. Créneau	Les merlons ont 2 mètres de haut sur 1 m , 70 au moins, et 3 m , 30 au plus de largeur sur 0,45 c. d’épaisseur
curtain_rampart	curtain wall crenellation, 13th c. (general formula)	crenel sill (appui) height above chemin de ronde floor	1.00	m	1.000	m	author-rule	Viollet-le-Duc, Dictionnaire raisonné, art. Créneau	l’appui des créneaux est à 1 mètre du sol du chemin de ronde, et leur largeur est de 0,70 c.
curtain_rampart	curtain wall crenellation, 13th c. (general formula)	crenel (embrasure) opening width	0.70	m	0.700	m	author-rule	Viollet-le-Duc, Dictionnaire raisonné, art. Créneau	l’appui des créneaux est à 1 mètre du sol du chemin de ronde, et leur largeur est de 0,70 c.
curtain_rampart	crenellation, all periods (anthropometric rule)	crenel opening width, full observed range	0.70 to 1.00	m	0.850	m [range midpoint]	author-rule	Viollet-le-Duc, Dictionnaire raisonné, art. Créneau	Les dimensions des crénelages étant données par la taille de l’homme, ces dimensions varient peu : les merlons ont toujours à peu près deux mètres de hauteur, pour pouvoir garantir complètement les défenseurs ; les appuis des créneaux sont à un mètre du sol du chemin de ronde, et leur largeur varie d’un mètre, à soixante-dix centimètres.
curtain_rampart	Gallo-Roman town wall, crenellated parapet	parapet thickness at the wall head	0.50 approx	m	0.500	first number, unit column (m)	author-rule	Viollet-le-Duc, Dictionnaire raisonné, art. Créneau	Les créneaux qui couronnent les fortifications gallo-romaines sont percés habituellement dans des parapets d’une épaisseur assez forte, 0,50 c. environ, construits en moellons taillés et en brique, couronnés par une dalle de recouvrement formant une saillie tout autour du merlon
curtain_rampart	curtain wall crenellation, 13th c. (general formula)	archère external slit width (opening)	0.07 to 0.08	m	0.075	m [range midpoint]	author-rule	Viollet-le-Duc, Dictionnaire raisonné, art. Créneau	en a sont les archères, qui n’ont pas plus de 0,07 c. à 0,08 c. d’ouverture
curtain_rampart	curtain wall crenellation, 13th c. (general formula)	archère internal splay (ébrasement) width	0.40 to 0.45	m	0.425	m [range midpoint]	author-rule	Viollet-le-Duc, Dictionnaire raisonné, art. Créneau	en B , le plan du crénelage avec ses archères, lesquelles ont 0,40 c. à 0,45 c. d’ébrasement
curtain_rampart	covered tower, crenels under the roof, 13th c.	wall thickness at the crenel (crenel has an allège beneath)	0.90	m	0.900	m	author-rule	Viollet-le-Duc, Dictionnaire raisonné, art. Créneau	Les murs ayant 0,90 c. d’épaisseur, les créneaux ont une allège A , afin de permettre aux défenseurs de voir en dehors
curtain_rampart	Béziers cathedral, south transept, fortified parapet, 12th c.	chemin de ronde floor up to top of the supporting cornice	1.18	m	1.180	m	measured	Viollet-le-Duc, Dictionnaire raisonné, art. Créneau	Du sol du chemin de ronde, au-dessus de la corniche B , il n’y a qu’un mètre dix-huit centimètres de hauteur
curtain_rampart	rampart wall head (all periods)	merlon / parapet thickness band, sets the walkway width	0.38 to 0.58 (14 to 21 pouces)	m	0.380	first number, unit column (m)	author-rule	Viollet-le-Duc, Dictionnaire raisonné, art. Chemin de ronde	Les merlons étant posés sur le parement extérieur des murailles, et ayant une épaisseur qui variait de 0,38 c. à 0,58 c. (14 à 21 pouces), il restait en dedans du rempart un couronnement de maçonnerie que l’on recouvrait de dalles et qui formait le chemin de ronde.
curtain_rampart	rampart wall head (all periods)	chemin de ronde clear width, minimum passable (paving corbels inward when the wall is too thin)	2 men abreast	persons		unparsed	author-rule	Viollet-le-Duc, Dictionnaire raisonné, art. Chemin de ronde	Lorsque le mur n’avait qu’une épaisseur médiocre, le dallage du chemin de ronde débordait à l’intérieur, afin de suppléer à la maçonnerie et de permettre à deux hommes, au moins, de passer de front.
curtain_rampart	curtain wall, Romanesque	total relief (height incl. crenellation) above exterior ground or ditch bottom	6 max (ne dépasse guère)	m	6.000	first number, unit column (m)	author-rule	Viollet-le-Duc, Dictionnaire raisonné, art. Courtine	quelquefois même ces courtines étaient terrassées, et leur relief, compris le crénelage, ne dépasse guère six mètres au-dessus du sol extérieur ou du fond du fossé.
curtain_rampart	curtain wall, 13th c., very strong places	curtain height (relief)	10 to 12	m	11.000	m [range midpoint]	author-rule	Viollet-le-Duc, Dictionnaire raisonné, art. Courtine	Au XIII e siècle, on augmenta le relief des courtines, et nous leur voyons atteindre une hauteur de dix ou douze mètres dans des places très-fortes.
curtain_rampart	curtain wall, 14th c., with stone machicolation	height above ground at which the base glacis intercepts the machicolation drop line	3 approx	m	3.000	first number, unit column (m)	author-rule	Viollet-le-Duc, Dictionnaire raisonné, art. Courtine	les constructeurs tracèrent le profil des courtines de façon à ce que les projectiles, tombant par les trous de ces mâchicoulis, vinssent rencontrer un glacis à trois mètres du sol environ
curtain_rampart	curtain wall, Romanesque	exterior face batter (fruit)	0 (plumb, no batter)	deg		non-length (deg)	author-rule	Viollet-le-Duc, Dictionnaire raisonné, art. Courtine	Les courtines romanes ont leur parement extérieur monté d’aplomb, sans fruit, afin de rendre l’escalade plus difficile.
curtain_rampart	Carcassonne, château, towers and curtains, c.1100	merlon height	1.60 to 1.80	m	1.700	m [range midpoint]	measured	Viollet-le-Duc, Dictionnaire raisonné, art. Hourd	Les merlons des tours et courtines du château de Carcassonne (1100 environ) sont hauts (1 m ,60 à 1 m ,80) ; les trous de hourds sont espacés régulièrement
curtain_rampart	timber hoarding (hourd), 13th c. simplified system	hoarding beam socket, square, pierced at chemin de ronde floor level	0.30 x 0.30 approx	m	0.300	first number, unit column (m)	author-rule	Viollet-le-Duc, Dictionnaire raisonné, art. Hourd	on se contenta d’un seul rang de larges trous carrés (0,30 c. × 0,30 c. environ) percés au niveau des chemins de ronde
curtain_rampart	timber hoarding (hourd), 13th c. simplified system	oak cantilever joist scantling (squared) and free cantilever length	0.30 squared; up to 3 cantilevered	m	0.300	first number, unit column (m)	author-rule	Viollet-le-Duc, Dictionnaire raisonné, art. Hourd	une pièce de bois de chêne de 0,30 c. d’équarrissage, fût-elle de trois mètres en bascule, peut porter un poids énorme
curtain_rampart	timber hoarding (hourd), 13th c. simplified system	hoarding projection beyond the wall face	1.95 max (une toise)	m	1.950	first number, unit column (m)	author-rule	Viollet-le-Duc, Dictionnaire raisonné, art. Hourd	Or les hourds avaient rarement plus de 1 m ,95 c. de saillie (une toise).
curtain_rampart	Carcassonne, cité, curtains beside the Porte Narbonnaise (Philippe le Hardi, c.1285)	hoarding beam socket, square side, regularly spaced, at chemin de ronde level	0.30	m	0.300	m	measured	Viollet-le-Duc, Dictionnaire raisonné, art. Hourd	Leur base est traversée au niveau du chemin de ronde, par des trous de hourds de 0,30 c. de côté, régulièrement espacés.
curtain_rampart	Carcassonne, cité, double hoarding at the Porte Narbonnaise	hoarding joist (bay) spacing along the wall	5 pieds (Viollet glosses 1 pied = 0,33 c. elsewhere)	ft	1.524	first number, unit column (ft)	documented-reconstruction	Viollet-le-Duc, Dictionnaire raisonné, art. Hourd	Les hourds doubles étaient donc disposés ainsi : de cinq pieds en cinq pieds passaient par les trous de hourds les fortes solives C
curtain_rampart	Carcassonne, cité, double hoarding at the Porte Narbonnaise	vertical spacing, second row of moises above the first (upper hoarding floor level)	1.80	m	1.800	m	documented-reconstruction	Viollet-le-Duc, Dictionnaire raisonné, art. Hourd	Un second rang de moises, posé en L , à 1 m ,80 du premier rang, formait l’enrayure des arbalétriers M du comble.
curtain_rampart	Coucy, donjon (Enguerrand III, 1220-1230)	hoarding floor (pied des hourds) above the ditch counterscarp	40	m	40.000	m	measured	Viollet-le-Duc, Dictionnaire raisonné, art. Hourd	Le pied des hourds de ce donjon célèbre, le plus grand de tous ceux que possède l’Europe, est à 40 mètres au-dessus de la contrescarpe du fossé.
curtain_rampart	Coucy, donjon (Enguerrand III, 1220-1230)	hoarding stone corbels: count, projection, thickness (each of two courses)	48 corbels; 1.07 projection; 0.30 thickness	m	48.000	first number, unit column (m)	measured	Viollet-le-Duc, Dictionnaire raisonné, art. Hourd	ils ont établi, tout autour de l’énorme cylindre, quarante-huit consoles de pierre de 1 m ,07 de saillie sur 0,30 c. d’épaisseur, pour asseoir le hourdage
curtain_rampart	Coucy, donjon (Enguerrand III, 1220-1230)	hoarding corbel course above the ditch bottom (Viollet's own scaffold survey)	46	m	46.000	m	measured	Viollet-le-Duc, Dictionnaire raisonné, art. Hourd	Nous avons tenu à nous rendre compte de la manière de poser ces hourds, à une hauteur de 46 mètres au-dessus du fond du fossé, sur des consoles isolées en contre-bas des crénelages.
curtain_rampart	Carcassonne, château, crenellation c.1100 with hoarding fitted	crenel used as a doorway: hoarding floor sits level with the crenel sill, merlon tall enough for a man to pass upright	clear standing height (man passes upright)	qualitative		unparsed	measured	Viollet-le-Duc, Dictionnaire raisonné, art. Créneau	Les hourds posés, leur sol se trouvait alors au niveau de l’appui des créneaux ; aussi les merlons sont assez hauts pour permettre à un homme de passer debout par les créneaux, comme par autant de portes, afin de se poster sur les hourds.
curtain_rampart	stone machicolation, northern France (regulation)	drop-hole, square opening	0.33 (1 pied) to 0.40 (15 pouces)	m	0.330	first number, unit column (m)	author-rule	Viollet-le-Duc, Dictionnaire raisonné, art. Mâchicoulis	les trous des mâchicoulis des fortifications du nord de la France ont des dimensions évidemment réglementaires ; ils forment un carré qui varie de 0,33 c. (1 pied) à 0,40 c. (15 pouces)
curtain_rampart	Montbard, château tower, machicolation logette (late 13th c., Burgundy)	slab thickness of the corbelled box (cheeks and face, three slabs; cap of two stones)	0.20	m	0.200	m	measured	Viollet-le-Duc, Dictionnaire raisonné, art. Mâchicoulis	Les jouées et la face de cette logette saillante sont construites au moyen de trois dalles de 0,20 c. d’épaisseur ; le chaperon est fait de deux pierres.
curtain_rampart	Avignon ramparts, machicolation corbelling (mid-14th c.)	corbel courses (assises) making the corbel-out: diagonal angle corbel vs. normal	6 courses at the diagonal angle corbel; 5 courses elsewhere	courses		unparsed	measured	Viollet-le-Duc, Dictionnaire raisonné, art. Mâchicoulis	lesquels, suivant la coupe c d , donneront le profil D possédant six assises de corbeaux ; les deux encorbellements C seront légèrement biais pour obtenir des arcs BC égaux aux arcs CF , les encorbellements C et F n’auront que cinq assises
curtain_rampart	Royat church, machicolated crown (first half 13th c., Auvergne)	machicolation arcades per structural bay (between each buttress)	4 arcades per bay	count		non-length (count)	measured	Viollet-le-Duc, Dictionnaire raisonné, art. Mâchicoulis	elle se compose d’une suite d’arcades portées sur des consoles. Entre chaque contre-fort de l’édifice, on compte quatre arcades.
curtain_rampart	Le Puy-en-Velay, Bâtiment des mâchicoulis (13th c. defence over a 12th c. barrel-vaulted hall)	garrison capacity of the covered fighting platform (interior-span proxy)	200 men	persons		unparsed	author-rule	Viollet-le-Duc, Dictionnaire raisonné, art. Mâchicoulis	une défense importante et solide placée au-dessus d’une grande salle voûtée en berceau tiers-point, défense qui peut contenir deux cents hommes
keep_donjon	castle curtain wall (Villandraut, mid-13th c.)	wall thickness	2.70	m	2.700	m	measured	Viollet-le-Duc, Dictionnaire raisonné, art. Château	Les tours du château de Villandraut ont 27 m ,00 de hauteur, non compris les couronnements qui sont détruits, sur 11 m ,00 et 12 m ,00 de diamètre ; elles commandaient de beaucoup les courtines, dont l’épaisseur est de 2 m ,70.
keep_donjon	donjon great tower (Pierrefonds, late 14th c.)	wall thickness, ground storey (unpierced)	4.60	m	4.600	m	measured	Viollet-le-Duc, Dictionnaire raisonné, art. Château	c’est la grosse tour I du donjon dont les murs, d’une épaisseur considérable (4 m ,60), ne sont, à rez-de-chaussée, percés d’aucune ouverture
keep_donjon	castle towers and curtains (Pierrefonds)	wall thickness multiplier at base (empattement vs. upper wall)	about 2 (base ≈ 2 × wall thickness)	ratio		non-length (ratio)	measured	Viollet-le-Duc, Dictionnaire raisonné, art. Château	Les tours et courtines sont d’ailleurs renforcées à la base par un empattement qui double à peu près l’épaisseur de leurs murs, et la construction est admirablement faite en bonne maçonnerie, avec revêtement de pierre de taille dure.
keep_donjon	crenellated parapet, Gallo-Roman	parapet wall thickness	0.50	m	0.500	m	measured	Viollet-le-Duc, Dictionnaire raisonné, art. Créneau	Les créneaux qui couronnent les fortifications gallo-romaines sont percés habituellement dans des parapets d’une épaisseur assez forte, 0,50 c. environ, construits en moellons taillés et en brique
keep_donjon	crenellated parapet, 13th c.	merlon thickness (parapet thickness at the crenellation)	0.45	m	0.450	m	author-rule	Viollet-le-Duc, Dictionnaire raisonné, art. Créneau	Les merlons ont 2 mètres de haut sur 1 m , 70 au moins, et 3 m , 30 au plus de largeur sur 0,45 c. d’épaisseur ; l’appui des créneaux est à 1 mètre du sol du chemin de ronde, et leur largeur est de 0,70 c.
keep_donjon	roofed tower with crenels under the roof, 13th c.	wall thickness at the crenellation (crenels get an allège)	0.90	m	0.900	m	author-rule	Viollet-le-Duc, Dictionnaire raisonné, art. Créneau	Les murs ayant 0,90 c. d’épaisseur, les créneaux ont une allège A , afin de permettre aux défenseurs de voir en dehors
keep_donjon	fortified manor keep (Castera de Saint-Médard-en-Jalle, 1st half 13th c.)	storey height, ground floor, floor to ceiling	2.65 (maximum)	m	2.650	m	measured	Viollet-le-Duc, Dictionnaire raisonné, art. Manoir	Ce rez-de-chaussée du sol au plafond n’a pas plus de 2 m , 65.
keep_donjon	fortified manor keep (Castera de Saint-Médard-en-Jalle)	storey height, grande salle, floor to ceiling	4.30	m	4.300	m	measured	Viollet-le-Duc, Dictionnaire raisonné, art. Manoir	La grande salle R avait entre le plancher et le plafond 4 m ,30 de hauteur, et chacun des étages entresolés 2 m ,30 environ
keep_donjon	fortified manor keep (Castera de Saint-Médard-en-Jalle)	storey height, each entresolled storey, floor to ceiling	2.30	m	2.300	m	measured	Viollet-le-Duc, Dictionnaire raisonné, art. Manoir	La grande salle R avait entre le plancher et le plafond 4 m ,30 de hauteur, et chacun des étages entresolés 2 m ,30 environ
keep_donjon	fortified manor keep (Castera de Saint-Médard-en-Jalle)	floor structure thickness (plancher) over an entresol	0.30	m	0.300	m	measured	Viollet-le-Duc, Dictionnaire raisonné, art. Manoir	L’étage entrésolé 2 m ,30 5 m ,20 Épaisseur du plancher 30 L’entresol 2 m ,30 Épaisseur du plancher 30 Hauteur de la grande salle 4 m ,30 5 m ,20 Poutres et corbeaux 60 Solivages 30
keep_donjon	fortified manor keep (Castera de Saint-Médard-en-Jalle)	floor structure over the great hall: beams + corbels depth	0.60	m	0.600	m	measured	Viollet-le-Duc, Dictionnaire raisonné, art. Manoir	L’étage entrésolé 2 m ,30 5 m ,20 Épaisseur du plancher 30 L’entresol 2 m ,30 Épaisseur du plancher 30 Hauteur de la grande salle 4 m ,30 5 m ,20 Poutres et corbeaux 60 Solivages 30
keep_donjon	fortified manor keep (Castera de Saint-Médard-en-Jalle)	floor structure over the great hall: solivage (joisting) depth	0.30	m	0.300	m	measured	Viollet-le-Duc, Dictionnaire raisonné, art. Manoir	L’étage entrésolé 2 m ,30 5 m ,20 Épaisseur du plancher 30 L’entresol 2 m ,30 Épaisseur du plancher 30 Hauteur de la grande salle 4 m ,30 5 m ,20 Poutres et corbeaux 60 Solivages 30
keep_donjon	fortified manor keep (Castera de Saint-Médard-en-Jalle)	total floor-to-floor block, ground of first floor to chemin de ronde (both the entresolled stack 2.30+0.30+2.30+0.30 and the hall stack 4.30+0.60+0.30 arase at the same level)	5.20	m	5.200	m	measured	Viollet-le-Duc, Dictionnaire raisonné, art. Manoir	de sorte que le plancher au-dessus de cette grande salle et celui au-dessus de l’entresol, en comptant l’épaisseur des poutres et solives, s’ arasait au niveau d’un chemin de ronde supérieur. En effet, en calculant ces hauteurs, L’étage entrésolé 2 m ,30 5 m ,20 Épaisseur du plancher 30 L’entresol 2 m ,30 Épaisseur du plancher 30 Hauteur de la grande salle 4 m ,30 5 m ,20 Poutres et corbeaux 60 Solivages 30
keep_donjon	donjon interior, second floor (Coucy, 1220-30)	height of the encircling gallery floor above the dodecagonal hall pavement	3.30	m	3.300	m	measured	Viollet-le-Duc, Dictionnaire raisonné, art. Donjon	Cet étage, voûté comme ceux du dessous, se composait d’une salle dodécagone entourée d’une galerie relevée de 3 m ,30 au-dessus du pavé de cette salle et formant ainsi un large portique avec balcons
keep_donjon	flanking towers of a castle enceinte (Coucy, towers C, D, S, T)	storey count of a large flanking tower	2 cellar storeys + 3 hall storeys above ground + 1 attic storey	storeys		unparsed	measured	Viollet-le-Duc, Dictionnaire raisonné, art. Château	Les tours C, D, S, T possèdent deux étages de caves et trois étages de salles au-dessus du sol, sans compter l’étage des combles.
keep_donjon	double timber hoarding (Carcassonne, Porte Narbonnaise, Philippe le Hardi)	vertical spacing between the two hoarding decks (second rank of moises above the first)	1.80	m	1.800	m	documented-reconstruction	Viollet-le-Duc, Dictionnaire raisonné, art. Hourd	Un second rang de moises, posé en L , à 1 m ,80 du premier rang, formait l’enrayure des arbalétriers M du comble.
keep_donjon	castle range over the lices (Pierrefonds, north wing)	drop from the inner courtyard floor to the lices floor (lowest storey level)	8	m	8.000	m	measured	Viollet-le-Duc, Dictionnaire raisonné, art. Château	Nous donnons en B le plan de l’étage inférieur de l’aile du nord au niveau du sol des lices, qui se trouve à huit mètres en contrebas du sol de la cour intérieure.
keep_donjon	crenellated parapet, 13th c. (design formula)	merlon height above the chemin-de-ronde floor	2.00	m	2.000	m	author-rule	Viollet-le-Duc, Dictionnaire raisonné, art. Créneau	Au XIII e siècle, les créneaux sont évidemment construits d’après une formule donnée par l’expérience. Les merlons ont 2 mètres de haut sur 1 m , 70 au moins, et 3 m , 30 au plus de largeur sur 0,45 c. d’épaisseur
keep_donjon	crenellated parapet, 13th c. (design formula)	merlon width	1.70 to 3.30	m	2.500	m [range midpoint]	author-rule	Viollet-le-Duc, Dictionnaire raisonné, art. Créneau	Les merlons ont 2 mètres de haut sur 1 m , 70 au moins, et 3 m , 30 au plus de largeur sur 0,45 c. d’épaisseur
keep_donjon	crenellated parapet, 13th c. (design formula)	crenel sill height above the chemin-de-ronde floor	1.00	m	1.000	m	author-rule	Viollet-le-Duc, Dictionnaire raisonné, art. Créneau	l’appui des créneaux est à 1 mètre du sol du chemin de ronde, et leur largeur est de 0,70 c. Au milieu de chaque merlon est percée une archère.
keep_donjon	crenellated parapet, 13th c. (design formula)	crenel opening width	0.70	m	0.700	m	author-rule	Viollet-le-Duc, Dictionnaire raisonné, art. Créneau	l’appui des créneaux est à 1 mètre du sol du chemin de ronde, et leur largeur est de 0,70 c.
keep_donjon	crenellated parapet, all periods (human-stature rule)	crenel opening width, full observed range	1.00 down to 0.70	m	1.000	first number, unit column (m)	author-rule	Viollet-le-Duc, Dictionnaire raisonné, art. Créneau	Les dimensions des crénelages étant données par la taille de l’homme, ces dimensions varient peu : les merlons ont toujours à peu près deux mètres de hauteur, pour pouvoir garantir complètement les défenseurs ; les appuis des créneaux sont à un mètre du sol du chemin de ronde, et leur largeur varie d’un mètre, à soixante-dix centimètres.
keep_donjon	crenellated parapet (Carcassonne towers and curtains, c.1100)	merlon height	1.60 to 1.80	m	1.700	m [range midpoint]	measured	Viollet-le-Duc, Dictionnaire raisonné, art. Hourd	Les merlons des tours et courtines du château de Carcassonne (1100 environ) sont hauts (1 m ,60 à 1 m ,80) ; les trous de hourds sont espacés régulièrement
keep_donjon	crenellated parapet, 13th c.	archère (arrow-loop) external slit width	0.07 to 0.08	m	0.075	m [range midpoint]	author-rule	Viollet-le-Duc, Dictionnaire raisonné, art. Créneau	en a sont les archères, qui n’ont pas plus de 0,07 c. à 0,08 c. d’ouverture
keep_donjon	crenellated parapet, 13th c.	archère internal splay (ébrasement) width	0.40 to 0.45	m	0.425	m [range midpoint]	author-rule	Viollet-le-Duc, Dictionnaire raisonné, art. Créneau	en B , le plan du crénelage avec ses archères, lesquelles ont 0,40 c. à 0,45 c. d’ébrasement
keep_donjon	crenellated cornice (Béziers cathedral)	height from the chemin-de-ronde floor to the top of the cornice	1.18	m	1.180	m	measured	Viollet-le-Duc, Dictionnaire raisonné, art. Créneau	Du sol du chemin de ronde, au-dessus de la corniche B , il n’y a qu’un mètre dix-huit centimètres de hauteur
keep_donjon	castle gate (Château Gaillard, gate K)	door sill height above the ditch counterscarp	over 2	m	2.000	m	measured	Viollet-le-Duc, Dictionnaire raisonné, art. Château	En K s’ouvre la porte du château ; son seuil est élevé de plus de deux mètres au-dessus de la contrescarpe du fossé L .
keep_donjon	castle postern (Pierrefonds, postern V in curtain T)	postern sill height above the external base of the curtain	8	m	8.000	m	measured	Viollet-le-Duc, Dictionnaire raisonné, art. Château	En V , la courtine T est percée d’une large poterne munie de vantaux et d’un pont-levis ; le seuil de cette poterne est placé à huit mètres au-dessus de la base extérieure de la muraille.
keep_donjon	tower oubliette (Pierrefonds, SW tower)	diameter of the well mouth / oculus in the crown of the cave vault (only access)	1.60	m	1.600	m	measured	Viollet-le-Duc, Dictionnaire raisonné, art. Château	puits dont l’ouverture de 1 m ,60 de diamètre correspond à l’œil pratiqué au centre de la voûte elliptique de la cave
keep_donjon	tower oubliette (Pierrefonds, SW tower)	cave depth, floor to vault crown	7	m	7.000	m	measured	Viollet-le-Duc, Dictionnaire raisonné, art. Château	Au-dessus du rez-de-chaussée est un étage voûté en arcs ogives, et au-dessous de cet étage une cave d’une profondeur de 7 mètres, voûtée en calotte elliptique.
keep_donjon	tower oubliette (Pierrefonds, SW tower)	depth of the well sunk in the cave floor	8	m	8.000	m	measured	Viollet-le-Duc, Dictionnaire raisonné, art. Château	au centre de l’aire de cette cave circulaire est creusé un puits, qui nous a paru avoir huit mètres de profondeur, bien qu’en partie comblé
keep_donjon	great hall block (Montargis, 2nd half 13th c.)	hall length x width, dans oeuvre	50 x 16	m	50.000	pair max (m)	documented-reconstruction	Viollet-le-Duc, Dictionnaire raisonné, art. Salle	Ce vaisseau, l’un des plus grands qui fussent en France, avait 50 mètres de longueur sur 16 mètres, dans œuvre.
keep_donjon	great hall block (Palais de Paris, Philippe le Bel)	hall length x width, dans oeuvre	70.50 x 27.50	m	70.500	pair max (m)	measured	Viollet-le-Duc, Dictionnaire raisonné, art. Salle	La grand’salle proprement dite a 70 m ,50 de long sur 27 m ,50 de large dans œuvre.
keep_donjon	quadrangular castle block (Villandraut, mid-13th c.)	overall block length x width, dans oeuvre	47.50 x 39.00	m	47.500	pair max (m)	measured	Viollet-le-Duc, Dictionnaire raisonné, art. Château	Le château de Villandraut près Bazas, bâti vers le milieu du XIII e siècle, nous fait voir déjà des tours très-fortes et saillantes sur les courtines, flanquant à chaque angle un parallélogramme de 47 m ,50 sur 39 m ,00 dans œuvre.
keep_donjon	quadrangular castle block (Villandraut)	inner courtyard length x width	25.00 x 30.00	m	30.000	pair max (m)	measured	Viollet-le-Duc, Dictionnaire raisonné, art. Château	des logements étaient disposés à l’intérieur le long des quatre faces, de manière à laisser une cour de 25 m ,00 sur 30 m ,00 environ
keep_donjon	corner tower (Villandraut)	tower height, crownings excluded	27.00	m	27.000	m	measured	Viollet-le-Duc, Dictionnaire raisonné, art. Château	Les tours du château de Villandraut ont 27 m ,00 de hauteur, non compris les couronnements qui sont détruits, sur 11 m ,00 et 12 m ,00 de diamètre
keep_donjon	corner tower (Villandraut)	tower diameter	11.00 and 12.00	m	11.000	first number, unit column (m)	measured	Viollet-le-Duc, Dictionnaire raisonné, art. Château	Les tours du château de Villandraut ont 27 m ,00 de hauteur, non compris les couronnements qui sont détruits, sur 11 m ,00 et 12 m ,00 de diamètre
keep_donjon	flanking tower of a castle enceinte (Coucy, towers C, D, S, T)	tower diameter hors oeuvre x height above external ground	18 x 35	m	35.000	pair max (m)	measured	Viollet-le-Duc, Dictionnaire raisonné, art. Château	Ces tours, qui n’ont pas moins de dix-huit mètres de diamètre hors œuvre sur trente-cinq mètres de hauteur environ au-dessus du sol extérieur, ne sont rien auprès du donjon
keep_donjon	donjon (Coucy) — Château-article figures, differ from the Donjon-article figures already in fortification_dimensions_v1.tsv (30.50 m dia., 55 m high)	donjon diameter hors oeuvre x total height, ditch bottom to crowning	31 x 64	m	64.000	pair max (m)	measured	Viollet-le-Duc, Dictionnaire raisonné, art. Château	le donjon qui porte trente-un mètres de diamètre hors œuvre sur soixante-quatre mètres depuis le fond du fossé jusqu’au couronnement
keep_donjon	donjon (Louvre, Philippe-Auguste)	donjon diameter x height	20 x 30	m	30.000	pair max (m)	measured	Viollet-le-Duc, Dictionnaire raisonné, art. Château	le donjon du Louvre n’avait que vingt mètres de diamètre environ sur trente mètres de haut ; le donjon de Coucy est bien autrement important, son diamètre étant de trente-un mètres et sa hauteur de soixante-cinq environ
keep_donjon	scalloped inner enceinte (Château Gaillard, Richard I)	bay module of the lobed curtain: chord of each circular segment / straight curtain between segments	3 / 1	m	3.000	first number, unit column (m)	measured	Viollet-le-Duc, Dictionnaire raisonné, art. Château	c’est une suite de segments de cercle de trois mètres de corde environ, séparés par des portions de courtine d’un mètre seulement
keep_donjon	timber hoarding, single deck, 13th c.	putlog socket, square, at chemin-de-ronde level	0.30 x 0.30	m	0.300	pair max (m)	measured	Viollet-le-Duc, Dictionnaire raisonné, art. Hourd	On renonça aux trous doubles, on se contenta d’un seul rang de larges trous carrés (0,30 c. × 0,30 c. environ) percés au niveau des chemins de ronde
keep_donjon	timber hoarding, 13th c.	oak hoarding joist scantling (équarrissage, squared)	0.30	m	0.300	m	measured	Viollet-le-Duc, Dictionnaire raisonné, art. Hourd	et, en effet, une pièce de bois de chêne de 0,30 c. d’équarrissage, fût-elle de trois mètres en bascule, peut porter un poids énorme
keep_donjon	timber hoarding, 13th c.	hoarding projection (saillie) beyond the wall face, upper bound	1.95 (one toise)	m	1.950	first number, unit column (m)	author-rule	Viollet-le-Duc, Dictionnaire raisonné, art. Hourd	Or les hourds avaient rarement plus de 1 m ,95 c. de saillie (une toise).
keep_donjon	double timber hoarding (Carcassonne, Porte Narbonnaise)	socket / joist spacing along the wall (bay of the hoarding gallery), 5 pieds ≈ 1.62 m	5 pieds	ft (pied de roi, ≈1.62 m)	1.524	first number, unit column (ft)	documented-reconstruction	Viollet-le-Duc, Dictionnaire raisonné, art. Hourd	Leur base est traversée au niveau du chemin de ronde, par des trous de hourds de 0,30 c. de côté, régulièrement espacés. […] Les hourds doubles étaient donc disposés ainsi : de cinq pieds en cinq pieds passaient par les trous de hourds les fortes solives C
keep_donjon	stone-corbelled hoarding (Coucy donjon, 1220-30)	stone corbel projection x thickness; 48 corbels round the cylinder	1.07 x 0.30	m	1.070	pair max (m)	measured	Viollet-le-Duc, Dictionnaire raisonné, art. Hourd	ils ont établi, tout autour de l’énorme cylindre, quarante-huit consoles de pierre de 1 m ,07 de saillie sur 0,30 c. d’épaisseur, pour asseoir le hourdage
keep_donjon	stone-corbelled hoarding (Coucy donjon)	height of the hoarding foot above the ditch counterscarp	40	m	40.000	m	measured	Viollet-le-Duc, Dictionnaire raisonné, art. Hourd	Le pied des hourds de ce donjon célèbre, le plus grand de tous ceux que possède l’Europe, est à 40 mètres au-dessus de la contrescarpe du fossé.
keep_donjon	stone-corbelled hoarding (Coucy donjon)	height of the corbel course above the ditch bottom	46	m	46.000	m	measured	Viollet-le-Duc, Dictionnaire raisonné, art. Hourd	Nous avons tenu à nous rendre compte de la manière de poser ces hourds, à une hauteur de 46 mètres au-dessus du fond du fossé, sur des consoles isolées en contre-bas des crénelages.
keep_donjon	stone machicolation, early (pre-artillery) type	corbel thickness	0.30 to 0.40	m	0.350	m [range midpoint]	measured	Viollet-le-Duc, Dictionnaire raisonné, art. Château	mais les consoles portant les parapets de la grosse tour cylindrique ne sont plus de simples corbeaux de 0,30 c. à 0,40 c. d’épaisseur ; ce sont de gros encorbellements, des pyramides posées sur la pointe
keep_donjon	castle well (Carcassonne, principal well, rock-cut through sandstone)	shaft internal diameter	2.57	m	2.570	m	measured	Viollet-le-Duc, Dictionnaire raisonné, art. Puits	Son diamètre intérieur est de 2 m ,57.
keep_donjon	castle well (Carcassonne, principal well)	shaft depth (present state) / height of the water column	30.20 / up to 6.30	m	30.200	first number, unit column (m)	measured	Viollet-le-Duc, Dictionnaire raisonné, art. Puits	La profondeur actuelle est de 30 m ,20. La nappe d’eau s’élève parfois jusqu’à 6 m ,30 de hauteur, mais il est souvent à sec et en partie comblé.
keep_donjon	castle well (Carcassonne, second well on a small square, 14th-c. margelle)	shaft depth / height of the water column	21.40 / 3.50	m	21.400	first number, unit column (m)	measured	Viollet-le-Duc, Dictionnaire raisonné, art. Puits	La profondeur de ce puits est de 21 m ,40, et la nappe d’eau de 3 m ,50.
keep_donjon	well head (Carcassonne principal well, 14th-c. sandstone margelle)	bahut (kerb wall) height x thickness	1.00 x 0.22	m	1.000	pair max (m)	measured	Viollet-le-Duc, Dictionnaire raisonné, art. Puits	Le bahut de grès, d’un mètre de hauteur et de 0 m ,22 d’épaisseur, supporte trois piles monolithes qui étaient reliées à leur sommet par trois poutres
keep_donjon	well shaft inside a buttress serving several storeys (Château-Landon abbey, 13th c.)	shaft internal diameter	1.05	m	1.050	m	measured	Viollet-le-Duc, Dictionnaire raisonné, art. Puits	on voit encore un puits de 1 m , 05 de diamètre, qui était disposé de manière à desservir plusieurs étages, ainsi que l’indique la coupe C
keep_donjon	medieval well, general range (towns, castles, cloisters, houses)	shaft internal diameter, dans oeuvre — 3 pieds (≈0.97 m) up to 2 or 3 toises (≈3.90-5.85 m)	3 pieds to 2-3 toises	ft (pied ≈0.325 m; toise ≈1.95 m)	0.914	first number, unit column (ft)	author-rule	Viollet-le-Duc, Dictionnaire raisonné, art. Puits	Ils sont revêtus de pierres de taille ; leur diamètre est très-variable. Il est des puits qui n’ont que trois pieds de diamètre dans œuvre, d’autres qui ont jusqu’à deux et trois toises.
keep_donjon	well winch (Château-Landon, treuil à rouet in a masonry recess)	squared timber of the winch axle, and the square socket holes cut in one course of masonry to take it	0.25	m	0.250	m	measured	Viollet-le-Duc, Dictionnaire raisonné, art. Puits	On voit encore en a , a′ , les trous carrés faits dans la pierre, ou plutôt ménagés dans une hauteur d’assise, qui servaient à passer l’arbre du treuil roulant dans le milieu d’une pièce de bois bien équarrie et de 25 centimètres de côté.
keep_donjon	motte-and-bailey earthwork castle (La Tusque, Sainte-Eulalie d’Ambarès)	bailey enclosure length x width	150 x 90-110	m	150.000	first number, unit column (m)	measured	Viollet-le-Duc, Dictionnaire raisonné, art. Château	un fossé C ferme le quatrième côté du parallélogramme, qui a 150 mètres de long sur 90 mètres à 110 mètres environ
keep_donjon	motte-and-bailey earthwork castle (La Tusque)	motte diameter / motte ditch width / vallum height x width	27 / 10-15 / 2 high x 10 wide	m	27.000	first number, unit column (m)	measured	Viollet-le-Duc, Dictionnaire raisonné, art. Château	Au milieu de ce parallélogramme s’élève une motte D de 27 mètres de diamètre dont le fossé varie en largeur de 10 à 15 mètres. Sur un des grands côtés en E s’élève un vallum haut de deux mètres environ et large de 10 mètres.
keep_donjon	Norman castle ditch cut in chalk (Arques, 11th c.)	ditch width, crest of the counterscarp to the base of the walls	25 to 30	m	27.500	m [range midpoint]	measured	Viollet-le-Duc, Dictionnaire raisonné, art. Château	Ce fossé, fait à main d’homme et creusé dans la craie, n’a pas moins de 25 m à 30 m de largeur de la crête de la contrescarpe à la base des murailles.
keep_donjon	rock-cut castle ditch, fond de cuve (Château Gaillard)	ditch width x depth	10 x 7-8	m	10.000	first number, unit column (m)	measured	Viollet-le-Duc, Dictionnaire raisonné, art. Château	En effet, le fossé est creusé dans le roc, à fond de cuve ; il a dix mètres de large environ sur sept à huit mètres de profondeur.
keep_donjon	castle ditch separating the château from its basse-cour (Coucy)	ditch width	20	m	20.000	m	measured	Viollet-le-Duc, Dictionnaire raisonné, art. Château	Un fossé de vingt mètres de largeur sépare le château de la basse-cour.
town_house	urban stone house, Hostelry of the Priors of Lewes, Southwark (London), 12th c.	wall thickness (vaulted undercroft / lower storey)	3 ft 3 in (0.99 m)	ft-in	0.990	metric conversion in source string	measured	Turner & Parker, Some Account of Domestic Architecture in England, IA someaccountofdom00turn leaf n163	The walls were 3 ft. 3 in. thick.
town_house	urban stone house, Southwark hostelry, 12th c.	vault thickness (chalk vault over undercroft)	9 in (0.23 m)	ft-in	0.230	metric conversion in source string	measured	Turner & Parker, IA someaccountofdom00turn leaf n163	the vault was entirely chalk, 9 in. thick : the rest of the lower building rubble.
town_house	town house / civil building, gable wall	gable wall thickness (worked example: 4 m high on an 8 m base)	0.50	m	0.500	m	author-rule	Viollet-le-Duc, Dictionnaire raisonné, art. Pignon, fig. 2	Si (fig. 2) nous élevons un pignon A plein, de 4 mètres de hauteur sur 8 mètres de base, et 0 m ,50 d’épaisseur, nous aurons, en élévation, une surface bâtie de 16 mètres et un cube de 8 mètres.
town_house	town house, chimney stack with grouped flues	partition wall thickness between adjacent flues	0.10 to 0.20	m	0.150	m [range midpoint]	measured	Viollet-le-Duc, art. Cheminée (tuyaux et mitres de)	Au lieu d’être cylindriques à l’intérieur, les tuyaux donnent, dans ce cas, les sections horizontales de parallélogrammes très-allongés séparés par des cloisons de 0,10 c. à 0,20 c. d’épaisseur.
town_house	town house with shop, 13th-15th c. French	storey height, ground storey (rez-de-chaussée), clear	3 to 4, rarely more	m	3.000	first number, unit column (m)	author-rule	Viollet-le-Duc, art. Boutique	mais cela était difficile à obtenir avec la pierre, sans le secours du bois et du fer, surtout lorsqu’on était limité par la hauteur des rez-de-chaussée, qui ne dépassait guère alors trois ou quatre mètres, et lorsqu’il fallait élever plusieurs étages au-dessus de ces rez-de-chaussée.
town_house	urban stone house, Southwark hostelry, 12th c.	storey height, undercroft floor to vault crown (clear)	14 ft 3 in (4.34 m)	ft-in	4.340	metric conversion in source string	measured	Turner & Parker, IA someaccountofdom00turn leaf n163	The vaulted chamber formed a parallelogram of 40 ft. 3 in., by 16 ft. 6 in., and 14 ft. 3 in. high, the vaulted roof being supported by arches springing from six semi-circular pillars attached to the side walls ; these pillars were 5 ft. 10 in. high, including the capitals and base.
town_house	urban stone house, Southwark hostelry, 12th c.	floor level drop, undercroft floor below porch floor	"about 3.5 ft (1.07 m); OCR renders the fraction as ""3^ ft."""	ft-in	1.070	metric conversion in source string	measured	Turner & Parker, IA someaccountofdom00turn leaves n162-n163	At the distance of 6 ft. 9 in. from the inner door there was a flight of steps to the chamber, the floor of which was nearly 3^ ft. lower
town_house	house street door (porte d'allée), pedestrian only, French medieval town house	door opening width	1.00 to 1.50	m	1.250	m [range midpoint]	author-rule	Viollet-le-Duc, art. Porte (Portes d'édifices civils extérieurs et intérieurs)	Quant aux portes des maisons proprement dites, ces habitations, fussent-elles pourvues de cours, n’étaient toujours que ce que nous appelons des portes d’allée, c’est-à-dire disposées seulement pour des piétons, d’une largeur de 1 mètre à 1 m ,50, et d’une hauteur de 2 m ,50 à 3 mètres au plus.
town_house	house street door (porte d'allée), French medieval town house	door opening height (absolute maximum)	2.50 to 3.00 at most	m	2.500	first number, unit column (m)	author-rule	Viollet-le-Duc, art. Porte	Quant aux portes des maisons proprement dites, ces habitations, fussent-elles pourvues de cours, n’étaient toujours que ce que nous appelons des portes d’allée, c’est-à-dire disposées seulement pour des piétons, d’une largeur de 1 mètre à 1 m ,50, et d’une hauteur de 2 m ,50 à 3 mètres au plus.
town_house	interior door between rooms, medieval dwelling (any rank)	door opening height	2.00 to 2.50 at most	m	2.000	first number, unit column (m)	author-rule	Viollet-le-Duc, art. Porte	Ces portes ne s’élargissent qu’autant qu’elles servent de communication entre de grandes salles destinées à offrir une série de pièces propres à donner des fêtes ou à recevoir un grand concours de monde, mais elles conservent toujours une hauteur variant entre 2 mètres et 2 m ,50 au plus.
town_house	interior door between rooms, medieval dwelling	door opening height under lintel (hard ceiling, even when the door is made wide)	2.50 (never exceeded)	m	2.500	first number, unit column (m)	author-rule	Viollet-le-Duc, art. Porte	Si ces portes parfois sont larges, pour permettre une circulation facile, elles ne dépassent pas 2 m ,50 sous linteau.
town_house	interior door, medieval dwelling incl. princely houses	door opening height, NEGATIVE BOUND (modern 3-4 m doors do not occur)	never 3 to 4	m	3.000	first number, unit column (m)	author-rule	Viollet-le-Duc, art. Porte	Dans aucune habitation du moyen âge, fût-elle princière, on ne trouverait de ces portes d’appartements ayant 3 ou 4 mètres de hauteur, comme dans nos hôtels modernes, par cette raison bien naturelle, que si nobles qu’elles fussent, les personnes passant par ces portes n’avaient pas une taille qui atteignit six pieds.
town_house	interior door with draught lobby (tambour / clotet), medieval dwelling	height of the timber draught lobby enclosing the door	6 to 7 pieds = 1.95 to 2.28 (at Viollet's pied = 0.325 m)	ft	0.325	first measure in prose (m)	author-rule	Viollet-le-Duc, art. Porte	Beaucoup de ces portes d’appartements étaient d’ailleurs garnies de tambours ou de clotets , qui, ne s’élevant qu’à une hauteur de 6 à 7 pieds, empêchaient l’air extérieur de pénétrer dans la pièce lorsqu’on ouvrait un vantail.
town_house	urban stone house, Southwark hostelry, 12th c.	entrance porch, length x width	19 ft x 11 ft 9 in (5.79 x 3.58 m)	ft-in	5.791	first measure in prose (ft)	measured	Turner & Parker, IA someaccountofdom00turn leaf n162	The porch extended 19 ft., and appeared to have been longer; its width was 11 ft. 9 in.
town_house	urban stone house, Southwark hostelry, 12th c.	distance from inner door to head of the internal stair flight	6 ft 9 in (2.06 m)	ft-in	2.060	metric conversion in source string	measured	Turner & Parker, IA someaccountofdom00turn leaves n162-n163	At the distance of 6 ft. 9 in. from the inner door there was a flight of steps to the chamber, the floor of which was nearly 3^ ft. lower
town_house	civil Romanesque window, late 11th c. (château de Carcassonne, chamber window)	window opening width between the splay jambs	1.20	m	1.200	m	measured	Viollet-le-Duc, art. Fenêtre, fig. 29	Sa largeur totale entre les pieds-droits de l’ébrasement est de 1 m ,20, et la profondeur de cet ébrasement est de 0,60 c., moitié de la largeur.
town_house	civil Romanesque window, late 11th c.	window splay (ébrasement) depth — Viollet states it as half the width, a usable proportional rule	0.60 = half the 1.20 width	m	0.600	first number, unit column (m)	measured	Viollet-le-Duc, art. Fenêtre, fig. 29	Sa largeur totale entre les pieds-droits de l’ébrasement est de 1 m ,20, et la profondeur de cet ébrasement est de 0,60 c., moitié de la largeur.
town_house	mullioned window, civil and religious	maximum clear glazed bay between mullions	about 1.00 (stated also as intervals of trois pieds ≈ 0.98)	m	1.000	first number, unit column (m)	author-rule	Viollet-le-Duc, art. Fenêtre	On conçoit, par exemple, que les architectes ayant admis que pour maintenir les panneaux de vitraux il ne fallait pas laisser plus d’un mètre environ de vide entre les meneaux, à moins d’être entraîné à placer des montants en fer entre ces meneaux comme dans l’exemple précédent
town_house	mullioned window	maximum clear glazed bay, upper variant	1.00 to 1.30 at most (3 or 4 pieds)	m	1.000	first number, unit column (m)	author-rule	Viollet-le-Duc, art. Meneau	on voulut subdiviser ces espaces lorsqu’ils étaient très-larges, et au lieu de deux claires-voies on en établit quatre, de manière à ne plus avoir à vitrer que des vides de 1 m ,00 à 1 m ,30 au plus (3 ou 4 pieds).
town_house	mullioned window	mullion count by opening width (generative rule): 2 m opening = 1 mullion, 4 m = 1 + 2, 8 m = 1 + 2 + 4	2 m -> 1; 4 m -> 3; 8 m -> 7	m	2.000	first measure in prose (m)	author-rule	Viollet-le-Duc, art. Fenêtre, figs 21-23	Soit une fenêtre de deux mètres de large à vitrer, l’architecte pose un meneau ( 21 ). Soit de quatre mètres, il pose un meneau principal et deux meneaux secondaires ( 22 ). Soit de huit mètres, il pose un meneau principal, deux meneaux secondaires et quatre tertiaires ( 23 ).
town_house	mullioned window, Saint-Urbain de Troyes (church — the only measured mullion scantling found; transferable to any stone mullion)	mullion section, thickness x depth (champ)	0.095 x 0.23	m	0.230	pair max (m)	measured	Viollet-le-Duc, art. Meneau	Ces meneaux, qui n’ont que 0 m ,095 d’épaisseur sur 0 m ,23 de champ, suffisent pour maintenir les vitraux de fenêtres qui ont 4 m ,40 de largeur sur 9 m ,20 de hauteur de l’appui à la clef
town_house	domestic window, French civil architecture to early 17th c.	casement / shutter leaf height, practical upper bound (3 m is already unworkable)	3 is not manoeuvrable	m	3.000	first number, unit column (m)	author-rule	Viollet-le-Duc, art. Fenêtre	Les meneaux et les traverses persistent dans les fenêtres de l’architecture civile française jusqu’au commencement du XVII e siècle, parce que jusqu’alors les croisées s’ouvraient par petites parties, et qu’on ne supposait pas qu’il fût commode de manœuvrer des châssis et des volets de trois mètres de hauteur.
town_house	town house floor, 13th-15th c. French	floor joist (solive) scantling, square, varying with span	0.164 (6 pouces) to 0.22 (8 pouces)	m	0.164	first number, unit column (m)	measured	Viollet-le-Duc, art. Solive	Leur équarrissage, suivant les portées, varie entre 0 m ,22 (8 pouces) et 0 m ,164 (6 pouces).
town_house	town house floor, 15th c. (example from a house at Saint-Antonin, Tarn-et-Garonne)	floor joist spacing, centres	0.60 to 0.90	m	0.750	m [range midpoint]	measured	Viollet-le-Duc, art. Solive, fig. 2	Ces sortes de solives sont espacées les unes des autres de 0 m ,60 à 0 m ,90, et reçoivent des entretoises qui portent l’aire et le plafonnage.
town_house	town house floor, medieval French	"joist spacing RULE — clear gap between joists equals the width of one joist (""tant plein que vide"")"	clear gap = 1 joist width	m	1.000	first number, unit column (m)	author-rule	Viollet-le-Duc, art. Solive	L’usage était de poser les solives tant plein que vide, c’est-à-dire qu’on laissait exactement entre chaque solive la largeur de l’une d’elles.
town_house	town house floor, southern France (Narbonne, Béziers, Aigues-Mortes, Perpignan)	fir joist scantling, closely set, with beams close together	0.11 (4 pouces)	m	0.110	first number, unit column (m)	measured	Viollet-le-Duc, art. Solive	les poutres maîtresses sont assez voisines les unes des autres et les solives très-fines 0 m ,11 (4 pouces) et très-serrées.
town_house	town house floor, southern France	floor board / madrier thickness laid over the joists, with cover fillets	0.06	m	0.060	m	measured	Viollet-le-Duc, art. Solive	Par-dessus est posé un lambrissage de forts madriers de 0 m ,06, avec couvre-joints, qui porte l’aire.
town_house	grand town house (hôtel de Jacques Cœur, Bourges), 15th c.	fireplace opening, height under the mantel x width	1.66 high x 2.57 wide	m	1.660	first number, unit column (m)	measured	Viollet-le-Duc, art. Cheminée	Cette cheminée porte 1 m ,66 sous le manteau sur 2 m ,57 de largeur.
town_house	domestic fireplace, château de Vauce près Ébreuil (Allier)	fireplace mantel lintel depth (thickness of the manteau)	about 0.20	m	0.200	m	measured	Viollet-le-Duc, art. Cheminée, fig. 3	son manteau se compose de deux sommiers engagés dans le mur, portant sur les deux pieds-droits, et d’une clef ; il n’a que 0,20 c. d’épaisseur environ.
town_house	large chimney stack, early 13th c. (abbaye de Saint-Lô, destroyed before 1845)	chimney shaft, external diameter of the octagonal turret flue	0.90 (hors œuvre)	m	0.900	first number, unit column (m)	measured	Viollet-le-Duc, art. Cheminée (tuyaux et mitres de)	Il existait, avant 1845, à l’abbaye de Saint-Lô, une énorme cheminée, du commencement du XIII e siècle, dont le tuyau était un véritable monument, une tourelle octogone de 0,90 c. de diamètre hors œuvre.
town_house	urban stone house, Southwark hostelry, 12th c.	room length x width, vaulted undercroft (inferior hall) — internal	40 ft 3 in x 16 ft 6 in (12.27 x 5.03 m)	ft-in	12.268	first measure in prose (ft in)	measured	Turner & Parker, IA someaccountofdom00turn leaf n163	The vaulted chamber formed a parallelogram of 40 ft. 3 in., by 16 ft. 6 in., and 14 ft. 3 in. high
town_house	urban stone house, Southwark hostelry, 12th c.	vault respond / attached half-round pier height including cap and base	5 ft 10 in (1.78 m)	ft-in	1.780	metric conversion in source string	measured	Turner & Parker, IA someaccountofdom00turn leaf n163	the vaulted roof being supported by arches springing from six semi-circular pillars attached to the side walls ; these pillars were 5 ft. 10 in. high, including the capitals and base.
town_house	urban stone town house, Gondorf on the Moselle, 13th c. (four storeys plus roof space, stepped gables)	room / building internal footprint	about 42 ft x 28 ft (12.80 x 8.53 m)	ft-in	12.802	first measure in prose (ft)	measured	Turner & Parker, IA someaccountofdom00turn leaf n502	It is of four stories besides the space in the roof, and has stepped gables at each end. ... It measures internally about 42 ft. by 28 ft.
town_house	large 14th-15th c. building under an equilateral-triangle roof (Brittany, Picardy, Normandy)	clear internal width (dans œuvre) under a single big roof	up to 10 to 11	m	10.500	m [range midpoint]	measured	Viollet-le-Duc, art. Lucarne	car bien que ces bâtiments fussent simples en épaisseur, ils contenaient quelquefois jusqu’à dix et onze mètres dans œuvre en largeur ; or, les combles étant tracés d’après un triangle équilatéral, on comprend que les faîtages devaient s’élever beaucoup au-dessus de la corniche.
town_house	timber external gallery / corridor on a house, carried on stone columns or posts	gallery / circulation width	1.00 to 1.50	m	1.250	m [range midpoint]	measured	Viollet-le-Duc, art. Galerie	Ces galeries, légèrement construites en bois sur des colonnes de pierre ou sur des poteaux, n’avaient que la largeur d’un corridor, 1 m ,00 à 1 m ,50 c.
town_house	shop house, Saint-Antonin (Tarn-et-Garonne), 15th c.	shopfront opening, clear span at ground storey	not less than 7	m	7.000	first number, unit column (m)	measured	Viollet-le-Duc, art. Boutique	C’est une boutique d’une des maisons de Saint-Antonin ; son ouverture n’a pas moins de sept mètres ; sa construction remonte au XV e siècle.
town_house	shop house, medieval French town	fall-down shutter / counter surface area	4 to 5	m	4.500	m [range midpoint]	author-rule	Viollet-le-Duc, art. Boutique	Sur ces petits volets abattus, ne présentant qu’une surface de quatre ou cinq mètres, des fortunes solides se faisaient.
town_house	town house / civil building gable	roof pitch and gable triangle proportion (4 m rise on an 8 m base = 45 deg)	45	deg		non-length (deg)	author-rule	Viollet-le-Duc, art. Pignon, fig. 2	Si (fig. 2) nous élevons un pignon A plein, de 4 mètres de hauteur sur 8 mètres de base, et 0 m ,50 d’épaisseur
town_house	town house / civil building, steep-roofed	roof pitch (steep type) and the span range at which gable stabilising becomes necessary	more than 45 deg, at spans of 12 to 15 m	deg		non-length (deg)	author-rule	Viollet-le-Duc, art. Pignon	Mais quand on en vint à donner aux charpentes de combles une inclinaison de plus de 45 degrés, et que ces charpentes eurent jusqu’à 12 et 15 mètres d’ouverture, il fallut bien adopter des moyens extraordinaires pour maintenir dans un plan vertical ces énormes maçonneries triangulaires
town_house	14th-15th c. house/logis with a very tall roof (Brittany, Picardy, Normandy)	roof pitch — roof section set out on an equilateral triangle, i.e. 60 deg rafters	60 (equilateral triangle)	deg		non-length (deg)	author-rule	Viollet-le-Duc, art. Lucarne	or, les combles étant tracés d’après un triangle équilatéral, on comprend que les faîtages devaient s’élever beaucoup au-dessus de la corniche.
town_house	dormer (lucarne) on a domestic roof	dormer timber scantling, squared	0.15 to 0.25	m	0.200	m [range midpoint]	measured	Viollet-le-Duc, art. Lucarne	Les bois étaient forts de 0,15 c. à 0,25 c. d’équarrissage, et nettement coupés.
town_house	garderobe / latrine tower, château de Marcoussis, 13th c. (castle, but the shaft arrangement transfers to any tall house)	vertical shaft — NO floors at any level from ground storey to roof; roof set about 1.00 m above the head of the topmost window; four seats per storey over three storeys	0 floors over full height; roof 1.00 above top window	m	0.000	first number, unit column (m)	measured	Viollet-le-Duc, art. Latrines, fig. 3	Ces sièges étaient au nombre de quatre à chaque étage, et du sol D (rez-de-chaussée) au comble, posé à 1 m ,00 environ en contre-haut de la fenêtre supérieure E , il n’y avait pas de planchers.
timber_frame	urban timber house (maison en pan de bois), Dreux, mid-12th c	wall thickness (ground and upper storey) = scantling of the sablieres basses/hautes and poteaux that ARE the wall	0.19	m	0.190	m	measured	"Viollet-le-Duc, Dictionnaire raisonné, ""Pan de bois"""	Les sablières basses et hautes, les poteaux, étaient des bois de 7 pouces environ (19 centimètres) ; les jambages des fenêtres, des bois de 15 + 18 centimètres.
timber_frame	urban timber house, Dreux, mid-12th c	window jambage (potelet) scantling — window reveal depth x width	0.15 x 0.18	m	0.180	pair max (m)	measured	"Viollet-le-Duc, Dictionnaire raisonné, ""Pan de bois"""	Les sablières basses et hautes, les poteaux, étaient des bois de 7 pouces environ (19 centimètres) ; les jambages des fenêtres, des bois de 15 + 18 centimètres.
timber_frame	urban timber house, Dreux, mid-12th c	vertical stack — storeys (the whole level-design section)	rez-de-chaussee + 1 jettied etage + galetas	storeys		unparsed	measured	"Viollet-le-Duc, Dictionnaire raisonné, ""Pan de bois"""	Cette maison, exhaussée au XVe siècle, ne se composait primitivement que d’un rez-de-chaussée, d’un premier étage en encorbellement et d’un galetas.
timber_frame	urban timber house, Dreux, mid-12th c	[[PLATE-SCALED off fig. 2 section, its own vertical bar labelled 2m = 169 px, so 84.5 px/m. Partial section, so treat as +/- 0.2 m]] ground-storey floor-to-floor, ground line to the underside of the first-floor beam assembly	about 3.5	m	3.500	m	measured	"Viollet-le-Duc, Dictionnaire raisonné, ""Pan de bois"", fig. 2 (plate Maison.bois.medievale.Dreux.4.png)"	La figure 2 présente la coupe de ce pan de bois, elle indique le poteau intermédiaire A, renforçant la face du rez-de-chaussée et portant, au moyen d’un lien B, la poutre transversale C, laquelle soulage d’autant la portée de la sablière basse D du pan de bois supérieur.
timber_frame	urban timber house, Dreux, mid-12th c	[[PLATE-SCALED off fig. 2 at 84.5 px/m; measured face-of-post to face-of-post between the two levels]] jetty (encorbellement) projection of the first etage over the rez-de-chaussee	about 0.80	m	0.800	m	measured	"Viollet-le-Duc, Dictionnaire raisonné, ""Pan de bois"", fig. 2"	Cette maison, exhaussée au XVe siècle, ne se composait primitivement que d’un rez-de-chaussée, d’un premier étage en encorbellement et d’un galetas.
timber_frame	urban timber house, Chateaudun, late 13th c	wall thickness at the angle and the axis of the facade (corner post and axis post squared section)	0.22 and 0.24	m	0.220	first number, unit column (m)	measured	"Viollet-le-Duc, Dictionnaire raisonné, ""Pan de bois"""	Les poteaux d’angle et d’axe de la façade B ont 22 et 24 centimètres d’équarrissage ; tous les autres, ainsi que les sablières et solives, n’ont que 17 à 19 centimètres.
timber_frame	urban timber house, Chateaudun, late 13th c	wall thickness of every other post, and the sabliere and solive scantling	0.17 to 0.19	m	0.180	m [range midpoint]	measured	"Viollet-le-Duc, Dictionnaire raisonné, ""Pan de bois"""	Les poteaux d’angle et d’axe de la façade B ont 22 et 24 centimètres d’équarrissage ; tous les autres, ainsi que les sablières et solives, n’ont que 17 à 19 centimètres.
timber_frame	urban timber house, Chateaudun, late 13th c	floor joist (solive) spacing — the ceiling-void / crawl module	about 1.00	m	1.000	m	measured	"Viollet-le-Duc, Dictionnaire raisonné, ""Pan de bois"""	Ces solives étant espacées de près d’un mètre, elles reçoivent de plus faibles solives, ou plutôt des lambourdes, sur lesquelles sont posés les bardeaux avec entrevous, aire et carrelage.
timber_frame	urban timber house, Chateaudun, late 13th c	[[PLATE-SCALED off fig. 4. Its scale bar runs y=564..1006 px in five 1 m ticks = 442 px, so 88.4 px/m. Calibration cross-checked THREE ways on the same plate: the staffage man scales to 1.67 m; the posts in the section profile A scale to 0.19 / 0.18 / 0.16 m against Viollet's printed 17-19 cm; the door scales to a round 1.00 m. Precision +/- 0.05 m]] storey height, floor-to-floor (top of one jetty assembly to the top of the next)	3.35 (rez-de-chaussee), 3.35 (1er etage), 2.80 (2e etage)	m	3.350	first number, unit column (m)	measured	"Viollet-le-Duc, Dictionnaire raisonné, ""Pan de bois"", fig. 4 (plate Maison.bois.medievale.Dreux.2.png)"	Nous traçons (fig. 4) un de ces pans de bois, qui appartient, autant qu’on en peut juger par les profils, à la fin du XIIIe siècle
timber_frame	urban timber house, Chateaudun, late 13th c	[[PLATE-SCALED off fig. 4 at 88.4 px/m]] clear storey height, floor to underside of the sabliere haute (playable headroom)	2.70 (rez-de-chaussee), 2.75 (1er etage), 2.15 (2e etage)	m	2.700	first number, unit column (m)	measured	"Viollet-le-Duc, Dictionnaire raisonné, ""Pan de bois"", fig. 4"	Les solives C des planchers posant sur les sablières hautes assemblées sur la tête des poteaux, sont soulagées par des goussets et liens D à l’intérieur et à l’extérieur, et peuvent ainsi recevoir à leur extrémité la sablière basse de l’étage au-dessus.
timber_frame	urban timber house, Chateaudun, late 13th c	[[PLATE-SCALED off fig. 4 at 88.4 px/m; consistent to within 4 px at all three levels]] total depth of the floor / jetty assembly (sabliere haute below + solive ends and moulded band + sabliere basse above) — the dead zone between storeys	about 0.65	m	0.650	m	measured	"Viollet-le-Duc, Dictionnaire raisonné, ""Pan de bois"", fig. 4 and fig. 5"	On voit en g comment s’embrèvent les sablières basses h aux abouts des solives, et comment, entre chacune de ces solives, on a posé des entretoises moulurées i.
timber_frame	urban timber house, Chateaudun, late 13th c	[[PLATE-SCALED off fig. 4 at 88.4 px/m]] street door opening, clear width x height above the ground-storey sill	1.00 x 2.15	m	2.150	pair max (m)	measured	"Viollet-le-Duc, Dictionnaire raisonné, ""Pan de bois"", fig. 4"	le tracé perspectif l figure le linteau m de la porte et son assemblage avec le poteau p, formant jambage
timber_frame	urban timber house, Chateaudun, late 13th c	[[PLATE-SCALED off fig. 4 at 88.4 px/m]] window opening per light, 1er etage — clear width x height (two lights per group, separated by a 0.19 m meneau post)	0.74 x 1.84	m	1.840	pair max (m)	measured	"Viollet-le-Duc, Dictionnaire raisonné, ""Pan de bois"", fig. 4"	Le roulement du pan de bois est maintenu par des décharges E assez fortes, et des croix de Saint-André sous les appuis des fenêtres.
timber_frame	urban timber house, Chateaudun, late 13th c	[[PLATE-SCALED off fig. 4 at 88.4 px/m]] window opening per light, 2e etage — clear width x height; head sits directly under the sabliere haute	0.75 x 1.27	m	1.270	pair max (m)	measured	"Viollet-le-Duc, Dictionnaire raisonné, ""Pan de bois"", fig. 4"	Le roulement du pan de bois est maintenu par des décharges E assez fortes, et des croix de Saint-André sous les appuis des fenêtres.
timber_frame	urban timber house, Chateaudun, late 13th c	[[PLATE-SCALED off fig. 4 at 88.4 px/m]] window sill (appui) height above its own floor	0.80 (2e etage) to 0.90 (1er etage)	m	0.800	first number, unit column (m)	measured	"Viollet-le-Duc, Dictionnaire raisonné, ""Pan de bois"", fig. 4"	Le roulement du pan de bois est maintenu par des décharges E assez fortes, et des croix de Saint-André sous les appuis des fenêtres.
timber_frame	urban timber house, Chateaudun, late 13th c	[[PLATE-SCALED off fig. 4 at 88.4 px/m. THE MISSING BAY MODULE. Measured five ways: ground-storey post edges at x=212/293/369 px, and upper-storey window-light edges implying post axes at x=133/213/294 px. The 0.74 m light plus the 0.19 m meneau post sums to the same 0.91 m, so window and panel bays share one grid]] post spacing along the wall, axis to axis (bay length of the pan de bois)	about 0.90	m	0.900	m	measured	"Viollet-le-Duc, Dictionnaire raisonné, ""Pan de bois"", fig. 4"	Les poteaux d’angle et d’axe de la façade B ont 22 et 24 centimètres d’équarrissage ; tous les autres, ainsi que les sablières et solives, n’ont que 17 à 19 centimètres.
timber_frame	urban timber house, Chateaudun, late 13th c	[[PLATE-SCALED off the section profile A of fig. 4 at 88.4 px/m; two successive jetties measured 24 and 26 px]] jetty projection per storey (solive-end encorbellement, no potences)	0.27 and 0.29	m	0.270	first number, unit column (m)	measured	"Viollet-le-Duc, Dictionnaire raisonné, ""Pan de bois"", fig. 4"	Les deux étages de pans de bois de face sont posés en encorbellement l’un sur l’autre, ainsi que l’indique le profil A.
timber_frame	urban timber house, Chateaudun, late 13th c	[[PLATE-SCALED off the section profile A of fig. 4 at 88.4 px/m. This is the calibration check, not an independent finding — it reproduces Viollet's printed 17-19 cm]] wall thickness measured in section, storey by storey from the ground up	0.16 (rez-de-chaussee), 0.18 (1er etage), 0.19 (2e etage)	m	0.160	first number, unit column (m)	measured	"Viollet-le-Duc, Dictionnaire raisonné, ""Pan de bois"", fig. 4"	Les poteaux d’angle et d’axe de la façade B ont 22 et 24 centimètres d’équarrissage ; tous les autres, ainsi que les sablières et solives, n’ont que 17 à 19 centimètres.
timber_frame	urban timber house with corner oriel, Strasbourg type, late 14th-15th c	bretèche (corner oriel) face angle to the house face	45	deg		non-length (deg)	measured	"Viollet-le-Duc, Dictionnaire raisonné, ""Pan de bois"""	La face de la bretèche forme avec la face de la maison un angle de 45º
timber_frame	timber-framed chapel, Saint-Gilles, Troyes (faubourg Croncels), 2nd half 14th c	[[PLATE-SCALED off fig. 6. The plan A carries its own 5 m bar = 74 px (14.8 px/m); the section B carries a separate 5 m bar = 297 px (59.4 px/m). Plan gives 5.19 m, section gives 5.49 m — the plan bar is coarse, so quote the range]] nave interior width (span between the wall frames)	5.2 to 5.5	m	5.350	m [range midpoint]	measured	"Viollet-le-Duc, Dictionnaire raisonné, ""Pan de bois"", fig. 6 (plate Chapelle.Saint.Gilles.Troyes.2.png)"	Nous donnons (fig. 6) en A le plan, et en B la coupe transversale de la chapelle de Saint-Gilles.
timber_frame	timber-framed chapel, Saint-Gilles, Troyes, 2nd half 14th c	[[PLATE-SCALED off plan A of fig. 6 at 14.8 px/m. The narrow bay is Viollet's own third travee, and the text independently says it is narrower — a genuine text/plate agreement]] bay (travee) length along the nave — one post per travee	about 3.00 typical, about 2.40 for the narrow third travee under the fleche	m	3.000	first number, unit column (m)	measured	"Viollet-le-Duc, Dictionnaire raisonné, ""Pan de bois"", fig. 6"	Tout le système consiste en une suite de poteaux (un par travée et à chaque angle) reposant sur une sablière basse et portant des fermes ; une sablière haute relie le sommet, et deux cours d’entretoises, avec des écharpes et potelets, maintiennent le dévers.
timber_frame	timber-framed chapel, Saint-Gilles, Troyes, 2nd half 14th c	[[PLATE-SCALED off section B of fig. 6 at 59.4 px/m]] wall frame height, ground line to the sabliere haute / entrait	4.2 to 4.5	m	4.350	m [range midpoint]	measured	"Viollet-le-Duc, Dictionnaire raisonné, ""Pan de bois"", fig. 6"	Une flèche, dont l’amorce est tracée en D, couronne le comble sur la troisième travée, plus étroite que les autres.
timber_frame	timber-framed chapel, Saint-Gilles, Troyes, 2nd half 14th c	"[[PLATE-SCALED off section B of fig. 6; least-squares fit to the left rafter line over 250 px of run gives 61.6 deg, the right gives 62.4 deg. Sits inside the 60-65 deg band Viollet states in ""Charpente"" (already in viollet_dimensions_v1.tsv) — this is a measured instance of that rule, not a duplicate of it]] roof pitch"	about 62	deg		non-length (deg)	measured	"Viollet-le-Duc, Dictionnaire raisonné, ""Pan de bois"", fig. 6"	Les entraits et poinçons de la charpente sont apparents ; celle-ci est lambrissée.
timber_frame	any timber-framed building — floor structure	floor joist (solive) scantling band, varying with span	0.22 (8 pouces) down to 0.164 (6 pouces)	m	0.220	first number, unit column (m)	measured	"Viollet-le-Duc, Dictionnaire raisonné, ""Solive"""	Leur équarrissage, suivant les portées, varie entre 0m,22 (8 pouces) et 0m,164 (6 pouces).
timber_frame	any timber-framed building — floor structure	joist spacing RULE: clear gap between joists equals the width of one joist ('tant plein que vide'), so spacing axis-to-axis = 2 x joist width, i.e. 0.33 to 0.44 m for the 0.164-0.22 m band above	gap = 1 joist width	m	1.000	first number, unit column (m)	author-rule	"Viollet-le-Duc, Dictionnaire raisonné, ""Solive"""	L’usage était de poser les solives tant plein que vide, c’est-à-dire qu’on laissait exactement entre chaque solive la largeur de l’une d’elles.
timber_frame	urban timber house, Saint-Antonin (Tarn-et-Garonne), 15th c	fir joist spacing (thin, deep joists set on edge)	0.60 to 0.90	m	0.750	m [range midpoint]	measured	"Viollet-le-Duc, Dictionnaire raisonné, ""Solive"""	Ces sortes de solives sont espacées les unes des autres de 0m,60 à 0m,90, et reçoivent des entretoises qui portent l’aire et le plafonnage.
timber_frame	southern French town house (Narbonne, Beziers, Aigues-Mortes, Perpignan)	fine close-set fir joists — scantling	0.11	m	0.110	m	measured	"Viollet-le-Duc, Dictionnaire raisonné, ""Solive"""	on n’employait que le sapin pour les planchers ; les poutres maîtresses sont assez voisines les unes des autres et les solives très-fines 0m,11 (4 pouces) et très-serrées
timber_frame	southern French town house	madrier lambrissage over the joists, carrying the floor screed — thickness (the actual walkable deck)	0.06	m	0.060	m	measured	"Viollet-le-Duc, Dictionnaire raisonné, ""Solive"""	Par-dessus est posé un lambrissage de forts madriers de 0m,06, avec couvre-joints, qui porte l’aire.
timber_frame	timber public building — customs house, Constance, 1388	ground-storey internal post — squared section at base and capital (the extreme upper bound for a post)	0.96	m	0.960	m	measured	"Viollet-le-Duc, Dictionnaire raisonné, ""Poteau"""	Sur une assise de grès A s’élève le poteau inférieur de bois d’orme, qui n’a pas moins de 0m,96 d’équarrissage à la base et au chapiteau, si bien que, comme l’indique la section B, chacun de ces poteaux a dû être pris dans un arbre de 1m,50 de diamètre, franc d’aubier.
timber_frame	timber public building — customs house, Constance, 1388	tree diameter, free of sapwood, needed to cut that post	1.50	m	1.500	m	measured	"Viollet-le-Duc, Dictionnaire raisonné, ""Poteau"""	chacun de ces poteaux a dû être pris dans un arbre de 1m,50 de diamètre, franc d’aubier
timber_frame	any medieval French roof — timber supply limit	chevrons portant ferme (principal rafters) — length available, at scantling 0.20 x 0.20	12 to 15 long, 0.20 x 0.20 section	m	12.000	first number, unit column (m)	measured	"Viollet-le-Duc, Dictionnaire raisonné, ""Bois"""	Les chevrons portant ferme sont eux-mêmes des bois de brin non refendus, et ces chevrons, qui ne comptent guère que soixante années, atteignent cependant parfois douze et quinze mètres de longueur sur un équarrissage de 0,20 × 0,20.
timber_frame	tile-roofed building, Champagne / Troyes, 13th c onward	common rafter (chevron) width under a tile roof, laid 'tant plein que vide' so the gap equals the rafter width	0.11 wide, 0.11 gap	m	0.110	first number, unit column (m)	measured	"Viollet-le-Duc, Dictionnaire raisonné, ""Tuile"""	Ces chevrons avaient, lorsqu’il s’agissait de couvrir en tuiles, 0m,11 (faible) de large (4 pouces) ; ils laissaient donc entre eux un intervalle de 4 pouces.
timber_frame	tile-roofed building, Champagne / Troyes	rafter spacing, axis to axis (entre-axe) — set by the tile width, not chosen freely	0.22	m	0.220	m	measured	"Viollet-le-Duc, Dictionnaire raisonné, ""Tuile"""	L’espace entre les axes a, b, c était donc de 0m,22 (faible).
timber_frame	tile-roofed building, Champagne / Troyes	master rafters carrying trusses, and intermediate chanlattes — widths	0.14 (maitres chevrons), 0.08 (chanlattes)	m	0.140	first number, unit column (m)	measured	"Viollet-le-Duc, Dictionnaire raisonné, ""Tuile"""	les maîtres chevrons portant fermes avaient 0m,14 (de 5 à 6 pouces) ; les chevrons intermédiaires, ou chanlattes, n’avaient que 0m,08 (3 pouces)
timber_frame	tile-roofed building, Champagne / Troyes	oak lath (latte) spacing up the slope — equals the tile pureau	0.115	m	0.115	m	measured	"Viollet-le-Duc, Dictionnaire raisonné, ""Tuile"""	Sur ces chevrons étaient clouées les lattes de chêne, espacées les unes des autres de 0m,115.
timber_frame	tile-roofed building, Champagne / Troyes, 13th c onward	flat tile ('tuile ordinaire') — length x width, thickness given separately below	0.35 x 0.215	m	0.350	pair max (m)	measured	"Viollet-le-Duc, Dictionnaire raisonné, ""Tuile"""	La première a 0m,35 sur 0m,215 de largeur (13 pouces sur 8).
timber_frame	tile-roofed building, Champagne / Troyes	flat tile thickness, and exposed course (pureau) — three thicknesses of tile everywhere on the roof	0.022 thick, 0.115 pureau	m	0.022	first number, unit column (m)	measured	"Viollet-le-Duc, Dictionnaire raisonné, ""Tuile"""	Le pureau de ces tuiles n’est que de 0m,115. Or ces tuiles ayant 0m,35 de longueur, il y a toujours, sur le comble, trois épaisseurs de lames de terre cuite. L’épaisseur de ces tuiles champenoises est de 0m,022 (10 lignes).
timber_frame	tile-roofed building, Burgundy / Nivernais, 12th c	earlier large flat tile — length x width x thickness	0.33 x 0.27 x 0.022	m	0.330	first number, unit column (m)	measured	"Viollet-le-Duc, Dictionnaire raisonné, ""Tuile"""	l’on commença par fabriquer de grandes tuiles plates de 0m,33 (1 pied) de long sur 0m,27 (10 pouces) de largeur, et d’une épaisseur de 0m,022 (10 lignes)
timber_frame	ordinary brick or moellon building, south and west France	gutter tile (tuile gouttiere) laid at the eaves as a chéneau — length	0.65	m	0.650	m	measured	"Viollet-le-Duc, Dictionnaire raisonné, ""Tuile"""	Les tuiles gouttières que l’on trouve encore dans le midi et l’ouest de la France sont très-grandes ; elles mesurent en longueur 0m,65 (2 pieds)
timber_frame	slate-roofed building, west and north France	slate unit size — width x height; and the narrow 'heridelle' grade	0.18 x 0.25 (ordinary), 0.10 x 0.38 (heridelle)	m	0.180	first number, unit column (m)	measured	"Viollet-le-Duc, Dictionnaire raisonné, ""Ardoises"""	Quant à leur longueur et largeur, généralement les anciennes ardoises employées dans l’ouest et dans le nord sont petites, de 0,18 c de largeur environ sur 0,25 c de hauteur ; souvent elles appartiennent à la série nommée aujourd’hui héridelle, et n’ayant que 0,10 c de large environ sur 0,38 c.
timber_frame	slate-roofed building	slate thickness, by date	0.010 to 0.015 (12th-13th c), 0.005 to 0.008 (15th c)	m	0.010	first number, unit column (m)	measured	"Viollet-le-Duc, Dictionnaire raisonné, ""Ardoises"""	Les anciennes ardoises (nous parlons de celles des XIIe et XIIIe siècles) ont de dix à quinze millimètres d’épaisseur, tandis que celles du XVe siècle n’ont guère que de cinq à huit millimètres au plus.
timber_frame	slate-roofed building	slate exposure rule (pureau) — the visible part of each slate, hence the course pitch up the slope	1/3 to 1/4 of the slate height	m	1.000	first number, unit column (m)	author-rule	"Viollet-le-Duc, Dictionnaire raisonné, ""Ardoises"""	Le pureau étant du tiers ou du quart de la hauteur de l’ardoise, chaque point de la couverture est recouvert par trois ou quatre épaisseurs d’ardoises, et chaque ardoise ne laisse voir que le tiers ou le quart de sa hauteur.
timber_frame	any French roof before the late 12th c	roof pitch ceiling for a TILE covering — above this, tiles slide	45	deg		non-length (deg)	author-rule	"Viollet-le-Duc, Dictionnaire raisonné, ""Ardoises"""	jusque vers la fin du XIIe siècle, on ne leur donnait guère une pente supérieure à quarante-cinq degrés, ce qui est la pente la plus roide pour de la tuile, mais on crut devoir augmenter l’acuité des combles destinés à être couverts en ardoise
timber_frame	shingle-roofed building, 15th-16th c	oak shingle (bardeau) — length x width (riven, not sawn)	0.22 x 0.08	m	0.220	pair max (m)	measured	"Viollet-le-Duc, Dictionnaire raisonné, ""Bardeau"""	Leur longueur n’excède guère 0,22 c. et leur largeur 0,08 c.
timber_frame	urban timber house, rue du Marc no. 1, Reims, 15th c	principal room — interior span (length x width), with beam count giving the beam bay	15.00 x 6.50, 5 bays between 6 beams (beam spacing about 3.00)	m	15.000	first number, unit column (m)	measured	"Viollet-le-Duc, Dictionnaire raisonné, ""Plafond"""	Il recouvre une salle de 15 mètres de longueur sur 6m,50 de largeur, et se divise en cinq travées séparées par six poutres, les deux d’extrémités formant lambourdes.
timber_frame	urban house, rue Saint-Pere, Chartres, late 15th c	floor joists set diagonally (on the angle), carrying brick voutains — scantling	0.32	m	0.320	m	measured	"Viollet-le-Duc, Dictionnaire raisonné, ""Plafond"""	Les solives ont 32 centimètres de côté (un pied) et placées sur la diagonale, elles offrent une grande roideur.
timber_frame	urban house, rue Saint-Pere, Chartres, late 15th c	brick used for the voutains between those joists — thickness x side	0.03 x 0.10	m	0.100	pair max (m)	measured	"Viollet-le-Duc, Dictionnaire raisonné, ""Plafond"""	Ces briques ont 3 centimètres d’épaisseur sur 10 centimètres de côté.
