source	accession	volume	family	title	element	h_cm	w_cm	l_cm	d_cm	diam_cm	n1_cm	n2_cm	n3_cm	weight_g	raw
cma	1985.119	core	daggers_eastern	Katar dagger	Overall						45.6	8.2			Overall: 45.6 x 8.2 cm (17 15/16 x 3 1/4 in.)
cma	1985.119.a	core	daggers_eastern	Katar (Stabbing Dagger)	Overall						45.6	8.2			Overall: 45.6 x 8.2 cm (17 15/16 x 3 1/4 in.)
cma	1985.119.b	core	daggers_eastern	Katar (Stabbing Dagger): Sheath	Overall						8.2				Overall: 8.2 cm (3 1/4 in.)
cma	1916.716	core	daggers_eastern	Dagger (Katar)	Overall						58.8				Overall: 58.8 cm (23 1/8 in.); Blade: 30.8 cm (12 1/8 in.)
cma	1916.716	core	daggers_eastern	Dagger (Katar)	Blade						30.8				Overall: 58.8 cm (23 1/8 in.); Blade: 30.8 cm (12 1/8 in.)
cma	1916.1599	core	axes	Battle Axe	Blade						8.3				Blade: 8.3 cm (3 1/4 in.); Head: 27.3 cm (10 3/4 in.)
cma	1916.1599	core	axes	Battle Axe	Head						27.3				Blade: 8.3 cm (3 1/4 in.); Head: 27.3 cm (10 3/4 in.)
cma	1929.364	core	axes	Ceremonial Axe (gano)	Overall						15.8				Overall: 15.8 cm (6 1/4 in.)
cma	1916.1601	core	axes	Battle Axe	Overall						93.3				Overall: 93.3 cm (36 3/4 in.); Blade: 18.7 cm (7 3/8 in.)
cma	1916.1601	core	axes	Battle Axe	Blade						18.7				Overall: 93.3 cm (36 3/4 in.); Blade: 18.7 cm (7 3/8 in.)
cma	1988.3	core	axes	Battle Axe	Overall						24.2	6.1			Overall: 24.2 x 6.1 cm (9 1/2 x 2 3/8 in.)
cma	1916.1556	core	polearms	Halberd	Overall						205.7				Overall: 205.7 cm (81 in.); Blade: 20.3 cm (8 in.)
cma	1916.1556	core	polearms	Halberd	Blade						20.3				Overall: 205.7 cm (81 in.); Blade: 20.3 cm (8 in.)
cma	1916.1552	armor	mail	Hauberk	Overall						110.5				Overall: 110.5 cm (43 1/2 in.)
cma	2007.164	core	polearms	Parade Halberd (from the bodyguard of Ludwig Rudolf, Duke of	Overall						276.9				Overall: 276.9 cm (109 in.)
cma	1916.726	core	axes	Battle Axe	Overall						61.6				Overall: 61.6 cm (24 1/4 in.); Blade: 18 cm (7 1/16 in.)
cma	1916.726	core	axes	Battle Axe	Blade						18.0				Overall: 61.6 cm (24 1/4 in.); Blade: 18 cm (7 1/16 in.)
cma	1916.1564	core	polearms	Halberd	Overall						182.3				Overall: 182.3 cm (71 3/4 in.); Blade: 24.2 cm (9 1/2 in.)
cma	1916.1564	core	polearms	Halberd	Blade						24.2				Overall: 182.3 cm (71 3/4 in.); Blade: 24.2 cm (9 1/2 in.)
cma	1916.1562	core	polearms	Halberd	Overall						159.7				Overall: 159.7 cm (62 7/8 in.); Blade: 18.5 cm (7 5/16 in.)
cma	1916.1562	core	polearms	Halberd	Blade						18.5				Overall: 159.7 cm (62 7/8 in.); Blade: 18.5 cm (7 5/16 in.)
cma	1916.1826	core	polearms	Parade Halberd	Overall						252.0				Overall: 252 cm (99 3/16 in.); Blade: 65.6 cm (25 13/16 in.)
cma	1916.1826	core	polearms	Parade Halberd	Blade						65.6				Overall: 252 cm (99 3/16 in.); Blade: 65.6 cm (25 13/16 in.)
cma	1916.1542	core	polearms	Halberd	Overall						200.7				Overall: 200.7 cm (79 in.); Blade: 25.4 cm (10 in.)
cma	1916.1542	core	polearms	Halberd	Blade						25.4				Overall: 200.7 cm (79 in.); Blade: 25.4 cm (10 in.)
cma	1916.1561	core	polearms	Halberd	Overall						217.4				Overall: 217.4 cm (85 9/16 in.); Blade: 21.9 cm (8 5/8 in.)
cma	1916.1561	core	polearms	Halberd	Blade						21.9				Overall: 217.4 cm (85 9/16 in.); Blade: 21.9 cm (8 5/8 in.)
cma	1916.1554	core	polearms	Halberd	Overall						160.0				Overall: 160 cm (63 in.); Blade: 19.3 cm (7 5/8 in.)
cma	1916.1554	core	polearms	Halberd	Blade						19.3				Overall: 160 cm (63 in.); Blade: 19.3 cm (7 5/8 in.)
cma	1916.1559	core	polearms	Halberd	Overall						230.7				Overall: 230.7 cm (90 13/16 in.); Blade: 21.9 cm (8 5/8 in.)
cma	1916.1559	core	polearms	Halberd	Blade						21.9				Overall: 230.7 cm (90 13/16 in.); Blade: 21.9 cm (8 5/8 in.)
cma	1916.1797	core	polearms	Halberd	Overall						239.0				Overall: 239 cm (94 1/8 in.); Blade: 48 cm (18 7/8 in.)
cma	1916.1797	core	polearms	Halberd	Blade						48.0				Overall: 239 cm (94 1/8 in.); Blade: 48 cm (18 7/8 in.)
cma	1919.58	core	polearms	Halberd	Overall						197.5				Overall: 197.5 cm (77 3/4 in.); Blade: 22.8 cm (9 in.)
cma	1919.58	core	polearms	Halberd	Blade						22.8				Overall: 197.5 cm (77 3/4 in.); Blade: 22.8 cm (9 in.)
cma	1916.1819	core	polearms	Parade Halberd (from the state guard of Elector Christian I 	Overall						238.2				Overall: 238.2 cm (93 3/4 in.); Blade: 30.5 cm (12 in.)
cma	1916.1819	core	polearms	Parade Halberd (from the state guard of Elector Christian I 	Blade						30.5				Overall: 238.2 cm (93 3/4 in.); Blade: 30.5 cm (12 in.)
cma	1942.1085	core	polearms	Halberd Standard	Overall						10.0				Overall: 10 cm (3 15/16 in.)
cma	1916.1563	core	axes	Bardiche (Pole Axe)	Overall						178.5				Overall: 178.5 cm (70 1/4 in.); Blade: 14.2 cm (5 9/16 in.)
cma	1916.1563	core	axes	Bardiche (Pole Axe)	Blade						14.2				Overall: 178.5 cm (70 1/4 in.); Blade: 14.2 cm (5 9/16 in.)
cma	1916.1835	core	polearms	Bill	Overall						184.8				Overall: 184.8 cm (72 3/4 in.); Blade: 11.4 cm (4 1/2 in.)
cma	1916.1835	core	polearms	Bill	Blade						11.4				Overall: 184.8 cm (72 3/4 in.); Blade: 11.4 cm (4 1/2 in.)
cma	1941.549	core	axes	Axe	Overall						23.8				Overall: 23.8 cm (9 3/8 in.)
cma	2012.39	armor	helmets_european	Cabacete (Helmet)	Overall						27.3	26.0	36.5		Overall: 27.3 x 26 x 36.5 cm (10 3/4 x 10 1/4 x 14 3/8 in.)
cma	2007.165	core	polearms	Parade Partisan (from the Bodyguard of August Wilhelm, Duke 	Overall						258.5				Overall: 258.5 cm (101 3/4 in.)
cma	1994.195	core	spears_lances	Standing Officer Holding a Boar's Spear	Sheet						20.6	15.6			Sheet: 20.6 x 15.6 cm (8 1/8 x 6 1/8 in.)
cma	1916.1502	armor	helmets_european	Helmet	Overall						34.5	32.0	22.0		Overall: 34.5 x 32 x 22 cm (13 9/16 x 12 5/8 x 8 11/16 in.)
cma	1916.1589	core	maces_hammers	Seven-Flanged Mace	Overall						64.5				Overall: 64.5 cm (25 3/8 in.); Head: 11.4 cm (4 1/2 in.)
cma	1916.1589	core	maces_hammers	Seven-Flanged Mace	Head						11.4				Overall: 64.5 cm (25 3/8 in.); Head: 11.4 cm (4 1/2 in.)
cma	1992.348	core	maces_hammers	Mace Head	Overall						11.2	8.9	8.3		Overall: 11.2 x 8.9 x 8.3 cm (4 7/16 x 3 1/2 x 3 1/4 in.)
cma	1990.165	core	maces_hammers	Mace Head	Overall						4.2	7.3	13.6		Overall: 4.2 x 7.3 x 13.6 cm (1 5/8 x 2 7/8 x 5 3/8 in.)
cma	1978.9.2	core	maces_hammers	Ritual Mace	Overall						38.5				Overall: 38.5 cm (15 3/16 in.)
cma	1949.469	core	flails_clubs	Ceremonial Mace (Club) Head: Feline (Jaguar?)	Overall						8.8	7.7	10.6		Overall: 8.8 x 7.7 x 10.6 cm (3 7/16 x 3 1/16 x 4 3/16 in.)
cma	1916.119	thief	jewelry_crowns	Pendant with Matsya (fish incarnation of Vishnu) defeating H	Overall						11.8	5.8			Overall: 11.8 x 5.8 cm (4 5/8 x 2 5/16 in.)
cma	2018.184	core	daggers_eastern	Krishna Under a Canopy	Page						26.7	17.8			Page: 26.7 x 17.8 cm (10 1/2 x 7 in.); Miniature: 22.9 x 14 cm (9 x 5 1/2 in.)
cma	2018.184	core	daggers_eastern	Krishna Under a Canopy	Miniature						22.9	14.0			Page: 26.7 x 17.8 cm (10 1/2 x 7 in.); Miniature: 22.9 x 14 cm (9 x 5 1/2 in.)
cma	1960.184	core	maces_hammers	"Pradyumna and Samvara fight with maces, from the ""Large Baso"	Image						28.0	38.3			Image: 28 x 38.3 cm (11 x 15 1/16 in.); Overall: 30.2 x 41 cm (11 7/8 x 16 1/8 in.)
cma	1960.184	core	maces_hammers	"Pradyumna and Samvara fight with maces, from the ""Large Baso"	Overall						30.2	41.0			Image: 28 x 38.3 cm (11 x 15 1/16 in.); Overall: 30.2 x 41 cm (11 7/8 x 16 1/8 in.)
cma	2026.12	thief	chests_caskets	Gold Box	Overall						3.0	8.3	5.2		Overall: 3 x 8.3 x 5.2 cm (1 3/16 x 3 1/4 x 2 1/16 in.)
cma	1916.33	core	polearms	Partisan	Overall						209.5				Overall: 209.5 cm (82 1/2 in.); Blade: 32.4 cm (12 3/4 in.)
cma	1916.33	core	polearms	Partisan	Blade						32.4				Overall: 209.5 cm (82 1/2 in.); Blade: 32.4 cm (12 3/4 in.)
cma	1951.352	core	polearms	Partisan	Overall						29.1				Overall: 29.1 cm (11 7/16 in.)
cma	1916.31	core	polearms	Partisan	Blade						33.0				Blade: 33 cm (13 in.); Haft: 100.5 cm (39 9/16 in.)
cma	1916.31	core	polearms	Partisan	Haft						100.5				Blade: 33 cm (13 in.); Haft: 100.5 cm (39 9/16 in.)
cma	1916.1818	core	polearms	Partisan	Overall						236.2				Overall: 236.2 cm (93 in.); Blade: 17.1 cm (6 3/4 in.)
cma	1916.1818	core	polearms	Partisan	Blade						17.1				Overall: 236.2 cm (93 in.); Blade: 17.1 cm (6 3/4 in.)
cma	1916.1795	core	polearms	Partisan	Overall						217.2				Overall: 217.2 cm (85 1/2 in.); Blade: 57.2 cm (22 1/2 in.)
cma	1916.1795	core	polearms	Partisan	Blade						57.2				Overall: 217.2 cm (85 1/2 in.); Blade: 57.2 cm (22 1/2 in.)
cma	1916.1923	core	polearms	Partisan	Overall						229.2				Overall: 229.2 cm (90 1/4 in.); Blade: 7.6 cm (3 in.)
cma	1916.1923	core	polearms	Partisan	Blade						7.6				Overall: 229.2 cm (90 1/4 in.); Blade: 7.6 cm (3 in.)
cma	1916.1532	core	polearms	Glaive (with Arms of Giustini Family)	Overall						184.5				Overall: 184.5 cm (72 5/8 in.); Blade: 15.2 cm (6 in.)
cma	1916.1532	core	polearms	Glaive (with Arms of Giustini Family)	Blade						15.2				Overall: 184.5 cm (72 5/8 in.); Blade: 15.2 cm (6 in.)
cma	1916.1536	core	polearms	Glaive	Overall						179.0				Overall: 179 cm (70 1/2 in.); Blade: 22.2 cm (8 3/4 in.)
cma	1916.1536	core	polearms	Glaive	Blade						22.2				Overall: 179 cm (70 1/2 in.); Blade: 22.2 cm (8 3/4 in.)
cma	1916.1834	core	polearms	Glaive	Overall						158.2				Overall: 158.2 cm (62 5/16 in.); Blade: 14 cm (5 1/2 in.)
cma	1916.1834	core	polearms	Glaive	Blade						14.0				Overall: 158.2 cm (62 5/16 in.); Blade: 14 cm (5 1/2 in.)
cma	1940.507	core	spears_lances	Spear Thrower	Overall						5.8	2.0			Overall: 5.8 x 2 cm (2 5/16 x 13/16 in.)
cma	1916.1789	core	spears_lances	Parade Spear	Overall						208.2				Overall: 208.2 cm (81 15/16 in.); Blade: 29.5 cm (11 5/8 in.)
cma	1916.1789	core	spears_lances	Parade Spear	Blade						29.5				Overall: 208.2 cm (81 15/16 in.); Blade: 29.5 cm (11 5/8 in.)
cma	2017.58	core	spears_lances	Thumb Rest of a Spear Thrower	Overall						7.1	2.1			Overall: 7.1 x 2.1 cm (2 13/16 x 13/16 in.)
cma	1922.26	core	spears_lances	Spear	Overall						96.6				Overall: 96.6 cm (38 1/16 in.); Blade: 25.5 cm (10 1/16 in.)
cma	1922.26	core	spears_lances	Spear	Blade						25.5				Overall: 96.6 cm (38 1/16 in.); Blade: 25.5 cm (10 1/16 in.)
cma	1954.365	core	spears_lances	Satan Starts from the Touch of Ithuriel's Spear	Sheet						30.9	42.5			Sheet: 30.9 x 42.5 cm (12 3/16 x 16 3/4 in.); Secondary Support: 31 x 42.7 cm (12 3/16 x 16 13/16 in.)
cma	1954.365	core	spears_lances	Satan Starts from the Touch of Ithuriel's Spear	Secondary Support						31.0	42.7			Sheet: 30.9 x 42.5 cm (12 3/16 x 16 3/4 in.); Secondary Support: 31 x 42.7 cm (12 3/16 x 16 13/16 in.)
cma	1929.371	core	spears_lances	Fragment of a Spear (eng'erempe or eremet)	Overall						17.6				Overall: 17.6 cm (6 15/16 in.)
cma	1922.27	home	cradles_beds	Barbed Spear	Overall						172.7				Overall: 172.7 cm (68 in.); Blade: 35 cm (13 3/4 in.)
cma	1922.27	home	cradles_beds	Barbed Spear	Blade						35.0				Overall: 172.7 cm (68 in.); Blade: 35 cm (13 3/4 in.)
cma	1985.106	core	spears_lances	Young Woman with a Spear	Overall						9.0	4.0	1.7		Overall: 9 x 4 x 1.7 cm (3 9/16 x 1 9/16 x 11/16 in.)
cma	1976.89	thief	cups_tankards	Red-Figure Eye Cup: Warriors (A), Musician and Youths (B)	Diameter of tondo						6.4				Diameter of tondo: 6.4 cm (2 1/2 in.); Overall: 11.2 x 33.6 cm (4 7/16 x 13 1/4 in.); Diameter of rim: 26 cm (10 1/4 in.); Diameter of foot: 10.2 cm (4 in.)
cma	1976.89	thief	cups_tankards	Red-Figure Eye Cup: Warriors (A), Musician and Youths (B)	Overall						11.2	33.6			Diameter of tondo: 6.4 cm (2 1/2 in.); Overall: 11.2 x 33.6 cm (4 7/16 x 13 1/4 in.); Diameter of rim: 26 cm (10 1/4 in.); Diameter of foot: 10.2 cm (4 in.)
cma	1976.89	thief	cups_tankards	Red-Figure Eye Cup: Warriors (A), Musician and Youths (B)	Diameter of rim						26.0				Diameter of tondo: 6.4 cm (2 1/2 in.); Overall: 11.2 x 33.6 cm (4 7/16 x 13 1/4 in.); Diameter of rim: 26 cm (10 1/4 in.); Diameter of foot: 10.2 cm (4 in.)
cma	1976.89	thief	cups_tankards	Red-Figure Eye Cup: Warriors (A), Musician and Youths (B)	Diameter of foot						10.2				Diameter of tondo: 6.4 cm (2 1/2 in.); Overall: 11.2 x 33.6 cm (4 7/16 x 13 1/4 in.); Diameter of rim: 26 cm (10 1/4 in.); Diameter of foot: 10.2 cm (4 in.)
cma	2022.43	core	spears_lances	Statuette of a Young Spearman	height						10.8				height: 10.8 cm (4 1/4 in.)
cma	1971.25	core	spears_lances	Roundels with King Spearing Lion	Overall						74.2	85.7			Overall: 74.2 x 85.7 cm (29 3/16 x 33 3/4 in.)
cma	1949.499	core	spears_lances	Spearing Fish	Overall						26.4	25.8			Overall: 26.4 x 25.8 cm (10 3/8 x 10 3/16 in.)
cma	1915.79.2	thief	cups_tankards	Cupid disguised as Aeneas's son, presents gifts to Dido	Overall						418.8	634.6			Overall: 418.8 x 634.6 cm (164 7/8 x 249 13/16 in.)
cma	1982.22	core	spears_lances	Fragment with Mounted Hunter Spearing Animals	Overall						39.0	22.0			Overall: 39 x 22 cm (15 3/8 x 8 11/16 in.)
cma	1954.594	sorcery	croziers_staffs	Staff Head	Overall						6.7	3.0	8.2		Overall: 6.7 x 3 x 8.2 cm (2 5/8 x 1 3/16 x 3 1/4 in.)
cma	1947.25	sorcery	croziers_staffs	Staff Head	Overall						7.5	3.0	7.5		Overall: 7.5 x 3 x 7.5 cm (2 15/16 x 1 3/16 x 2 15/16 in.)
cma	1982.41	core	winds	Red-Figure Cow-Head Rhyton (Drinking Horn): Seated Woman	Diameter						10.0				Diameter: 10 cm (3 15/16 in.); Overall: 17 cm (6 11/16 in.)
cma	1982.41	core	winds	Red-Figure Cow-Head Rhyton (Drinking Horn): Seated Woman	Overall						17.0				Diameter: 10 cm (3 15/16 in.); Overall: 17 cm (6 11/16 in.)
cma	1955.665	core	spears_lances	Spear Point	Overall						3.1				Overall: 3.1 cm (1 1/4 in.)
cma	1953.271	core	spears_lances	Spear-Thrower	Overall						52.8				Overall: 52.8 cm (20 13/16 in.)
cma	1922.37.a	core	spears_lances	Spear	Overall						252.7				Overall: 252.7 cm (99 1/2 in.); Blade: 30.5 cm (12 in.)
cma	1922.37.a	core	spears_lances	Spear	Blade						30.5				Overall: 252.7 cm (99 1/2 in.); Blade: 30.5 cm (12 in.)
cma	1916.1804.b	armor	body_armor	Breastplate	Overall						43.8	36.9			Overall: 43.8 x 36.9 cm (17 1/4 x 14 1/2 in.)
cma	1923.1067.b	armor	body_armor	Breastplate (with lance rest and fauld/ Nuremberg)	Overall						44.0	36.3			Overall: 44 x 36.3 cm (17 5/16 x 14 5/16 in.)
cma	1916.1720	armor	body_armor	Gothic Breastplate 	Overall						53.2	35.2	16.3		Overall: 53.2 x 35.2 x 16.3 cm (20 15/16 x 13 7/8 x 6 7/16 in.)
cma	1916.1511.1	armor	limbs_hands	Jousting Glove (Main-de-Fer Gauntlet)	Overall						33.0	16.8			Overall: 33 x 16.8 cm (13 x 6 5/8 in.)
cma	1927.204	core	spears_lances	The Tournament with lances	Sheet						29.0	41.6			Sheet: 29 x 41.6 cm (11 7/16 x 16 3/8 in.)
cma	1916.1511.c	armor	body_armor	Breastplate	Overall						42.3	32.0	14.2		Overall: 42.3 x 32 x 14.2 cm (16 5/8 x 12 5/8 x 5 9/16 in.)
cma	1919.60	armor	body_armor	Tilting Lance	Overall						292.1				Overall: 292.1 cm (115 in.); Across top: 18.5 cm (7 5/16 in.)
cma	1919.60	armor	body_armor	Tilting Lance	Across top						18.5				Overall: 292.1 cm (115 in.); Across top: 18.5 cm (7 5/16 in.)
cma	1916.1946.m	core	spears_lances	Lance Rest	Overall						34.5	20.0	31.2		Overall: 34.5 x 20 x 31.2 cm (13 9/16 x 7 7/8 x 12 5/16 in.)
cma	1916.1566	armor	body_armor	Gothic Breastplate 	Overall						45.0	35.2			Overall: 45 x 35.2 cm (17 11/16 x 13 7/8 in.)
cma	1916.1511.l	armor	limbs_hands	Proper Right Greave	Overall						31.0				Overall: 31 cm (12 3/16 in.)
cma	1916.1511.d	armor	limbs_hands	Proper Right Arm (Vambrace, Rerebrace and Couter)	Overall						44.2				Overall: 44.2 cm (17 3/8 in.)
cma	1916.1511.g	armor	limbs_hands	Gauntlet with Bell Shaped Cuff (Right)	Overall						21.6	13.0			Overall: 21.6 x 13 cm (8 1/2 x 5 1/8 in.)
cma	1978.39.a	thief	chests_caskets	Panel from a Casket with Scenes from Courtly Romances	Overall						13.0	26.2	1.0		Overall: 13 x 26.2 x 1 cm (5 1/8 x 10 5/16 x 3/8 in.)
cma	1916.1511.e	armor	limbs_hands	Proper Left Arm (Vambrace, Rerebrace and Couter)	Overall						47.0				Overall: 47 cm (18 1/2 in.)
cma	1916.1511.k	armor	limbs_hands	Proper Left Cuisse and Knee Cop	Overall						43.7				Overall: 43.7 cm (17 3/16 in.)
cma	1916.1511.j	armor	limbs_hands	Proper Right Cuisse and Knee Cop	Overall						44.8				Overall: 44.8 cm (17 5/8 in.)
cma	2005.206.a	core	bindings_codices	Leaf from a Book of Hours: Office of the Dead: Angel Chasing	Leaf						19.7	14.3			Leaf: 19.7 x 14.3 cm (7 3/4 x 5 5/8 in.)
cma	1916.1511.b	armor	limbs_hands	Pauldron (proper left) and Grandguard	Part 1						28.5	27.5			Part 1: 28.5 x 27.5 cm (11 1/4 x 10 13/16 in.); Part 2: 29 x 29.2 cm (11 7/16 x 11 1/2 in.)
cma	1916.1511.b	armor	limbs_hands	Pauldron (proper left) and Grandguard	Part 2						29.0	29.2			Part 1: 28.5 x 27.5 cm (11 1/4 x 10 13/16 in.); Part 2: 29 x 29.2 cm (11 7/16 x 11 1/2 in.)
cma	1916.1723.a	core	crossbows_archery	Crossbow of Elector Augustus I of Saxony	Overall						58.5				Overall: 58.5 cm (23 1/16 in.); Bow: 58.5 cm (23 1/16 in.); Butt: 5.7 cm (2 1/4 in.)
cma	1916.1723.a	core	crossbows_archery	Crossbow of Elector Augustus I of Saxony	Bow						58.5				Overall: 58.5 cm (23 1/16 in.); Bow: 58.5 cm (23 1/16 in.); Butt: 5.7 cm (2 1/4 in.)
cma	1916.1723.a	core	crossbows_archery	Crossbow of Elector Augustus I of Saxony	Butt						5.7				Overall: 58.5 cm (23 1/16 in.); Bow: 58.5 cm (23 1/16 in.); Butt: 5.7 cm (2 1/4 in.)
cma	1916.1726	core	crossbows_archery	Pellet Crossbow	Overall						82.6				Overall: 82.6 cm (32 1/2 in.); Bow: 59.4 cm (23 3/8 in.); Butt: 9.5 cm (3 3/4 in.)
cma	1916.1726	core	crossbows_archery	Pellet Crossbow	Bow						59.4				Overall: 82.6 cm (32 1/2 in.); Bow: 59.4 cm (23 3/8 in.); Butt: 9.5 cm (3 3/4 in.)
cma	1916.1726	core	crossbows_archery	Pellet Crossbow	Butt						9.5				Overall: 82.6 cm (32 1/2 in.); Bow: 59.4 cm (23 3/8 in.); Butt: 9.5 cm (3 3/4 in.)
cma	1916.1725	core	crossbows_archery	Crossbow	Overall						87.0				Overall: 87 cm (34 1/4 in.); Bow: 74.5 cm (29 5/16 in.); Butt: 4.2 cm (1 5/8 in.)
cma	1916.1725	core	crossbows_archery	Crossbow	Bow						74.5				Overall: 87 cm (34 1/4 in.); Bow: 74.5 cm (29 5/16 in.); Butt: 4.2 cm (1 5/8 in.)
cma	1916.1725	core	crossbows_archery	Crossbow	Butt						4.2				Overall: 87 cm (34 1/4 in.); Bow: 74.5 cm (29 5/16 in.); Butt: 4.2 cm (1 5/8 in.)
cma	1916.1723	core	crossbows_archery	Crossbow and Cranequin of Elector Augustus I of Saxony	Bow						58.5				Bow: 58.5 cm (23 1/16 in.); Butt: 5.7 cm (2 1/4 in.)
cma	1916.1723	core	crossbows_archery	Crossbow and Cranequin of Elector Augustus I of Saxony	Butt						5.7				Bow: 58.5 cm (23 1/16 in.); Butt: 5.7 cm (2 1/4 in.)
cma	1916.1758	core	crossbows_archery	Crossbow Bolt	Overall						37.2				Overall: 37.2 cm (14 5/8 in.)
cma	1947.3	core	crossbows_archery	Crossbow Support	Overall						21.8				Overall: 21.8 cm (8 9/16 in.)
cma	1916.1742	core	crossbows_archery	Crossbow Bolt	Average						37.2				Average: 37.2 cm (14 5/8 in.)
cma	1930.227	thief	jewelry_crowns	Crossbow Fibula	Overall						10.2	7.1	3.8		Overall: 10.2 x 7.1 x 3.8 cm (4 x 2 13/16 x 1 1/2 in.)
cma	1928.671	core	crossbows_archery	Pellet Crossbow for a Child	Overall						44.3				Overall: 44.3 cm (17 7/16 in.); Bow: 29.2 cm (11 1/2 in.); Butt: 5.2 cm (2 1/16 in.)
cma	1928.671	core	crossbows_archery	Pellet Crossbow for a Child	Bow						29.2				Overall: 44.3 cm (17 7/16 in.); Bow: 29.2 cm (11 1/2 in.); Butt: 5.2 cm (2 1/16 in.)
cma	1928.671	core	crossbows_archery	Pellet Crossbow for a Child	Butt						5.2				Overall: 44.3 cm (17 7/16 in.); Bow: 29.2 cm (11 1/2 in.); Butt: 5.2 cm (2 1/16 in.)
cma	1916.1729	core	crossbows_archery	Crossbow	Overall						63.5				Overall: 63.5 cm (25 in.); Bow: 60.2 cm (23 11/16 in.); Butt: 5 cm (1 15/16 in.)
cma	1916.1729	core	crossbows_archery	Crossbow	Bow						60.2				Overall: 63.5 cm (25 in.); Bow: 60.2 cm (23 11/16 in.); Butt: 5 cm (1 15/16 in.)
cma	1916.1729	core	crossbows_archery	Crossbow	Butt						5.0				Overall: 63.5 cm (25 in.); Bow: 60.2 cm (23 11/16 in.); Butt: 5 cm (1 15/16 in.)
cma	1930.225	thief	jewelry_crowns	Crossbow Fibula	Overall						8.6	7.0			Overall: 8.6 x 7 cm (3 3/8 x 2 3/4 in.)
cma	1916.1740	core	crossbows_archery	Crossbow Bolt	Average						37.2				Average: 37.2 cm (14 5/8 in.)
cma	1916.1754	core	crossbows_archery	Crossbow Bolt	Average						37.2				Average: 37.2 cm (14 5/8 in.)
cma	1916.1761	core	crossbows_archery	Crossbow Bolt	Average						37.2				Average: 37.2 cm (14 5/8 in.)
cma	1955.545	thief	jewelry_crowns	Crossbow Fibula	Overall						9.9	5.8	3.2		Overall: 9.9 x 5.8 x 3.2 cm (3 7/8 x 2 5/16 x 1 1/4 in.)
cma	1916.1744	core	crossbows_archery	Crossbow Bolt	Average						37.2				Average: 37.2 cm (14 5/8 in.)
cma	1916.1759	core	crossbows_archery	Crossbow Bolt	Average						37.2				Average: 37.2 cm (14 5/8 in.)
cma	1916.1757	core	crossbows_archery	Crossbow Bolt	Average						37.2				Average: 37.2 cm (14 5/8 in.)
cma	1916.1760	core	crossbows_archery	Crossbow Bolt	Average						37.2				Average: 37.2 cm (14 5/8 in.)
cma	1916.1756	core	crossbows_archery	Crossbow Bolt	Average						37.2				Average: 37.2 cm (14 5/8 in.)
cma	1916.1764	core	crossbows_archery	Crossbow Bolt	Average						37.2				Average: 37.2 cm (14 5/8 in.)
cma	1916.1762	core	crossbows_archery	Crossbow Bolt	Average						37.2				Average: 37.2 cm (14 5/8 in.)
cma	1916.1763	core	crossbows_archery	Crossbow Bolt	Average						37.2				Average: 37.2 cm (14 5/8 in.)
cma	1916.1741	core	crossbows_archery	Crossbow Bolt	Average						37.2				Average: 37.2 cm (14 5/8 in.)
cma	1916.1723.b	core	crossbows_archery	Cranequin with Arms of Elector Augustus I of Saxony	Rack						34.4				Rack: 34.4 cm (13 9/16 in.); Crank: 27 cm (10 5/8 in.); Gear housing: 14.2 cm (5 9/16 in.)
cma	1916.1723.b	core	crossbows_archery	Cranequin with Arms of Elector Augustus I of Saxony	Crank						27.0				Rack: 34.4 cm (13 9/16 in.); Crank: 27 cm (10 5/8 in.); Gear housing: 14.2 cm (5 9/16 in.)
cma	1916.1723.b	core	crossbows_archery	Cranequin with Arms of Elector Augustus I of Saxony	Gear housing						14.2				Rack: 34.4 cm (13 9/16 in.); Crank: 27 cm (10 5/8 in.); Gear housing: 14.2 cm (5 9/16 in.)
cma	1916.1743	core	crossbows_archery	Crossbow Bolt	Average						37.2				Average: 37.2 cm (14 5/8 in.)
cma	1916.1962	core	crossbows_archery	Crossbow Bolt	Overall						37.0				Overall: 37 cm (14 9/16 in.)
cma	1916.1755	core	crossbows_archery	Crossbow Bolt	Average						37.2				Average: 37.2 cm (14 5/8 in.)
cma	1932.322	core	crossbows_archery	The Empty Quiver	Platemark						35.5	25.2			Platemark: 35.5 x 25.2 cm (14 x 9 15/16 in.); Border: 34.9 x 24.6 cm (13 3/4 x 9 11/16 in.)
cma	1932.322	core	crossbows_archery	The Empty Quiver	Border						34.9	24.6			Platemark: 35.5 x 25.2 cm (14 x 9 15/16 in.); Border: 34.9 x 24.6 cm (13 3/4 x 9 11/16 in.)
cma	1999.170	core	shields	Haniwa in the Form of a Shield	Overall						120.0	48.7	18.0		Overall: 120 x 48.7 x 18 cm (47 1/4 x 19 3/16 x 7 1/16 in.)
cma	1916.978	core	flails_clubs	Tetradrachm: Macedonian Shield with Head of Artemis (obverse	Diameter						3.3				Diameter: 3.3 cm (1 5/16 in.)
cma	2001.97.b	arch	arches_keystones	A Draped Female Figure (possibly an Amazon) and Architectura	Sheet						27.3	17.5			Sheet: 27.3 x 17.5 cm (10 3/4 x 6 7/8 in.)
cma	2001.97	arch	arches_keystones	Study of a Fallen Soldier (possibly the Conversion of Saul) 	Sheet						17.5	27.3			Sheet: 17.5 x 27.3 cm (6 7/8 x 10 3/4 in.)
cma	2005.145.11.b	core	leaves_illumination	The Flowering of Joseph’s Rod (folio 11 verso), from a Mirro	Sheet						26.2	15.1			Sheet: 26.2 x 15.1 cm (10 5/16 x 5 15/16 in.); Image: 19.5 x 9.5 cm (7 11/16 x 3 3/4 in.)
cma	2005.145.11.b	core	leaves_illumination	The Flowering of Joseph’s Rod (folio 11 verso), from a Mirro	Image						19.5	9.5			Sheet: 26.2 x 15.1 cm (10 5/16 x 5 15/16 in.); Image: 19.5 x 9.5 cm (7 11/16 x 3 3/4 in.)
cma	1985.301	core	harps_zithers	Koto from the series The Six Arts in Fashionable Guise	Sheet						36.6	25.0			Sheet: 36.6 x 25 cm (14 7/16 x 9 13/16 in.)
cma	1942.871.a	core	shields	Siyavush on His Horse Hitting a Rolling Target, from a Shahn	Image						8.6	16.1			Image: 8.6 x 16.1 cm (3 3/8 x 6 5/16 in.); Overall: 32.4 x 21.6 cm (12 3/4 x 8 1/2 in.); Text area: 22.6 x 16.1 cm (8 7/8 x 6 5/16 in.)
cma	1942.871.a	core	shields	Siyavush on His Horse Hitting a Rolling Target, from a Shahn	Overall						32.4	21.6			Image: 8.6 x 16.1 cm (3 3/8 x 6 5/16 in.); Overall: 32.4 x 21.6 cm (12 3/4 x 8 1/2 in.); Text area: 22.6 x 16.1 cm (8 7/8 x 6 5/16 in.)
cma	1942.871.a	core	shields	Siyavush on His Horse Hitting a Rolling Target, from a Shahn	Text area						22.6	16.1			Image: 8.6 x 16.1 cm (3 3/8 x 6 5/16 in.); Overall: 32.4 x 21.6 cm (12 3/4 x 8 1/2 in.); Text area: 22.6 x 16.1 cm (8 7/8 x 6 5/16 in.)
cma	1916.1504	core	shields	Rondache (Round Shield)	Diameter						57.8				Diameter: 57.8 cm (22 3/4 in.)
cma	1929.325	core	shields	Shield	Overall						34.6				Overall: 34.6 cm (13 5/8 in.)
cma	1990.178	core	shields	Warrior Figurine with Shield	Overall						17.3	9.2	7.9		Overall: 17.3 x 9.2 x 7.9 cm (6 13/16 x 3 5/8 x 3 1/8 in.)
cma	1969.182	thief	jewelry_crowns	Halfcrown: Elizabeth I (obverse); Crowned Shield of Arms (re	Diameter						1.7				Diameter: 1.7 cm (11/16 in.)
cma	1969.189	core	shields	Unite: James I (obverse); Shield of Arms (reverse)	Diameter						3.7				Diameter: 3.7 cm (1 7/16 in.)
cma	1969.186	thief	jewelry_crowns	Half Pound: Elizabeth I (obverse); Crowned Shield of Arms (r	Diameter						2.9				Diameter: 2.9 cm (1 1/8 in.)
cma	1969.207	core	shields	Five Guineas: George II (obverse); Shield of Arms (reverse)	Diameter						3.7				Diameter: 3.7 cm (1 7/16 in.)
cma	1969.201	thief	jewelry_crowns	Five Guineas: William & Mary (obverse); Crowned Shield of Ar	Diameter						3.6				Diameter: 3.6 cm (1 7/16 in.)
cma	1969.208	core	shields	Five Guineas: George II (obverse); Shield of Arms (reverse)	Diameter						3.7				Diameter: 3.7 cm (1 7/16 in.)
cma	1969.190	core	shields	Rose Ryal: James I (obverse); Shield of Arms (reverse)	Diameter						4.3				Diameter: 4.3 cm (1 11/16 in.)
cma	1969.177	core	shields	Sovereign of Thirty Shillings: Edward VI Enthroned (obverse)	Diameter						4.3				Diameter: 4.3 cm (1 11/16 in.)
cma	1969.215	core	shields	Five Pound Piece: George IV (obverse); Shield of Arms (rever	Diameter						3.8				Diameter: 3.8 cm (1 1/2 in.)
cma	1969.184	thief	jewelry_crowns	Halfcrown: Elizabeth I (obverse); Crowned Shield of Arms (re	Diameter						1.5				Diameter: 1.5 cm (9/16 in.)
cma	1969.192	thief	jewelry_crowns	Unite: Charles I (obverse); Crowned Shield (reverse)	Diameter						3.4				Diameter: 3.4 cm (1 5/16 in.)
cma	1969.185	thief	jewelry_crowns	Pound: Elizabeth I (obverse); Crowned Shield of Arms (revers	Diameter						3.8				Diameter: 3.8 cm (1 1/2 in.)
cma	1969.193	thief	jewelry_crowns	Unite: Charles I (obverse); Crowned Shield (reverse)	Diameter						3.2				Diameter: 3.2 cm (1 1/4 in.)
cma	1969.218	core	shields	Sovereign: Victoria (obverse); Shield of Arms (reverse)	Diameter						2.2				Diameter: 2.2 cm (7/8 in.)
cma	1969.188	thief	jewelry_crowns	Sovereign: James I (obverse); Crowned Shield (reverse)	Diameter						3.8				Diameter: 3.8 cm (1 1/2 in.)
cma	1969.191	core	shields	Laurel: James I (obverse); Shield of Arms (reverse)	Diameter						3.7				Diameter: 3.7 cm (1 7/16 in.)
cma	1969.187	thief	jewelry_crowns	Half Pound: Elizabeth I (obverse); Crowned Shield of Arms (r	Diameter						3.3				Diameter: 3.3 cm (1 5/16 in.)
cma	1969.194	thief	jewelry_crowns	Unite: Charles I (obverse); Crowned Shield (reverse)	Diameter						3.3				Diameter: 3.3 cm (1 5/16 in.)
cma	1969.204	core	shields	Guinea: Anne (obverse); Shields and rose (reverse)	Diameter						2.5				Diameter: 2.5 cm (1 in.)
cma	1916.1615	core	shields	Round Shield (Rondache)	Diameter						56.5				Diameter: 56.5 cm (22 1/4 in.)
cma	1969.209	core	shields	Guinea: George III (obverse); Shield of Arms (reverse)	Diameter						2.4				Diameter: 2.4 cm (15/16 in.)
cma	1969.205	core	shields	Half Guinea: Anne (obverse); Shields and Rose (reverse)	Diameter						2.1				Diameter: 2.1 cm (13/16 in.)
cma	1969.179	core	shields	Sovereign: Mary Enthroned (obverse); Shield of Royal Arms on	Diameter						4.3				Diameter: 4.3 cm (1 11/16 in.)
cma	1969.211	core	shields	Five Guineas: George III (obverse); Shield of Arms (reverse)	Diameter						3.8				Diameter: 3.8 cm (1 1/2 in.)
cma	1916.720	core	daggers_eastern	Dagger (Gwálaa)	Overall						3.8	4.8			Overall: 3.8 x 4.8 cm (1 1/2 x 1 7/8 in.); Blade: 19.1 cm (7 1/2 in.)
cma	1916.720	core	daggers_eastern	Dagger (Gwálaa)	Blade						19.1				Overall: 3.8 x 4.8 cm (1 1/2 x 1 7/8 in.); Blade: 19.1 cm (7 1/2 in.)
cma	1916.719	core	daggers_eastern	Dagger (Gwálaa)	Overall						2.5	6.0			Overall: 2.5 x 6 cm (1 x 2 3/8 in.); Blade: 21 cm (8 1/4 in.)
cma	1916.719	core	daggers_eastern	Dagger (Gwálaa)	Blade						21.0				Overall: 2.5 x 6 cm (1 x 2 3/8 in.); Blade: 21 cm (8 1/4 in.)
cma	1930.708	core	daggers_eastern	Khanjar dagger	Overall						34.4				Overall: 34.4 cm (13 9/16 in.)
cma	1989.361	core	decoration_donors	Sheath for a Dagger	Overall						33.5				Overall: 33.5 cm (13 3/16 in.)
cma	1930.708.b	core	decoration_donors	Dagger (red velvet case)	Overall						34.4				Overall: 34.4 cm (13 9/16 in.)
cma	1918.368	core	plucked_strings	Lute or Tiorbino	Overall						100.7	27.7			Overall: 100.7 x 27.7 cm (39 5/8 x 10 7/8 in.)
cma	1918.382	core	plucked_strings	Moon Lute (Yueqin)	Overall						58.4	35.6			58.4 x 35.6 cm (23 x 14 in.)
cma	1959.340	core	plucked_strings	Lute-playing Angel	Overall						75.0				Overall: 75 cm (29 1/2 in.)
cma	1918.350	core	plucked_strings	Oud	Overall						81.3	33.7			Overall: 81.3 x 33.7 cm (32 x 13 1/4 in.)
cma	1918.362	core	plucked_strings	Lute	Overall						91.5	34.0			Overall: 91.5 x 34 cm (36 x 13 3/8 in.)
cma	1953.641	thief	ewers_plate	Single Leaf Excised from a Choir Psalter: Initial E[xultate 	Sheet						56.5	41.9			Sheet: 56.5 x 41.9 cm (22 1/4 x 16 1/2 in.)
cma	1918.367	core	plucked_strings	Lute	Overall						93.0	31.8			Overall: 93 x 31.8 cm (36 5/8 x 12 1/2 in.)
cma	1918.376	core	plucked_strings	Harp-Lute	Overall						90.5	37.5			Overall: 90.5 x 37.5 cm (35 5/8 x 14 3/4 in.)
cma	2018.179	core	daggers_eastern	Krishna and Consort on a Palace Balcony with Musicians: Vukh	Page						32.7	23.8			Page: 32.7 x 23.8 cm (12 7/8 x 9 3/8 in.); Miniature: 18.8 x 12.7 cm (7 3/8 x 5 in.)
cma	2018.179	core	daggers_eastern	Krishna and Consort on a Palace Balcony with Musicians: Vukh	Miniature						18.8	12.7			Page: 32.7 x 23.8 cm (12 7/8 x 9 3/8 in.); Miniature: 18.8 x 12.7 cm (7 3/8 x 5 in.)
cma	1975.22.6	core	bindings_codices	Album of Miscellaneous Subjects, Leaf 6	Image						12.6	17.3			Image: 12.6 x 17.3 cm (4 15/16 x 6 13/16 in.); Overall: 21 x 22 cm (8 1/4 x 8 11/16 in.)
cma	1975.22.6	core	bindings_codices	Album of Miscellaneous Subjects, Leaf 6	Overall						21.0	22.0			Image: 12.6 x 17.3 cm (4 15/16 x 6 13/16 in.); Overall: 21 x 22 cm (8 1/4 x 8 11/16 in.)
cma	1918.344	core	plucked_strings	Pipa	Overall						95.4	27.4	8.0		Overall: 95.4 x 27.4 x 8 cm (37 9/16 x 10 13/16 x 3 1/8 in.)
cma	2012.98	thief	cups_tankards	Apollo with Erato and Cupid	Sheet						19.1	15.0			Sheet: 19.1 x 15 cm (7 1/2 x 5 7/8 in.)
cma	1954.581	core	plucked_strings	Saying Farewell at Xunyang (Song of the Pipa)	Overall						27.0	271.3			Overall: 27 x 271.3 cm (10 5/8 x 106 13/16 in.); Painting only: 21 x 60 cm (8 1/4 x 23 5/8 in.)
cma	1954.581	core	plucked_strings	Saying Farewell at Xunyang (Song of the Pipa)	Painting only						21.0	60.0			Overall: 27 x 271.3 cm (10 5/8 x 106 13/16 in.); Painting only: 21 x 60 cm (8 1/4 x 23 5/8 in.)
cma	1938.262	core	plucked_strings	Roller-Printed Cotton with Design of Woman Playing a Lute	Overall						61.5	64.0			Overall: 61.5 x 64 cm (24 3/16 x 25 3/16 in.)
cma	1918.374	core	plucked_strings	Guitar	Overall						96.8				Overall: 96.8 cm (38 1/8 in.); Widest end: 21 cm (8 1/4 in.)
cma	1918.374	core	plucked_strings	Guitar	Widest end						21.0				Overall: 96.8 cm (38 1/8 in.); Widest end: 21 cm (8 1/4 in.)
cma	1918.336	core	plucked_strings	Guitar	Overall						29.2				Overall: 29.2 cm (11 1/2 in.)
cma	1918.341	core	plucked_strings	Lyre Guitar or Lirachitara	Overall						32.7	78.1			Overall: 32.7 x 78.1 cm (12 7/8 x 30 3/4 in.)
cma	1918.379	core	plucked_strings	Lyre Guitar	Overall						76.9	33.4			Overall: 76.9 x 33.4 cm (30 1/4 x 13 1/8 in.)
cma	1918.358	core	plucked_strings	Guitar	Diameter						39.8				Diameter: 39.8 cm (15 11/16 in.); Overall: 95 cm (37 3/8 in.)
cma	1918.358	core	plucked_strings	Guitar	Overall						95.0				Diameter: 39.8 cm (15 11/16 in.); Overall: 95 cm (37 3/8 in.)
cma	1918.348	core	plucked_strings	Sanxian (Three-Stringed Guitar)	Diameter						14.4				Diameter: 14.4 cm (5 11/16 in.); Overall: 82.6 cm (32 1/2 in.)
cma	1918.348	core	plucked_strings	Sanxian (Three-Stringed Guitar)	Overall						82.6				Diameter: 14.4 cm (5 11/16 in.); Overall: 82.6 cm (32 1/2 in.)
cma	1918.374.a	core	plucked_strings	Guitar	Overall						96.8				Overall: 96.8 cm (38 1/8 in.); Widest end: 21 cm (8 1/4 in.)
cma	1918.374.a	core	plucked_strings	Guitar	Widest end						21.0				Overall: 96.8 cm (38 1/8 in.); Widest end: 21 cm (8 1/4 in.)
cma	1991.59.a	core	plucked_strings	Singing Guitarist (recto)	Sheet						33.9	21.5			Sheet: 33.9 x 21.5 cm (13 3/8 x 8 7/16 in.)
cma	1918.374.b	core	plucked_strings	Guitar (plectrum)	Overall						96.8				Overall: 96.8 cm (38 1/8 in.); Widest end: 21 cm (8 1/4 in.)
cma	1918.374.b	core	plucked_strings	Guitar (plectrum)	Widest end						21.0				Overall: 96.8 cm (38 1/8 in.); Widest end: 21 cm (8 1/4 in.)
cma	1997.223	core	plucked_strings	Guitar Player	Sheet						44.5	30.6			Sheet: 44.5 x 30.6 cm (17 1/2 x 12 1/16 in.); Platemark: 28.1 x 21.5 cm (11 1/16 x 8 7/16 in.)
cma	1997.223	core	plucked_strings	Guitar Player	Platemark						28.1	21.5			Sheet: 44.5 x 30.6 cm (17 1/2 x 12 1/16 in.); Platemark: 28.1 x 21.5 cm (11 1/16 x 8 7/16 in.)
cma	1921.913	core	plucked_strings	Portrait of a Woman with a Guitar, called Louise D'Aumont, M	Framed						8.7	7.3			Framed: 8.7 x 7.3 cm (3 7/16 x 2 7/8 in.); Unframed: 7.5 x 6.1 cm (2 15/16 x 2 3/8 in.)
cma	1921.913	core	plucked_strings	Portrait of a Woman with a Guitar, called Louise D'Aumont, M	Unframed						7.5	6.1			Framed: 8.7 x 7.3 cm (3 7/16 x 2 7/8 in.); Unframed: 7.5 x 6.1 cm (2 15/16 x 2 3/8 in.)
cma	1918.369	core	plucked_strings	Liuxian Pipa (Six-String Pipa)	Overall						100.4	31.5			Overall: 100.4 x 31.5 cm (39 1/2 x 12 3/8 in.)
cma	2020.216	arch	screens_fonts	Muse with Violin Screen	Overall						156.2	156.2			Overall: 156.2 x 156.2 cm (61 1/2 x 61 1/2 in.)
cma	2018.25	core	bowed_strings	Violin Player with a Wine Glass	Overall						80.4	67.1			80.4 x 67.1 cm (31 5/8 x 26 7/16 in.)
cma	1943.562	core	bowed_strings	Violin Player Seated in the Inn	Platemark						28.1	25.0			Platemark: 28.1 x 25 cm (11 1/16 x 9 13/16 in.); Sheet: 29.6 x 26.1 cm (11 5/8 x 10 1/4 in.)
cma	1943.562	core	bowed_strings	Violin Player Seated in the Inn	Sheet						29.6	26.1			Platemark: 28.1 x 25 cm (11 1/16 x 9 13/16 in.); Sheet: 29.6 x 26.1 cm (11 5/8 x 10 1/4 in.)
cma	1942.1133	core	bowed_strings	The Violin Player	Unframed						79.0	53.3			Unframed: 79 x 53.3 cm (31 1/8 x 21 in.)
cma	2013.47	core	bowed_strings	Portrait of Violinist Jean Vidal (1789–1867)	Image						75.4	54.1			Image: 75.4 x 54.1 cm (29 11/16 x 21 5/16 in.); Sheet with border: 91.5 x 64.4 cm (36 x 25 3/8 in.)
cma	2013.47	core	bowed_strings	Portrait of Violinist Jean Vidal (1789–1867)	Sheet with border						91.5	64.4			Image: 75.4 x 54.1 cm (29 11/16 x 21 5/16 in.); Sheet with border: 91.5 x 64.4 cm (36 x 25 3/8 in.)
cma	1918.378	core	wheel_and_keys	Vielle à roue	Overall						74.0	33.0			Overall: 74 x 33 cm (29 1/8 x 13 in.)
cma	1918.354	core	wheel_and_keys	Vielle à roue	Overall						73.7	33.0			Overall: 73.7 x 33 cm (29 x 13 in.)
cma	1918.356	core	harps_zithers	Figurative harp (domu or kundi)	Overall						63.6				Overall: 63.6 cm (25 1/16 in.)
cma	1929.344	core	harps_zithers	Figurative harp (domu or kundi)	Handle						36.9				Handle: 36.9 cm (14 1/2 in.); Drum: 18.2 cm (7 3/16 in.)
cma	1929.344	core	harps_zithers	Figurative harp (domu or kundi)	Drum						18.2				Handle: 36.9 cm (14 1/2 in.); Drum: 18.2 cm (7 3/16 in.)
cma	1931.450	core	harps_zithers	Harpist	Overall						32.1				Overall: 32.1 cm (12 5/8 in.)
cma	1997.189	core	harps_zithers	David Playing the Harp before Saul	Sheet						33.4	47.9			Sheet: 33.4 x 47.9 cm (13 1/8 x 18 7/8 in.)
cma	1918.363	core	harps_zithers	Harp	Overall						125.8	61.6			Overall: 125.8 x 61.6 cm (49 1/2 x 24 1/4 in.)
cma	1918.357	core	harps_zithers	Harp	Overall						63.6				Overall: 63.6 cm (25 1/16 in.)
cma	1997.39	core	harps_zithers	A Man Playing a Harp with other Figures beside a Lake	Sheet						19.7	26.8			Sheet: 19.7 x 26.8 cm (7 3/4 x 10 9/16 in.)
cma	1945.169.b	core	leaves_illumination	Royal Reception in a Landscape, right folio from the double 	Image						26.3	20.7			Image: 26.3 x 20.7 cm (10 3/8 x 8 1/8 in.); Overall: 32.5 x 22.1 cm (12 13/16 x 8 11/16 in.)
cma	1945.169.b	core	leaves_illumination	Royal Reception in a Landscape, right folio from the double 	Overall						32.5	22.1			Image: 26.3 x 20.7 cm (10 3/8 x 8 1/8 in.); Overall: 32.5 x 22.1 cm (12 13/16 x 8 11/16 in.)
cma	1918.366	core	harps_zithers	Harp	Overall						164.5	80.7			Overall: 164.5 x 80.7 cm (64 3/4 x 31 3/4 in.)
cma	2003.174	core	bindings_codices	Adjoining Leaves from a Book of Hours: Penitential Psalms an	Each leaf						11.2	6.4			Each leaf: 11.2 x 6.4 cm (4 7/16 x 2 1/2 in.)
cma	1969.200	core	shields	Two Guineas: James II (obverse); Four Shields of Arms (rever	Diameter						3.7				Diameter: 3.7 cm (1 7/16 in.)
cma	2008.2.214.b	core	harps_zithers	Fol. 214v, Psalm 1, historiated initial 8, David harping	Overall						35.6	24.2			Overall: 35.6 x 24.2 cm (14 x 9 1/2 in.)
cma	1918.345	thief	ewers_plate	Psaltery	Overall						59.8	15.0			Overall: 59.8 x 15 cm (23 9/16 x 5 7/8 in.)
cma	2011.50	thief	ewers_plate	"Initial ""B"" (eatus Vir) from a Choir Psalter"	Leaf						19.7	19.1			Leaf: 19.7 x 19.1 cm (7 3/4 x 7 1/2 in.)
cma	2022.101.a	core	bindings_codices	Leaf from a Psalter and Prayerbook: Rabbits Dancing (recto)	Overall						16.5	13.5			Overall: 16.5 x 13.5 cm (6 1/2 x 5 5/16 in.)
cma	2022.101	core	bindings_codices	Leaf from a Psalter and Prayerbook: Rabbits Dancing (recto) 	Sheet						16.5	13.5			Sheet: 16.5 x 13.5 cm (6 1/2 x 5 5/16 in.)
cma	1961.10.2	core	winds	Figure of the Bagpiper (Le Joueur de musette)	Overall						22.9	13.4	8.0		Overall: 22.9 x 13.4 x 8 cm (9 x 5 1/4 x 3 1/8 in.)
cma	2010.448	core	winds	Oliphant (Side-Blown Trumpet)	Overall						32.0	4.0	6.0		Overall: 32 x 4 x 6 cm (12 5/8 x 1 9/16 x 2 3/8 in.)
cma	1930.740	core	winds	The So-called Horn of Saint Blaise	Overall						12.0				Overall: 12 cm (4 3/4 in.)
cma	1976.130	core	winds	Angel Blowing a Trumpet	Sheet						44.1	54.0			Sheet: 44.1 x 54 cm (17 3/8 x 21 1/4 in.)
cma	1918.389	core	winds	Thighbone Trumpet	Overall						7.0				Overall: 7 cm (2 3/4 in.)
cma	1966.127	core	winds	Conch Shell Trumpet Vessel	Overall						15.5	23.5	26.6		Overall: 15.5 x 23.5 x 26.6 cm (6 1/8 x 9 1/4 x 10 1/2 in.)
cma	1998.93	core	winds	Side-Blown Trumpet	Overall						38.0				Overall: 38 cm (14 15/16 in.)
cma	1977.21	core	winds	page from the Apocalypse (The Locusts with the Angel of the 	Mat Size						48.8	36.3			Mat Size: 48.8 x 36.3 cm (19 3/16 x 14 5/16 in.); Sheet: 26.5 x 19.3 cm (10 7/16 x 7 5/8 in.)
cma	1977.21	core	winds	page from the Apocalypse (The Locusts with the Angel of the 	Sheet						26.5	19.3			Mat Size: 48.8 x 36.3 cm (19 3/16 x 14 5/16 in.); Sheet: 26.5 x 19.3 cm (10 7/16 x 7 5/8 in.)
cma	1944.228.4	thief	cups_tankards	Tea Cup	Overall						5.5	7.2			Overall: 5.5 x 7.2 cm (2 3/16 x 2 13/16 in.)
cma	1944.228.3	thief	cups_tankards	Tea Cup	Overall						5.3	7.4			Overall: 5.3 x 7.4 cm (2 1/16 x 2 15/16 in.)
cma	1929.911.a	core	winds	Tetradrachm: Nike on Ship's Prow, Blowing Trumpet (obverse)	Diameter						3.0				Diameter: 3 cm (1 3/16 in.)
cma	1960.78	thief	cups_tankards	Wine Cups (Jue)	Overall						20.3	19.7			Overall: 20.3 x 19.7 cm (8 x 7 3/4 in.)
cma	1959.128	core	leaves_illumination	Christ in Majesty with the Virgin and Saint John the Evangel	Sheet						27.3	20.0			Sheet: 27.3 x 20 cm (10 3/4 x 7 7/8 in.)
cma	1992.3	core	maces_hammers	Poros Assailed by the Macedonian Army (recto); Sketches of A	Sheet						19.3	27.4			Sheet: 19.3 x 27.4 cm (7 5/8 x 10 13/16 in.); Secondary Support: 22.5 x 30.5 cm (8 7/8 x 12 in.)
cma	1992.3	core	maces_hammers	Poros Assailed by the Macedonian Army (recto); Sketches of A	Secondary Support						22.5	30.5			Sheet: 19.3 x 27.4 cm (7 5/8 x 10 13/16 in.); Secondary Support: 22.5 x 30.5 cm (8 7/8 x 12 in.)
cma	1992.3.a	core	maces_hammers	Poros Assailed by the Macedonian Army (recto)	Sheet						19.3	27.4			Sheet: 19.3 x 27.4 cm (7 5/8 x 10 13/16 in.); Secondary Support: 22.5 x 30.5 cm (8 7/8 x 12 in.)
cma	1992.3.a	core	maces_hammers	Poros Assailed by the Macedonian Army (recto)	Secondary Support						22.5	30.5			Sheet: 19.3 x 27.4 cm (7 5/8 x 10 13/16 in.); Secondary Support: 22.5 x 30.5 cm (8 7/8 x 12 in.)
cma	1929.343	core	percussion	Drum (ngoma)	Diameter						31.2				Diameter: 31.2 cm (12 5/16 in.); Overall: 40 cm (15 3/4 in.)
cma	1929.343	core	percussion	Drum (ngoma)	Overall						40.0				Diameter: 31.2 cm (12 5/16 in.); Overall: 40 cm (15 3/4 in.)
cma	1938.9	core	winds	Cranes and Serpents	Overall						132.1	124.5			Overall: 132.1 x 124.5 cm (52 x 49 in.)
cma	1941.548	core	percussion	Handle of a Jiangu Drum	Overall						9.0				Overall: 9 cm (3 9/16 in.)
cma	2022.37	core	percussion	Painted Drum	Overall						27.0	28.0	12.0		Overall: 27 x 28 x 12 cm (10 5/8 x 11 x 4 3/4 in.)
cma	1918.391	core	percussion	Ritual Drum (damaru)	Overall						20.4	17.8	13.1		Overall: 20.4 x 17.8 x 13.1 cm (8 1/16 x 7 x 5 3/16 in.)
cma	1918.349	core	percussion	Tsuzumi Drum	Diameter						20.4				Diameter: 20.4 cm (8 1/16 in.); Overall: 25.4 cm (10 in.)
cma	1918.349	core	percussion	Tsuzumi Drum	Overall						25.4				Diameter: 20.4 cm (8 1/16 in.); Overall: 25.4 cm (10 in.)
cma	2002.33	core	percussion	Child with Drum	Image						8.3	7.0			Image: 8.3 x 7 cm (3 1/4 x 2 3/4 in.); Case: 12.7 x 10.5 cm (5 x 4 1/8 in.); Matted: 61 x 50.8 cm (24 x 20 in.)
cma	2002.33	core	percussion	Child with Drum	Case						12.7	10.5			Image: 8.3 x 7 cm (3 1/4 x 2 3/4 in.); Case: 12.7 x 10.5 cm (5 x 4 1/8 in.); Matted: 61 x 50.8 cm (24 x 20 in.)
cma	2002.33	core	percussion	Child with Drum	Matted						61.0	50.8			Image: 8.3 x 7 cm (3 1/4 x 2 3/4 in.); Case: 12.7 x 10.5 cm (5 x 4 1/8 in.); Matted: 61 x 50.8 cm (24 x 20 in.)
cma	1969.266	core	percussion	Gold Weight (abrammuo): Drum with Jaws of Defeated Enemies	Overall						3.6	5.3			Overall: 3.6 x 5.3 cm (1 7/16 x 2 1/16 in.)
cma	2010.617	core	percussion	London Types: The Drum Major	Sheet						32.4	26.4			Sheet: 32.4 x 26.4 cm (12 3/4 x 10 3/8 in.); Image: 25.4 x 22.9 cm (10 x 9 in.)
cma	2010.617	core	percussion	London Types: The Drum Major	Image						25.4	22.9			Sheet: 32.4 x 26.4 cm (12 3/4 x 10 3/8 in.); Image: 25.4 x 22.9 cm (10 x 9 in.)
cma	1924.971	core	percussion	Meguro Drum Bridge and Sunset Hill, from One Hundred Views o	Sheet						23.2	36.1			Sheet: 23.2 x 36.1 cm (9 1/8 x 14 3/16 in.)
cma	1961.206	light	lanterns	The Lantern Night Excursion of Zhong Kui	Image						24.8	240.3			Image: 24.8 x 240.3 cm (9 3/4 x 94 5/8 in.); Overall: 25.7 x 904.4 cm (10 1/8 x 356 1/16 in.)
cma	1961.206	light	lanterns	The Lantern Night Excursion of Zhong Kui	Overall						25.7	904.4			Image: 24.8 x 240.3 cm (9 3/4 x 94 5/8 in.); Overall: 25.7 x 904.4 cm (10 1/8 x 356 1/16 in.)
cma	1971.171	core	daggers_eastern	Krishna sporting with the gopis in the Jumna River, from a B	Overall						16.5	22.2			Overall: 16.5 x 22.2 cm (6 1/2 x 8 3/4 in.)
cma	2018.104	core	daggers_eastern	Krishna celebrates Holi	Page						21.0	29.4			Page: 21 x 29.4 cm (8 1/4 x 11 9/16 in.); Image: 15.5 x 23.8 cm (6 1/8 x 9 3/8 in.)
cma	2018.104	core	daggers_eastern	Krishna celebrates Holi	Image						15.5	23.8			Page: 21 x 29.4 cm (8 1/4 x 11 9/16 in.); Image: 15.5 x 23.8 cm (6 1/8 x 9 3/8 in.)
cma	2004.1.17	core	bindings_codices	Album of Daoist and Buddhist Themes: Procession of Daoist De	Painting						34.2	38.4			Painting: 34.2 x 38.4 cm (13 7/16 x 15 1/8 in.)
cma	2018.132	core	daggers_eastern	Women Play Music for Radha and Krishna: Chitrini Nayika, fro	Page						22.9	16.2			Page: 22.9 x 16.2 cm (9 x 6 3/8 in.)
cma	1947.12	core	percussion	The Woman with a Tambourine	Sheet						35.4	47.3			Sheet: 35.4 x 47.3 cm (13 15/16 x 18 5/8 in.); Image: 29.7 x 41.7 cm (11 11/16 x 16 7/16 in.)
cma	1947.12	core	percussion	The Woman with a Tambourine	Image						29.7	41.7			Sheet: 35.4 x 47.3 cm (13 15/16 x 18 5/8 in.); Image: 29.7 x 41.7 cm (11 11/16 x 16 7/16 in.)
cma	1926.232	core	percussion	Woman with a Tambourine, in Neoclassical Costume	Framed						15.3	13.0			Framed: 15.3 x 13 cm (6 x 5 1/8 in.); Unframed: 14 x 11.5 cm (5 1/2 x 4 1/2 in.)
cma	1926.232	core	percussion	Woman with a Tambourine, in Neoclassical Costume	Unframed						14.0	11.5			Framed: 15.3 x 13 cm (6 x 5 1/8 in.); Unframed: 14 x 11.5 cm (5 1/2 x 4 1/2 in.)
cma	1947.491	thief	ewers_plate	Dish with Tambourine Players	Overall						1.3	19.5	19.5		Overall: 1.3 x 19.5 x 19.5 cm (1/2 x 7 11/16 x 7 11/16 in.)
cma	1927.67	core	percussion	Tambourine Player	Overall						22.2	10.2			Overall: 22.2 x 10.2 cm (8 3/4 x 4 in.)
cma	1953.17	light	oil_lamps	Lampas with dancers and musicians	Overall						87.7	52.1			Overall: 87.7 x 52.1 cm (34 1/2 x 20 1/2 in.); Mounted: 94 x 58.4 cm (37 x 23 in.)
cma	1953.17	light	oil_lamps	Lampas with dancers and musicians	Mounted						94.0	58.4			Overall: 87.7 x 52.1 cm (34 1/2 x 20 1/2 in.); Mounted: 94 x 58.4 cm (37 x 23 in.)
cma	2003.7	core	percussion	Study of a Young Woman Playing a Tambourine, and Studies of 	Sheet						25.3	35.1			Sheet: 25.3 x 35.1 cm (9 15/16 x 13 13/16 in.); Secondary Support: 31.6 x 43.6 cm (12 7/16 x 17 3/16 in.)
cma	2003.7	core	percussion	Study of a Young Woman Playing a Tambourine, and Studies of 	Secondary Support						31.6	43.6			Sheet: 25.3 x 35.1 cm (9 15/16 x 13 13/16 in.); Secondary Support: 31.6 x 43.6 cm (12 7/16 x 17 3/16 in.)
cma	1942.1139	core	wheel_and_keys	Portrait of a Woman at a Harpsichord	Diameter						7.3				Diameter: 7.3 cm (2 7/8 in.); Diameter of frame: 9.3 cm (3 11/16 in.)
cma	1942.1139	core	wheel_and_keys	Portrait of a Woman at a Harpsichord	Diameter of frame						9.3				Diameter: 7.3 cm (2 7/8 in.); Diameter of frame: 9.3 cm (3 11/16 in.)
cma	1960.73	core	wheel_and_keys	The Organ Player and His Wife	Image						16.6	11.0			Image: 16.6 x 11 cm (6 9/16 x 4 5/16 in.); Sheet: 16.6 x 11 cm (6 9/16 x 4 5/16 in.)
cma	1960.73	core	wheel_and_keys	The Organ Player and His Wife	Sheet						16.6	11.0			Image: 16.6 x 11 cm (6 9/16 x 4 5/16 in.); Sheet: 16.6 x 11 cm (6 9/16 x 4 5/16 in.)
cma	1999.6	core	plucked_strings	Pipa (Loquats)	Painting						112.6	52.2			Painting: 112.6 x 52.2 cm (44 5/16 x 20 9/16 in.); Overall (no knobs): 231 x 70.5 cm (90 15/16 x 27 3/4 in.)
cma	1999.6	core	plucked_strings	Pipa (Loquats)	Overall (no knobs)						231.0	70.5			Painting: 112.6 x 52.2 cm (44 5/16 x 20 9/16 in.); Overall (no knobs): 231 x 70.5 cm (90 15/16 x 27 3/4 in.)
cma	1918.342	core	plucked_strings	Heike Biwa	Overall						92.8	30.0			Overall: 92.8 x 30 cm (36 9/16 x 11 13/16 in.)
cma	1918.380	core	plucked_strings	Bugaku Biwa	Overall						85.8				Overall: 85.8 cm (33 3/4 in.); Widest end: 31.5 cm (12 3/8 in.)
cma	1918.380	core	plucked_strings	Bugaku Biwa	Widest end						31.5				Overall: 85.8 cm (33 3/4 in.); Widest end: 31.5 cm (12 3/8 in.)
cma	1916.1147	core	plucked_strings	Lady Murasaki at Ishiyama Overlooking a Panorama with Eight 	Sheet						30.4	43.2			Sheet: 30.4 x 43.2 cm (11 15/16 x 17 in.)
cma	1943.33	core	plucked_strings	Descending Geese at Katata (From the series Elegant Women an	Sheet						39.4	26.1			Sheet: 39.4 x 26.1 cm (15 1/2 x 10 1/4 in.)
cma	1918.359	core	harps_zithers	Koto (Zither)	Overall						117.8				Overall: 117.8 cm (46 3/8 in.); Widest end: 23.8 cm (9 3/8 in.)
cma	1918.359	core	harps_zithers	Koto (Zither)	Widest end						23.8				Overall: 117.8 cm (46 3/8 in.); Widest end: 23.8 cm (9 3/8 in.)
cma	1918.359.a	core	harps_zithers	Koto	Overall						117.8				Overall: 117.8 cm (46 3/8 in.); Widest end: 23.8 cm (9 3/8 in.)
cma	1918.359.a	core	harps_zithers	Koto	Widest end						23.8				Overall: 117.8 cm (46 3/8 in.); Widest end: 23.8 cm (9 3/8 in.)
cma	1971.168	core	harps_zithers	Inkstone in the Form of a Koto	Overall						4.4	19.2	7.0		Overall: 4.4 x 19.2 x 7 cm (1 3/4 x 7 9/16 x 2 3/4 in.)
cma	1974.24	core	harps_zithers	Koto (Zither)	Overall						152.4				Overall: 152.4 cm (60 in.)
cma	1918.383	core	harps_zithers	Koto	Overall						10.8				Overall: 10.8 cm (4 1/4 in.)
cma	1974.79	core	harps_zithers	Sawamura Sojuro III and Arashi Murajiro as Kusunoki Masatsur	Sheet						38.2	25.4			Sheet: 38.2 x 25.4 cm (15 1/16 x 10 in.)
cma	1918.346	core	plucked_strings	Sitar	Overall						95.2	15.3			Overall: 95.2 x 15.3 cm (37 1/2 x 6 in.)
cma	1918.355	core	plucked_strings	Sitar	Diameter						33.7				Diameter: 33.7 cm (13 1/4 in.); Overall: 133.4 cm (52 1/2 in.)
cma	1918.355	core	plucked_strings	Sitar	Overall						133.4				Diameter: 33.7 cm (13 1/4 in.); Overall: 133.4 cm (52 1/2 in.)
cma	2010.203	core	flails_clubs	Club (Knobkerrie)	Overall						66.0				Overall: 66 cm (26 in.)
cma	2010.232	core	flails_clubs	Club (Knobkerrie)	Overall						66.0				Overall: 66 cm (26 in.)
cma	1999.212	core	bindings_codices	Single Leaf from a Gospel Book with a  Portrait of Saint Luk	Sheet						37.0	25.0			Sheet: 37 x 25 cm (14 9/16 x 9 13/16 in.)
cma	1983.73	core	leaves_illumination	Miniatures from a Manuscript of the Apocalypse	Sheet						10.2	14.7			Sheet: 10.2 x 14.7 cm (4 x 5 13/16 in.); Framed: 52.4 x 39.7 cm (20 5/8 x 15 5/8 in.); Matted: 48.9 x 36.2 cm (19 1/4 x 14 1/4 in.)
cma	1983.73	core	leaves_illumination	Miniatures from a Manuscript of the Apocalypse	Framed						52.4	39.7			Sheet: 10.2 x 14.7 cm (4 x 5 13/16 in.); Framed: 52.4 x 39.7 cm (20 5/8 x 15 5/8 in.); Matted: 48.9 x 36.2 cm (19 1/4 x 14 1/4 in.)
cma	1983.73	core	leaves_illumination	Miniatures from a Manuscript of the Apocalypse	Matted						48.9	36.2			Sheet: 10.2 x 14.7 cm (4 x 5 13/16 in.); Framed: 52.4 x 39.7 cm (20 5/8 x 15 5/8 in.); Matted: 48.9 x 36.2 cm (19 1/4 x 14 1/4 in.)
cma	1953.24	core	bindings_codices	Leaf from an Antiphonary: Coronation of the Virgin	Sheet						55.0	37.0			Sheet: 55 x 37 cm (21 5/8 x 14 9/16 in.)
cma	2003.171	core	bindings_codices	Leaf Excised from an Antiphonary: Initial Q with Saints Pete	Each leaf						32.3	21.9			Each leaf: 32.3 x 21.9 cm (12 11/16 x 8 5/8 in.)
cma	1952.230	thief	ewers_plate	Leaf Excised from a Psalter: The Annunciation	Sheet						15.8	11.2			Sheet: 15.8 x 11.2 cm (6 1/4 x 4 7/16 in.)
cma	1950.154	core	bindings_codices	Leaf from a Greek Psalter and New Testament	Sheet						16.3	10.9			Sheet: 16.3 x 10.9 cm (6 7/16 x 4 5/16 in.); Framed: 44.5 x 34.3 cm (17 1/2 x 13 1/2 in.); Matted: 40.6 x 30.5 cm (16 x 12 in.)
cma	1950.154	core	bindings_codices	Leaf from a Greek Psalter and New Testament	Framed						44.5	34.3			Sheet: 16.3 x 10.9 cm (6 7/16 x 4 5/16 in.); Framed: 44.5 x 34.3 cm (17 1/2 x 13 1/2 in.); Matted: 40.6 x 30.5 cm (16 x 12 in.)
cma	1950.154	core	bindings_codices	Leaf from a Greek Psalter and New Testament	Matted						40.6	30.5			Sheet: 16.3 x 10.9 cm (6 7/16 x 4 5/16 in.); Framed: 44.5 x 34.3 cm (17 1/2 x 13 1/2 in.); Matted: 40.6 x 30.5 cm (16 x 12 in.)
cma	1953.152	core	leaves_illumination	Leaf from a Cocharelli Treatise on the Vices: Acedia and Her	Sheet						16.3	10.3			Sheet: 16.3 x 10.3 cm (6 7/16 x 4 1/16 in.)
cma	2022.101.b	core	bindings_codices	Leaf from a Psalter and Prayerbook: Putto Picking Strawberri	Overall						16.5	13.5			Overall: 16.5 x 13.5 cm (6 1/2 x 5 5/16 in.)
cma	1983.73.2.b	core	leaves_illumination	Miniature from a Manuscript of the Apocalypse: The War in He	Sheet						12.0	14.2			Sheet: 12 x 14.2 cm (4 3/4 x 5 9/16 in.); Framed: 52.4 x 39.7 cm (20 5/8 x 15 5/8 in.); Matted: 48.9 x 36.2 cm (19 1/4 x 14 1/4 in.)
cma	1983.73.2.b	core	leaves_illumination	Miniature from a Manuscript of the Apocalypse: The War in He	Framed						52.4	39.7			Sheet: 12 x 14.2 cm (4 3/4 x 5 9/16 in.); Framed: 52.4 x 39.7 cm (20 5/8 x 15 5/8 in.); Matted: 48.9 x 36.2 cm (19 1/4 x 14 1/4 in.)
cma	1983.73.2.b	core	leaves_illumination	Miniature from a Manuscript of the Apocalypse: The War in He	Matted						48.9	36.2			Sheet: 12 x 14.2 cm (4 3/4 x 5 9/16 in.); Framed: 52.4 x 39.7 cm (20 5/8 x 15 5/8 in.); Matted: 48.9 x 36.2 cm (19 1/4 x 14 1/4 in.)
cma	1949.203	core	bindings_codices	Leaf from the Wettinger Gradual: Historiated Initial (I) wit	Sheet						57.9	38.3			Sheet: 57.9 x 38.3 cm (22 13/16 x 15 1/16 in.); Framed: 61.6 x 76.8 cm (24 1/4 x 30 1/4 in.); Matted: 71.1 x 55.9 cm (28 x 22 in.)
cma	1949.203	core	bindings_codices	Leaf from the Wettinger Gradual: Historiated Initial (I) wit	Framed						61.6	76.8			Sheet: 57.9 x 38.3 cm (22 13/16 x 15 1/16 in.); Framed: 61.6 x 76.8 cm (24 1/4 x 30 1/4 in.); Matted: 71.1 x 55.9 cm (28 x 22 in.)
cma	1949.203	core	bindings_codices	Leaf from the Wettinger Gradual: Historiated Initial (I) wit	Matted						71.1	55.9			Sheet: 57.9 x 38.3 cm (22 13/16 x 15 1/16 in.); Framed: 61.6 x 76.8 cm (24 1/4 x 30 1/4 in.); Matted: 71.1 x 55.9 cm (28 x 22 in.)
cma	2001.76	core	bindings_codices	The Ascension: Leaf from a Book of Hours (4 of 6 Excised Lea	Overall						15.9	11.6			Overall: 15.9 x 11.6 cm (6 1/4 x 4 9/16 in.)
cma	2001.80	core	bindings_codices	The Annunciation (Matins, Office of the Virgin): Leaf from a	Overall						7.7	6.5			Overall: 7.7 x 6.5 cm (3 1/16 x 2 9/16 in.)
cma	1933.440	core	bindings_codices	Qur'an Manuscript Folio	Sheet						52.7	55.4			Sheet: 52.7 x 55.4 cm (20 3/4 x 21 13/16 in.)
cma	1999.129	core	bindings_codices	Christ before Pilate: Leaf from a Book of Hours (2 of 6 Exci	Each leaf						16.1	12.4			Each leaf: 16.1 x 12.4 cm (6 5/16 x 4 7/8 in.)
cma	1933.440.a	core	bindings_codices	Qur'an Manuscript Folio (recto)	Sheet						52.7	55.4			Sheet: 52.7 x 55.4 cm (20 3/4 x 21 13/16 in.); Text area: 46.5 x 44 cm (18 5/16 x 17 5/16 in.)
cma	1933.440.a	core	bindings_codices	Qur'an Manuscript Folio (recto)	Text area						46.5	44.0			Sheet: 52.7 x 55.4 cm (20 3/4 x 21 13/16 in.); Text area: 46.5 x 44 cm (18 5/16 x 17 5/16 in.)
cma	1983.73.1.a	core	leaves_illumination	Miniature from a Manuscript of the Apocalypse: The Woman upo	Sheet						10.2	14.7			Sheet: 10.2 x 14.7 cm (4 x 5 13/16 in.); Framed: 52.4 x 39.7 cm (20 5/8 x 15 5/8 in.); Matted: 48.9 x 36.2 cm (19 1/4 x 14 1/4 in.)
cma	1983.73.1.a	core	leaves_illumination	Miniature from a Manuscript of the Apocalypse: The Woman upo	Framed						52.4	39.7			Sheet: 10.2 x 14.7 cm (4 x 5 13/16 in.); Framed: 52.4 x 39.7 cm (20 5/8 x 15 5/8 in.); Matted: 48.9 x 36.2 cm (19 1/4 x 14 1/4 in.)
cma	1983.73.1.a	core	leaves_illumination	Miniature from a Manuscript of the Apocalypse: The Woman upo	Matted						48.9	36.2			Sheet: 10.2 x 14.7 cm (4 x 5 13/16 in.); Framed: 52.4 x 39.7 cm (20 5/8 x 15 5/8 in.); Matted: 48.9 x 36.2 cm (19 1/4 x 14 1/4 in.)
cma	2001.75	core	bindings_codices	The Nativity: Leaf from a Book of Hours (3 of 6 Excised Leav	Each leaf						16.1	12.6			Each leaf: 16.1 x 12.6 cm (6 5/16 x 4 15/16 in.)
cma	1945.169	core	leaves_illumination	Royal Reception in a Landscape, right folio from a double-pa	Overall						32.5	22.1			Overall: 32.5 x 22.1 cm (12 13/16 x 8 11/16 in.); Recto Image: 27.7 x 10.3 cm (10 7/8 x 4 1/16 in.); Verso image: 26.3 x 20.7 cm (10 3/8 x 8 1/8 in.)
cma	1945.169	core	leaves_illumination	Royal Reception in a Landscape, right folio from a double-pa	Recto Image						27.7	10.3			Overall: 32.5 x 22.1 cm (12 13/16 x 8 11/16 in.); Recto Image: 27.7 x 10.3 cm (10 7/8 x 4 1/16 in.); Verso image: 26.3 x 20.7 cm (10 3/8 x 8 1/8 in.)
cma	1945.169	core	leaves_illumination	Royal Reception in a Landscape, right folio from a double-pa	Verso image						26.3	20.7			Overall: 32.5 x 22.1 cm (12 13/16 x 8 11/16 in.); Recto Image: 27.7 x 10.3 cm (10 7/8 x 4 1/16 in.); Verso image: 26.3 x 20.7 cm (10 3/8 x 8 1/8 in.)
cma	1924.430	core	leaves_illumination	Illumination Excised from a Choir Book: Two Female Angels	Sheet						8.2	7.3			Sheet: 8.2 x 7.3 cm (3 1/4 x 2 7/8 in.)
cma	1993.39.2.a	core	bindings_codices	Qur'an Manuscript Folio (recto); left side of bifolio	Overall						26.7	73.0			Overall: 26.7 x 73 cm (10 1/2 x 28 3/4 in.); Text area: 22.8 x 30 cm (9 x 11 13/16 in.)
cma	1993.39.2.a	core	bindings_codices	Qur'an Manuscript Folio (recto); left side of bifolio	Text area						22.8	30.0			Overall: 26.7 x 73 cm (10 1/2 x 28 3/4 in.); Text area: 22.8 x 30 cm (9 x 11 13/16 in.)
cma	1991.157	core	leaves_illumination	Frontispiece Miniature from the Manuscript of a Poem by Guil	Sheet						27.1	20.1			Sheet: 27.1 x 20.1 cm (10 11/16 x 7 15/16 in.)
cma	1983.73.2	core	leaves_illumination	Miniature from a Manuscript of the Apocalypse: The Woman Clo	Sheet						12.0	14.2			Sheet: 12 x 14.2 cm (4 3/4 x 5 9/16 in.)
cma	1959.272	core	leaves_illumination	Bifolium from a Bible: Initial E[t factum est] with Ezekiel	Sheet						40.3	53.7			Sheet: 40.3 x 53.7 cm (15 7/8 x 21 1/8 in.)
cma	1952.109	core	treasure_covers	Front Cover for a Gospel Book of French Cardinal Jean La Bal	Overall						41.6	29.6	1.6		Overall: 41.6 x 29.6 x 1.6 cm (16 3/8 x 11 5/8 x 5/8 in.)
cma	1944.495	core	treasure_covers	Bookbinding for a Qur'an	Overall						36.0	81.6			Overall: 36 x 81.6 cm (14 3/16 x 32 1/8 in.)
cma	1930.741	thief	reliquaries_altar	Book-Shaped Reliquary	Overall						31.6	24.4	7.5		Overall: 31.6 x 24.4 x 7.5 cm (12 7/16 x 9 5/8 x 2 15/16 in.); Part 1: 17.8 x 14 cm (7 x 5 1/2 in.)
cma	1930.741	thief	reliquaries_altar	Book-Shaped Reliquary	Part 1						17.8	14.0			Overall: 31.6 x 24.4 x 7.5 cm (12 7/16 x 9 5/8 x 2 15/16 in.); Part 1: 17.8 x 14 cm (7 x 5 1/2 in.)
cma	1921.140	core	bindings_codices	Gradual	Codex						51.1	35.6	8.9		Codex: 51.1 x 35.6 x 8.9 cm (20 1/8 x 14 x 3 1/2 in.)
cma	1921.140.i.b	core	bindings_codices	Gradual	Codex						51.1	35.6	8.9		Codex: 51.1 x 35.6 x 8.9 cm (20 1/8 x 14 x 3 1/2 in.)
cma	1954.648.j	core	treasure_covers	Sketchbook: Study of Cross and Rowboat (on back cover)	Each page						13.5	23.4			Each page: 13.5 x 23.4 cm (5 5/16 x 9 3/16 in.)
cma	1952.465	core	bindings_codices	Gospel Book with Evangelist Portraits	Codex						23.7	18.4	5.4		Codex: 23.7 x 18.4 x 5.4 cm (9 5/16 x 7 1/4 x 2 1/8 in.)
cma	1942.152	core	bindings_codices	Gospel Book with Commentaries	Sheet						28.0	23.0			Sheet: 28 x 23 cm (11 x 9 1/16 in.)
cma	1942.152.11.a	core	bindings_codices	Text, folio 11 (recto), from a Gospel Book with Commentaries	Sheet						28.0	23.0			Sheet: 28 x 23 cm (11 x 9 1/16 in.)
cma	1942.152.116.b	core	bindings_codices	Text, folio 116 (verso), from a Gospel Book with Commentarie	Sheet						28.0	23.0			Sheet: 28 x 23 cm (11 x 9 1/16 in.)
cma	1942.152.133.a	core	bindings_codices	Text, folio 133 (recto), from a Gospel Book with Commentarie	Sheet						28.0	23.0			Sheet: 28 x 23 cm (11 x 9 1/16 in.)
cma	1942.152.136.b	core	bindings_codices	Text, folio 136 (verso), from a Gospel Book with Commentarie	Sheet						28.0	23.0			Sheet: 28 x 23 cm (11 x 9 1/16 in.)
cma	1942.152.142.b	core	bindings_codices	Text, folio 142 (verso), from a Gospel Book with Commentarie	Sheet						28.0	23.0			Sheet: 28 x 23 cm (11 x 9 1/16 in.)
cma	1942.152.152.a	core	bindings_codices	Text, folio 152 (recto), from a Gospel Book with Commentarie	Sheet						28.0	23.0			Sheet: 28 x 23 cm (11 x 9 1/16 in.)
cma	1942.152.158.b	core	bindings_codices	Text, folio 158 (verso), from a Gospel Book with Commentarie	Sheet						28.0	23.0			Sheet: 28 x 23 cm (11 x 9 1/16 in.)
cma	1942.152.16.b	core	bindings_codices	Text, folio 16 (verso), from a Gospel Book with Commentaries	Sheet						28.0	23.0			Sheet: 28 x 23 cm (11 x 9 1/16 in.)
cma	1942.152.169.b	core	bindings_codices	Text, folio 169 (verso), from a Gospel Book with Commentarie	Sheet						28.0	23.0			Sheet: 28 x 23 cm (11 x 9 1/16 in.)
cma	1942.152.17.a	core	bindings_codices	Text, folio 17 (recto), from a Gospel Book with Commentaries	Sheet						28.0	23.0			Sheet: 28 x 23 cm (11 x 9 1/16 in.)
cma	1942.152.18.a	core	bindings_codices	Text, folio 18 (recto), from a Gospel Book with Commentaries	Sheet						28.0	23.0			Sheet: 28 x 23 cm (11 x 9 1/16 in.)
cma	1942.152.25.b	core	bindings_codices	Text, folio 25 (verso), from a Gospel Book with Commentaries	Sheet						28.0	23.0			Sheet: 28 x 23 cm (11 x 9 1/16 in.)
cma	1942.152.27.b	core	bindings_codices	Text, folio 27 (verso), from a Gospel Book with Commentaries	Sheet						28.0	23.0			Sheet: 28 x 23 cm (11 x 9 1/16 in.)
cma	1942.152.31.b	core	bindings_codices	Text, folio 31 (verso), from a Gospel Book with Commentaries	Sheet						28.0	23.0			Sheet: 28 x 23 cm (11 x 9 1/16 in.)
cma	1942.152.34.a	core	bindings_codices	Text, folio 34 (recto), from a Gospel Book with Commentaries	Sheet						28.0	23.0			Sheet: 28 x 23 cm (11 x 9 1/16 in.)
cma	1942.152.52.a	core	bindings_codices	Text, folio 52 (recto), from a Gospel Book with Commentaries	Sheet						28.0	23.0			Sheet: 28 x 23 cm (11 x 9 1/16 in.)
cma	1942.152.60.b	core	bindings_codices	Text, folio 60 (verso), from a Gospel Book with Commentaries	Sheet						28.0	23.0			Sheet: 28 x 23 cm (11 x 9 1/16 in.)
cma	1942.152.70.b	core	bindings_codices	Text, folio 70 (verso), from a Gospel Book with Commentaries	Sheet						28.0	23.0			Sheet: 28 x 23 cm (11 x 9 1/16 in.)
cma	1942.152.75.a	core	bindings_codices	Text, folio 75 (recto), from a Gospel Book with Commentaries	Sheet						28.0	23.0			Sheet: 28 x 23 cm (11 x 9 1/16 in.)
cma	1942.152.76.a	core	bindings_codices	Text, folio 76 (recto), from a Gospel Book with Commentaries	Sheet						28.0	23.0			Sheet: 28 x 23 cm (11 x 9 1/16 in.)
cma	1942.152.77.a	core	bindings_codices	Text, folio 77 (recto), from a Gospel Book with Commentaries	Sheet						28.0	23.0			Sheet: 28 x 23 cm (11 x 9 1/16 in.)
cma	1942.152.86.a	core	bindings_codices	Text, folio 86 (recto), from a Gospel Book with Commentaries	Sheet						28.0	23.0			Sheet: 28 x 23 cm (11 x 9 1/16 in.)
cma	1942.152.92.b	core	bindings_codices	Text, folio 92 (verso), from a Gospel Book with Commentaries	Sheet						28.0	23.0			Sheet: 28 x 23 cm (11 x 9 1/16 in.)
cma	1942.152.99.b	core	bindings_codices	Text, folio 99 (verso), from a Gospel Book with Commentaries	Sheet						28.0	23.0			Sheet: 28 x 23 cm (11 x 9 1/16 in.)
cma	1942.152.172.a	core	bindings_codices	Text, folio 172 (recto), from a Gospel Book with Commentarie	Sheet						28.0	23.0			Sheet: 28 x 23 cm (11 x 9 1/16 in.)
cma	1942.152.213.b	core	bindings_codices	Text, folio 213 (verso), from a Gospel Book with Commentarie	Sheet						28.0	23.0			Sheet: 28 x 23 cm (11 x 9 1/16 in.)
cma	1942.152.214.b	core	bindings_codices	Text, folio 214 (verso), from a Gospel Book with Commentarie	Sheet						28.0	23.0			Sheet: 28 x 23 cm (11 x 9 1/16 in.)
cma	1942.152.224.a	core	bindings_codices	Text, folio 224 (recto), from a Gospel Book with Commentarie	Sheet						28.0	23.0			Sheet: 28 x 23 cm (11 x 9 1/16 in.)
cma	1939.507	core	bindings_codices	Double-Sided Leaf from a Qur'an	Sheet						32.0	21.3			Sheet: 32 x 21.3 cm (12 5/8 x 8 3/8 in.)
cma	1993.39	core	bindings_codices	Qur'an Manuscript Folio	Sheet						26.7	36.3			Sheet: 26.7 x 36.3 cm (10 1/2 x 14 5/16 in.)
cma	1924.746	core	bindings_codices	Qur'an Manuscript Folio	Sheet						28.0	17.4			Sheet: 28 x 17.4 cm (11 x 6 7/8 in.)
cma	1939.507.a	core	bindings_codices	Page from a Qur'an, Sura al-Nisa 4, Verses 157–58	Overall						32.0	21.3			Overall: 32 x 21.3 cm (12 5/8 x 8 3/8 in.); Text area: 23 x 16 cm (9 1/16 x 6 5/16 in.)
cma	1939.507.a	core	bindings_codices	Page from a Qur'an, Sura al-Nisa 4, Verses 157–58	Text area						23.0	16.0			Overall: 32 x 21.3 cm (12 5/8 x 8 3/8 in.); Text area: 23 x 16 cm (9 1/16 x 6 5/16 in.)
cma	1933.440.b	core	bindings_codices	Qur'an Manuscript Folio (verso)	Sheet						52.7	55.4			Sheet: 52.7 x 55.4 cm (20 3/4 x 21 13/16 in.); Text area: 46.5 x 44 cm (18 5/16 x 17 5/16 in.)
cma	1933.440.b	core	bindings_codices	Qur'an Manuscript Folio (verso)	Text area						46.5	44.0			Sheet: 52.7 x 55.4 cm (20 3/4 x 21 13/16 in.); Text area: 46.5 x 44 cm (18 5/16 x 17 5/16 in.)
cma	1993.39.1.b	core	bindings_codices	Page from a Qur'an (verso)	Overall						26.7	73.0			Overall: 26.7 x 73 cm (10 1/2 x 28 3/4 in.); Folio: 36.3 cm (14 5/16 in.); Text area: 22.8 x 30 cm (9 x 11 13/16 in.)
cma	1993.39.1.b	core	bindings_codices	Page from a Qur'an (verso)	Folio						36.3				Overall: 26.7 x 73 cm (10 1/2 x 28 3/4 in.); Folio: 36.3 cm (14 5/16 in.); Text area: 22.8 x 30 cm (9 x 11 13/16 in.)
cma	1993.39.1.b	core	bindings_codices	Page from a Qur'an (verso)	Text area						22.8	30.0			Overall: 26.7 x 73 cm (10 1/2 x 28 3/4 in.); Folio: 36.3 cm (14 5/16 in.); Text area: 22.8 x 30 cm (9 x 11 13/16 in.)
cma	1939.507.b	core	bindings_codices	Page from a Qur'an, Sura al-Nisa 4, verses 159–60	Overall						32.0	21.3			Overall: 32 x 21.3 cm (12 5/8 x 8 3/8 in.); Text area: 23 x 16 cm (9 1/16 x 6 5/16 in.)
cma	1939.507.b	core	bindings_codices	Page from a Qur'an, Sura al-Nisa 4, verses 159–60	Text area						23.0	16.0			Overall: 32 x 21.3 cm (12 5/8 x 8 3/8 in.); Text area: 23 x 16 cm (9 1/16 x 6 5/16 in.)
cma	1924.746.1.a	core	bindings_codices	Qur'an Manuscript Folio (Recto); Illuminated Page	Sheet						49.0	36.3			Sheet: 49 x 36.3 cm (19 5/16 x 14 5/16 in.)
cma	1993.39.1.a	core	bindings_codices	Page from a Qur'an (recto)	Overall						26.7	36.3			Overall: 26.7 x 36.3 cm (10 1/2 x 14 5/16 in.); Folio: 36.3 cm (14 5/16 in.); Text area: 22.8 x 30 cm (9 x 11 13/16 in.)
cma	1993.39.1.a	core	bindings_codices	Page from a Qur'an (recto)	Folio						36.3				Overall: 26.7 x 36.3 cm (10 1/2 x 14 5/16 in.); Folio: 36.3 cm (14 5/16 in.); Text area: 22.8 x 30 cm (9 x 11 13/16 in.)
cma	1993.39.1.a	core	bindings_codices	Page from a Qur'an (recto)	Text area						22.8	30.0			Overall: 26.7 x 36.3 cm (10 1/2 x 14 5/16 in.); Folio: 36.3 cm (14 5/16 in.); Text area: 22.8 x 30 cm (9 x 11 13/16 in.)
cma	2013.102.b	core	bindings_codices	Leaf from a Qur'an (verso)	Sheet						45.0	33.0			Sheet: 45 x 33 cm (17 11/16 x 13 in.)
cma	2013.102.a	core	bindings_codices	Leaf from a Qur'an (recto)	Sheet						45.0	33.0			Sheet: 45 x 33 cm (17 11/16 x 13 in.)
cma	2013.102	core	bindings_codices	Leaf from a Qur'an	Sheet						45.0	33.0			Sheet: 45 x 33 cm (17 11/16 x 13 in.)
cma	2005.145.182.a	core	leaves_illumination	The Flagellation (folio 182 recto), from a Mirror of Holines	Sheet						26.2	15.3			Sheet: 26.2 x 15.3 cm (10 5/16 x 6 in.); Image: 22.3 x 13.3 cm (8 3/4 x 5 1/4 in.)
cma	2005.145.182.a	core	leaves_illumination	The Flagellation (folio 182 recto), from a Mirror of Holines	Image						22.3	13.3			Sheet: 26.2 x 15.3 cm (10 5/16 x 6 in.); Image: 22.3 x 13.3 cm (8 3/4 x 5 1/4 in.)
cma	1940.689.c	core	writing_tools	Pen and Ink Box (inkwell)	Overall						3.6	22.3	4.2		Overall: 3.6 x 22.3 x 4.2 cm (1 7/16 x 8 3/4 x 1 5/8 in.)
cma	1942.854.c	core	writing_tools	Pen and Ink Box (inkwell)	Overall						3.9	22.3	2.7		Overall: 3.9 x 22.3 x 2.7 cm (1 9/16 x 8 3/4 x 1 1/16 in.)
cma	1961.172.3	core	writing_tools	Inkwell 	Overall						7.0	24.8	13.4		Overall: 7 x 24.8 x 13.4 cm (2 3/4 x 9 3/4 x 5 1/4 in.)
cma	1961.172.2	core	writing_tools	Inkwell 	Overall						7.0	24.8	13.4		Overall: 7 x 24.8 x 13.4 cm (2 3/4 x 9 3/4 x 5 1/4 in.)
cma	1961.172.2.a	core	writing_tools	Inkwell (bottle)	Overall						7.0	24.8	13.4		Overall: 7 x 24.8 x 13.4 cm (2 3/4 x 9 3/4 x 5 1/4 in.)
cma	1961.172.1	core	writing_tools	Inkwell	Overall						7.0	24.8	13.4		Overall: 7 x 24.8 x 13.4 cm (2 3/4 x 9 3/4 x 5 1/4 in.)
cma	1952.227.12.a	core	bindings_codices	Book of Hours (Use of Rouen): fol. 12r, Calendar Page for De	Codex						19.5	13.1			Codex: 19.5 x 13.1 cm (7 11/16 x 5 3/16 in.)
cma	1961.172.3.a	core	writing_tools	Inkwell (bottle)	Overall						7.0	24.8	13.4		Overall: 7 x 24.8 x 13.4 cm (2 3/4 x 9 3/4 x 5 1/4 in.)
cma	1961.172.2.b	core	writing_tools	Inkwell (top to bottle)	Overall						7.0	24.8	13.4		Overall: 7 x 24.8 x 13.4 cm (2 3/4 x 9 3/4 x 5 1/4 in.)
cma	1961.172.3.b	core	writing_tools	Inkwell (top to bottle)	Overall						7.0	24.8	13.4		Overall: 7 x 24.8 x 13.4 cm (2 3/4 x 9 3/4 x 5 1/4 in.)
cma	1952.227.13.a	core	bindings_codices	Book of Hours (Use of Rouen): fol. 13r, The Four Evangelists	Codex						19.5	13.1			Codex: 19.5 x 13.1 cm (7 11/16 x 5 3/16 in.)
cma	2008.2.230.a	core	book_furniture	Fol. 230r, Psalm 97, historiated initial C, two clerics sing	Overall						35.6	24.2			Overall: 35.6 x 24.2 cm (14 x 9 1/2 in.)
cma	1924.428	core	book_furniture	Fragment from a Lectern Bible: Initial E[t fecit Josias] wit	Sheet						10.5	8.0			Sheet: 10.5 x 8 cm (4 1/8 x 3 1/8 in.)
cma	1968.190	core	leaves_illumination	Miniature from a Latin Bible: Saint Luke	Sheet						17.3	16.1			Sheet: 17.3 x 16.1 cm (6 13/16 x 6 5/16 in.); Framed: 44.5 x 34.3 cm (17 1/2 x 13 1/2 in.); Matted: 40.6 x 30.5 cm (16 x 12 in.)
cma	1968.190	core	leaves_illumination	Miniature from a Latin Bible: Saint Luke	Framed						44.5	34.3			Sheet: 17.3 x 16.1 cm (6 13/16 x 6 5/16 in.); Framed: 44.5 x 34.3 cm (17 1/2 x 13 1/2 in.); Matted: 40.6 x 30.5 cm (16 x 12 in.)
cma	1968.190	core	leaves_illumination	Miniature from a Latin Bible: Saint Luke	Matted						40.6	30.5			Sheet: 17.3 x 16.1 cm (6 13/16 x 6 5/16 in.); Framed: 44.5 x 34.3 cm (17 1/2 x 13 1/2 in.); Matted: 40.6 x 30.5 cm (16 x 12 in.)
cma	1959.271	core	leaves_illumination	Single Leaf from a Bible: Initial E[t factum est] with Jonah	Sheet						26.7	40.3			Sheet: 26.7 x 40.3 cm (10 1/2 x 15 7/8 in.)
cma	1952.565	core	leaves_illumination	Partial Leaf from a Latin Bible: Initial I[n principio] with	Sheet						42.0	15.3			Sheet: 42 x 15.3 cm (16 9/16 x 6 in.)
cma	1952.465.51.b	core	bindings_codices	Gospel Book with Evangelist Portraits: Saint Mark	Codex						23.0	17.0			Codex: 23 x 17 cm (9 1/16 x 6 11/16 in.)
cma	1952.465.144.b	core	bindings_codices	Gospel Book with Evangelist Portraits:  Saint John	Codex						23.0	17.0			Codex: 23 x 17 cm (9 1/16 x 6 11/16 in.)
cma	1952.465.2.b	core	bindings_codices	Gospel Book with Evangelist Portraits: Saint Matthew	Codex						23.7	18.4	5.4		Codex: 23.7 x 18.4 x 5.4 cm (9 5/16 x 7 1/4 x 2 1/8 in.)
cma	1952.465.186.a	core	bindings_codices	Gospel Book with Evangelist Portraits: Decorated Initial	Codex						23.7	18.4	5.4		Codex: 23.7 x 18.4 x 5.4 cm (9 5/16 x 7 1/4 x 2 1/8 in.)
cma	1952.227	core	bindings_codices	Book of Hours (Use of Rouen)	Codex						19.5	13.1			Codex: 19.5 x 13.1 cm (7 11/16 x 5 3/16 in.)
cma	2009.276	core	bindings_codices	Printed Book of Hours (Use of Rome)	Overall						16.7	10.5	3.0		Overall: 16.7 x 10.5 x 3 cm (6 9/16 x 4 1/8 x 1 3/16 in.)
cma	1942.169	core	bindings_codices	Book of Hours (Use of Paris)	Sheet						20.3	14.0			Sheet: 20.3 x 14 cm (8 x 5 1/2 in.)
cma	1951.120	core	bindings_codices	Book of Hours (Use of Paris)	Codex						18.4	13.3			Codex: 18.4 x 13.3 cm (7 1/4 x 5 1/4 in.)
cma	2011.60	core	bindings_codices	Leaf from a Book of Hours: Adoration of the Magi	Leaf						20.2	14.4			Leaf: 20.2 x 14.4 cm (7 15/16 x 5 11/16 in.)
cma	1953.366.1	core	bindings_codices	Leaf from a Book of Hours: The Visitation	Sheet						17.0	12.7			Sheet: 17 x 12.7 cm (6 11/16 x 5 in.)
cma	2005.204	core	bindings_codices	Leaf from a Book of Hours: St. Matthew	Leaf						18.1	13.0			Leaf: 18.1 x 13 cm (7 1/8 x 5 1/8 in.)
cma	1942.1514	core	bindings_codices	Book of Hours (Use of Metz)	Sheet						14.2	9.4			Sheet: 14.2 x 9.4 cm (5 9/16 x 3 11/16 in.)
cma	2009.276.95.b	core	bindings_codices	Printed Book of Hours (Use of Rome): fol. 95v, Text	Overall						16.7	10.5	3.0		Overall: 16.7 x 10.5 x 3 cm (6 9/16 x 4 1/8 x 1 3/16 in.)
cma	2001.79.b	core	bindings_codices	Leaf from a Book of Hours: Text with Illustrated Border (ver	Each leaf						17.9	12.8			Each leaf: 17.9 x 12.8 cm (7 1/16 x 5 1/16 in.)
cma	2009.276.66.b	core	bindings_codices	Printed Book of Hours (Use of Rome): fol. 66v, Text	Overall						16.7	10.5	3.0		Overall: 16.7 x 10.5 x 3 cm (6 9/16 x 4 1/8 x 1 3/16 in.)
cma	2005.208	core	bindings_codices	Leaf from a Book of Hours: The Betrayal of Christ	Leaf						12.4	9.3			Leaf: 12.4 x 9.3 cm (4 7/8 x 3 11/16 in.)
cma	1951.394	core	bindings_codices	Single Leaf from a Book of Hours: Pieta	Sheet						14.0	9.3			Sheet: 14 x 9.3 cm (5 1/2 x 3 11/16 in.)
cma	1953.366	core	bindings_codices	Leaves from a Book of Hours: The Visitation and Christ in Ju	Sheet						17.0	12.7			Sheet: 17 x 12.7 cm (6 11/16 x 5 in.)
cma	1999.127	core	bindings_codices	Leaf from a Book of Hours: Christ Carrying the Cross (Sext, 	Each leaf						17.2	12.1			Each leaf: 17.2 x 12.1 cm (6 3/4 x 4 3/4 in.)
cma	1999.128	core	bindings_codices	Annunciation to the Shepherds: Leaf from a Book of Hours (1 	Each leaf						16.1	12.4			Each leaf: 16.1 x 12.4 cm (6 5/16 x 4 7/8 in.)
cma	2011.63	core	bindings_codices	Leaf from a Book of Hours: St. Barbara (2 of 2 Excised Leave	Leaf						23.7	18.6			Leaf: 23.7 x 18.6 cm (9 5/16 x 7 5/16 in.)
cma	1955.79	light	chandeliers	Pair of Bifolio from a Book of Hours: Adoration of the Magi 	Folio						16.8	12.7			Folio: 16.8 x 12.7 cm (6 5/8 x 5 in.)
cma	1998.124	core	bindings_codices	Book of Hours (Use of Utrecht)	Overall						5.9	11.6			Overall: 5.9 x 11.6 cm (2 5/16 x 4 9/16 in.)
cma	2003.174.2	core	bindings_codices	Leaf from a Book of Hours: Penitential Psalms	Each leaf						11.2	6.4			Each leaf: 11.2 x 6.4 cm (4 7/16 x 2 1/2 in.)
cma	2001.78	core	bindings_codices	Leaf from a Book of Hours:  Presentation in the Temple with 	Each leaf						11.2	9.0			Each leaf: 11.2 x 9 cm (4 7/16 x 3 9/16 in.)
cma	1921.1258	armor	helmets_european	Cavalry Spider Helmet	Overall						30.2	21.3	17.7		Overall: 30.2 x 21.3 x 17.7 cm (11 7/8 x 8 3/8 x 6 15/16 in.)
cma	2013.50	armor	helmets_european	Savoyard Helmet (Todenkopf)	Overall						30.5				Overall: 30.5 cm (12 in.)
cma	1916.1855	armor	helmets_european	Close Helmet in Maximilian Style	Overall						30.5	21.8	32.0		Overall: 30.5 x 21.8 x 32 cm (12 x 8 9/16 x 12 5/8 in.)
cma	1916.1787	armor	helmets_european	Close Helmet (from a funerary achievement?)	Overall						33.0	34.0	21.3		Overall: 33 x 34 x 21.3 cm (13 x 13 3/8 x 8 3/8 in.)
cma	1926.54	armor	helmets_ancient	Corinthian Helmet	Overall						21.5				Overall: 21.5 cm (8 7/16 in.)
cma	2024.63	armor	helmets_ancient	Corinthian Helmet	Overall						23.5	19.5	27.0		Overall: 23.5 x 19.5 x 27 cm (9 1/4 x 7 11/16 x 10 5/8 in.)
cma	2012.38.a	armor	helmets_european	Field Armor in Maximilian Style: Helmet	Overall						170.2				Overall: 170.2 cm (67 in.)
cma	1916.904.2	armor	helmets_european	Helmet	Average						25.4				Average: 25.4 cm (10 in.)
cma	2012.37.a	armor	helmets_european	Cuirassier's Armor: Helmet	Overall						171.4				Overall: 171.4 cm (67 1/2 in.)
cma	2023.106	armor	helmets_ancient	Chalcidian Helmet	height						31.8				height: 31.8 cm (12 1/2 in.)
cma	1919.62	armor	helmets_european	Helmet	Overall						9.6				Overall: 9.6 cm (3 3/4 in.); Diameter: 20.7 cm (8 1/8 in.)
cma	1919.62	armor	helmets_european	Helmet	Diameter						20.7				Overall: 9.6 cm (3 3/4 in.); Diameter: 20.7 cm (8 1/8 in.)
cma	1916.1816.a	armor	helmets_european	Close Helmet	Overall						29.5	28.5	23.0		Overall: 29.5 x 28.5 x 23 cm (11 5/8 x 11 1/4 x 9 1/16 in.)
cma	1916.1808	armor	helmets_european	Morion	Overall						39.0	23.5	33.0		Overall: 39 x 23.5 x 33 cm (15 3/8 x 9 1/4 x 13 in.)
cma	1916.1651	armor	helmets_european	Close Helmet in Maximilian Style	Overall						29.2	34.9	23.5		Overall: 29.2 x 34.9 x 23.5 cm (11 1/2 x 13 3/4 x 9 1/4 in.)
cma	1916.1919	home	kitchen_metal	 Kettle Hat (War Hat)	Overall						30.3	25.9	17.5		Overall: 30.3 x 25.9 x 17.5 cm (11 15/16 x 10 3/16 x 6 7/8 in.)
cma	1916.1920	armor	helmets_european	Gothic Bevor	Overall						27.4	16.3			Overall: 27.4 x 16.3 cm (10 13/16 x 6 7/16 in.)
cma	1916.1531	thief	cups_tankards	Close Helmet, from a Small Garniture, perhaps for Siegmund F	Overall						40.0	35.5	23.0		Overall: 40 x 35.5 x 23 cm (15 3/4 x 14 x 9 1/16 in.)
cma	1916.1642	armor	helmets_european	Burgonet	Overall						25.3	26.0	25.3		Overall: 25.3 x 26 x 25.3 cm (9 15/16 x 10 1/4 x 9 15/16 in.)
cma	1923.1065	armor	helmets_european	Barbute (from the Venetian Garrison at Chalcis)	Overall						29.0	21.0	25.0		Overall: 29 x 21 x 25 cm (11 7/16 x 8 1/4 x 9 13/16 in.); Sleeves: 43.2 cm (17 in.)
cma	1923.1065	armor	helmets_european	Barbute (from the Venetian Garrison at Chalcis)	Sleeves						43.2				Overall: 29 x 21 x 25 cm (11 7/16 x 8 1/4 x 9 13/16 in.); Sleeves: 43.2 cm (17 in.)
cma	2014.393	armor	helmets_european	Visored Sallet	Overall						21.0	25.0	42.0		Overall: 21 x 25 x 42 cm (8 1/4 x 9 13/16 x 16 9/16 in.)
cma	1916.1646	armor	helmets_european	Closed Sallet with Grotesque Face (Schembart visor)	Overall						27.3	25.7	22.2		Overall: 27.3 x 25.7 x 22.2 cm (10 3/4 x 10 1/8 x 8 3/4 in.)
cma	1916.29	armor	body_armor	Gothic Breastplate	Overall						50.5	35.8	15.8		Overall: 50.5 x 35.8 x 15.8 cm (19 7/8 x 14 1/8 x 6 1/4 in.)
cma	1916.1647	armor	body_armor	Breastplate	Overall						31.3	35.0	20.0		Overall: 31.3 x 35 x 20 cm (12 5/16 x 13 3/4 x 7 7/8 in.)
cma	1916.684	armor	body_armor	Gothic Breastplate	Overall						32.4	31.4			Overall: 32.4 x 31.4 cm (12 3/4 x 12 3/8 in.)
cma	1916.1521	armor	body_armor	Breastplate from Hussar's Cuirass	Overall						42.3	35.0			Overall: 42.3 x 35 cm (16 5/8 x 13 3/4 in.)
cma	1916.1654	armor	body_armor	Breastplate with Etched Bands of Trophies and Medallions	Overall						46.0	34.7	15.9		Overall: 46 x 34.7 x 15.9 cm (18 1/8 x 13 11/16 x 6 1/4 in.)
cma	1916.1091.a	armor	body_armor	Breastplate	Overall						39.4	35.8	17.5		Overall: 39.4 x 35.8 x 17.5 cm (15 1/2 x 14 1/8 x 6 7/8 in.)
cma	1916.1816.e	armor	body_armor	Breastplate	Overall						46.0	36.0	15.3		Overall: 46 x 36 x 15.3 cm (18 1/8 x 14 3/16 x 6 in.)
cma	1916.1640.a	armor	body_armor	Breastplate in the Maximilian Style	Overall						48.3	40.3	16.0		Overall: 48.3 x 40.3 x 16 cm (19 x 15 7/8 x 6 5/16 in.)
cma	1919.63	armor	body_armor	Gothic Breastplate and Taces	Overall						41.0	31.7	14.0		Overall: 41 x 31.7 x 14 cm (16 1/8 x 12 1/2 x 5 1/2 in.)
cma	1916.1653	armor	helmets_european	Burgonet	Overall						31.5	35.4	21.3		Overall: 31.5 x 35.4 x 21.3 cm (12 3/8 x 13 15/16 x 8 3/8 in.)
cma	1916.1946.n	armor	body_armor	Breastplate	Overall						34.5	20.0	31.2		Overall: 34.5 x 20 x 31.2 cm (13 9/16 x 7 7/8 x 12 5/16 in.)
cma	1916.1082	armor	limbs_hands	Black and White Elbow Gauntlet for the Right Hand	Overall						43.2	12.7			Overall: 43.2 x 12.7 cm (17 x 5 in.)
cma	1916.2081	armor	limbs_hands	Gothic Mitten Gauntlet for the Right Hand	Overall						32.0	9.5			Overall: 32 x 9.5 cm (12 5/8 x 3 3/4 in.)
cma	1916.1645	armor	limbs_hands	Gothic Mitten Gauntlet	Overall						30.2	10.8			Overall: 30.2 x 10.8 cm (11 7/8 x 4 1/4 in.)
cma	1916.1901.b	armor	limbs_hands	Gauntlet	Overall						20.0				Overall: 20 cm (7 7/8 in.)
cma	1916.1946.g	armor	limbs_hands	Right Gauntlet	Overall						34.5	20.0	31.2		Overall: 34.5 x 20 x 31.2 cm (13 9/16 x 7 7/8 x 12 5/16 in.)
cma	1916.1901.a	armor	limbs_hands	Gauntlet	Overall						21.3				Overall: 21.3 cm (8 3/8 in.)
cma	1923.1067.j	armor	limbs_hands	Right Gauntlet	Overall						27.3	33.0			Overall: 27.3 x 33 cm (10 3/4 x 13 in.)
cma	1923.1067.k	armor	limbs_hands	Left Gauntlet	Overall						27.3	33.0			Overall: 27.3 x 33 cm (10 3/4 x 13 in.)
cma	1921.1255	armor	mail	Gauntlet of Mail	Overall						26.1				Overall: 26.1 cm (10 1/4 in.)
cma	1916.1946.f	armor	limbs_hands	Left Gauntlet	Overall						34.5	20.0	31.2		Overall: 34.5 x 20 x 31.2 cm (13 9/16 x 7 7/8 x 12 5/16 in.)
cma	2012.37	armor	body_armor	Cuirassier's Armor	Overall						171.4				Overall: 171.4 cm (67 1/2 in.)
cma	2012.38	armor	body_armor	Field Armor in Maximilian Style	Overall						170.2				Overall: 170.2 cm (67 in.)
cma	1916.1714	armor	body_armor	Partial Suit of Armor in Maximilian Style	Overall						28.7	30.4	21.7		Overall: 28.7 x 30.4 x 21.7 cm (11 5/16 x 11 15/16 x 8 9/16 in.)
cma	1996.299	armor	body_armor	Half Armor for the Foot Tournament	Overall						31.7	27.7	21.6		Overall: 31.7 x 27.7 x 21.6 cm (12 1/2 x 10 7/8 x 8 1/2 in.)
cma	1916.708	armor	body_armor	Left Arm Elements from a Boy's Armor (Lower Cannon, Couter, 	Overall						17.0				Overall: 17 cm (6 11/16 in.)
cma	1916.1721	armor	body_armor	"""Waistcoat"" Cuirass (Combined Breast and Backplates)"	Overall						47.6	29.6	25.7		Overall: 47.6 x 29.6 x 25.7 cm (18 3/4 x 11 5/8 x 10 1/8 in.)
cma	1916.1845	armor	horse_armor	Chanfron in Maximilian Style	Overall						59.2	33.2	10.1		Overall: 59.2 x 33.2 x 10.1 cm (23 5/16 x 13 1/16 x 4 in.)
cma	1916.1528	armor	limbs_hands	Pauldron for Right shoulder	Overall						26.4	28.0			Overall: 26.4 x 28 cm (10 3/8 x 11 in.)
cma	1923.1120	armor	mail	Hauberk	Overall						76.2				Overall: 76.2 cm (30 in.); Sleeves: 43.2 cm (17 in.)
cma	1923.1120	armor	mail	Hauberk	Sleeves						43.2				Overall: 76.2 cm (30 in.); Sleeves: 43.2 cm (17 in.)
cma	1916.1543	armor	mail	Hauberk	Overall						121.3	85.7			Overall: 121.3 x 85.7 cm (47 3/4 x 33 3/4 in.)
cma	1916.1565	home	kitchen_metal	War Hat (or Kettle Hat)	Overall						36.0	22.0	26.6		Overall: 36 x 22 x 26.6 cm (14 3/16 x 8 11/16 x 10 1/2 in.)
cma	1916.1817	armor	mail	Hauberk	Diameter						1.1				Diameter: 1.1 cm (7/16 in.); Overall: 128.3 x 91.4 cm (50 1/2 x 36 in.)
cma	1916.1817	armor	mail	Hauberk	Overall						128.3	91.4			Diameter: 1.1 cm (7/16 in.); Overall: 128.3 x 91.4 cm (50 1/2 x 36 in.)
cma	1916.1638.b	armor	mail	Sleeve of Chain Mail	Overall						93.3				Overall: 93.3 cm (36 3/4 in.); Across top: 51.5 cm (20 1/4 in.)
cma	1916.1638.b	armor	mail	Sleeve of Chain Mail	Across top						51.5				Overall: 93.3 cm (36 3/4 in.); Across top: 51.5 cm (20 1/4 in.)
cma	1916.1972	armor	mail	Cape of Mail	Overall						94.0	35.6			Overall: 94 x 35.6 cm (37 x 14 in.)
cma	1916.1092	armor	mail	Hauberk of Chain Mail	Overall						104.8				Overall: 104.8 cm (41 1/4 in.)
cma	1916.1971	armor	mail	Chain Mail	Average						50.8				Average: 50.8 cm (20 in.); Across top: 35.6 cm (14 in.)
cma	1916.1971	armor	mail	Chain Mail	Across top						35.6				Average: 50.8 cm (20 in.); Across top: 35.6 cm (14 in.)
cma	1916.1638	armor	mail	Sleeves of Chain Mail	Overall						86.4	28.0			Overall: 86.4 x 28 cm (34 x 11 in.)
cma	1916.1638.a	armor	mail	Sleeve of Chain Mail	Overall						86.4	28.0			Overall: 86.4 x 28 cm (34 x 11 in.)
cma	1916.904	armor	helmets_european	Corselet and Helmet	Average						80.6				Average: 80.6 cm (31 3/4 in.)
cma	1916.1519	armor	limbs_hands	Leg Guard (Greave) 	Overall						43.2	12.4			Overall: 43.2 x 12.4 cm (17 x 4 7/8 in.)
cma	1916.1511.m	armor	limbs_hands	Proper Left Greave	Overall						33.5				Overall: 33.5 cm (13 3/16 in.)
cma	1923.1067.s	armor	limbs_hands	Left Greave	Overall						27.3	33.0			Overall: 27.3 x 33 cm (10 3/4 x 13 in.)
cma	1923.1067.r	armor	limbs_hands	Right Greave	Overall						27.3	33.0			Overall: 27.3 x 33 cm (10 3/4 x 13 in.)
cma	1916.1085	armor	helmets_european	Peaked Morion	Overall						35.4	23.7	26.7		Overall: 35.4 x 23.7 x 26.7 cm (13 15/16 x 9 5/16 x 10 1/2 in.)
cma	1916.1516	armor	helmets_european	Morion of the State Guard of Elector Christian I of Saxony	Overall						33.3	27.0	23.5		Overall: 33.3 x 27 x 23.5 cm (13 1/8 x 10 5/8 x 9 1/4 in.)
cma	1919.57	armor	helmets_european	Black and White Morion (of Munich Town Guard)	Overall						25.4	36.2	23.2		Overall: 25.4 x 36.2 x 23.2 cm (10 x 14 1/4 x 9 1/8 in.)
cma	1916.1080	armor	helmets_european	Black and White Morion	Overall						36.3	28.6	24.4		Overall: 36.3 x 28.6 x 24.4 cm (14 5/16 x 11 1/4 x 9 5/8 in.)
cma	1921.1250	armor	body_armor	Body Guard (Brigandine)	Overall						56.5	47.6			Overall: 56.5 x 47.6 cm (22 1/4 x 18 3/4 in.)
cma	1916.1804.a	armor	helmets_european	Triple-Crested Burgonet	Overall						28.0	30.2	21.3		Overall: 28 x 30.2 x 21.3 cm (11 x 11 7/8 x 8 3/8 in.)
cma	1916.1086	armor	helmets_european	Burgonet with Hinged Cheek Pieces	Overall						37.0	31.2	19.2		Overall: 37 x 31.2 x 19.2 cm (14 9/16 x 12 5/16 x 7 9/16 in.)
cma	1916.1650	armor	helmets_european	Burgonet	Overall						23.8	29.2	24.2		Overall: 23.8 x 29.2 x 24.2 cm (9 3/8 x 11 1/2 x 9 1/2 in.)
cma	1916.1088	armor	helmets_european	Burgonet with Hinged Cheek Pieces	Overall						33.0	28.5	26.2		Overall: 33 x 28.5 x 26.2 cm (13 x 11 1/4 x 10 5/16 in.)
cma	1916.1649	armor	helmets_european	Close Helmet (Burgonet)	Overall						34.3	25.7	22.2		Overall: 34.3 x 25.7 x 22.2 cm (13 1/2 x 10 1/8 x 8 3/4 in.)
cma	1916.891	armor	helmets_european	Black and White Burgonet (of the Civic Guard of Bologna)	Overall						31.8	35.6	19.0		Overall: 31.8 x 35.6 x 19 cm (12 1/2 x 14 x 7 1/2 in.)
cma	1923.1067.a	armor	helmets_european	Close Helmet	Overall						27.3	33.0			Overall: 27.3 x 33 cm (10 3/4 x 13 in.)
cma	1916.1946.a	armor	helmets_european	Close Helmet for the Field	Overall						34.5	20.0	31.2		Overall: 34.5 x 20 x 31.2 cm (13 9/16 x 7 7/8 x 12 5/16 in.)
cma	1916.1526	armor	horse_armor	Demi-Chanfron	Overall						6.8	24.5			Overall: 6.8 x 24.5 cm (2 11/16 x 9 5/8 in.)
cma	1916.1888.2	armor	body_armor	Pommel Plate of a Saddle, from the Garniture of Rudolf II	Overall						31.3	17.0			Overall: 31.3 x 17 cm (12 5/16 x 6 11/16 in.)
cma	1916.1888.1	arch	arches_keystones	"Pommel Plate of a Saddle, from the ""Flechtband"" Garniture of"	Overall						33.0	17.8			Overall: 33 x 17.8 cm (13 x 7 in.)
cma	1919.49	armor	horse_armor	Pair of Stirrups	Overall						17.2	12.1			Overall: 17.2 x 12.1 cm (6 3/4 x 4 3/4 in.)
cma	1923.1067.v	armor	body_armor	Armored Horse's Rein	Overall						27.3	33.0			Overall: 27.3 x 33 cm (10 3/4 x 13 in.)
cma	1923.1067.w	armor	body_armor	Armored Horse's Rein	Overall						27.3	33.0			Overall: 27.3 x 33 cm (10 3/4 x 13 in.)
cma	1923.1067.y	armor	horse_armor	Horse's Crinet	Overall						27.3	33.0			Overall: 27.3 x 33 cm (10 3/4 x 13 in.)
cma	1952.586	thief	keys	Key	Overall						15.6				Overall: 15.6 cm (6 1/8 in.)
cma	2021.157.b	thief	cups_tankards	Tea Cup	Handle						7.6				Handle: 7.6 cm (3 in.)
cma	2021.157	thief	cups_tankards	Tea Cup and Holder	Handle						7.6				Handle: 7.6 cm (3 in.)
cma	2021.157.a	thief	cups_tankards	Tea Cup Holder	Handle						7.6				Handle: 7.6 cm (3 in.)
cma	1949.16	thief	chests_caskets	Casket	Overall						9.3	23.4	13.5		Overall: 9.3 x 23.4 x 13.5 cm (3 11/16 x 9 3/16 x 5 5/16 in.)
cma	1974.86	thief	chests_caskets	Boncompagni-Ludovisi-Ottoboni Marriage Casket	Overall						19.1	40.7	22.9		Overall: 19.1 x 40.7 x 22.9 cm (7 1/2 x 16 x 9 in.)
cma	1978.39	thief	chests_caskets	Set of Three Panels from a Casket with Scenes from Courtly R	Overall						13.0	26.2	1.0		Overall: 13 x 26.2 x 1 cm (5 1/8 x 10 5/16 x 3/8 in.)
cma	1978.39.b	thief	chests_caskets	Panel from a Casket with Scenes from Courtly Romances	Overall						9.8	25.9	1.0		Overall: 9.8 x 25.9 x 1 cm (3 7/8 x 10 3/16 x 3/8 in.)
cma	1978.39.c	thief	chests_caskets	Panel from a Casket with Scenes from Courtly Romances	Overall						9.7	25.9	0.8		Overall: 9.7 x 25.9 x 0.8 cm (3 13/16 x 10 3/16 x 5/16 in.)
cma	1976.71	thief	reliquaries_altar	Reliquary Box	Diameter						8.6				Diameter: 8.6 cm (3 3/8 in.); Overall: 7 cm (2 3/4 in.)
cma	1976.71	thief	reliquaries_altar	Reliquary Box	Overall						7.0				Diameter: 8.6 cm (3 3/8 in.); Overall: 7 cm (2 3/4 in.)
cma	1924.747	thief	chests_caskets	Ivory Box with Scenes of Adam and Eve	Overall						14.3	46.7	20.3		Overall: 14.3 x 46.7 x 20.3 cm (5 5/8 x 18 3/8 x 8 in.)
cma	1976.17	thief	chests_caskets	Box	Overall						12.4	18.0	14.4		Overall: 12.4 x 18 x 14.4 cm (4 7/8 x 7 1/16 x 5 11/16 in.)
cma	1976.71.b	thief	reliquaries_altar	Reliquary Box (lid)	Diameter						8.6				Diameter: 8.6 cm (3 3/8 in.); Overall: 7 cm (2 3/4 in.)
cma	1976.71.b	thief	reliquaries_altar	Reliquary Box (lid)	Overall						7.0				Diameter: 8.6 cm (3 3/8 in.); Overall: 7 cm (2 3/4 in.)
cma	1976.71.a	thief	reliquaries_altar	Reliquary Box	Diameter						8.6				Diameter: 8.6 cm (3 3/8 in.); Overall: 7 cm (2 3/4 in.)
cma	1976.71.a	thief	reliquaries_altar	Reliquary Box	Overall						7.0				Diameter: 8.6 cm (3 3/8 in.); Overall: 7 cm (2 3/4 in.)
cma	1952.459	thief	chests_caskets	Pectoral (Chest Plaque)	Overall						25.1	26.7			Overall: 25.1 x 26.7 cm (9 7/8 x 10 1/2 in.)
cma	2015.2	thief	chests_caskets	Pectoral (Chest Ornament)	Overall						22.7	28.5	2.9		Overall: 22.7 x 28.5 x 2.9 cm (8 15/16 x 11 1/4 x 1 1/8 in.)
cma	1950.386	thief	chests_caskets	Disk-Shaped Chest Plaque	Overall						19.8	19.6	2.5		Overall: 19.8 x 19.6 x 2.5 cm (7 13/16 x 7 11/16 x 1 in.)
cma	1991.16	thief	cups_tankards	Goblet (Berkemeyer)	Overall						12.6				Overall: 12.6 cm (4 15/16 in.)
cma	1966.371	thief	cups_tankards	The Vicarello Goblet	Overall						12.2	7.8			Overall: 12.2 x 7.8 cm (4 13/16 x 3 1/16 in.)
cma	1953.364	thief	cups_tankards	The Peddler Goblet	Diameter of mouth						21.5	11.4			Diameter of mouth: 21.5 x 11.4 cm (8 7/16 x 4 1/2 in.); Diameter of base: 12 cm (4 3/4 in.)
cma	1953.364	thief	cups_tankards	The Peddler Goblet	Diameter of base						12.0				Diameter of mouth: 21.5 x 11.4 cm (8 7/16 x 4 1/2 in.); Diameter of base: 12 cm (4 3/4 in.)
cma	1950.389	thief	cups_tankards	Goblet	Diameter						13.5				Diameter: 13.5 cm (5 5/16 in.); Overall: 31.1 x 11.6 cm (12 1/4 x 4 9/16 in.)
cma	1950.389	thief	cups_tankards	Goblet	Overall						31.1	11.6			Diameter: 13.5 cm (5 5/16 in.); Overall: 31.1 x 11.6 cm (12 1/4 x 4 9/16 in.)
cma	1976.108	thief	cups_tankards	Double Goblet (Pokal)	Overall						58.2				Overall: 58.2 cm (22 15/16 in.)
cma	1991.17	thief	cups_tankards	Goblet (Berkemeyer)	Overall						7.0				Overall: 7 cm (2 3/4 in.)
cma	1923.953	thief	cups_tankards	Goblet	Overall						9.0	8.4			Overall: 9 x 8.4 cm (3 9/16 x 3 5/16 in.)
cma	2012.127	thief	cups_tankards	Goblet	Diameter						7.3				Diameter: 7.3 cm (2 7/8 in.); Overall: 14 cm (5 1/2 in.)
cma	2012.127	thief	cups_tankards	Goblet	Overall						14.0				Diameter: 7.3 cm (2 7/8 in.); Overall: 14 cm (5 1/2 in.)
cma	1997.269	thief	cups_tankards	Goblet	Diameter						9.1				Diameter: 9.1 cm (3 9/16 in.); Overall: 20.6 cm (8 1/8 in.)
cma	1997.269	thief	cups_tankards	Goblet	Overall						20.6				Diameter: 9.1 cm (3 9/16 in.); Overall: 20.6 cm (8 1/8 in.)
cma	2012.128	thief	cups_tankards	Goblet	Diameter						8.0				Diameter: 8 cm (3 1/8 in.); Overall: 18.5 cm (7 5/16 in.)
cma	2012.128	thief	cups_tankards	Goblet	Overall						18.5				Diameter: 8 cm (3 1/8 in.); Overall: 18.5 cm (7 5/16 in.)
cma	2012.129	thief	cups_tankards	Goblet	Diameter						7.0				Diameter: 7 cm (2 3/4 in.); Overall: 15.3 cm (6 in.)
cma	2012.129	thief	cups_tankards	Goblet	Overall						15.3				Diameter: 7 cm (2 3/4 in.); Overall: 15.3 cm (6 in.)
cma	2016.44	thief	cups_tankards	Raptor Goblet (Verre rapace)	Overall						13.5				Overall: 13.5 cm (5 5/16 in.)
cma	1951.544	thief	cups_tankards	Goblet: Portrait of William V, Prince of Orange and his wife	Diameter						8.3				Diameter: 8.3 cm (3 1/4 in.); Overall: 15.3 x 7.2 cm (6 x 2 13/16 in.)
cma	1951.544	thief	cups_tankards	Goblet: Portrait of William V, Prince of Orange and his wife	Overall						15.3	7.2			Diameter: 8.3 cm (3 1/4 in.); Overall: 15.3 x 7.2 cm (6 x 2 13/16 in.)
cma	1956.32	thief	ewers_plate	Spouted Pitcher	Diameter						5.8				Diameter: 5.8 cm (2 5/16 in.); Overall: 10.8 x 18.8 cm (4 1/4 x 7 3/8 in.)
cma	1956.32	thief	ewers_plate	Spouted Pitcher	Overall						10.8	18.8			Diameter: 5.8 cm (2 5/16 in.); Overall: 10.8 x 18.8 cm (4 1/4 x 7 3/8 in.)
cma	1936.352	thief	cups_tankards	Tankard	Diameter						20.7	14.3			Diameter: 20.7 x 14.3 cm (8 1/8 x 5 5/8 in.)
cma	1971.266	thief	cups_tankards	Tankard	Diameter						17.5				Diameter: 17.5 cm (6 7/8 in.); Overall: 26.5 x 26.4 cm (10 7/16 x 10 3/8 in.)
cma	1971.266	thief	cups_tankards	Tankard	Overall						26.5	26.4			Diameter: 17.5 cm (6 7/8 in.); Overall: 26.5 x 26.4 cm (10 7/16 x 10 3/8 in.)
cma	1940.173	thief	cups_tankards	Tankard	Overall						18.8				Overall: 18.8 cm (7 3/8 in.); with handle: 17.7 cm (6 15/16 in.); without handle: 12.3 cm (4 13/16 in.)
cma	1940.173	thief	cups_tankards	Tankard	with handle						17.7				Overall: 18.8 cm (7 3/8 in.); with handle: 17.7 cm (6 15/16 in.); without handle: 12.3 cm (4 13/16 in.)
cma	1940.173	thief	cups_tankards	Tankard	without handle						12.3				Overall: 18.8 cm (7 3/8 in.); with handle: 17.7 cm (6 15/16 in.); without handle: 12.3 cm (4 13/16 in.)
cma	1943.187	thief	cups_tankards	Tankard	Overall						19.3				Overall: 19.3 cm (7 5/8 in.); with handle: 17.5 cm (6 7/8 in.); without handle: 12.5 cm (4 15/16 in.)
cma	1943.187	thief	cups_tankards	Tankard	with handle						17.5				Overall: 19.3 cm (7 5/8 in.); with handle: 17.5 cm (6 7/8 in.); without handle: 12.5 cm (4 15/16 in.)
cma	1943.187	thief	cups_tankards	Tankard	without handle						12.5				Overall: 19.3 cm (7 5/8 in.); with handle: 17.5 cm (6 7/8 in.); without handle: 12.5 cm (4 15/16 in.)
cma	1940.188	thief	cups_tankards	Tankard	with handle						17.3	16.1			with handle: 17.3 x 16.1 cm (6 13/16 x 6 5/16 in.)
cma	1940.172	thief	cups_tankards	Tankard	with handle						20.6	19.0			with handle: 20.6 x 19 cm (8 1/8 x 7 1/2 in.)
cma	1967.158	thief	cups_tankards	Tankard	Overall						21.9				Overall: 21.9 cm (8 5/8 in.); with handle: 19.4 cm (7 5/8 in.); without handle: 13.7 cm (5 3/8 in.)
cma	1967.158	thief	cups_tankards	Tankard	with handle						19.4				Overall: 21.9 cm (8 5/8 in.); with handle: 19.4 cm (7 5/8 in.); without handle: 13.7 cm (5 3/8 in.)
cma	1967.158	thief	cups_tankards	Tankard	without handle						13.7				Overall: 21.9 cm (8 5/8 in.); with handle: 19.4 cm (7 5/8 in.); without handle: 13.7 cm (5 3/8 in.)
cma	1982.111	thief	cups_tankards	Tankard	Overall						13.5	15.3	9.9		Overall: 13.5 x 15.3 x 9.9 cm (5 5/16 x 6 x 3 7/8 in.)
cma	1982.248	thief	cups_tankards	Tankard	Overall						19.1	21.8	14.3		Overall: 19.1 x 21.8 x 14.3 cm (7 1/2 x 8 9/16 x 5 5/8 in.)
cma	1940.144	thief	cups_tankards	Tankard	Overall						25.3	20.0			Overall: 25.3 x 20 cm (9 15/16 x 7 7/8 in.); without handle: 13.9 cm (5 1/2 in.)
cma	1940.144	thief	cups_tankards	Tankard	without handle						13.9				Overall: 25.3 x 20 cm (9 15/16 x 7 7/8 in.); without handle: 13.9 cm (5 1/2 in.)
cma	1952.264	thief	cups_tankards	Tankard	with handle						18.6	19.0			with handle: 18.6 x 19 cm (7 5/16 x 7 1/2 in.)
cma	1934.378	thief	cups_tankards	Tankard	with handle						20.7	21.8			with handle: 20.7 x 21.8 cm (8 1/8 x 8 9/16 in.)
cma	1919.578	thief	cups_tankards	Tankard	Overall						18.2				Overall: 18.2 cm (7 3/16 in.)
cma	1955.353	thief	cups_tankards	Tankard	Diameter of mouth						11.5				Diameter of mouth: 11.5 cm (4 1/2 in.); Overall: 16.6 cm (6 9/16 in.)
cma	1955.353	thief	cups_tankards	Tankard	Overall						16.6				Diameter of mouth: 11.5 cm (4 1/2 in.); Overall: 16.6 cm (6 9/16 in.)
cma	2015.9	thief	cups_tankards	Beaker with Frogs	Overall						13.7	12.1			Overall: 13.7 x 12.1 cm (5 3/8 x 4 3/4 in.)
cma	2015.6	thief	cups_tankards	Head Beaker	Overall						23.5	19.8			Overall: 23.5 x 19.8 cm (9 1/4 x 7 13/16 in.)
cma	1963.95	thief	cups_tankards	Hero and Animal Combat Beaker	Diameter						7.7				Diameter: 7.7 cm (3 1/16 in.); Overall: 10.1 cm (4 in.)
cma	1963.95	thief	cups_tankards	Hero and Animal Combat Beaker	Overall						10.1				Diameter: 7.7 cm (3 1/16 in.); Overall: 10.1 cm (4 in.)
cma	2015.7	thief	cups_tankards	Beaker with Frontal Figures	Overall						12.5	9.1			Overall: 12.5 x 9.1 cm (4 15/16 x 3 9/16 in.)
cma	2015.8	thief	cups_tankards	Beaker with Shells	Overall						14.6	10.2			Overall: 14.6 x 10.2 cm (5 3/4 x 4 in.)
cma	1988.67.2	thief	cups_tankards	Beaker	Diameter						10.2				Diameter: 10.2 cm (4 in.); Overall: 10.2 cm (4 in.);
cma	1988.67.2	thief	cups_tankards	Beaker	Overall						10.2				Diameter: 10.2 cm (4 in.); Overall: 10.2 cm (4 in.);
cma	1983.189	thief	cups_tankards	Beaker	Overall						15.2	12.0			Overall: 15.2 x 12 cm (6 x 4 3/4 in.)
cma	1955.70	thief	cups_tankards	Marriage Beaker	Overall						10.2	7.4			Overall: 10.2 x 7.4 cm (4 x 2 15/16 in.)
cma	1965.26	thief	cups_tankards	Beaker 	Overall						14.0	9.3			Overall: 14 x 9.3 cm (5 1/2 x 3 11/16 in.)
cma	1991.15	thief	cups_tankards	Tall Beaker with Prunts (Stangenglas)	Overall						25.9				Overall: 25.9 cm (10 3/16 in.)
cma	1960.43	thief	cups_tankards	Wine Beaker (Gu)	Diameter						14.5				Diameter: 14.5 cm (5 11/16 in.); Overall: 26.9 cm (10 9/16 in.)
cma	1960.43	thief	cups_tankards	Wine Beaker (Gu)	Overall						26.9				Diameter: 14.5 cm (5 11/16 in.); Overall: 26.9 cm (10 9/16 in.)
cma	1948.233	thief	cups_tankards	"Beaker (""Welcome Glass"") with Arms and Inscriptions"	Overall						30.7	13.1			Overall: 30.7 x 13.1 cm (12 1/16 x 5 3/16 in.)
cma	1950.573	thief	cups_tankards	Covered Beaker	Diameter						23.5	10.2			Diameter: 23.5 x 10.2 cm (9 1/4 x 4 in.)
cma	1991.19	thief	cups_tankards	Beaker	Overall						12.6				Overall: 12.6 cm (4 15/16 in.)
cma	1948.232	thief	cups_tankards	Beaker (Humpen)	Overall						26.1	11.8			Overall: 26.1 x 11.8 cm (10 1/4 x 4 5/8 in.)
cma	1950.573.a	thief	cups_tankards	Beaker	Diameter						23.5	10.2			Diameter: 23.5 x 10.2 cm (9 1/4 x 4 in.)
cma	1948.234.a	thief	cups_tankards	Beaker	Overall						36.9	10.4			Overall: 36.9 x 10.4 cm (14 1/2 x 4 1/8 in.)
cma	1950.573.b	thief	cups_tankards	Cover for a Beaker	Diameter						23.5	10.2			Diameter: 23.5 x 10.2 cm (9 1/4 x 4 in.)
cma	1915.541	thief	cups_tankards	Bell Beaker	Overall						9.3				Overall: 9.3 cm (3 11/16 in.)
cma	1948.234	thief	cups_tankards	Covered Beaker (Humpen)	Overall						36.9	10.4			Overall: 36.9 x 10.4 cm (14 1/2 x 4 1/8 in.)
cma	1919.868	thief	cups_tankards	Beaker	Overall						9.0	7.7			Overall: 9 x 7.7 cm (3 9/16 x 3 1/16 in.)
cma	1956.11	thief	ewers_plate	Luxury Ewer Extending Good Fortune to the Owner	Diameter						26.6				Diameter: 26.6 cm (10 1/2 in.); Overall: 37.9 cm (14 15/16 in.); Diameter of base: 14.5 cm (5 11/16 in.)
cma	1956.11	thief	ewers_plate	Luxury Ewer Extending Good Fortune to the Owner	Overall						37.9				Diameter: 26.6 cm (10 1/2 in.); Overall: 37.9 cm (14 15/16 in.); Diameter of base: 14.5 cm (5 11/16 in.)
cma	1956.11	thief	ewers_plate	Luxury Ewer Extending Good Fortune to the Owner	Diameter of base						14.5				Diameter: 26.6 cm (10 1/2 in.); Overall: 37.9 cm (14 15/16 in.); Diameter of base: 14.5 cm (5 11/16 in.)
cma	1980.183	thief	ewers_plate	Ewer (aiguière)	Overall						24.6	11.6	9.9		Overall: 24.6 x 11.6 x 9.9 cm (9 11/16 x 4 9/16 x 3 7/8 in.)
cma	1943.181	thief	ewers_plate	Wine Ewer	Overall						30.5	15.6			Overall: 30.5 x 15.6 cm (12 x 6 1/8 in.)
cma	1945.27	thief	ewers_plate	Twelve-sided Ewer with Sphinxes and Human-Headed Inscription	Overall						44.8				Overall: 44.8 cm (17 5/8 in.)
cma	1957.497	thief	ewers_plate	Ewer (Pitcher) with Game, Seafood, and Wine Scenes	Overall						40.0	14.3			Overall: 40 x 14.3 cm (15 3/4 x 5 5/8 in.)
cma	1990.17	thief	ewers_plate	Ewer (Shigigata Suibyō)	Overall						27.0	22.0			Overall: 27 x 22 cm (10 5/8 x 8 11/16 in.)
cma	1991.58	thief	ewers_plate	Water Ewer for Rituals (Kundika)	Overall						39.5				Overall: 39.5 cm (15 9/16 in.)
cma	1944.235	thief	ewers_plate	Ceremonial Spittoon or Basin	Diameter						31.8				Diameter: 31.8 cm (12 1/2 in.)
cma	1985.112	home	cradles_beds	Basin with Inscribed Figures and Calligraphy	Overall						17.0				Overall: 17 cm (6 11/16 in.); Diameter of mouth with rim: 21.7 cm (8 9/16 in.)
cma	1985.112	home	cradles_beds	Basin with Inscribed Figures and Calligraphy	Diameter of mouth with rim						21.7				Overall: 17 cm (6 11/16 in.); Diameter of mouth with rim: 21.7 cm (8 9/16 in.)
cma	2020.205	thief	ewers_plate	Bidri Basin	Diameter						34.5				Diameter: 34.5 cm (13 9/16 in.); height: 17 cm (6 11/16 in.)
cma	2020.205	thief	ewers_plate	Bidri Basin	height						17.0				Diameter: 34.5 cm (13 9/16 in.); height: 17 cm (6 11/16 in.)
cma	1991.8	thief	ewers_plate	Shallow Basin Supported by a Bird (Bian)	Overall						23.3				Overall: 23.3 cm (9 3/16 in.); Diameter of base: 18.3 cm (7 3/16 in.)
cma	1991.8	thief	ewers_plate	Shallow Basin Supported by a Bird (Bian)	Diameter of base						18.3				Overall: 23.3 cm (9 3/16 in.); Diameter of base: 18.3 cm (7 3/16 in.)
cma	1955.69	thief	ewers_plate	Basin	Overall						31.9	38.5			Overall: 31.9 x 38.5 cm (12 9/16 x 15 3/16 in.)
cma	1983.118	thief	ewers_plate	Basin	Diameter						7.4	37.8			Diameter: 7.4 x 37.8 cm (2 15/16 x 14 7/8 in.)
cma	1930.739	thief	reliquaries_altar	Arm Reliquary of the Apostles	Overall						51.0	14.0	9.2		Overall: 51 x 14 x 9.2 cm (20 1/16 x 5 1/2 x 3 5/8 in.)
cma	1930.505	thief	reliquaries_altar	"Monstrance with the ""Paten of Saint Bernward"""	Overall						34.5	15.9	14.0		Overall: 34.5 x 15.9 x 14 cm (13 9/16 x 6 1/4 x 5 1/2 in.); Part 1: 13.5 cm (5 5/16 in.); Part 2: 34.3 cm (13 1/2 in.)
cma	1930.505	thief	reliquaries_altar	"Monstrance with the ""Paten of Saint Bernward"""	Part 1						13.5				Overall: 34.5 x 15.9 x 14 cm (13 9/16 x 6 1/4 x 5 1/2 in.); Part 1: 13.5 cm (5 5/16 in.); Part 2: 34.3 cm (13 1/2 in.)
cma	1930.505	thief	reliquaries_altar	"Monstrance with the ""Paten of Saint Bernward"""	Part 2						34.3				Overall: 34.5 x 15.9 x 14 cm (13 9/16 x 6 1/4 x 5 1/2 in.); Part 1: 13.5 cm (5 5/16 in.); Part 2: 34.3 cm (13 1/2 in.)
cma	1999.237	thief	reliquaries_altar	Phylactery (Reliquary Penant)	Diameter						3.2				Diameter: 3.2 cm (1 1/4 in.); Overall: 7.8 cm (3 1/16 in.)
cma	1999.237	thief	reliquaries_altar	Phylactery (Reliquary Penant)	Overall						7.8				Diameter: 3.2 cm (1 1/4 in.); Overall: 7.8 cm (3 1/16 in.)
cma	1932.422	thief	reliquaries_altar	Reliquary in Purse Form	Overall						17.2	13.4	7.7		Overall: 17.2 x 13.4 x 7.7 cm (6 3/4 x 5 1/4 x 3 1/16 in.)
cma	1983.208	thief	reliquaries_altar	Double-Arm Reliquary Cross	Overall						10.5	5.3	1.5		Overall: 10.5 x 5.3 x 1.5 cm (4 1/8 x 2 1/16 x 9/16 in.); Former: 11.5 cm (4 1/2 in.)
cma	1983.208	thief	reliquaries_altar	Double-Arm Reliquary Cross	Former						11.5				Overall: 10.5 x 5.3 x 1.5 cm (4 1/8 x 2 1/16 x 9/16 in.); Former: 11.5 cm (4 1/2 in.)
cma	1950.574	thief	reliquaries_altar	Plaque: Seated Prophet from a Reliquary Shrine	Average						9.0	5.7	0.3		Average: 9 x 5.7 x 0.3 cm (3 9/16 x 2 1/4 x 1/8 in.)
cma	1950.574.c	thief	reliquaries_altar	Plaque with Seated Prophet from a Reliquary Shrine: Achapias	Overall						8.9	5.9	0.3		Overall: 8.9 x 5.9 x 0.3 cm (3 1/2 x 2 5/16 x 1/8 in.)
cma	1950.574.d	thief	reliquaries_altar	Plaque with Seated Prophet from a Reliquary Shrine: Osea (Ho	Overall						9.0	5.9	0.3		Overall: 9 x 5.9 x 0.3 cm (3 9/16 x 2 5/16 x 1/8 in.)
cma	1950.574.b	thief	reliquaries_altar	Plaque with Seated Prophet from a Reliquary Shrine: Heliseus	Overall						8.7	5.9	0.3		Overall: 8.7 x 5.9 x 0.3 cm (3 7/16 x 2 5/16 x 1/8 in.)
cma	1961.27	thief	reliquaries_altar	Plaque from a Reliquary Shrine	Overall						2.7	7.2			Overall: 2.7 x 7.2 cm (1 1/16 x 2 13/16 in.)
cma	1953.274	thief	reliquaries_altar	Plaque from a Reliquary Shrine	Overall						2.7	3.7			Overall: 2.7 x 3.7 cm (1 1/16 x 1 7/16 in.)
cma	1950.574.a	thief	reliquaries_altar	Plaque: Seated Prophet from a Reliquary Shrine: Esaias (Isai	Overall						9.0	5.7	0.3		Overall: 9 x 5.7 x 0.3 cm (3 9/16 x 2 1/4 x 1/8 in.)
cma	1978.26	home	tables_boards	Frame for a Portable Reliquary Icon	Overall						66.7	51.3	25.3		Overall: 66.7 x 51.3 x 25.3 cm (26 1/4 x 20 3/16 x 9 15/16 in.)
cma	1953.638	thief	reliquaries_altar	Plaque from a Reliquary Shrine	Overall						3.2	6.6			Overall: 3.2 x 6.6 cm (1 1/4 x 2 5/8 in.)
cma	1957.502	thief	reliquaries_altar	Plaque from a Reliquary Shrine	Overall						2.7	6.1			Overall: 2.7 x 6.1 cm (1 1/16 x 2 3/8 in.)
cma	1952.89	thief	reliquaries_altar	Reliquary of the True Cross	Overall						44.0	31.0	4.7		Overall: 44 x 31 x 4.7 cm (17 5/16 x 12 3/16 x 1 7/8 in.)
cma	1978.161	thief	reliquaries_altar	Reliquary	Overall						36.0	17.8			Overall: 36 x 17.8 cm (14 3/16 x 7 in.)
cma	1950.378	thief	reliquaries_altar	Chalice from the Beth Misona Treasure	Overall						17.0	14.2			Overall: 17 x 14.2 cm (6 11/16 x 5 9/16 in.)
cma	1990.3.1	thief	reliquaries_altar	Chalice	Overall						24.6				Overall: 24.6 cm (9 11/16 in.)
cma	1990.3	thief	reliquaries_altar	Chalice and Paten	Overall						24.6				Overall: 24.6 cm (9 11/16 in.)
cma	1950.380	thief	reliquaries_altar	Chalice from the Beth Misona Treasure	Overall						17.0	14.7			Overall: 17 x 14.7 cm (6 11/16 x 5 13/16 in.)
cma	1950.379	thief	reliquaries_altar	Chalice from the Beth Misona Treasure	Overall						17.1	14.9			Overall: 17.1 x 14.9 cm (6 3/4 x 5 7/8 in.)
cma	1966.15	thief	reliquaries_altar	Chalice	Overall						29.7	15.9			Overall: 29.7 x 15.9 cm (11 11/16 x 6 1/4 in.)
cma	1984.40	thief	reliquaries_altar	Chalice	Overall						22.0				Overall: 22 cm (8 11/16 in.)
cma	1978.162	thief	reliquaries_altar	Chalice	Diameter						10.4				Diameter: 10.4 cm (4 1/8 in.); Overall: 28.6 x 20.2 cm (11 1/4 x 7 15/16 in.)
cma	1978.162	thief	reliquaries_altar	Chalice	Overall						28.6	20.2			Diameter: 10.4 cm (4 1/8 in.); Overall: 28.6 x 20.2 cm (11 1/4 x 7 15/16 in.)
cma	1923.964	thief	reliquaries_altar	Chalice (?)	Overall						8.0	9.0			Overall: 8 x 9 cm (3 1/8 x 3 9/16 in.)
cma	1949.157.a	thief	reliquaries_altar	Censer	Overall						23.8	14.3			Overall: 23.8 x 14.3 cm (9 3/8 x 5 5/8 in.)
cma	1949.157.b	thief	reliquaries_altar	Censer	Overall						23.8	14.3			Overall: 23.8 x 14.3 cm (9 3/8 x 5 5/8 in.)
cma	1949.157	thief	reliquaries_altar	Censer	Overall						23.8	14.3			Overall: 23.8 x 14.3 cm (9 3/8 x 5 5/8 in.)
cma	1931.65	thief	reliquaries_altar	Monstrance with a Relic of Saint Sebastian	Overall						47.0				Overall: 47 cm (18 1/2 in.)
cma	1962.150	thief	ewers_plate	Dish with King Hormizd II or Hormizd III Hunting Lions	Overall						4.6	20.8			Overall: 4.6 x 20.8 cm (1 13/16 x 8 3/16 in.)
cma	1935.145	thief	cups_tankards	Two-Handled Cup and Cover	Overall						23.9	32.4			Overall: 23.9 x 32.4 cm (9 7/16 x 12 3/4 in.)
cma	1930.232	thief	jewelry_crowns	Ornamental Brooch	Overall						5.1	4.8	1.6		Overall: 5.1 x 4.8 x 1.6 cm (2 x 1 7/8 x 5/8 in.)
cma	1930.231	thief	jewelry_crowns	Ornamental Brooch	Overall						5.4	3.8	2.4		Overall: 5.4 x 3.8 x 2.4 cm (2 1/8 x 1 1/2 x 15/16 in.)
cma	1930.234	thief	jewelry_crowns	Ornamental Brooch	Overall						4.9	4.8	1.7		Overall: 4.9 x 4.8 x 1.7 cm (1 15/16 x 1 7/8 x 11/16 in.)
cma	1930.233	thief	jewelry_crowns	Ornamental Brooch	Overall						6.0	2.9	1.1		Overall: 6 x 2.9 x 1.1 cm (2 3/8 x 1 1/8 x 7/16 in.)
cma	1930.230	thief	jewelry_crowns	Ornamental Brooch	Overall						5.3	5.3	1.6		Overall: 5.3 x 5.3 x 1.6 cm (2 1/16 x 2 1/16 x 5/8 in.)
cma	1930.235	thief	jewelry_crowns	Ornamental Brooch	Overall						1.0	2.0	0.8		Overall: 1 x 2 x 0.8 cm (3/8 x 13/16 x 5/16 in.)
cma	1930.237	thief	jewelry_crowns	Ornamental Brooch	Overall						5.7	3.2	2.2		Overall: 5.7 x 3.2 x 2.2 cm (2 1/4 x 1 1/4 x 7/8 in.)
cma	1930.238	thief	jewelry_crowns	Ornamental Brooch	Overall						5.1	3.4	2.2		Overall: 5.1 x 3.4 x 2.2 cm (2 x 1 5/16 x 7/8 in.)
cma	1930.236	thief	jewelry_crowns	Ornamental Brooch	Overall						2.7	2.6	0.7		Overall: 2.7 x 2.6 x 0.7 cm (1 1/16 x 1 x 1/4 in.)
cma	2009.344	thief	jewelry_crowns	Brooch in the Form of a Six-Pointed Star	Diameter						7.7				Diameter: 7.7 cm (3 1/16 in.)
cma	2009.359	thief	jewelry_crowns	Pendant Brooch	Overall						6.0	3.0	1.0		Overall: 6 x 3 x 1 cm (2 3/8 x 1 3/16 x 3/8 in.)
cma	1961.401	thief	jewelry_crowns	Brooch (Element of Garment Clasp)	Diameter						2.9				Diameter: 2.9 cm (1 1/8 in.)
cma	2007.163	arch	corbels_bosses	Filigree Disk Brooch with Central Boss	Overall						4.2	4.3	1.8		Overall: 4.2 x 4.3 x 1.8 cm (1 5/8 x 1 11/16 x 11/16 in.)
cma	1961.403	thief	jewelry_crowns	Brooch (Element of Garment Clasp)	Diameter						2.0				Diameter: 2 cm (13/16 in.)
cma	1961.404	thief	jewelry_crowns	Brooch (Element of Garment Clasp)	Diameter						1.6				Diameter: 1.6 cm (5/8 in.)
cma	1961.400	thief	jewelry_crowns	Brooch (Element of Garment Clasp)	Diameter						2.6				Diameter: 2.6 cm (1 in.)
cma	1961.402	thief	jewelry_crowns	Brooch (Element of Garment Clasp)	Diameter						1.8				Diameter: 1.8 cm (11/16 in.)
cma	1918.932	thief	jewelry_crowns	Brooch	Diameter						3.2				Diameter: 3.2 cm (1 1/4 in.)
cma	1930.239	thief	jewelry_crowns	Ornamental Brooch	Overall						3.9	3.8	1.9		Overall: 3.9 x 3.8 x 1.9 cm (1 9/16 x 1 1/2 x 3/4 in.)
cma	1964.448	thief	jewelry_crowns	Dragon Fly Brooch	Overall						7.7	9.7			Overall: 7.7 x 9.7 cm (3 1/16 x 3 13/16 in.)
cma	1999.9	thief	jewelry_crowns	Fibula with Solar Design	Overall						15.4	11.2			Overall: 15.4 x 11.2 cm (6 1/16 x 4 7/16 in.)
cma	2011.410	thief	jewelry_crowns	Pendant Brooch	Overall						7.0	4.2	0.5		Overall: 7 x 4.2 x 0.5 cm (2 3/4 x 1 5/8 x 3/16 in.)
cma	1990.160	thief	jewelry_crowns	Crocodile Pendant	Overall						6.5	5.5	4.4		Overall: 6.5 x 5.5 x 4.4 cm (2 9/16 x 2 3/16 x 1 3/4 in.)
cma	1939.509	thief	jewelry_crowns	Pendant	Overall						7.4	5.2	5.2		Overall: 7.4 x 5.2 x 5.2 cm (2 15/16 x 2 1/16 x 2 1/16 in.)
cma	1946.80	thief	jewelry_crowns	Figural Pendant	Overall						7.8	5.3	2.3		Overall: 7.8 x 5.3 x 2.3 cm (3 1/16 x 2 1/16 x 7/8 in.)
cma	1926.428	thief	jewelry_crowns	Pendant with the Virgin and Child	Overall						19.8	17.0	3.2		Overall: 19.8 x 17 x 3.2 cm (7 13/16 x 6 11/16 x 1 1/4 in.)
cma	1994.98.1	thief	jewelry_crowns	Octagonal Pendant	Overall						9.7	9.4	1.7		Overall: 9.7 x 9.4 x 1.7 cm (3 13/16 x 3 11/16 x 11/16 in.)
cma	1954.602	thief	jewelry_crowns	Pendant: Face	Overall						7.6	5.0			Overall: 7.6 x 5 cm (3 x 1 15/16 in.)
cma	1952.265	thief	jewelry_crowns	Pendant: Crocodile	Overall						4.9				Overall: 4.9 cm (1 15/16 in.)
cma	2015.1	thief	jewelry_crowns	Figural Pendant	Overall						29.4	16.2	1.0		Overall: 29.4 x 16.2 x 1 cm (11 9/16 x 6 3/8 x 3/8 in.)
cma	1989.39	thief	jewelry_crowns	Pendant	Overall						5.1	2.3			Overall: 5.1 x 2.3 cm (2 x 7/8 in.)
cma	2015.11	thief	jewelry_crowns	Feline Pendant	Overall						3.4	3.0			Overall: 3.4 x 3 cm (1 5/16 x 1 3/16 in.)
cma	1998.1	thief	jewelry_crowns	Animal-Headed Figure Pendant	Overall						10.5	9.8	2.0		Overall: 10.5 x 9.8 x 2 cm (4 1/8 x 3 7/8 x 13/16 in.)
cma	1935.310	thief	jewelry_crowns	Disk Pendant (akrafokɔnmu)	Diameter						9.8				Diameter: 9.8 cm (3 7/8 in.); Overall: 1.3 cm (1/2 in.)
cma	1935.310	thief	jewelry_crowns	Disk Pendant (akrafokɔnmu)	Overall						1.3				Diameter: 9.8 cm (3 7/8 in.); Overall: 1.3 cm (1/2 in.)
cma	1952.118	thief	jewelry_crowns	Pendant: Face in Crescent	Overall						7.0	7.4			Overall: 7 x 7.4 cm (2 3/4 x 2 15/16 in.)
cma	1965.466	thief	jewelry_crowns	Bird Pendant	Overall						8.1	6.3	3.6		Overall: 8.1 x 6.3 x 3.6 cm (3 3/16 x 2 1/2 x 1 7/16 in.)
cma	1952.325	thief	jewelry_crowns	Pendant	Overall						7.5	4.2			Overall: 7.5 x 4.2 cm (2 15/16 x 1 5/8 in.)
cma	1946.223	thief	jewelry_crowns	Bird Pendant	Overall						10.6	12.7	2.5		Overall: 10.6 x 12.7 x 2.5 cm (4 3/16 x 5 x 1 in.)
cma	1943.289	thief	jewelry_crowns	Bird Pendant	Overall						5.6	6.5	2.0		Overall: 5.6 x 6.5 x 2 cm (2 3/16 x 2 9/16 x 13/16 in.)
cma	1943.290	thief	jewelry_crowns	Lobster Pendant	Overall						8.3	5.8			Overall: 8.3 x 5.8 cm (3 1/4 x 2 5/16 in.)
cma	1999.249	thief	jewelry_crowns	Pendant of a Bird (Rooster?)	Overall						5.0	9.0			Overall: 5 x 9 cm (1 15/16 x 3 9/16 in.)
cma	1948.18	thief	jewelry_crowns	Animal-Headed Figure Pendant	Overall						8.7	9.0	3.1		Overall: 8.7 x 9 x 3.1 cm (3 7/16 x 3 9/16 x 1 1/4 in.)
cma	1947.508	thief	jewelry_crowns	Pendant Triptych with an Onyx Cameo of the Nativity	Overall						5.8	2.0			Overall: 5.8 x 2 cm (2 5/16 x 13/16 in.); Part 1: 4.5 x 3.5 cm (1 3/4 x 1 3/8 in.)
cma	1947.508	thief	jewelry_crowns	Pendant Triptych with an Onyx Cameo of the Nativity	Part 1						4.5	3.5			Overall: 5.8 x 2 cm (2 5/16 x 13/16 in.); Part 1: 4.5 x 3.5 cm (1 3/4 x 1 3/8 in.)
cma	1939.514	thief	jewelry_crowns	Animal-Headed Figure Pendant	Overall						5.0	4.2	1.3		Overall: 5 x 4.2 x 1.3 cm (1 15/16 x 1 5/8 x 1/2 in.)
cma	1966.515.a	thief	jewelry_crowns	Pendant	Overall						7.4	4.8			Overall: 7.4 x 4.8 cm (2 15/16 x 1 7/8 in.)
cma	1944.290	thief	jewelry_crowns	Disk Pendant (akrafokɔnmu)	Overall						7.0	7.6	1.6		Overall: 7 x 7.6 x 1.6 cm (2 3/4 x 3 x 5/8 in.)
cma	1998.3	thief	jewelry_crowns	Figure Pendant	Overall						6.2	6.1	2.5		Overall: 6.2 x 6.1 x 2.5 cm (2 7/16 x 2 3/8 x 1 in.)
cma	1956.669	thief	jewelry_crowns	Bird Pendant	Overall						11.1	4.3	3.5		Overall: 11.1 x 4.3 x 3.5 cm (4 3/8 x 1 11/16 x 1 3/8 in.)
cma	1987.1	thief	jewelry_crowns	Pendant	Overall						3.5	2.9	2.7		Overall: 3.5 x 2.9 x 2.7 cm (1 3/8 x 1 1/8 x 1 1/16 in.)
cma	1951.442	thief	jewelry_crowns	Double Bird-Headed Figure Pendant	Overall						7.2	9.4			Overall: 7.2 x 9.4 cm (2 13/16 x 3 11/16 in.)
cma	1948.419	thief	jewelry_crowns	Collar with Medallion and Pendant	Diameter of central pendant						4.2				Diameter of central pendant: 4.2 cm (1 5/8 in.); Chain: 40.7 cm (16 in.)
cma	1948.419	thief	jewelry_crowns	Collar with Medallion and Pendant	Chain						40.7				Diameter of central pendant: 4.2 cm (1 5/8 in.); Chain: 40.7 cm (16 in.)
cma	1917.1043	thief	seals_signets	Seal	Diameter						2.8				Diameter: 2.8 cm (1 1/8 in.); Overall: 2.4 cm (15/16 in.)
cma	1917.1043	thief	seals_signets	Seal	Overall						2.4				Diameter: 2.8 cm (1 1/8 in.); Overall: 2.4 cm (15/16 in.)
cma	1917.1039	thief	seals_signets	Seal	Overall						1.5				Overall: 1.5 cm (9/16 in.); Base: 1 x 1 cm (3/8 x 3/8 in.)
cma	1917.1039	thief	seals_signets	Seal	Base						1.0	1.0			Overall: 1.5 cm (9/16 in.); Base: 1 x 1 cm (3/8 x 3/8 in.)
cma	1917.1048	thief	seals_signets	Seal	Diameter						2.1				Diameter: 2.1 cm (13/16 in.); Overall: 1.6 cm (5/8 in.)
cma	1917.1048	thief	seals_signets	Seal	Overall						1.6				Diameter: 2.1 cm (13/16 in.); Overall: 1.6 cm (5/8 in.)
cma	1917.1036	thief	seals_signets	Seal	Overall						1.3				Overall: 1.3 cm (1/2 in.); Base: 1.5 x 1.4 cm (9/16 x 9/16 in.)
cma	1917.1036	thief	seals_signets	Seal	Base						1.5	1.4			Overall: 1.3 cm (1/2 in.); Base: 1.5 x 1.4 cm (9/16 x 9/16 in.)
cma	1917.1041	thief	seals_signets	Seal	Overall						1.3				Overall: 1.3 cm (1/2 in.); Bottom: 1.3 x 1.3 cm (1/2 x 1/2 in.)
cma	1917.1041	thief	seals_signets	Seal	Bottom						1.3	1.3			Overall: 1.3 cm (1/2 in.); Bottom: 1.3 x 1.3 cm (1/2 x 1/2 in.)
cma	1917.1038	thief	seals_signets	Seal	Overall						1.4				Overall: 1.4 cm (9/16 in.); Base: 1.5 x 1.5 cm (9/16 x 9/16 in.)
cma	1917.1038	thief	seals_signets	Seal	Base						1.5	1.5			Overall: 1.4 cm (9/16 in.); Base: 1.5 x 1.5 cm (9/16 x 9/16 in.)
cma	1985.198	thief	seals_signets	Seal of Doge Michele Steno 	Diameter						4.8				Diameter: 4.8 cm (1 7/8 in.)
cma	1985.198.b	thief	seals_signets	Seal of Doge Michele Steno (reverse)	Diameter						4.8				Diameter: 4.8 cm (1 7/8 in.)
cma	1985.198.a	thief	seals_signets	Seal of Doge Michele Steno (obverse)	Diameter						4.8				Diameter: 4.8 cm (1 7/8 in.)
cma	1921.1580	thief	seals_signets	Fish or Seal Club (X’ús’)	Figure						10.5	4.0			Figure: 10.5 x 4 cm (4 1/8 x 1 9/16 in.)
cma	1916.125	thief	seals_signets	Signet Ring	Diameter						1.8				Diameter: 1.8 cm (11/16 in.)
cma	1930.731	thief	door_furniture	Monster Face: Door Ring Holder (Pushou)	Overall						13.6	20.0			Overall: 13.6 x 20 cm (5 3/8 x 7 7/8 in.)
cma	1964.33	thief	door_furniture	Door Knocker from the Isaac Gillet House, Painesville, Ohio	Overall						14.6	10.5			Overall: 14.6 x 10.5 cm (5 3/4 x 4 1/8 in.)
cma	1951.539	light	candlesticks_candelabra	Candlestick	Overall						24.4				Overall: 24.4 cm (9 5/8 in.); Diameter of base: 21.3 cm (8 3/8 in.)
cma	1951.539	light	candlesticks_candelabra	Candlestick	Diameter of base						21.3				Overall: 24.4 cm (9 5/8 in.); Diameter of base: 21.3 cm (8 3/8 in.)
cma	1942.802	light	candlesticks_candelabra	Paschal Candlestick	Overall						123.2	41.0	44.0		Overall: 123.2 x 41 x 44 cm (48 1/2 x 16 1/8 x 17 5/16 in.)
cma	1974.185	light	candlesticks_candelabra	Pricket Candlestick	Overall						45.5	19.6			Overall: 45.5 x 19.6 cm (17 15/16 x 7 11/16 in.)
cma	1954.798	light	candlesticks_candelabra	Inkwell and Candlestick with the Infant Hercules Killing the	Overall						21.0	11.0	13.0		Overall: 21 x 11 x 13 cm (8 1/4 x 4 5/16 x 5 1/8 in.)
cma	1973.169.1	light	candlesticks_candelabra	Candlestick Depicting the Triumph of Diana	Overall						33.6				Overall: 33.6 cm (13 1/4 in.)
cma	1973.169.2	light	candlesticks_candelabra	Candlestick Depicting Five of the Seven Labors of Hercules	Overall						33.6				Overall: 33.6 cm (13 1/4 in.)
cma	1961.25.1	light	candlesticks_candelabra	Candlestick	Overall						31.1				Overall: 31.1 cm (12 1/4 in.)
cma	1961.25.2	light	candlesticks_candelabra	Candlestick	Overall						31.1				Overall: 31.1 cm (12 1/4 in.)
cma	1989.298.1	light	candlesticks_candelabra	Candlestick	Overall						32.4				Overall: 32.4 cm (12 3/4 in.)
cma	1989.298.2	light	candlesticks_candelabra	Candlestick	Overall						32.4				Overall: 32.4 cm (12 3/4 in.)
cma	1976.159.a	light	candlesticks_candelabra	Candlestick	Overall						23.1	10.2			Overall: 23.1 x 10.2 cm (9 1/8 x 4 in.)
cma	1973.169	light	candlesticks_candelabra	Candlesticks	Overall						33.6				Overall: 33.6 cm (13 1/4 in.)
cma	1976.159	light	candlesticks_candelabra	Candlestick and Bobeche	Overall						23.1	10.2			Overall: 23.1 x 10.2 cm (9 1/8 x 4 in.)
cma	1961.25	light	candlesticks_candelabra	Candlestick Pair	Overall						31.1				Overall: 31.1 cm (12 1/4 in.)
cma	1989.298	light	candlesticks_candelabra	Candlesticks	Overall						32.4				Overall: 32.4 cm (12 3/4 in.)
cma	1939.388	light	lanterns	Man with Brush and Lantern	Overall						4.5	4.1			Overall: 4.5 x 4.1 cm (1 3/4 x 1 5/8 in.)
cma	2023.104	light	oil_lamps	Oil Lamp	Overall						28.7	17.8			Overall: 28.7 x 17.8 cm (11 5/16 x 7 in.)
cma	1981.10	light	mosque_lamps	Mosque Lamp	Overall						39.5				Overall: 39.5 cm (15 9/16 in.)
cma	1953.12	light	oil_lamps	Lamp	Overall						9.6				Overall: 9.6 cm (3 3/4 in.)
cma	1944.236	light	mosque_lamps	Mosque Lamp	Overall						28.4	19.5			Overall: 28.4 x 19.5 cm (11 3/16 x 7 11/16 in.); Diameter of rim: 17 cm (6 11/16 in.)
cma	1944.236	light	mosque_lamps	Mosque Lamp	Diameter of rim						17.0				Overall: 28.4 x 19.5 cm (11 3/16 x 7 11/16 in.); Diameter of rim: 17 cm (6 11/16 in.)
cma	1944.287	light	mosque_lamps	Mosque Lamp	Overall						30.4	19.7			Overall: 30.4 x 19.7 cm (11 15/16 x 7 3/4 in.); Diameter of rim: 19.7 cm (7 3/4 in.)
cma	1944.287	light	mosque_lamps	Mosque Lamp	Diameter of rim						19.7				Overall: 30.4 x 19.7 cm (11 15/16 x 7 3/4 in.); Diameter of rim: 19.7 cm (7 3/4 in.)
cma	1954.597.a	light	oil_lamps	Lamp 	Overall						9.2	16.0	7.0		Overall: 9.2 x 16 x 7 cm (3 5/8 x 6 5/16 x 2 3/4 in.)
cma	1974.77	light	oil_lamps	Lamp with Griffin-Head Handle	Overall						14.7	22.6	7.0		Overall: 14.7 x 22.6 x 7 cm (5 13/16 x 8 7/8 x 2 3/4 in.)
cma	1970.45	light	oil_lamps	Lamp and Stand	Overall						34.8	13.5			Overall: 34.8 x 13.5 cm (13 11/16 x 5 5/16 in.)
cma	1954.597	light	oil_lamps	Lamp and Stand	Overall						9.2	16.0	7.0		Overall: 9.2 x 16 x 7 cm (3 5/8 x 6 5/16 x 2 3/4 in.)
cma	1986.1041	light	oil_lamps	Black-Gloss Oil Lamp	Overall						2.5	8.9			Overall: 2.5 x 8.9 cm (1 x 3 1/2 in.)
cma	2012.125	light	oil_lamps	Oil Lamp	Overall						6.7	12.4	7.4		Overall: 6.7 x 12.4 x 7.4 cm (2 5/8 x 4 7/8 x 2 15/16 in.)
cma	2022.175	light	braziers	Brazier with Coins Motif	height						16.5				height: 16.5 cm (6 1/2 in.); Diameter: 15.5 cm (6 1/8 in.)
cma	2022.175	light	braziers	Brazier with Coins Motif	Diameter						15.5				height: 16.5 cm (6 1/2 in.); Diameter: 15.5 cm (6 1/8 in.)
cma	1997.298	light	oil_lamps	Nautilus Reading Lamp	Overall						34.5	21.3	13.4		Overall: 34.5 x 21.3 x 13.4 cm (13 9/16 x 8 3/8 x 5 1/4 in.)
cma	2017.13	light	oil_lamps	Lamp Stand with Coiling Dragons and Lotus Design	height						22.8				height: 22.8 cm (9 in.)
cma	1953.639	light	oil_lamps	Votive Polycandelon (Lamp Holder)	Overall						13.4	6.4			Overall: 13.4 x 6.4 cm (5 1/4 x 2 1/2 in.)
cma	2010.447	sorcery	scepters_ruyi	Scepter	Overall						28.0	2.5	4.0		Overall: 28 x 2.5 x 4 cm (11 x 1 x 1 9/16 in.)
cma	2015.156	sorcery	scepters_ruyi	Throwing Knife / Prestige Scepter (pingha)	Overall						45.5				Overall: 45.5 cm (17 15/16 in.)
cma	1960.278	sorcery	scepters_ruyi	Scepter (Gui) with Miscellaneous Poems by Tao Qian (365–427 	Overall						2.8	0.3			Overall: 2.8 x 0.3 cm (1 1/8 x 1/8 in.)
cma	2015.155	sorcery	scepters_ruyi	Scepter	Overall						57.5	4.5	5.5		Overall: 57.5 x 4.5 x 5.5 cm (22 5/8 x 1 3/4 x 2 3/16 in.)
cma	1972.154	sorcery	scepters_ruyi	Ceremonial Scepter with Animal Masks (Gui)	Overall						18.6	1.8			Overall: 18.6 x 1.8 cm (7 5/16 x 11/16 in.)
cma	1953.359	sorcery	scepters_ruyi	Jade Scepter with Interlocking Pattern	Overall						14.6	3.2			Overall: 14.6 x 3.2 cm (5 3/4 x 1 1/4 in.)
cma	1942.206.g	thief	chests_caskets	Box with Ink Cakes:  Blue Ink Cake in Shape of a Gui Scepter	Case						26.4	19.1			Case: 26.4 x 19.1 cm (10 3/8 x 7 1/2 in.); Lid: 26.5 x 19.2 cm (10 7/16 x 7 9/16 in.)
cma	1942.206.g	thief	chests_caskets	Box with Ink Cakes:  Blue Ink Cake in Shape of a Gui Scepter	Lid						26.5	19.2			Case: 26.4 x 19.1 cm (10 3/8 x 7 1/2 in.); Lid: 26.5 x 19.2 cm (10 7/16 x 7 9/16 in.)
cma	1946.229	sorcery	finials_standards	Finial of a Staff	Overall						11.8	6.8			Overall: 11.8 x 6.8 cm (4 5/8 x 2 11/16 in.)
cma	1915.450	sorcery	scepters_ruyi	Scepter	Overall						6.0				Overall: 6 cm (2 3/8 in.)
cma	2004.85	sorcery	croziers_staffs	Staff of Office	Overall						170.0	13.3			Overall: 170 x 13.3 cm (66 15/16 x 5 1/4 in.)
cma	1944.319	sorcery	croziers_staffs	Staff Head(?)	Overall						8.3	7.2	2.4		Overall: 8.3 x 7.2 x 2.4 cm (3 1/4 x 2 13/16 x 15/16 in.)
cma	2010.204	sorcery	croziers_staffs	Staff	Overall						120.7				Overall: 120.7 cm (47 1/2 in.)
cma	1938.5	sorcery	croziers_staffs	Idiophone/Staff (ahianmwẹn-ọrọ)	Overall						36.2	9.9			Overall: 36.2 x 9.9 cm (14 1/4 x 3 7/8 in.)
cma	1998.85	sorcery	croziers_staffs	Rattle Staff (ukhuhre)	Overall						149.5	7.5	8.0		Overall: 149.5 x 7.5 x 8 cm (58 7/8 x 2 15/16 x 3 1/8 in.)
cma	2010.205	sorcery	croziers_staffs	Prestige Staff	Overall						116.8				Overall: 116.8 cm (46 in.)
cma	2018.34	sorcery	croziers_staffs	Dance staff for Èṣù (Ògò Èlẹ́gba)	Overall						62.0				62 cm (24 7/16 in.)
cma	2016.11	sorcery	croziers_staffs	Fragment of a Staff	Overall						34.5	3.2	5.4		Overall: 34.5 x 3.2 x 5.4 cm (13 9/16 x 1 1/4 x 2 1/8 in.)
cma	1914.874	sorcery	croziers_staffs	Wooden Staff or Support	Overall						52.1				Overall: 52.1 cm (20 1/2 in.)
cma	2015.3	core	harps_zithers	Finial with Bird (Harpy Eagle with Royal Flycatcher Crest?)	Overall						11.4	7.2	6.0		Overall: 11.4 x 7.2 x 6 cm (4 1/2 x 2 13/16 x 2 3/8 in.)
cma	1992.246	sorcery	finials_standards	Ibex Standard Finial	Overall						13.5	9.7	1.9		Overall: 13.5 x 9.7 x 1.9 cm (5 5/16 x 3 13/16 x 3/4 in.)
cma	1981.6	core	plucked_strings	Patera with Fluted Handle and Ram Head Finial	Diameter						24.2				Diameter: 24.2 cm (9 1/2 in.); Overall: 6.4 cm (2 1/2 in.)
cma	1981.6	core	plucked_strings	Patera with Fluted Handle and Ram Head Finial	Overall						6.4				Diameter: 24.2 cm (9 1/2 in.); Overall: 6.4 cm (2 1/2 in.)
cma	2000.42	thief	seals_signets	Seal Amulet in the form of a Lion's Head	Diameter						2.8	2.7	0.9		Diameter: 2.8 x 2.7 x 0.9 cm (1 1/8 x 1 1/16 x 3/8 in.)
cma	1981.7	thief	seals_signets	Amulet Seal in the Form of a Bull	Overall						2.7	4.7	3.9		Overall: 2.7 x 4.7 x 3.9 cm (1 1/16 x 1 7/8 x 1 9/16 in.)
cma	1914.683	thief	seals_signets	Seal Amulet	Diameter						2.4				Diameter: 2.4 cm (15/16 in.)
cma	1914.685	thief	seals_signets	Seal Amulet	Diameter						3.2				Diameter: 3.2 cm (1 1/4 in.)
cma	1914.682	thief	seals_signets	Seal Amulet	Diameter						2.4				Diameter: 2.4 cm (15/16 in.)
cma	1914.687	thief	seals_signets	Seal Amulet	Diameter						2.0				Diameter: 2 cm (13/16 in.)
cma	1914.684	thief	seals_signets	Seal Amulet	Diameter						2.6				Diameter: 2.6 cm (1 in.)
cma	1914.686	thief	seals_signets	Seal Amulet	Diameter						1.7				Diameter: 1.7 cm (11/16 in.)
cma	2010.455	sorcery	divination	Divination Implement	Overall						11.4	3.4	4.8		Overall: 11.4 x 3.4 x 4.8 cm (4 1/2 x 1 5/16 x 1 7/8 in.)
cma	1994.200	sorcery	divination	Ifá divination vessel (àgéré Ifá)	Overall						31.7	15.7	15.9		Overall: 31.7 x 15.7 x 15.9 cm (12 1/2 x 6 3/16 x 6 1/4 in.)
cma	1993.235	sorcery	divination	Divination Tray (ọpọ́n Ifá)	Diameter						42.0				Diameter: 42 cm (16 9/16 in.); Overall: 3.2 cm (1 1/4 in.)
cma	1993.235	sorcery	divination	Divination Tray (ọpọ́n Ifá)	Overall						3.2				Diameter: 42 cm (16 9/16 in.); Overall: 3.2 cm (1 1/4 in.)
cma	1969.550	arch	effigies_tombs	Divination Implement (itombwa)	Overall						8.9				Overall: 8.9 cm (3 1/2 in.)
cma	1978.56.2	arch	portals_doorways	Head of an Apostle from the South Portal of the Cathedral of	Overall						47.6	31.8	37.8		Overall: 47.6 x 31.8 x 37.8 cm (18 3/4 x 12 1/2 x 14 7/8 in.)
cma	1978.56.1	arch	portals_doorways	Head of an Apostle from the South Portal of the Cathedral of	Overall						41.9	30.4	32.4		Overall: 41.9 x 30.4 x 32.4 cm (16 1/2 x 11 15/16 x 12 3/4 in.)
cma	1978.56	arch	portals_doorways	Head of an Apostle from the South Portal of the Cathedral of	Overall						41.9	30.4	32.4		Overall: 41.9 x 30.4 x 32.4 cm (16 1/2 x 11 15/16 x 12 3/4 in.)
cma	1916.2047	arch	portals_doorways	Doorway (Portal)	Overall						358.0	259.0			Overall: 358 x 259 cm (140 15/16 x 101 15/16 in.)
cma	1915.69	arch	portals_doorways	Hollow Tile:  Lintel from Tomb-Chamber Doorway	Overall						137.2				Overall: 137.2 cm (54 in.)
cma	1915.66	arch	portals_doorways	Hollow Tile:  Column from Tomb-Chamber Doorway	Overall						112.4	19.0			Overall: 112.4 x 19 cm (44 1/4 x 7 1/2 in.)
cma	1915.68	arch	portals_doorways	Hollow Tile:  Column from Tomb-Chamber Doorway	Overall						113.7	18.4			Overall: 113.7 x 18.4 cm (44 3/4 x 7 1/4 in.)
cma	2021.4	arch	capitals_columns	Column Capital	Overall						26.0	37.0	28.5		Overall: 26 x 37 x 28.5 cm (10 1/4 x 14 9/16 x 11 1/4 in.)
cma	1963.477	arch	capitals_columns	Engaged Capital with a Supporting (Caryatidal) Figure Flanke	Overall						34.3	47.0	34.3		Overall: 34.3 x 47 x 34.3 cm (13 1/2 x 18 1/2 x 13 1/2 in.)
cma	1968.210	arch	capitals_columns	Engaged Capital with Lions	Overall						34.3	40.7	27.4		Overall: 34.3 x 40.7 x 27.4 cm (13 1/2 x 16 x 10 13/16 in.)
cma	1916.2052.2	arch	capitals_columns	Engaged Capital	Overall						38.8	53.3	30.5		Overall: 38.8 x 53.3 x 30.5 cm (15 1/4 x 21 x 12 in.)
cma	1969.111	arch	capitals_columns	Engaged Capital with Windblown Acanthus	Overall						51.1	76.9	75.0		Overall: 51.1 x 76.9 x 75 cm (20 1/8 x 30 1/4 x 29 1/2 in.)
cma	1972.20	arch	capitals_columns	Engaged Capital with a Lion and a Basilisk	Overall						30.2	33.0	29.3		Overall: 30.2 x 33 x 29.3 cm (11 7/8 x 13 x 11 9/16 in.)
cma	1968.34	arch	capitals_columns	Engaged Capital with a Fantastic Creature and Three Birds	Overall						53.7	50.8	74.9		Overall: 53.7 x 50.8 x 74.9 cm (21 1/8 x 20 x 29 1/2 in.)
cma	1969.110	arch	capitals_columns	Capital with Acanthus and Crosses	Overall						53.4	75.0	76.2		Overall: 53.4 x 75 x 76.2 cm (21 x 29 1/2 x 30 in.)
cma	1916.2052.4	arch	capitals_columns	Engaged Capital	Overall						39.4	53.3	33.0		Overall: 39.4 x 53.3 x 33 cm (15 1/2 x 21 x 13 in.)
cma	1916.1983	arch	capitals_columns	Capital with Addorsed Harpies	Overall						23.5	28.0	23.2		Overall: 23.5 x 28 x 23.2 cm (9 1/4 x 11 x 9 1/8 in.)
cma	1955.556	arch	capitals_columns	Fragment of a Capital with Scenes from Mary’s Infancy	without base						26.7	33.0	22.9		without base: 26.7 x 33 x 22.9 cm (10 1/2 x 13 x 9 in.)
cma	1916.2052.1	arch	capitals_columns	Engaged Capital	Overall						39.4	39.4	54.0		Overall: 39.4 x 39.4 x 54 cm (15 1/2 x 15 1/2 x 21 1/4 in.)
cma	1916.1981	arch	capitals_columns	Capital with Addorsed Quadrupeds	Overall						32.7	39.4	27.7		Overall: 32.7 x 39.4 x 27.7 cm (12 7/8 x 15 1/2 x 10 7/8 in.)
cma	1972.22	arch	capitals_columns	Fragment of a Capital with the Ox of Saint Luke	Overall						24.5	25.1	11.5		Overall: 24.5 x 25.1 x 11.5 cm (9 5/8 x 9 7/8 x 4 1/2 in.)
cma	1916.2052.3	arch	capitals_columns	Engaged Capital	Overall						39.4	53.3	25.4		Overall: 39.4 x 53.3 x 25.4 cm (15 1/2 x 21 x 10 in.)
cma	1916.2052.5	arch	capitals_columns	Engaged Capital	Overall						40.4	53.3	39.4		Overall: 40.4 x 53.3 x 39.4 cm (15 7/8 x 21 x 15 1/2 in.)
cma	1972.21	arch	capitals_columns	Engaged Capital with Figures of a Man and of an Eagle	Overall						30.2	32.4	33.0		Overall: 30.2 x 32.4 x 33 cm (11 7/8 x 12 3/4 x 13 in.)
cma	1920.288	arch	capitals_columns	Capital	Overall						31.1	33.7	33.7		Overall: 31.1 x 33.7 x 33.7 cm (12 1/4 x 13 1/4 x 13 1/4 in.)
cma	1920.289	arch	capitals_columns	Capital	Overall						33.0	33.7	33.7		Overall: 33 x 33.7 x 33.7 cm (13 x 13 1/4 x 13 1/4 in.)
cma	1916.1984	arch	capitals_columns	Capital with Dragons	Overall						33.4	35.6	28.6		Overall: 33.4 x 35.6 x 28.6 cm (13 1/8 x 14 x 11 1/4 in.)
cma	1955.64	arch	capitals_columns	Engaged Capital with Animals	Overall						21.0	34.3	23.2		Overall: 21 x 34.3 x 23.2 cm (8 1/4 x 13 1/2 x 9 1/8 in.)
cma	1955.61	arch	capitals_columns	Engaged Capital with Human Figures and Foliage	Overall						55.9	76.2	33.0		Overall: 55.9 x 76.2 x 33 cm (22 x 30 x 13 in.)
cma	1916.2052	arch	capitals_columns	Engaged Capitals	Overall						39.4	39.4	54.0		Overall: 39.4 x 39.4 x 54 cm (15 1/2 x 15 1/2 x 21 1/4 in.)
cma	1920.754	arch	capitals_columns	Capital with Birds	Overall						27.4	32.4	48.3		Overall: 27.4 x 32.4 x 48.3 cm (10 13/16 x 12 3/4 x 19 in.)
cma	1987.127.b	arch	capitals_columns	Box (Pyxis) in the Form of a Composite Capital (lid)	Box						11.4	10.8	2.0		Box: 11.4 x 10.8 x 2 cm (4 1/2 x 4 1/4 x 13/16 in.); Lid: 11.2 x 10.8 x 3.1 cm (4 7/16 x 4 1/4 x 1 1/4 in.)
cma	1987.127.b	arch	capitals_columns	Box (Pyxis) in the Form of a Composite Capital (lid)	Lid						11.2	10.8	3.1		Box: 11.4 x 10.8 x 2 cm (4 1/2 x 4 1/4 x 13/16 in.); Lid: 11.2 x 10.8 x 3.1 cm (4 7/16 x 4 1/4 x 1 1/4 in.)
cma	1987.127	arch	capitals_columns	Box (Pyxis) in the Form of a Composite Capital	Box						11.4	10.8	2.0		Box: 11.4 x 10.8 x 2 cm (4 1/2 x 4 1/4 x 13/16 in.); Lid: 11.2 x 10.8 x 3.1 cm (4 7/16 x 4 1/4 x 1 1/4 in.)
cma	1987.127	arch	capitals_columns	Box (Pyxis) in the Form of a Composite Capital	Lid						11.2	10.8	3.1		Box: 11.4 x 10.8 x 2 cm (4 1/2 x 4 1/4 x 13/16 in.); Lid: 11.2 x 10.8 x 3.1 cm (4 7/16 x 4 1/4 x 1 1/4 in.)
cma	1987.127.a	arch	capitals_columns	Box (Pyxis) in the Form of a Composite Capital 	Box						11.4	10.8	2.0		Box: 11.4 x 10.8 x 2 cm (4 1/2 x 4 1/4 x 13/16 in.); Lid: 11.2 x 10.8 x 3.1 cm (4 7/16 x 4 1/4 x 1 1/4 in.)
cma	1987.127.a	arch	capitals_columns	Box (Pyxis) in the Form of a Composite Capital 	Lid						11.2	10.8	3.1		Box: 11.4 x 10.8 x 2 cm (4 1/2 x 4 1/4 x 13/16 in.); Lid: 11.2 x 10.8 x 3.1 cm (4 7/16 x 4 1/4 x 1 1/4 in.)
cma	1968.35	arch	capitals_columns	Fragment of a Double Capital: Mary and Martha at the Raising	Overall						30.2	22.9	17.2		Overall: 30.2 x 22.9 x 17.2 cm (11 7/8 x 9 x 6 3/4 in.)
cma	1916.1985	arch	capitals_columns	Engaged Capital with Birds and Dragons	Overall						28.0	26.1	20.7		Overall: 28 x 26.1 x 20.7 cm (11 x 10 1/4 x 8 1/8 in.)
cma	1955.65	arch	corbels_bosses	Cornerstone or Corbel (?)	Overall						24.5	17.8	15.3		Overall: 24.5 x 17.8 x 15.3 cm (9 5/8 x 7 x 6 in.)
cma	1955.66	arch	corbels_bosses	Cornerstone or Corbel (?)	Overall						24.2	23.0			Overall: 24.2 x 23 cm (9 1/2 x 9 1/16 in.)
cma	1959.342	arch	portals_doorways	Doorway from the Isaac Gillet House, Painesville, Ohio	Overall						290.0	228.5	45.8		Overall: 290 x 228.5 x 45.8 cm (114 3/16 x 89 15/16 x 18 1/16 in.)
cma	2021.5	arch	capitals_columns	Column Base	Overall						15.0	20.5	20.5		Overall: 15 x 20.5 x 20.5 cm (5 7/8 x 8 1/16 x 8 1/16 in.)
cma	1953.286	arch	capitals_columns	Christ at the Column	Overall						19.6	10.2	11.3		Overall: 19.6 x 10.2 x 11.3 cm (7 11/16 x 4 x 4 7/16 in.)
cma	1924.197	arch	capitals_columns	Red-Figure Column Krater (Mixing Vessel): Komos (Revel)	Diameter						40.4				Diameter: 40.4 cm (15 7/8 in.); Overall: 41 cm (16 1/8 in.)
cma	1924.197	arch	capitals_columns	Red-Figure Column Krater (Mixing Vessel): Komos (Revel)	Overall						41.0				Diameter: 40.4 cm (15 7/8 in.); Overall: 41 cm (16 1/8 in.)
cma	1924.533	arch	capitals_columns	Red-Figure Column Krater (Mixing Vessel): Satyrs Pursuing Ma	Overall						41.5				Overall: 41.5 cm (16 5/16 in.)
cma	1930.104	arch	capitals_columns	Red-Figure Column Krater (Mixing Vessel): Apollo and Goddess	Overall						56.5				Overall: 56.5 cm (22 1/4 in.)
cma	1926.549	arch	capitals_columns	Red-Figure Column Krater (Mixing Vessel): Komos (Revel)	Diameter						40.6				Diameter: 40.6 cm (16 in.); Overall: 42.5 cm (16 3/4 in.)
cma	1926.549	arch	capitals_columns	Red-Figure Column Krater (Mixing Vessel): Komos (Revel)	Overall						42.5				Diameter: 40.6 cm (16 in.); Overall: 42.5 cm (16 3/4 in.)
cma	1994.98.3	arch	capitals_columns	Spacer in the Form of a Corinthian Column	Overall						6.4	1.4	1.4		Overall: 6.4 x 1.4 x 1.4 cm (2 1/2 x 9/16 x 9/16 in.)
cma	1994.98.2	arch	capitals_columns	Spacer in the Form of a Corinthian Column	Overall						6.5	1.7	1.7		Overall: 6.5 x 1.7 x 1.7 cm (2 9/16 x 11/16 x 11/16 in.)
cma	1914.617	arch	capitals_columns	Votive Palm Column Capital	Diameter						9.1				Diameter: 9.1 cm (3 9/16 in.); Overall: 10 cm (3 15/16 in.)
cma	1914.617	arch	capitals_columns	Votive Palm Column Capital	Overall						10.0				Diameter: 9.1 cm (3 9/16 in.); Overall: 10 cm (3 15/16 in.)
cma	1914.658	arch	capitals_columns	Votive Hathor Column Capital	Overall						14.5	5.4	5.1		Overall: 14.5 x 5.4 x 5.1 cm (5 11/16 x 2 1/8 x 2 in.)
cma	1916.2050	arch	capitals_columns	Column	Overall						115.0				Overall: 115 cm (45 1/4 in.); Part 1: 22.9 cm (9 in.); Part 2: 19.7 cm (7 3/4 in.)
cma	1916.2050	arch	capitals_columns	Column	Part 1						22.9				Overall: 115 cm (45 1/4 in.); Part 1: 22.9 cm (9 in.); Part 2: 19.7 cm (7 3/4 in.)
cma	1916.2050	arch	capitals_columns	Column	Part 2						19.7				Overall: 115 cm (45 1/4 in.); Part 1: 22.9 cm (9 in.); Part 2: 19.7 cm (7 3/4 in.)
cma	1919.38	arch	capitals_columns	Columnar Figure of an Apostle	Overall						97.8	24.1			Overall: 97.8 x 24.1 cm (38 1/2 x 9 1/2 in.)
cma	2010.145	home	cradles_beds	Long Shawl with Botehs, Black Center, and Lobed Arcades	Overall						360.7	157.4			Overall: 360.7 x 157.4 cm (142 x 61 15/16 in.)
cma	1924.421	arch	screens_fonts	Holy Water Font	Overall						31.5	52.7	46.4		Overall: 31.5 x 52.7 x 46.4 cm (12 3/8 x 20 3/4 x 18 1/4 in.)
cma	1966.454	home	seating	Miniature Chair	Overall						10.5	5.3	4.8		Overall: 10.5 x 5.3 x 4.8 cm (4 1/8 x 2 1/16 x 1 7/8 in.)
cma	1966.455	home	seating	Miniature Bathroom Chair (Bidet)	Overall						8.3	3.5	4.5		Overall: 8.3 x 3.5 x 4.5 cm (3 1/4 x 1 3/8 x 1 3/4 in.)
cma	1982.5	home	seating	Chair	Overall						84.5	40.7	46.0		Overall: 84.5 x 40.7 x 46 cm (33 1/4 x 16 x 18 1/8 in.)
cma	1983.33	home	seating	Prestige Chair	Overall						80.7	53.3	44.5		Overall: 80.7 x 53.3 x 44.5 cm (31 3/4 x 21 x 17 1/2 in.)
cma	1929.323	home	seating	Part of a chair	Overall						49.9	2.6	4.6		Overall: 49.9 x 2.6 x 4.6 cm (19 5/8 x 1 x 1 13/16 in.)
cma	2024.140	home	seating	Ceremonial Chair or Throne (citwamo ca mangu)	Overall						107.0	55.0	55.0		Overall: 107 x 55 x 55 cm (42 1/8 x 21 5/8 x 21 5/8 in.)
cma	1982.4	home	seating	Side Chair	Overall						96.5	46.1	49.5		Overall: 96.5 x 46.1 x 49.5 cm (38 x 18 1/8 x 19 1/2 in.)
cma	1988.32	home	seating	Side Chair	Overall						105.4	57.2	54.3		Overall: 105.4 x 57.2 x 54.3 cm (41 1/2 x 22 1/2 x 21 3/8 in.)
cma	1985.58	home	seating	Side Chair	Overall						97.0	60.0	56.9		Overall: 97 x 60 x 56.9 cm (38 3/16 x 23 5/8 x 22 3/8 in.)
cma	1962.125	home	seating	Chair	Overall						97.2	57.2	46.4		Overall: 97.2 x 57.2 x 46.4 cm (38 1/4 x 22 1/2 x 18 1/4 in.)
cma	1975.103	home	seating	Chair Legs and Panel	Overall						43.8				Overall: 43.8 cm (17 1/4 in.)
cma	1999.120.3	home	seating	Altar High Chair (Kyo-Yi)	Overall						128.4	52.0			Overall: 128.4 x 52 cm (50 9/16 x 20 1/2 in.)
cma	1986.208.2	home	seating	Side Chair	Overall						90.8	48.3	52.1		Overall: 90.8 x 48.3 x 52.1 cm (35 3/4 x 19 x 20 1/2 in.)
cma	1986.208.1	home	seating	Side Chair	Overall						90.8	48.3	52.1		Overall: 90.8 x 48.3 x 52.1 cm (35 3/4 x 19 x 20 1/2 in.)
cma	1986.81	home	seating	Side Chair	Overall						96.8	59.1	51.1		Overall: 96.8 x 59.1 x 51.1 cm (38 1/8 x 23 1/4 x 20 1/8 in.)
cma	1975.103.2	home	seating	Chair Leg	Overall						43.8				Overall: 43.8 cm (17 1/4 in.)
cma	1949.201	home	seating	Curule (Folding) Chair	Overall						106.7	63.5	54.6		Overall: 106.7 x 63.5 x 54.6 cm (42 x 25 x 21 1/2 in.)
cma	1982.42	home	seating	Chair or Bed Leg with the God Bes	Overall						44.7	5.9			Overall: 44.7 x 5.9 cm (17 5/8 x 2 5/16 in.)
cma	1955.40.1	home	seating	Roundback Armchair: Lohan Type	Overall						85.4	58.4			Overall: 85.4 x 58.4 cm (33 5/8 x 23 in.)
cma	1975.103.1	home	seating	Chair Leg	Overall						43.8				Overall: 43.8 cm (17 1/4 in.)
cma	1948.499	home	seating	Upholstery for a Chair Seat	Overall						76.2	77.5			Overall: 76.2 x 77.5 cm (30 x 30 1/2 in.)
cma	1955.40.2	home	seating	Roundback Armchair: Lohan Type	Overall						86.0	58.4			Overall: 86 x 58.4 cm (33 7/8 x 23 in.)
cma	1986.208	home	seating	Side Chairs	Overall						90.8	48.3	52.1		Overall: 90.8 x 48.3 x 52.1 cm (35 3/4 x 19 x 20 1/2 in.)
cma	1985.96	home	seating	Chair	Overall						108.0	45.4	50.4		Overall: 108 x 45.4 x 50.4 cm (42 1/2 x 17 7/8 x 19 13/16 in.)
cma	1984.160	home	seating	Chair	Overall						95.6	48.0	52.1		Overall: 95.6 x 48 x 52.1 cm (37 5/8 x 18 7/8 x 20 1/2 in.)
cma	1955.40	home	seating	Pair of Roundback Armchairs: Lohan Type	Overall						85.4	58.4			Overall: 85.4 x 58.4 cm (33 5/8 x 23 in.); Chair: 86 x 63.5 x 47 cm (33 7/8 x 25 x 18 1/2 in.)
cma	1955.40	home	seating	Pair of Roundback Armchairs: Lohan Type	Chair						86.0	63.5	47.0		Overall: 85.4 x 58.4 cm (33 5/8 x 23 in.); Chair: 86 x 63.5 x 47 cm (33 7/8 x 25 x 18 1/2 in.)
cma	1942.610.1	home	seating	Chair, Sgabello type	Overall						100.3	33.7	44.2		Overall: 100.3 x 33.7 x 44.2 cm (39 1/2 x 13 1/4 x 17 3/8 in.)
cma	1964.298	home	seating	Desk Chair with Swivel Mechanism	Overall						88.4				Overall: 88.4 cm (34 13/16 in.)
cma	1976.114	home	seating	"Chair
"	Overall						96.5	56.5	50.2		Overall: 96.5 x 56.5 x 50.2 cm (38 x 22 1/4 x 19 3/4 in.)
cma	1942.610.2	home	seating	Chair, Sgabello type	Overall						100.3	33.7	44.2		Overall: 100.3 x 33.7 x 44.2 cm (39 1/2 x 13 1/4 x 17 3/8 in.)
cma	2006.138	home	seating	Prestige stool (Kuo fo)	Overall						51.0	38.0	43.0		Overall: 51 x 38 x 43 cm (20 1/16 x 14 15/16 x 16 15/16 in.)
cma	1929.320	home	seating	Stool	Diameter						39.1				Diameter: 39.1 cm (15 3/8 in.); Overall: 28.6 cm (11 1/4 in.)
cma	1929.320	home	seating	Stool	Overall						28.6				Diameter: 39.1 cm (15 3/8 in.); Overall: 28.6 cm (11 1/4 in.)
cma	1954.385.2	home	seating	Stool	Overall						44.8	71.7	51.5		Overall: 44.8 x 71.7 x 51.5 cm (17 5/8 x 28 1/4 x 20 1/4 in.)
cma	1929.345	home	seating	Stool	Diameter						26.8				Diameter: 26.8 cm (10 9/16 in.); Overall: 27 cm (10 5/8 in.)
cma	1929.345	home	seating	Stool	Overall						27.0				Diameter: 26.8 cm (10 9/16 in.); Overall: 27 cm (10 5/8 in.)
cma	1918.418	home	seating	Fragment of Garden Stool with Openwork Design	Overall						27.5	20.3			Overall: 27.5 x 20.3 cm (10 13/16 x 8 in.)
cma	1954.385.1	home	seating	Stool	Overall						44.8	71.5	51.6		Overall: 44.8 x 71.5 x 51.6 cm (17 5/8 x 28 1/8 x 20 5/16 in.)
cma	2012.33.c	home	seating	Seated Lord with Removable Headdress: Stool	Overall						21.0				Overall: 21 cm (8 1/4 in.)
cma	1998.115	home	seating	Hunchback Seated on a Stool	Overall						25.0	19.0	25.1		Overall: 25 x 19 x 25.1 cm (9 13/16 x 7 1/2 x 9 7/8 in.)
cma	1954.385	home	seating	Pair of Stools	Overall						44.8	71.5	51.6		Overall: 44.8 x 71.5 x 51.6 cm (17 5/8 x 28 1/8 x 20 5/16 in.)
cma	1969.9	home	seating	Caryatid Stool	Overall						43.8				Overall: 43.8 cm (17 1/4 in.)
cma	1989.162.1	home	seating	Stool	Overall						47.3	48.4			Overall: 47.3 x 48.4 cm (18 5/8 x 19 1/16 in.)
cma	1989.162.2	home	seating	Stool	Overall						47.8	48.4			Overall: 47.8 x 48.4 cm (18 13/16 x 19 1/16 in.)
cma	1975.189	home	seating	Stool	Overall						35.0				Overall: 35 cm (13 3/4 in.)
cma	1982.262.1	home	seating	Stool	Overall						50.8	48.3	48.3		50.8 x 48.3 x 48.3 cm (20 x 19 x 19 in.)
cma	1982.114.1	home	seating	Stool (1 of 2)	Overall						48.3	48.3	48.3		Overall: 48.3 x 48.3 x 48.3 cm (19 x 19 x 19 in.)
cma	1982.114.2	home	seating	Stool (2 of 2)	Overall						48.3	48.3	48.3		Overall: 48.3 x 48.3 x 48.3 cm (19 x 19 x 19 in.)
cma	1982.262.2	home	seating	Stool	Overall						50.8	48.3	48.3		50.8 x 48.3 x 48.3 cm (20 x 19 x 19 in.)
cma	1914.805	home	seating	Child's Stool	Overall						20.3	20.2	23.0		Overall: 20.3 x 20.2 x 23 cm (8 x 7 15/16 x 9 1/16 in.)
cma	1960.102.2	home	seating	Chaise Lounge (Stool)	Part 2						67.7	83.2	78.8		Part 2: 67.7 x 83.2 x 78.8 cm (26 5/8 x 32 3/4 x 31 in.)
cma	1989.162	home	seating	Stools	Overall						47.3	48.4			Overall: 47.3 x 48.4 cm (18 5/8 x 19 1/16 in.)
cma	1982.114	home	seating	Pair of Stools	Overall						48.3	48.3	48.3		Overall: 48.3 x 48.3 x 48.3 cm (19 x 19 x 19 in.)
cma	1982.262	home	seating	Pair of Stools	Overall						50.8	48.3	48.3		Overall: 50.8 x 48.3 x 48.3 cm (20 x 19 x 19 in.)
cma	1971.28	home	seating	Bench	Overall						75.0	118.1	40.7		Overall: 75 x 118.1 x 40.7 cm (29 1/2 x 46 1/2 x 16 in.)
cma	1991.45	home	tables_boards	Tea Table	Overall						71.5	67.1	41.3		Overall: 71.5 x 67.1 x 41.3 cm (28 1/8 x 26 7/16 x 16 1/4 in.)
cma	1924.859	home	tables_boards	Table Fountain	Overall						33.8	25.4	26.0		Overall: 33.8 x 25.4 x 26 cm (13 5/16 x 10 x 10 1/4 in.)
cma	1966.480	home	tables_boards	Miniature Table with Compass	Overall						5.6	4.2			Overall: 5.6 x 4.2 cm (2 3/16 x 1 5/8 in.)
cma	1964.229	home	tables_boards	Side Table	Overall						86.4	199.4	41.9		Overall: 86.4 x 199.4 x 41.9 cm (34 x 78 1/2 x 16 1/2 in.)
cma	1955.42	home	tables_boards	Side Table with Everted Ends	Overall						88.0	51.8			Overall: 88 x 51.8 cm (34 5/8 x 20 3/8 in.)
cma	1914.655	home	tables_boards	Offering Table	Overall						34.6	35.2	7.2		Overall: 34.6 x 35.2 x 7.2 cm (13 5/8 x 13 7/8 x 2 13/16 in.)
cma	1958.429	home	tables_boards	Writing Table with Pine, Bamboo, and Plum	height						10.2				height: 10.2 cm (4 in.); width: 58.4 cm (23 in.); depth: 36.9 cm (14 1/2 in.)
cma	1958.429	home	tables_boards	Writing Table with Pine, Bamboo, and Plum	width						58.4				height: 10.2 cm (4 in.); width: 58.4 cm (23 in.); depth: 36.9 cm (14 1/2 in.)
cma	1958.429	home	tables_boards	Writing Table with Pine, Bamboo, and Plum	depth						36.9				height: 10.2 cm (4 in.); width: 58.4 cm (23 in.); depth: 36.9 cm (14 1/2 in.)
cma	2020.199	home	tables_boards	Globe Work Table (Globustisch)	Overall						90.2	45.5			Overall: 90.2 x 45.5 cm (35 1/2 x 17 15/16 in.)
cma	2018.281	home	tables_boards	Peacock Table Lamp	Diameter						48.0				Diameter: 48 cm (18 7/8 in.); Overall: 65 cm (25 9/16 in.)
cma	2018.281	home	tables_boards	Peacock Table Lamp	Overall						65.0				Diameter: 48 cm (18 7/8 in.); Overall: 65 cm (25 9/16 in.)
cma	1977.168	home	tables_boards	Dressing Table Mirror	Overall						32.1	33.0	18.6		Overall: 32.1 x 33 x 18.6 cm (12 5/8 x 13 x 7 5/16 in.)
cma	1987.53	home	tables_boards	Center Table	Overall						76.5	122.0	76.2		Overall: 76.5 x 122 x 76.2 cm (30 1/8 x 48 1/16 x 30 in.)
cma	1964.228	home	tables_boards	Low Table (kang zhuo) with Dragons in Clouds	Overall						29.0	97.2	69.2		Overall: 29 x 97.2 x 69.2 cm (11 7/16 x 38 1/4 x 27 1/4 in.)
cma	1981.65	home	tables_boards	Pier Table	Overall						91.5	105.4	57.1		Overall: 91.5 x 105.4 x 57.1 cm (36 x 41 1/2 x 22 1/2 in.)
cma	2020.199.a	home	tables_boards	Globe Sewing Table (Globustisch)	Overall						90.2	45.5			Overall: 90.2 x 45.5 cm (35 1/2 x 17 15/16 in.)
cma	2018.263	home	tables_boards	Daffodil Table Lamp	Shade						23.2	49.3	49.3		Shade: 23.2 x 49.3 x 49.3 cm (9 1/8 x 19 7/16 x 19 7/16 in.)
cma	1955.50	home	tables_boards	Herakles Epitrapezios (Hercules on/at the Table)	Overall						48.3	19.5	26.7		Overall: 48.3 x 19.5 x 26.7 cm (19 x 7 11/16 x 10 1/2 in.)
cma	1999.120.2	home	tables_boards	Folding Table (Che-Sang) for Memorial Service	Overall						97.5	116.0	82.5		Overall: 97.5 x 116 x 82.5 cm (38 3/8 x 45 11/16 x 32 1/2 in.)
cma	2020.199.e	home	tables_boards	Drawer for a Globe Work Table (Globustisch)	Overall						6.9	15.4	8.3		Overall: 6.9 x 15.4 x 8.3 cm (2 11/16 x 6 1/16 x 3 1/4 in.)
cma	2026.4	home	tables_boards	Hexafoil-Shaped Table with Mother-of-Pearl Inlay	Overall						42.5	26.4	20.6		42.5 x 26.4 x 20.6 cm (16 3/4 x 10 3/8 x 8 1/8 in.)
cma	1984.39	home	tables_boards	Center Table	Overall						74.9	143.2	90.8		Overall: 74.9 x 143.2 x 90.8 cm (29 1/2 x 56 3/8 x 35 3/4 in.)
cma	2008.6	home	tables_boards	Console Table	Overall						92.0	202.0	69.5		Overall: 92 x 202 x 69.5 cm (36 1/4 x 79 1/2 x 27 3/8 in.)
cma	1922.73	home	tables_boards	Table	Overall						91.5	148.6	49.5		Overall: 91.5 x 148.6 x 49.5 cm (36 x 58 1/2 x 19 1/2 in.)
cma	2020.199.h	home	tables_boards	Concealed Drawer for a Globe Work Table (Globustisch)	Overall						5.3	5.3	5.5		Overall: 5.3 x 5.3 x 5.5 cm (2 1/16 x 2 1/16 x 2 3/16 in.)
cma	1987.52	home	tables_boards	Card Table	Overall						75.0	90.2	45.1		Overall: 75 x 90.2 x 45.1 cm (29 1/2 x 35 1/2 x 17 3/4 in.)
cma	1968.31	home	tables_boards	Console Table Depicting Chronos, or Father Time	Overall						95.3	107.3	62.9		Overall: 95.3 x 107.3 x 62.9 cm (37 1/2 x 42 1/4 x 24 3/4 in.)
cma	2020.199.i	home	tables_boards	Concealed Drawer for a Globe Work Table (Globustisch)	Overall						5.3	5.3	5.5		Overall: 5.3 x 5.3 x 5.5 cm (2 1/16 x 2 1/16 x 2 3/16 in.)
cma	2020.199.c	home	tables_boards	Divided Tray for a Globe Work Table (Globustisch)	Overall						5.7	16.5	14.8		Overall: 5.7 x 16.5 x 14.8 cm (2 1/4 x 6 1/2 x 5 13/16 in.)
cma	1981.65.a	home	tables_boards	Pier Table	Overall						91.5	105.4	57.1		Overall: 91.5 x 105.4 x 57.1 cm (36 x 41 1/2 x 22 1/2 in.)
cma	2018.275	home	tables_boards	Poppy Filigree Table Lamp	height						58.5	42.0			height: 58.5 x 42 cm (23 1/16 x 16 9/16 in.); Shade diameter: 42 cm (16 9/16 in.)
cma	2018.275	home	tables_boards	Poppy Filigree Table Lamp	Shade diameter						42.0				height: 58.5 x 42 cm (23 1/16 x 16 9/16 in.); Shade diameter: 42 cm (16 9/16 in.)
cma	2020.199.f	home	tables_boards	Concealed Drawer for a Globe Work Table (Globustisch)	Overall						5.3	8.5	6.0		Overall: 5.3 x 8.5 x 6 cm (2 1/16 x 3 3/8 x 2 3/8 in.)
cma	2020.199.g	home	tables_boards	Concealed Drawer for a Globe Sewing Table (Globustisch)	Overall						5.3	8.6	5.5		Overall: 5.3 x 8.6 x 5.5 cm (2 1/16 x 3 3/8 x 2 3/16 in.)
cma	1981.75	home	tables_boards	Work Table	Overall						69.9	51.5	40.0		Overall: 69.9 x 51.5 x 40 cm (27 1/2 x 20 1/4 x 15 3/4 in.)
cma	2020.199.d	home	tables_boards	Divided Tray for a Globe Work Table (Globustisch)	Overall						5.7	17.5	6.6		Overall: 5.7 x 17.5 x 6.6 cm (2 1/4 x 6 7/8 x 2 5/8 in.)
cma	2020.199.b	home	tables_boards	Mirrored Partition for a Globe Work Table (Globustisch)	Overall						11.0	20.0	8.1		Overall: 11 x 20 x 8.1 cm (4 5/16 x 7 7/8 x 3 3/16 in.)
cma	2018.265	home	tables_boards	Bamboo Table Lamp	Overall						59.7				Overall: 59.7 cm (23 1/2 in.); Shade diameter: 40.6 cm (16 in.)
cma	2018.265	home	tables_boards	Bamboo Table Lamp	Shade diameter						40.6				Overall: 59.7 cm (23 1/2 in.); Shade diameter: 40.6 cm (16 in.)
cma	2018.274	home	tables_boards	Peony Table Lamp	Overall						61.0				Overall: 61 cm (24 in.); Diameter of base: 9.5 cm (3 3/4 in.); width of shade: 45.7 cm (18 in.); with shade: 61 cm (24 in.)
cma	2018.274	home	tables_boards	Peony Table Lamp	Diameter of base						9.5				Overall: 61 cm (24 in.); Diameter of base: 9.5 cm (3 3/4 in.); width of shade: 45.7 cm (18 in.); with shade: 61 cm (24 in.)
cma	2018.274	home	tables_boards	Peony Table Lamp	width of shade						45.7				Overall: 61 cm (24 in.); Diameter of base: 9.5 cm (3 3/4 in.); width of shade: 45.7 cm (18 in.); with shade: 61 cm (24 in.)
cma	2018.274	home	tables_boards	Peony Table Lamp	with shade						61.0				Overall: 61 cm (24 in.); Diameter of base: 9.5 cm (3 3/4 in.); width of shade: 45.7 cm (18 in.); with shade: 61 cm (24 in.)
cma	2018.277	home	tables_boards	Spider and Web Table Lamp	Diameter						38.2				Diameter: 38.2 cm (15 1/16 in.); Overall: 45 cm (17 11/16 in.)
cma	2018.277	home	tables_boards	Spider and Web Table Lamp	Overall						45.0				Diameter: 38.2 cm (15 1/16 in.); Overall: 45 cm (17 11/16 in.)
cma	2018.266	home	tables_boards	Pansy Border Table Lamp	Overall						40.6				Overall: 40.6 cm (16 in.); Diameter: 40.6 cm (16 in.)
cma	2018.266	home	tables_boards	Pansy Border Table Lamp	Diameter						40.6				Overall: 40.6 cm (16 in.); Diameter: 40.6 cm (16 in.)
cma	2018.283	home	tables_boards	Woodbine Table Lamp	height						55.5				height: 55.5 cm (21 7/8 in.); Shade diameter: 40.5 cm (15 15/16 in.)
cma	2018.283	home	tables_boards	Woodbine Table Lamp	Shade diameter						40.5				height: 55.5 cm (21 7/8 in.); Shade diameter: 40.5 cm (15 15/16 in.)
cma	1964.231	home	tables_boards	Table Top Cupboard: Gui	Overall						83.8	43.2			Overall: 83.8 x 43.2 cm (33 x 17 in.)
cma	1997.124.1	home	tables_boards	Cupboard of a Double Cabinet	Overall						152.4	89.5	41.9		Overall: 152.4 x 89.5 x 41.9 cm (60 x 35 1/4 x 16 1/2 in.)
cma	1997.124.1.a	home	tables_boards	Door Pin for Cupboard of a Double Cabinet	Overall						10.5	1.6	0.4		10.5 x 1.6 x 0.4 cm (4 1/8 x 5/8 x 3/16 in.)
cma	1984.177	home	case_furniture	Cabinet	Overall						224.5	141.0	55.3		Overall: 224.5 x 141 x 55.3 cm (88 3/8 x 55 1/2 x 21 3/4 in.)
cma	1949.539	home	case_furniture	Cabinet	Overall						101.3	117.6	50.0		Overall: 101.3 x 117.6 x 50 cm (39 7/8 x 46 5/16 x 19 11/16 in.)
cma	1949.539.a	home	case_furniture	Cabinet	Overall						101.3	117.6	50.0		Overall: 101.3 x 117.6 x 50 cm (39 7/8 x 46 5/16 x 19 11/16 in.)
cma	1976.53	home	case_furniture	Cabinet	Overall						130.8	162.5	58.4		Overall: 130.8 x 162.5 x 58.4 cm (51 1/2 x 64 x 23 in.)
cma	1949.539.r	home	case_furniture	Interior Drawer for Cabinet	Overall						8.9	26.4	37.5		Overall: 8.9 x 26.4 x 37.5 cm (3 1/2 x 10 3/8 x 14 3/4 in.)
cma	1949.539.n	home	case_furniture	Drawer for Cabinet	Overall						6.0	29.2	43.2		Overall: 6 x 29.2 x 43.2 cm (2 3/8 x 11 1/2 x 17 in.)
cma	1949.539.q	home	case_furniture	Interior Drawer for Cabinet	Overall						8.9	26.4	37.5		Overall: 8.9 x 26.4 x 37.5 cm (3 1/2 x 10 3/8 x 14 3/4 in.)
cma	1949.539.m	home	case_furniture	Drawer for Cabinet	Overall						6.0	29.2	43.2		Overall: 6 x 29.2 x 43.2 cm (2 3/8 x 11 1/2 x 17 in.)
cma	1949.539.d	home	case_furniture	Side Drawer for Cabinet	Overall						12.7	28.1	42.5		Overall: 12.7 x 28.1 x 42.5 cm (5 x 11 1/16 x 16 3/4 in.)
cma	1949.539.j	home	case_furniture	Side Drawer for Cabinet	Overall						12.7	28.1	42.5		Overall: 12.7 x 28.1 x 42.5 cm (5 x 11 1/16 x 16 3/4 in.)
cma	1949.539.o	home	case_furniture	Center Drawer for Cabinet	Overall						8.9	29.2	41.9		Overall: 8.9 x 29.2 x 41.9 cm (3 1/2 x 11 1/2 x 16 1/2 in.)
cma	1949.539.k	home	case_furniture	Side Drawer for Cabinet	Overall						12.7	28.1	42.5		Overall: 12.7 x 28.1 x 42.5 cm (5 x 11 1/16 x 16 3/4 in.)
cma	1949.539.l	home	case_furniture	Side Drawer for Cabinet	Overall						12.7	28.1	42.5		Overall: 12.7 x 28.1 x 42.5 cm (5 x 11 1/16 x 16 3/4 in.)
cma	1949.539.p	home	case_furniture	Interior Drawer for Cabinet	Overall						8.9	26.4	37.5		Overall: 8.9 x 26.4 x 37.5 cm (3 1/2 x 10 3/8 x 14 3/4 in.)
cma	1949.539.s	home	case_furniture	Interior Drawer for Cabinet	Overall						8.9	26.4	37.5		Overall: 8.9 x 26.4 x 37.5 cm (3 1/2 x 10 3/8 x 14 3/4 in.)
cma	1949.539.f	home	case_furniture	Side Drawer for Cabinet	Overall						12.7	28.1	42.5		Overall: 12.7 x 28.1 x 42.5 cm (5 x 11 1/16 x 16 3/4 in.)
cma	1949.539.g	home	case_furniture	Side Drawer for Cabinet	Overall						12.7	28.1	42.5		Overall: 12.7 x 28.1 x 42.5 cm (5 x 11 1/16 x 16 3/4 in.)
cma	1949.539.c	home	case_furniture	Side Drawer for Cabinet	Overall						12.7	28.1	42.5		Overall: 12.7 x 28.1 x 42.5 cm (5 x 11 1/16 x 16 3/4 in.)
cma	1949.539.i	home	case_furniture	Side Drawer for Cabinet	Overall						12.7	28.1	42.5		Overall: 12.7 x 28.1 x 42.5 cm (5 x 11 1/16 x 16 3/4 in.)
cma	1949.539.b	home	case_furniture	Marble Top for Cabinet	Overall						117.5	51.0			Overall: 117.5 x 51 cm (46 1/4 x 20 1/16 in.)
cma	1949.539.e	home	case_furniture	Side Drawer for Cabinet	Overall						12.7	28.1	42.5		Overall: 12.7 x 28.1 x 42.5 cm (5 x 11 1/16 x 16 3/4 in.)
cma	1949.539.h	home	case_furniture	Side Drawer for Cabinet	Overall						12.7	28.1	42.5		Overall: 12.7 x 28.1 x 42.5 cm (5 x 11 1/16 x 16 3/4 in.)
cma	2009.77	home	case_furniture	Cabinet Clock	Overall						16.5	8.9			Overall: 16.5 x 8.9 cm (6 1/2 x 3 1/2 in.)
cma	2010.238	home	case_furniture	Cabinet Plate	Overall						2.5	22.8			Overall: 2.5 x 22.8 cm (1 x 9 in.)
cma	2019.80	home	case_furniture	The Gentleman and Cabinet-Maker's Director	Overall						47.9	30.5	6.0		47.9 x 30.5 x 6 cm (18 7/8 x 12 x 2 3/8 in.)
cma	2012.117	home	case_furniture	Corner Cabinet (Étagère)	Overall						191.8	67.3	48.3		Overall: 191.8 x 67.3 x 48.3 cm (75 1/2 x 26 1/2 x 19 in.)
cma	1951.115.2	home	case_furniture	Corner Cabinet	Overall						88.0	82.9			Overall: 88 x 82.9 cm (34 5/8 x 32 5/8 in.)
cma	1951.115.1	home	case_furniture	Corner Cabinet	Overall						88.0	82.9			Overall: 88 x 82.9 cm (34 5/8 x 32 5/8 in.)
cma	1997.124	home	case_furniture	Double Cabinet	Overall						152.4	89.5	41.9		Overall: 152.4 x 89.5 x 41.9 cm (60 x 35 1/4 x 16 1/2 in.); Pin: 10.5 x 1.6 x 0.4 cm (4 1/8 x 5/8 x 3/16 in.)
cma	1997.124	home	case_furniture	Double Cabinet	Pin						10.5	1.6	0.4		Overall: 152.4 x 89.5 x 41.9 cm (60 x 35 1/4 x 16 1/2 in.); Pin: 10.5 x 1.6 x 0.4 cm (4 1/8 x 5/8 x 3/16 in.)
cma	1939.188	home	case_furniture	Credenza	Overall						127.6	152.4	54.3		Overall: 127.6 x 152.4 x 54.3 cm (50 1/4 x 60 x 21 3/8 in.)
cma	1939.185	home	case_furniture	Credenza	Overall						130.2	155.6	62.2		Overall: 130.2 x 155.6 x 62.2 cm (51 1/4 x 61 1/4 x 24 1/2 in.)
cma	1926.215	home	cradles_beds	Fragment of a Bed Curtain	Overall						36.5	40.0			Overall: 36.5 x 40 cm (14 3/8 x 15 3/4 in.)
cma	2006.2.2	home	cradles_beds	Needlework Bed Hanging in the Bizarre style (right half)	Overall						182.6	83.2			Overall: 182.6 x 83.2 cm (71 7/8 x 32 3/4 in.)
cma	1941.21.a	home	cradles_beds	Lace Bed Canopy	Average						209.6	241.3			Average: 209.6 x 241.3 cm (82 1/2 x 95 in.)
cma	2006.2.1	home	cradles_beds	Needlework Bed Hanging in the Bizarre style (left half)	Overall						83.2				Overall: 83.2 cm (32 3/4 in.)
cma	2006.2	home	cradles_beds	Pair of Needlework Bed Hangings in the Bizarre Style	Overall						82.5				Overall: 82.5 cm (32 1/2 in.)
cma	2023.103	home	cradles_beds	Votive Plaque (Pinax) with Persephone Making her Bridal Bed	height						17.1				height: 17.1 cm (6 3/4 in.)
cma	1954.778	home	cradles_beds	Bed Rug	Average						235.6	207.6			Average: 235.6 x 207.6 cm (92 3/4 x 81 3/4 in.)
cma	2008.2.190.a	home	cradles_beds	Fol. 190r,Tobit, historiated initial T, Tobit sleeping on a 	Overall						35.6	24.2			Overall: 35.6 x 24.2 cm (14 x 9 1/2 in.)
cma	1916.1315	home	cradles_beds	Bed Curtain	Overall						227.3	118.2			Overall: 227.3 x 118.2 cm (89 1/2 x 46 9/16 in.)
cma	1954.151	home	cradles_beds	Bed	Overall						213.4				Overall: 213.4 cm (84 in.); Part 1: 163.2 x 147.3 cm (64 1/4 x 58 in.); Part 2: 132.7 x 147.3 cm (52 1/4 x 58 in.)
cma	1954.151	home	cradles_beds	Bed	Part 1						163.2	147.3			Overall: 213.4 cm (84 in.); Part 1: 163.2 x 147.3 cm (64 1/4 x 58 in.); Part 2: 132.7 x 147.3 cm (52 1/4 x 58 in.)
cma	1954.151	home	cradles_beds	Bed	Part 2						132.7	147.3			Overall: 213.4 cm (84 in.); Part 1: 163.2 x 147.3 cm (64 1/4 x 58 in.); Part 2: 132.7 x 147.3 cm (52 1/4 x 58 in.)
cma	1922.42	home	cradles_beds	Portion of a Bed Tent	Overall						97.8	32.1			Overall: 97.8 x 32.1 cm (38 1/2 x 12 5/8 in.)
cma	1926.218	home	cradles_beds	Fragment of a Bed Curtain	Overall						78.7	69.3			Overall: 78.7 x 69.3 cm (31 x 27 5/16 in.)
cma	1926.223	home	cradles_beds	Fragment of a Bed Curtain	Overall						47.0	36.2			Overall: 47 x 36.2 cm (18 1/2 x 14 1/4 in.)
cma	1933.414	home	cradles_beds	Portion of a Bed Tent	Overall						212.4	38.8			Overall: 212.4 x 38.8 cm (83 5/8 x 15 1/4 in.)
cma	1927.373	home	cradles_beds	Portion of a Bed Sheet or Valance	Overall						54.6	42.0			Overall: 54.6 x 42 cm (21 1/2 x 16 9/16 in.)
cma	1984.1047	home	cradles_beds	Cradle or Baby Carrier	Overall						24.1	25.4	85.7		Overall: 24.1 x 25.4 x 85.7 cm (9 1/2 x 10 x 33 3/4 in.)
cma	1917.426	home	cradles_beds	Cradle Basket	Overall						17.8	73.7			Overall: 17.8 x 73.7 cm (7 x 29 in.)
cma	1991.3	home	tapestries	Tapestry with golden lions and palmettes	Overall						63.5	34.7			Overall: 63.5 x 34.7 cm (25 x 13 11/16 in.); Mounted: 73.7 x 45.7 cm (29 x 18 in.)
cma	1991.3	home	tapestries	Tapestry with golden lions and palmettes	Mounted						73.7	45.7			Overall: 63.5 x 34.7 cm (25 x 13 11/16 in.); Mounted: 73.7 x 45.7 cm (29 x 18 in.)
cma	1951.89	home	tapestries	Tapestry with lattice of animals in medallions	Overall						14.6	14.3			Overall: 14.6 x 14.3 cm (5 3/4 x 5 5/8 in.); Mounted: 21.3 x 20 cm (8 3/8 x 7 7/8 in.)
cma	1951.89	home	tapestries	Tapestry with lattice of animals in medallions	Mounted						21.3	20.0			Overall: 14.6 x 14.3 cm (5 3/4 x 5 5/8 in.); Mounted: 21.3 x 20 cm (8 3/8 x 7 7/8 in.)
cma	1916.1337	home	tapestries	Tapestry	Overall						213.4	228.6			Overall: 213.4 x 228.6 cm (84 x 90 in.)
cma	1942.824	home	tapestries	Millefleurs Tapestry with Medici Coat of Arms	Overall						274.2	652.8			Overall: 274.2 x 652.8 cm (107 15/16 x 257 in.)
cma	1985.7	home	tapestries	Two Tapestry-woven Panel Fragments	Overall						88.0	51.0			Overall: 88 x 51 cm (34 5/8 x 20 1/16 in.); Mounted: 99.1 x 63.5 cm (39 x 25 in.)
cma	1985.7	home	tapestries	Two Tapestry-woven Panel Fragments	Mounted						99.1	63.5			Overall: 88 x 51 cm (34 5/8 x 20 1/16 in.); Mounted: 99.1 x 63.5 cm (39 x 25 in.)
cma	1991.223	home	tapestries	Tapestry Fragment	Overall						40.0	16.2			Overall: 40 x 16.2 cm (15 3/4 x 6 3/8 in.); Mounted: 49.5 x 16.2 cm (19 1/2 x 6 3/8 in.)
cma	1991.223	home	tapestries	Tapestry Fragment	Mounted						49.5	16.2			Overall: 40 x 16.2 cm (15 3/4 x 6 3/8 in.); Mounted: 49.5 x 16.2 cm (19 1/2 x 6 3/8 in.)
cma	1992.103	home	tapestries	Tapestry Panel	Overall						115.0	54.3			Overall: 115 x 54.3 cm (45 1/4 x 21 3/8 in.); Mounted: 124.5 x 64.8 cm (49 x 25 1/2 in.)
cma	1992.103	home	tapestries	Tapestry Panel	Mounted						124.5	64.8			Overall: 115 x 54.3 cm (45 1/4 x 21 3/8 in.); Mounted: 124.5 x 64.8 cm (49 x 25 1/2 in.)
cma	1957.495	home	tapestries	Tapestry Square Panel	Average						39.4	38.1			Average: 39.4 x 38.1 cm (15 1/2 x 15 in.)
cma	1916.1334	home	tapestries	Tapestry	Overall						198.1	66.0			Overall: 198.1 x 66 cm (78 x 26 in.)
cma	1950.3	home	tapestries	Tapestry Border	Overall						93.5	7.5			Overall: 93.5 x 7.5 cm (36 13/16 x 2 15/16 in.)
cma	1960.288	home	kitchen_metal	Tripod Cauldron (Ding)	Overall						14.3	12.5			Overall: 14.3 x 12.5 cm (5 5/8 x 4 15/16 in.)
cma	1992.64	home	kitchen_metal	Ritual Cauldron	Diameter						29.9				Diameter: 29.9 cm (11 3/4 in.); Overall: 16.5 x 30.2 cm (6 1/2 x 11 7/8 in.)
cma	1992.64	home	kitchen_metal	Ritual Cauldron	Overall						16.5	30.2			Diameter: 29.9 cm (11 3/4 in.); Overall: 16.5 x 30.2 cm (6 1/2 x 11 7/8 in.)
cma	1996.312	home	kitchen_metal	Cauldron Ornament	Overall						23.2				Overall: 23.2 cm (9 1/8 in.)
cma	1916.1189	home	kitchen_metal	Cauldron on High Rounded Foot	Overall						19.8				Overall: 19.8 cm (7 13/16 in.)
cma	1980.11	home	kitchen_metal	Kettle with Crane Design	Diameter						30.4				Diameter: 30.4 cm (11 15/16 in.); Diameter of mouth: 18.6 cm (7 5/16 in.); Overall: 18.2 cm (7 3/16 in.); with handle: 31.5 cm (12 3/8 in.)
cma	1980.11	home	kitchen_metal	Kettle with Crane Design	Diameter of mouth						18.6				Diameter: 30.4 cm (11 15/16 in.); Diameter of mouth: 18.6 cm (7 5/16 in.); Overall: 18.2 cm (7 3/16 in.); with handle: 31.5 cm (12 3/8 in.)
cma	1980.11	home	kitchen_metal	Kettle with Crane Design	Overall						18.2				Diameter: 30.4 cm (11 15/16 in.); Diameter of mouth: 18.6 cm (7 5/16 in.); Overall: 18.2 cm (7 3/16 in.); with handle: 31.5 cm (12 3/8 in.)
cma	1980.11	home	kitchen_metal	Kettle with Crane Design	with handle						31.5				Diameter: 30.4 cm (11 15/16 in.); Diameter of mouth: 18.6 cm (7 5/16 in.); Overall: 18.2 cm (7 3/16 in.); with handle: 31.5 cm (12 3/8 in.)
cma	1980.11.a	home	kitchen_metal	Kettle with Crane Design	Diameter						30.4				Diameter: 30.4 cm (11 15/16 in.); Diameter of mouth: 18.6 cm (7 5/16 in.); Overall: 18.2 cm (7 3/16 in.); with handle: 31.5 cm (12 3/8 in.)
cma	1980.11.a	home	kitchen_metal	Kettle with Crane Design	Diameter of mouth						18.6				Diameter: 30.4 cm (11 15/16 in.); Diameter of mouth: 18.6 cm (7 5/16 in.); Overall: 18.2 cm (7 3/16 in.); with handle: 31.5 cm (12 3/8 in.)
cma	1980.11.a	home	kitchen_metal	Kettle with Crane Design	Overall						18.2				Diameter: 30.4 cm (11 15/16 in.); Diameter of mouth: 18.6 cm (7 5/16 in.); Overall: 18.2 cm (7 3/16 in.); with handle: 31.5 cm (12 3/8 in.)
cma	1980.11.a	home	kitchen_metal	Kettle with Crane Design	with handle						31.5				Diameter: 30.4 cm (11 15/16 in.); Diameter of mouth: 18.6 cm (7 5/16 in.); Overall: 18.2 cm (7 3/16 in.); with handle: 31.5 cm (12 3/8 in.)
cma	1980.11.b	home	kitchen_metal	Kettle with Crane Design (lid)	Diameter						30.4				Diameter: 30.4 cm (11 15/16 in.); Diameter of mouth: 18.6 cm (7 5/16 in.); Overall: 18.2 cm (7 3/16 in.); with handle: 31.5 cm (12 3/8 in.)
cma	1980.11.b	home	kitchen_metal	Kettle with Crane Design (lid)	Diameter of mouth						18.6				Diameter: 30.4 cm (11 15/16 in.); Diameter of mouth: 18.6 cm (7 5/16 in.); Overall: 18.2 cm (7 3/16 in.); with handle: 31.5 cm (12 3/8 in.)
cma	1980.11.b	home	kitchen_metal	Kettle with Crane Design (lid)	Overall						18.2				Diameter: 30.4 cm (11 15/16 in.); Diameter of mouth: 18.6 cm (7 5/16 in.); Overall: 18.2 cm (7 3/16 in.); with handle: 31.5 cm (12 3/8 in.)
cma	1980.11.b	home	kitchen_metal	Kettle with Crane Design (lid)	with handle						31.5				Diameter: 30.4 cm (11 15/16 in.); Diameter of mouth: 18.6 cm (7 5/16 in.); Overall: 18.2 cm (7 3/16 in.); with handle: 31.5 cm (12 3/8 in.)
cma	1976.23	home	kitchen_metal	Kettle	Overall						28.6	25.7			Overall: 28.6 x 25.7 cm (11 1/4 x 10 1/8 in.)
cma	1955.558	home	kitchen_metal	Covered Tea Kettle	Overall						22.9	12.7			Overall: 22.9 x 12.7 cm (9 x 5 in.)
cma	1955.558.b	home	kitchen_metal	Cover for Tea Kettle	Overall						22.9	12.7			Overall: 22.9 x 12.7 cm (9 x 5 in.)
cma	1955.558.a	home	kitchen_metal	Covered Tea Kettle	Overall						22.9	12.7			Overall: 22.9 x 12.7 cm (9 x 5 in.)
cma	1951.444	home	kitchen_metal	Mortar	Overall						12.4	14.6			Overall: 12.4 x 14.6 cm (4 7/8 x 5 3/4 in.)
cma	1957.494.a	home	kitchen_metal	Feline Mortar	Overall						5.8	11.0			Overall: 5.8 x 11 cm (2 5/16 x 4 5/16 in.)
cma	1978.28	home	kitchen_metal	Snuff Mortar (Tesa Ya Ma Kanya)	Overall						22.5	8.4	13.8		Overall: 22.5 x 8.4 x 13.8 cm (8 7/8 x 3 5/16 x 5 7/16 in.)
cma	1957.494	home	kitchen_metal	Feline Mortar and Pestle	Overall						5.8	11.0			Overall: 5.8 x 11 cm (2 5/16 x 4 5/16 in.)
cma	1992.190	home	kitchen_metal	Mortar	Diameter						23.0				Diameter: 23 cm (9 1/16 in.); Overall: 16.2 cm (6 3/8 in.); Diameter of rim: 16.5 cm (6 1/2 in.)
cma	1992.190	home	kitchen_metal	Mortar	Overall						16.2				Diameter: 23 cm (9 1/16 in.); Overall: 16.2 cm (6 3/8 in.); Diameter of rim: 16.5 cm (6 1/2 in.)
cma	1992.190	home	kitchen_metal	Mortar	Diameter of rim						16.5				Diameter: 23 cm (9 1/16 in.); Overall: 16.2 cm (6 3/8 in.); Diameter of rim: 16.5 cm (6 1/2 in.)
cma	1940.588	home	kitchen_metal	Mortar	Overall						24.5	31.8	31.0		Overall: 24.5 x 31.8 x 31 cm (9 5/8 x 12 1/2 x 12 3/16 in.)
met	04.3.36	core	crossbows_archery		Other Weight									2972.0	L. 28 1/16 in. (71.2 cm); W. 25 5/8 in. (65 cm); Wt. 6 lb. 9 oz. (2972 g)
met	04.3.36	core	crossbows_archery		Other Width		65.41								L. 28 1/16 in. (71.2 cm); W. 25 5/8 in. (65 cm); Wt. 6 lb. 9 oz. (2972 g)
met	04.3.36	core	crossbows_archery		Other Length			71.76							L. 28 1/16 in. (71.2 cm); W. 25 5/8 in. (65 cm); Wt. 6 lb. 9 oz. (2972 g)
met	04.3.53a, b	core	daggers_european		Other Weight (without scabbard)									454.0	L. (without scabbard) 23 1/2 in. (59.7 cm); L. of blade 18 5/8 in. (47.29 cm);  W. of blade 7/16 in. (1.1 cm); L. of quillon 10 1/4 in. (26 cm); W. of ricasso 1
met	04.3.53a, b	core	daggers_european		Other Gr. thickness of blade										L. (without scabbard) 23 1/2 in. (59.7 cm); L. of blade 18 5/8 in. (47.29 cm);  W. of blade 7/16 in. (1.1 cm); L. of quillon 10 1/4 in. (26 cm); W. of ricasso 1
met	04.3.53a, b	core	daggers_european		Other Gr. width of blade proper		1.09								L. (without scabbard) 23 1/2 in. (59.7 cm); L. of blade 18 5/8 in. (47.29 cm);  W. of blade 7/16 in. (1.1 cm); L. of quillon 10 1/4 in. (26 cm); W. of ricasso 1
met	04.3.53a, b	core	daggers_european		Other Gr. width of ricasso		3.96								L. (without scabbard) 23 1/2 in. (59.7 cm); L. of blade 18 5/8 in. (47.29 cm);  W. of blade 7/16 in. (1.1 cm); L. of quillon 10 1/4 in. (26 cm); W. of ricasso 1
met	04.3.53a, b	core	daggers_european		Other Length overall (without scabbard)			59.69							L. (without scabbard) 23 1/2 in. (59.7 cm); L. of blade 18 5/8 in. (47.29 cm);  W. of blade 7/16 in. (1.1 cm); L. of quillon 10 1/4 in. (26 cm); W. of ricasso 1
met	04.3.53a, b	core	daggers_european		Other Length of blade			47.29							L. (without scabbard) 23 1/2 in. (59.7 cm); L. of blade 18 5/8 in. (47.29 cm);  W. of blade 7/16 in. (1.1 cm); L. of quillon 10 1/4 in. (26 cm); W. of ricasso 1
met	04.3.53a, b	core	daggers_european		Other Length of quillon			26.04							L. (without scabbard) 23 1/2 in. (59.7 cm); L. of blade 18 5/8 in. (47.29 cm);  W. of blade 7/16 in. (1.1 cm); L. of quillon 10 1/4 in. (26 cm); W. of ricasso 1
met	04.3.456b	armor	mail		Other Height of metal plate at waist	21.59								11610.0	H. 39 1/4 in. (99.7 cm); W. at shoulders 19 in. (48.26 cm); L. of metal plate at waist 8 1/2 in. (21.59 cm); W. of metal plate at waist 10 1/2 in. (26.67 cm); W
met	04.3.456b	armor	mail		Other Length of metal plate at waist			26.67							H. 39 1/4 in. (99.7 cm); W. at shoulders 19 in. (48.26 cm); L. of metal plate at waist 8 1/2 in. (21.59 cm); W. of metal plate at waist 10 1/2 in. (26.67 cm); W
met	04.3.456b	armor	mail		Other Shoulder width of mail shirt		48.26								H. 39 1/4 in. (99.7 cm); W. at shoulders 19 in. (48.26 cm); L. of metal plate at waist 8 1/2 in. (21.59 cm); W. of metal plate at waist 10 1/2 in. (26.67 cm); W
met	04.3.456b	armor	mail		Other Overall height of mail shirt	78.74									H. 39 1/4 in. (99.7 cm); W. at shoulders 19 in. (48.26 cm); L. of metal plate at waist 8 1/2 in. (21.59 cm); W. of metal plate at waist 10 1/2 in. (26.67 cm); W
met	04.3.460	armor	helmets_eastern		Other Width		22.53							1092.0	H. 11 3/16 in. (28.5 cm); W. 8 7/8 in. (22.53 cm); Wt. 2 lb. 6 oz. (1092 g)
met	04.3.460	armor	helmets_eastern		Other Length			30.48							H. 11 3/16 in. (28.5 cm); W. 8 7/8 in. (22.53 cm); Wt. 2 lb. 6 oz. (1092 g)
met	04.4.2	armor	japanese_armor		Overall(str)						77.0				as mounted, approx.: H. 77 in. (195.6 cm); W. 26 in. (66 cm); D. 16 1/2 in. (41.9 cm)
met	06.57	armor	japanese_armor		Overall(str)						9.0				9 in. (22.9 cm) x 13 in. (33 cm).
met	07.47	armor	japanese_armor		Overall(str)						10.0				10 in. (2 5.4 cm) x 12 1/2 in. (31.8 cm).
met	12.141.5	core	polearms		Other Length overall			267.97							L. 105 1/2 in. (267.97 cm)
met	14.25.1266	core	daggers_european		Other Weight									907.0	L. 23 in. (58.42 cm); Wt. 2 lb. (907 g)
met	14.25.1266	core	daggers_european		Other Length			58.42							L. 23 in. (58.42 cm); Wt. 2 lb. (907 g)
met	14.100.172	armor	japanese_armor		Overall	171.4503									H. 67 1/2 in. (171.5 cm)
met	17.190.1720	armor	helmets_european		Other Weight									1871.0	H. 9 1/2 in. (24.1 cm); W. 7 5/16 in. (18.6 cm); D. 11 1/2 in. (29.2 cm); Wt. 4 lb. 2 oz. (1871 g)
met	17.190.1720	armor	helmets_european		Other Gr. width		18.57								H. 9 1/2 in. (24.1 cm); W. 7 5/16 in. (18.6 cm); D. 11 1/2 in. (29.2 cm); Wt. 4 lb. 2 oz. (1871 g)
met	17.190.1720	armor	helmets_european		Other Height	24.13									H. 9 1/2 in. (24.1 cm); W. 7 5/16 in. (18.6 cm); D. 11 1/2 in. (29.2 cm); Wt. 4 lb. 2 oz. (1871 g)
met	21.139.1a–x	armor	horse_armor		Overall(str)						75.0	1.0	2.0	42200.0	as mounted, H. 75 1/2 in. (191.8 cm); L. 90 in. (228.6 cm); W. 30 in. (76.2 cm); Wt. including saddle 93 lb. 1 oz. (42.2 kg)
met	29.158.121	armor	limbs_hands		Overall(str)						4.0	1.0	2.0		H. 4 1/2 in. (11.4 cm); W. 4 1/2 in. (11.4 cm); D. 3 1/2 in. (8.9 cm)
met	23.141	armor	helmets_european		Overall	29.8451	20.955042		31.750063					3574.0	H. 11 3/4 in. (29.8 cm); W. 8 1/4 in. (21 cm); D. 12 1/2 in. (31.8 cm); Wt. 7 lb. 14 oz. (3574 g)
met	23.141	armor	helmets_european		Other 23.141b Copper Alloy Shell										H. 11 3/4 in. (29.8 cm); W. 8 1/4 in. (21 cm); D. 12 1/2 in. (31.8 cm); Wt. 7 lb. 14 oz. (3574 g)
met	23.141	armor	helmets_european		Other 23.141a Steel Bowl										H. 11 3/4 in. (29.8 cm); W. 8 1/4 in. (21 cm); D. 12 1/2 in. (31.8 cm); Wt. 7 lb. 14 oz. (3574 g)
met	25.26.1	core	shields		Overall	55.88011	40.64008							2159.0	H. 22 in. (55.88 cm); W. 16 in. (40.64 cm); Wt. 4 lb. 12.15 oz. (2159 g)
met	25.163.1	core	shields		Other Height (at center)	5.715								3742.1	Diam. 22 1/8 in. (56.2 cm); D. at center 2 1/4 in. (5.7 cm); Wt. 8 lb. 4 oz. (3742.1 g)
met	25.163.1	core	shields		Other Weight										Diam. 22 1/8 in. (56.2 cm); D. at center 2 1/4 in. (5.7 cm); Wt. 8 lb. 4 oz. (3742.1 g)
met	25.163.1	core	shields		Other Diameter					56.1976					Diam. 22 1/8 in. (56.2 cm); D. at center 2 1/4 in. (5.7 cm); Wt. 8 lb. 4 oz. (3742.1 g)
met	25.188.18	core	polearms		Other Length (entire)			255.27							L. 100 1/2 in. (255.27 cm); blade L. 23 in. (58.42 cm)
met	25.188.18	core	polearms		Other Length of blade			58.42							L. 100 1/2 in. (255.27 cm); blade L. 23 in. (58.42 cm)
met	26.145.256a–d	core	decoration_donors		Other Weight with scabbard									708.7	L. 25 3/4 in. (65.4 cm); L. of blade 20 3/8 in. (51.7 cm); Wt. 1 lb. 9 oz. (708.7 g); Wt. of scabbard 4 oz. (113.4 g); knife (c); L. 5 3/4 in. (14.6 cm); Wt. 0.
met	26.145.256a–d	core	decoration_donors		Other Weight										L. 25 3/4 in. (65.4 cm); L. of blade 20 3/8 in. (51.7 cm); Wt. 1 lb. 9 oz. (708.7 g); Wt. of scabbard 4 oz. (113.4 g); knife (c); L. 5 3/4 in. (14.6 cm); Wt. 0.
met	26.145.256a–d	core	decoration_donors		Other Gr. thickness of blade										L. 25 3/4 in. (65.4 cm); L. of blade 20 3/8 in. (51.7 cm); Wt. 1 lb. 9 oz. (708.7 g); Wt. of scabbard 4 oz. (113.4 g); knife (c); L. 5 3/4 in. (14.6 cm); Wt. 0.
met	26.145.256a–d	core	decoration_donors		Other Gr. width of blade		3.96								L. 25 3/4 in. (65.4 cm); L. of blade 20 3/8 in. (51.7 cm); Wt. 1 lb. 9 oz. (708.7 g); Wt. of scabbard 4 oz. (113.4 g); knife (c); L. 5 3/4 in. (14.6 cm); Wt. 0.
met	26.145.256a–d	core	decoration_donors		Other Length of blade			51.74							L. 25 3/4 in. (65.4 cm); L. of blade 20 3/8 in. (51.7 cm); Wt. 1 lb. 9 oz. (708.7 g); Wt. of scabbard 4 oz. (113.4 g); knife (c); L. 5 3/4 in. (14.6 cm); Wt. 0.
met	26.145.256a–d	core	decoration_donors		Other Length overall			65.41							L. 25 3/4 in. (65.4 cm); L. of blade 20 3/8 in. (51.7 cm); Wt. 1 lb. 9 oz. (708.7 g); Wt. of scabbard 4 oz. (113.4 g); knife (c); L. 5 3/4 in. (14.6 cm); Wt. 0.
met	29.151.2a–s	armor	body_armor		Overall Left upper cuisse (p)	27.622555	17.780035		12.223775					3463.0	Wt. approx. 56 lb. (25.4 kg); helmet (a): H. 12 3/8 in. (31.4 cm); W. 8 5/8 in. (21.9 cm); D. 13 in. (33 cm); Wt. 7 lb. 10.15 oz. (3463 g); gorget (b): H. 6 in.
met	29.151.2a–s	armor	body_armor		Overall Right lower cuisse and poleyn (knee defense) (o)	22.701296	14.605029		14.76378						Wt. approx. 56 lb. (25.4 kg); helmet (a): H. 12 3/8 in. (31.4 cm); W. 8 5/8 in. (21.9 cm); D. 13 in. (33 cm); Wt. 7 lb. 10.15 oz. (3463 g); gorget (b): H. 6 in.
met	29.151.2a–s	armor	body_armor		Overall Backplate (e)	41.910084	38.8		18.891287						Wt. approx. 56 lb. (25.4 kg); helmet (a): H. 12 3/8 in. (31.4 cm); W. 8 5/8 in. (21.9 cm); D. 13 in. (33 cm); Wt. 7 lb. 10.15 oz. (3463 g); gorget (b): H. 6 in.
met	29.151.2a–s	armor	body_armor		Overall Left pauldron (h)	24.765049	27.305054		25.8763						Wt. approx. 56 lb. (25.4 kg); helmet (a): H. 12 3/8 in. (31.4 cm); W. 8 5/8 in. (21.9 cm); D. 13 in. (33 cm); Wt. 7 lb. 10.15 oz. (3463 g); gorget (b): H. 6 in.
met	29.151.2a–s	armor	body_armor		Overall										Wt. approx. 56 lb. (25.4 kg); helmet (a): H. 12 3/8 in. (31.4 cm); W. 8 5/8 in. (21.9 cm); D. 13 in. (33 cm); Wt. 7 lb. 10.15 oz. (3463 g); gorget (b): H. 6 in.
met	29.151.2a–s	armor	body_armor		Overall Breastplate with tassets (c)	67.46889	53.340107		20.32004						Wt. approx. 56 lb. (25.4 kg); helmet (a): H. 12 3/8 in. (31.4 cm); W. 8 5/8 in. (21.9 cm); D. 13 in. (33 cm); Wt. 7 lb. 10.15 oz. (3463 g); gorget (b): H. 6 in.
met	29.151.2a–s	armor	body_armor		Overall Gorget (b)	15.24003	29.84506		25.400051						Wt. approx. 56 lb. (25.4 kg); helmet (a): H. 12 3/8 in. (31.4 cm); W. 8 5/8 in. (21.9 cm); D. 13 in. (33 cm); Wt. 7 lb. 10.15 oz. (3463 g); gorget (b): H. 6 in.
met	29.151.2a–s	armor	body_armor		Overall Right mitten gauntlet (l)	26.670053	13.811277		13.017526						Wt. approx. 56 lb. (25.4 kg); helmet (a): H. 12 3/8 in. (31.4 cm); W. 8 5/8 in. (21.9 cm); D. 13 in. (33 cm); Wt. 7 lb. 10.15 oz. (3463 g); gorget (b): H. 6 in.
met	29.151.2a–s	armor	body_armor		Overall Left arm defense (k)	46.513844	18.732538		12.858776						Wt. approx. 56 lb. (25.4 kg); helmet (a): H. 12 3/8 in. (31.4 cm); W. 8 5/8 in. (21.9 cm); D. 13 in. (33 cm); Wt. 7 lb. 10.15 oz. (3463 g); gorget (b): H. 6 in.
met	29.151.2a–s	armor	body_armor		Overall Right arm defense (j)	47.942596	19.050037		12.700026						Wt. approx. 56 lb. (25.4 kg); helmet (a): H. 12 3/8 in. (31.4 cm); W. 8 5/8 in. (21.9 cm); D. 13 in. (33 cm); Wt. 7 lb. 10.15 oz. (3463 g); gorget (b): H. 6 in.
met	29.151.2a–s	armor	body_armor		Overall right greave and sabaton (r)	45.56134	13.017526		31.908813						Wt. approx. 56 lb. (25.4 kg); helmet (a): H. 12 3/8 in. (31.4 cm); W. 8 5/8 in. (21.9 cm); D. 13 in. (33 cm); Wt. 7 lb. 10.15 oz. (3463 g); gorget (b): H. 6 in.
met	29.151.2a–s	armor	body_armor		Overall Left lower cuisse and poleyn (knee defense) (q)	22.860046	14.92253		16.033783						Wt. approx. 56 lb. (25.4 kg); helmet (a): H. 12 3/8 in. (31.4 cm); W. 8 5/8 in. (21.9 cm); D. 13 in. (33 cm); Wt. 7 lb. 10.15 oz. (3463 g); gorget (b): H. 6 in.
met	29.151.2a–s	armor	body_armor		Overall Right pauldron (f)	22.225044	24.765049		26.035051						Wt. approx. 56 lb. (25.4 kg); helmet (a): H. 12 3/8 in. (31.4 cm); W. 8 5/8 in. (21.9 cm); D. 13 in. (33 cm); Wt. 7 lb. 10.15 oz. (3463 g); gorget (b): H. 6 in.
met	29.151.2a–s	armor	body_armor		Overall Right haute piece (g)	13.335027	13.335027		20.32004						Wt. approx. 56 lb. (25.4 kg); helmet (a): H. 12 3/8 in. (31.4 cm); W. 8 5/8 in. (21.9 cm); D. 13 in. (33 cm); Wt. 7 lb. 10.15 oz. (3463 g); gorget (b): H. 6 in.
met	29.151.2a–s	armor	body_armor		Overall Left haute piece (i)	13.335027	13.335027		17.145035						Wt. approx. 56 lb. (25.4 kg); helmet (a): H. 12 3/8 in. (31.4 cm); W. 8 5/8 in. (21.9 cm); D. 13 in. (33 cm); Wt. 7 lb. 10.15 oz. (3463 g); gorget (b): H. 6 in.
met	29.151.2a–s	armor	body_armor		Overall Right upper cuisse (n)	27.146305	18.256287		12.223775						Wt. approx. 56 lb. (25.4 kg); helmet (a): H. 12 3/8 in. (31.4 cm); W. 8 5/8 in. (21.9 cm); D. 13 in. (33 cm); Wt. 7 lb. 10.15 oz. (3463 g); gorget (b): H. 6 in.
met	29.151.2a–s	armor	body_armor		Overall Helmet (a)	31.432564	21.907543		33.020065						Wt. approx. 56 lb. (25.4 kg); helmet (a): H. 12 3/8 in. (31.4 cm); W. 8 5/8 in. (21.9 cm); D. 13 in. (33 cm); Wt. 7 lb. 10.15 oz. (3463 g); gorget (b): H. 6 in.
met	29.151.2a–s	armor	body_armor		Overall Lance rest (d)	7.620015	4.6037593		10.477521						Wt. approx. 56 lb. (25.4 kg); helmet (a): H. 12 3/8 in. (31.4 cm); W. 8 5/8 in. (21.9 cm); D. 13 in. (33 cm); Wt. 7 lb. 10.15 oz. (3463 g); gorget (b): H. 6 in.
met	29.151.2a–s	armor	body_armor		Overall Left mitten gauntlet (m)	26.035051	13.970028		12.065024						Wt. approx. 56 lb. (25.4 kg); helmet (a): H. 12 3/8 in. (31.4 cm); W. 8 5/8 in. (21.9 cm); D. 13 in. (33 cm); Wt. 7 lb. 10.15 oz. (3463 g); gorget (b): H. 6 in.
met	29.151.2a–s	armor	body_armor		Overall Left greave and sabaton	45.720093	13.017526		31.115063						Wt. approx. 56 lb. (25.4 kg); helmet (a): H. 12 3/8 in. (31.4 cm); W. 8 5/8 in. (21.9 cm); D. 13 in. (33 cm); Wt. 7 lb. 10.15 oz. (3463 g); gorget (b): H. 6 in.
met	29.155.2	armor	body_armor		Overall(str)						61.0	1.0		27700.0	Wt. 61 lb. 1 oz. (27.7 kg)
met	29.158.647	core	crossbows_archery		Other Length			90.17						3989.0	L. 37 5/8 in. (95.6 cm); W. 29 3/4 in. (75.5 cm); Wt. 8 lb. 12 oz. (3989 g)
met	29.158.647	core	crossbows_archery		Other Weight										L. 37 5/8 in. (95.6 cm); W. 29 3/4 in. (75.5 cm); Wt. 8 lb. 12 oz. (3989 g)
met	29.158.647	core	crossbows_archery		Other Width		74.93								L. 37 5/8 in. (95.6 cm); W. 29 3/4 in. (75.5 cm); Wt. 8 lb. 12 oz. (3989 g)
met	29.158.650a, b	core	crossbows_archery		Overall(str)						26.0	15.0	16.0	6329.0	crossbow: L. 26 15/16 in. (68.4 cm); W. 29 7/8 in. (75.8 cm); Wt. 13 lb. 15 oz. (6329 g); winder: L. 14 in. (35.5 cm); W. 4 1/8 in. (10.4 cm); Wt. 5 lb. 3 oz. (
met	30.101	core	shields		Overall(str)						26.0	11.0	16.0		H. 26 11/16 in. (67.9 cm); W. 21 3/16 in. (53.9 cm)
met	32.130.6a–y	armor	body_armor		Other Weight									27200.0	H. 69 1/2 in. (176.5 cm); Wt. 60 lb. (27.2 kg)
met	36.25.81a–c	armor	japanese_armor		Overall	40.9576									H. 16 1/8 in. (41 cm)
met	36.25.973a, b	core	daggers_eastern		Other Length			48.26							L. 19 in. (48.26 cm)
met	36.25.1884	core	maces_hammers		Other Length			53.34						636.0	L. 21 in. (53.4 cm); Diam. of head 2 in. (5 cm); Wt. 1 lb. 6 oz. (636 g)
met	42.50.2	armor	helmets_european		Other Weight  9 1/4 lb.									4196.0	H. 10 3/8 in. (26.3 cm); W. 8 1/4 in. (21 cm); D. 11 in. (27.9 cm); Wt. 9 lb. 4 oz. (4196 g)
met	42.50.2	armor	helmets_european		Other Width		20.32								H. 10 3/8 in. (26.3 cm); W. 8 1/4 in. (21 cm); D. 11 in. (27.9 cm); Wt. 9 lb. 4 oz. (4196 g)
met	42.50.2	armor	helmets_european		Other Height	26.34									H. 10 3/8 in. (26.3 cm); W. 8 1/4 in. (21 cm); D. 11 in. (27.9 cm); Wt. 9 lb. 4 oz. (4196 g)
met	42.50.16	core	shields		Other Diameter					62.53					Diam. 24 5/8 in. (62.53 cm), D. approx. 4 3/4 in. (12 cm)
met	42.50.27a–n	armor	body_armor		Other Weight overall									23700.0	H. 71 1/2 in. (181.61 cm); Wt. 52 lb. 4 oz. (23.7 kg)
met	42.50.27a–n	armor	body_armor		Other Height overall	181.61									H. 71 1/2 in. (181.61 cm); Wt. 52 lb. 4 oz. (23.7 kg)
met	51.170.2	core	daggers_european		Other Length overall			59.06						624.0	L. 23 1/4 in. (59.1 cm);L. of quillon 11 1/4 in. (28.6 cm); W. of ricasso 1 3/4 in. (4.4 cm); L. of blade 18 11/16 in. (47.4 cm); W. of blade 13/16 in. (2.1 cm)
met	51.170.2	core	daggers_european		Other Length of blade			47.45							L. 23 1/4 in. (59.1 cm);L. of quillon 11 1/4 in. (28.6 cm); W. of ricasso 1 3/4 in. (4.4 cm); L. of blade 18 11/16 in. (47.4 cm); W. of blade 13/16 in. (2.1 cm)
met	51.170.2	core	daggers_european		Other Length of quillon			28.58							L. 23 1/4 in. (59.1 cm);L. of quillon 11 1/4 in. (28.6 cm); W. of ricasso 1 3/4 in. (4.4 cm); L. of blade 18 11/16 in. (47.4 cm); W. of blade 13/16 in. (2.1 cm)
met	51.170.2	core	daggers_european		Other Weight										L. 23 1/4 in. (59.1 cm);L. of quillon 11 1/4 in. (28.6 cm); W. of ricasso 1 3/4 in. (4.4 cm); L. of blade 18 11/16 in. (47.4 cm); W. of blade 13/16 in. (2.1 cm)
met	51.170.2	core	daggers_european		Other Thickness of blade										L. 23 1/4 in. (59.1 cm);L. of quillon 11 1/4 in. (28.6 cm); W. of ricasso 1 3/4 in. (4.4 cm); L. of blade 18 11/16 in. (47.4 cm); W. of blade 13/16 in. (2.1 cm)
met	51.170.2	core	daggers_european		Other Gr. width of blade		2.06								L. 23 1/4 in. (59.1 cm);L. of quillon 11 1/4 in. (28.6 cm); W. of ricasso 1 3/4 in. (4.4 cm); L. of blade 18 11/16 in. (47.4 cm); W. of blade 13/16 in. (2.1 cm)
met	51.170.2	core	daggers_european		Other Gr. width of ricasso		4.45								L. 23 1/4 in. (59.1 cm);L. of quillon 11 1/4 in. (28.6 cm); W. of ricasso 1 3/4 in. (4.4 cm); L. of blade 18 11/16 in. (47.4 cm); W. of blade 13/16 in. (2.1 cm)
met	1978.145a, b	core	decoration_donors		Other Weight									1928.0	H. with scabbard 42 1/16 in. (106.8 cm); H. without scabbard 40 1/8 in. (101.9 cm); H. of blade 35 in. (88.9 cm); Wt. 4 lb. 4 oz. (1928 g); Wt. of scabbard 2 lb
met	1978.145a, b	core	decoration_donors		Other Gr. thickness of blade										H. with scabbard 42 1/16 in. (106.8 cm); H. without scabbard 40 1/8 in. (101.9 cm); H. of blade 35 in. (88.9 cm); Wt. 4 lb. 4 oz. (1928 g); Wt. of scabbard 2 lb
met	1978.145a, b	core	decoration_donors		Other Gr. width of blade		3.18								H. with scabbard 42 1/16 in. (106.8 cm); H. without scabbard 40 1/8 in. (101.9 cm); H. of blade 35 in. (88.9 cm); Wt. 4 lb. 4 oz. (1928 g); Wt. of scabbard 2 lb
met	1978.145a, b	core	decoration_donors		Other Length of blade			88.9							H. with scabbard 42 1/16 in. (106.8 cm); H. without scabbard 40 1/8 in. (101.9 cm); H. of blade 35 in. (88.9 cm); Wt. 4 lb. 4 oz. (1928 g); Wt. of scabbard 2 lb
met	1978.145a, b	core	decoration_donors		Other Length of sword			101.9							H. with scabbard 42 1/16 in. (106.8 cm); H. without scabbard 40 1/8 in. (101.9 cm); H. of blade 35 in. (88.9 cm); Wt. 4 lb. 4 oz. (1928 g); Wt. of scabbard 2 lb
met	1978.145a, b	core	decoration_donors		Other Length overall			106.83							H. with scabbard 42 1/16 in. (106.8 cm); H. without scabbard 40 1/8 in. (101.9 cm); H. of blade 35 in. (88.9 cm); Wt. 4 lb. 4 oz. (1928 g); Wt. of scabbard 2 lb
met	1983.413	armor	helmets_european		Other Width		20.62							1702.0	H. 7 7/8 in. (20 cm); W. 8 1/8 in. (20.6 cm); D. 10 1/2 in. (26.7 cm); Wt. 3 lb. 12 oz. (1702 g)
met	1983.413	armor	helmets_european		Other Height	19.99									H. 7 7/8 in. (20 cm); W. 8 1/8 in. (20.6 cm); D. 10 1/2 in. (26.7 cm); Wt. 3 lb. 12 oz. (1702 g)
met	1983.413	armor	helmets_european		Other Weight										H. 7 7/8 in. (20 cm); W. 8 1/8 in. (20.6 cm); D. 10 1/2 in. (26.7 cm); Wt. 3 lb. 12 oz. (1702 g)
met	1983.413	armor	helmets_european		Other Length			26.67							H. 7 7/8 in. (20 cm); W. 8 1/8 in. (20.6 cm); D. 10 1/2 in. (26.7 cm); Wt. 3 lb. 12 oz. (1702 g)
met	1984.72	armor	limbs_hands		Other Length			30.48							L. 12 in. (30.5 cm)
met	1989.3	armor	body_armor		Other Overall height	71.12									H. 28 in. (71.1 cm)
met	2001.642	armor	japanese_armor		Overall(str)						58.0	5.0	8.0		as mounted, H. 58 5/8 in. (148.8 cm); W. 18 3/4 in. (47.6 cm)
met	02.5.6	armor	helmets_eastern		Overall(str)						21.0	1.0	2.0	1485.5	H. including mail 21 1/2 in. (54.6 cm); H. including nasal 10 in. (25.4 cm); H. excluding mail and nasal 6 in. (15.2 cm); Diam. 7 1/2 in. (19.1 cm); Wt. 3 lbs. 
met	04.3.48	core	flails_clubs		Overall(str)						43.0	5.0	8.0	2438.1	L. 43 5/8 in. (110.8 cm); L. of head and chain 16 1/2 in. (41.9 cm); W. 2 11/16 in. (6.8 cm); Wt. 5 lb. 6 oz. (2438.1 g)
met	04.3.58	core	maces_hammers		Overall(str)						8.0	3.0	4.0		L. 8 3/4 in. (22.2 cm); W. 12 in. (30.5 cm)
met	04.3.69	core	axes		Overall(str)						75.0	3.0	4.0	2948.4	L. 75 3/4 in. (192.4 cm); L. of head 15 7/8 in. (40.3 cm); W. 7 in. (17.8 cm); Wt. 6 lbs. 8 oz. (2948.4 g)
met	04.3.71	core	polearms		Overall(str)						90.0			1077.3	L. 90 in. (228.6 cm); L. of head 10 in. (25.4 cm); W. 2 1/4 in. (5.7 cm); Wt. 2 lbs. 6 oz. (1077.3 g)
met	22.229	core	bindings_codices		Overall(str)						14.0	10.0	3.0		cover: 14 x 10 3/8 in. (35.56 x 26.35 cm); page: 13 5/8 x 9 7/8 in. (34.61 x 25.08 cm)
met	04.3.177a, b	core	decoration_donors		Overall(str)										Horn (a); 23 1/16 x 4 15/16 x 4 in. (58.6 x 12.5 x 10.2 cm); case (b); 22 5/8 x 5 7/8 x 5 7/16 in. (57.5 x 15 x 13.8 cm)
met	1997.242a–c	armor	horse_armor		Overall(str)										Left neck panel (a): H. 19 1/2 (49.5 cm); W. 22 in. (55.9 cm); right neck panel (b); H. 19 3/4 in. (50.2 cm); W. 22 in. (55.9 cm); peytral (c): H. 19 in. (48.3 
met	14.25.856	armor	limbs_hands		Overall(str)						8.0	1.0	2.0	730.0	H. 8 1/2 in. (12.6 cm); W. 12 1/2 in. (31.7 cm); Wt. 1 lb. 10 oz. (730 g)
met	1999.36	armor	horse_armor		Overall(str)						22.0	1.0	2.0		H. 22 1/2 in. (57.2 cm); W. 25 5/8 in. (65.1 cm)
met	14.25.340	core	axes		Overall(str)						85.0			2920.0	L. 85 in. (225.9 cm); L. of head 13 in. (33 cm); W. 7 3/4 in. (19.7 cm); Wt. 6 lbs. 7 oz. (2920 g)
met	14.25.374	core	polearms		Overall(str)						8.0	11.0	1.0	3277.2	L. 8 ft. 11 1/2 in. (273.1 cm); L. of head 35 13/16 in. (91 cm); W. 8 11/16 in. (22 cm); Wt. 7 lbs. 3.6 oz. (3277.2 g)
met	69.196	core	shields		Overall	67	31.5		14					2418.0	H. 26 3/8 in. (67 cm); W. 13 in. (33 cm); D. 5 1/2 in. (14 cm); Wt. 5 lb. 5 oz. (2418 g); outer circumference 19 5/16 in. (49 cm); H. of lance rest 2 3/8 in. (6
met	69.196	core	shields		Other Height of Lance Rest	6									H. 26 3/8 in. (67 cm); W. 13 in. (33 cm); D. 5 1/2 in. (14 cm); Wt. 5 lb. 5 oz. (2418 g); outer circumference 19 5/16 in. (49 cm); H. of lance rest 2 3/8 in. (6
met	69.196	core	shields		Other Outer Circumference		49								H. 26 3/8 in. (67 cm); W. 13 in. (33 cm); D. 5 1/2 in. (14 cm); Wt. 5 lb. 5 oz. (2418 g); outer circumference 19 5/16 in. (49 cm); H. of lance rest 2 3/8 in. (6
met	04.3.217; 22.140	armor	helmets_european		Overall(str)						14.0			2404.0	H. 14 in. (35.6 cm); W. 8 1/4 in. (21 cm); D. 14 1/4 in. (36.2 cm); Wt. 5 lb. 5 oz. (2404 g)
met	45.160.1	core	shields		Overall(str)						14.0	1.0	4.0	2270.0	Diam. 14 1/4 in. (36.2 cm); Wt. 5 lb. (2.27 kg)
met	36.25.1794	core	axes		Overall(str)						21.0			751.0	L. 21 in. (53.3 cm); Wt. 1 lb. 11 oz. (751 g)
met	36.25.619	core	shields		Overall(str)						9.0	5.0	8.0		Diam. 9 5/8 in. (24.4 cm)
met	36.25.665	core	daggers_eastern		Overall(str)						13.0			249.5	H. 13 in. (33 cm); H. of blade 8 3/4 in. (22.2 cm); W. 2 7/16 in. (6.2 cm); Wt. 8.8 oz. (249.5 g)
met	36.25.16	armor	helmets_eastern		Overall(str)						28.0			2109.2	H. with mail 28 in. (71.1 cm); H. without mail 6 7/8 in. (17.5 cm); Diam. 8 in. (20.3 cm); Wt. 4 lbs. 10.4 oz. (2109.2 g)
met	32.75.203	core	maces_hammers		Overall(str)						23.0	1.0	16.0	1757.7	L. 23 1/16 in. (58.6 cm); L. of head 6 1/2 in. (16.4 cm); W. 4 3/4 in. (12 cm); Wt. 3 lb. 14 oz. (1757.7 g)
met	32.75.208	core	polearms		Overall(str)						92.0	1.0	2.0	1292.7	L. 92 1/2 in. (235 cm); L. of head 12 1/4 in. (31.1 cm); W. 4 1/8 in. (10.5 cm); Wt. 2 lbs. 13.6 oz. (1292.7 g)
met	32.75.99	core	daggers_european		Overall(str)						17.0			493.3	L. 17 in. (43.2 cm); W. 2 in. (5.1 cm); Wt. 1 lb. 1.4 oz. (493.3 g)
met	26.145.7	core	daggers_european		Overall(str)						14.0	1.0	16.0		L. 14 1/16 in. (35.7 cm); W. 1 1/2 in. (3.8 cm); D. 1 in. (2.5 cm)
met	25.188.5a, b	core	daggers_european		Overall(str)						15.0	3.0	4.0	195.6	L. 15 3/4 in. (40 cm); L. without sheath 15 3/8 in. (39.1 cm); W. 2 in. (5.1 cm); Wt. 6.9 oz. (195.6 g); Wt. of sheath 1.5 oz. (42.5 g)
met	21.102.3	armor	horse_armor		Overall(str)						20.0	3.0	8.0	1684.0	H. 20 3/8 in. (51.8 cm); W. 22 1/4 in. (56.5 cm); Wt. 3 lb. 11 oz. (1684 g)
met	14.25.1351	core	maces_hammers		Overall(str)						6.0	7.0	16.0	793.8	L. 6 7/16 in. (16.3 cm); L. of head 4 in. (10.1 cm); W. 5 13/16 in. (14.7 cm); Wt. 1 lb. 12 oz. (793.8 g)
met	29.158.646a–l	core	crossbows_archery		Overall(str)						17.0	9.0	16.0	448.0	quiver H. 17 9/16 in. (44.6 cm); W. bottom 11 7/16 in. (29 cm); Wt. 15.8 oz. (448 g); L. of bolt (b), 16 in. (40.6 cm); L. of bolt (c), 15 1/4 in. (38.7 cm); L.
met	29.158.674	core	maces_hammers		Overall(str)						22.0	1.0	2.0	1134.0	L. 22 1/2 in. (57.2 cm); L. of head 5 in. (12.7 cm); W. 6 1/8 in. (15.6 cm); Wt. 2 lbs. 8 oz. (1134 g)
met	29.158.598	core	shields		Overall(str)						18.0			1690.0	Diam. 18 in. (45.7 cm); Wt. 3 lb. 12 oz. (1690 g)
met	2007.183	armor	horse_armor		Overall(str)						36.0	5.0	8.0		L. 36 5/8 in (93 cm); W. 54 3/4 in (139.1 cm)
met	1992.72.1	thief	ewers_plate		Overall	29.2									H. 11 1/2 in. (29.2 cm)
met	1986.501.8	core	flails_clubs		Overall	21.590044	12.700026		3.492507						H. 8 1/2 in. (21.6 cm); W. 5 in. (12.7 cm); D. 1 3/8 in. (3.5 cm)
met	1986.498	core	spears_lances		Overall	22.225044	20.32004		8.255016						H. 8 3/4 in. (22.2 cm); W. 8 in. (20.3 cm); D. 3 1/4 in. (8.3 cm)
met	1979.458.1a–ii	core	flails_clubs		Mat	46.513844	86.360176								"Image: 10 3/8 × 10 3/4 in. (26.4 × 27.3 cm)
Image with mounting: 15 3/8 × 16 3/4 in. (39.1 × 42.5 cm)
Double leaf unfolded: 15 3/8 × 33 1/2 in. (39.1 × 85.1 c"
met	1979.458.1a–ii	core	flails_clubs		Overall Double leaf unfolded	39.052578	85.09017								"Image: 10 3/8 × 10 3/4 in. (26.4 × 27.3 cm)
Image with mounting: 15 3/8 × 16 3/4 in. (39.1 × 42.5 cm)
Double leaf unfolded: 15 3/8 × 33 1/2 in. (39.1 × 85.1 c"
met	1979.458.1a–ii	core	flails_clubs		Overall Image with mounting	39.052578	42.545086								"Image: 10 3/8 × 10 3/4 in. (26.4 × 27.3 cm)
Image with mounting: 15 3/8 × 16 3/4 in. (39.1 × 42.5 cm)
Double leaf unfolded: 15 3/8 × 33 1/2 in. (39.1 × 85.1 c"
met	1979.458.1a–ii	core	flails_clubs		Image	26.3526	27.3051								"Image: 10 3/8 × 10 3/4 in. (26.4 × 27.3 cm)
Image with mounting: 15 3/8 × 16 3/4 in. (39.1 × 42.5 cm)
Double leaf unfolded: 15 3/8 × 33 1/2 in. (39.1 × 85.1 c"
met	57.167a–f	core	writing_tools		Overall	4.8	22.2		24.1						H. 1 7/8 in. (4.8 cm); W. 8 3/4 in. (22.2 cm); L. 9 1/2 in. (24.1 cm)
met	2012.444.1	core	spears_lances		Overall	26.035051	30.956312		13.652527						H. 10 1/4 in. (26 cm); W. 12 3/16 in. (31 cm); D. 5 3/8 in. (13.7 cm)
met	17.190.730a, b	thief	cups_tankards		Overall confirmed	17.462536	8.731268			7.9375157					Overall (confirmed): H. 6 7/8 x W. 3 7/16 in. (17.5 x 8.7 cm); Diameter of cup: 3 1/8 in. (7.9 cm)
met	17.190.1740	thief	ewers_plate		Height	26.193802									Height: 10 5/16 in. (26.2 cm)
met	44.14.2	thief	ewers_plate		Height	34.60757									Height: 13 5/8 in. (34.6 cm)
met	57.137.5a–d	thief	locks_padlocks		Length .5b			8.096266							"Overall (.5a): 8 3/4 × 7 1/4 in. (22.2 × 18.4 cm);
Length (.5b): 3 3/16 in. (8.1 cm)"
met	57.137.5a–d	thief	locks_padlocks		Overall .5a	22.225044	18.415037								"Overall (.5a): 8 3/4 × 7 1/4 in. (22.2 × 18.4 cm);
Length (.5b): 3 3/16 in. (8.1 cm)"
met	57.137.7a, b	thief	locks_padlocks		Length key .7b			14.287529							"Overall (padlock .7a): 6 5/16 × 3 9/16 × 2 in. (16 × 9 × 5.1 cm);
Length (key .7b): 5 5/8 in. (14.3 cm)"
met	57.137.7a, b	thief	locks_padlocks		Overall padlock .7a	16.033783	9.048768		5.08001						"Overall (padlock .7a): 6 5/16 × 3 9/16 × 2 in. (16 × 9 × 5.1 cm);
Length (key .7b): 5 5/8 in. (14.3 cm)"
met	57.137.10a–e	thief	locks_padlocks		Length assembled .10d, e			9.525019							"Overall (.10a): 7 × 5 7/16 × 2 9/16 in. (17.8 × 13.8 × 6.5 cm);
Length (assembled .10d, e): 3 3/4 in. (9.5 cm)"
met	57.137.10a–e	thief	locks_padlocks		Overall .10a	17.780035	13.811277		6.508763						"Overall (.10a): 7 × 5 7/16 × 2 9/16 in. (17.8 × 13.8 × 6.5 cm);
Length (assembled .10d, e): 3 3/4 in. (9.5 cm)"
met	57.137.11a–c	thief	locks_padlocks		Length .11c			7.620015							"Overall (.11a): 7 3/4 × 7 in. (19.7 × 17.8 cm);
Length (.11b): 4 1/16 in. (10.3 cm);
Length (.11c): 3 in. (7.6 cm)"
met	57.137.11a–c	thief	locks_padlocks		Length .11b			10.31877							"Overall (.11a): 7 3/4 × 7 in. (19.7 × 17.8 cm);
Length (.11b): 4 1/16 in. (10.3 cm);
Length (.11c): 3 in. (7.6 cm)"
met	57.137.11a–c	thief	locks_padlocks		Overall .11a	19.68504	17.780035								"Overall (.11a): 7 3/4 × 7 in. (19.7 × 17.8 cm);
Length (.11b): 4 1/16 in. (10.3 cm);
Length (.11c): 3 in. (7.6 cm)"
met	1971.206.33a, b	thief	locks_padlocks		Overall wt. confirmed	33.7	24.1							10800.0	wt. confirmed: 13 1/4 × 9 1/2 in., 23.7 lb. (33.7 × 24.1 cm, 10.8 kg)
met	1975.436.13	thief	keys		Overall	15.875031	5.7150116		0.9525019						Overall: 6 1/4 × 2 1/4 × 3/8 in. (15.9 × 5.7 × 1 cm)
met	1996.287	thief	reliquaries_altar		Height	20.955042									Height: 8 1/4 in. (21 cm)
met	2006.452a–c	thief	chests_caskets		Overall	30	33.0201		21						Overall: 11 13/16 × 13 × 8 1/4 in. (30 × 33 × 21 cm); Pedestal: 15 x 24 in. (38.1 x 61 cm)
met	2006.452a–c	thief	chests_caskets		Pedestal	38.1001	60.9601								Overall: 11 13/16 × 13 × 8 1/4 in. (30 × 33 × 21 cm); Pedestal: 15 x 24 in. (38.1 x 61 cm)
met	03.23.1	core	shields		Other total height	130.91									"total H. 51 9/16 in. (130.9 cm)
length of pole  82 1/4 in. (209 cm)"
met	03.23.1	core	shields		Other length of pole			208.99							"total H. 51 9/16 in. (130.9 cm)
length of pole  82 1/4 in. (209 cm)"
met	1992.11.70	thief	ewers_plate		Overall	76.2	147.9553								"H. 30 in. (76.2 cm)
width  58 1/4 in. (148 cm) 
Weight approx. 900 lbs"
met	1979.206.1459	core	flails_clubs		Other		10.8								H. 13/16 × W. 4 1/4 × D. 14 5/8 in. (2.1 × 10.8 × 37.1 cm)
met	1979.206.1459	core	flails_clubs		Overall		10.8		37.1475						H. 13/16 × W. 4 1/4 × D. 14 5/8 in. (2.1 × 10.8 × 37.1 cm)
met	1979.206.1459	core	flails_clubs		Overall	2.063754	10.795022		37.147575						H. 13/16 × W. 4 1/4 × D. 14 5/8 in. (2.1 × 10.8 × 37.1 cm)
met	1981.459.31	core	polearms		Overall	12.065024	8.255016		9.525019						H. 4 3/4 × W. 3 1/4 × D. 3 3/4 in. (12.1 × 8.3 × 9.5 cm)
met	1995.428	core	flails_clubs		Overall	26.035	13.34								H.10 1/4 x  W. 5 1/4in. (26 x 13.3cm)
met	10.100.165	thief	locks_padlocks		Overall	10.477521	5.08001		3.1750064					124.8	"H. 4 1/8 in. (10.5 cm)
W. 2 in. (5.1 cm)
D. 1 1/4 in. (3.2 cm)
Wt. 4.4 oz. (124.8 g)"
met	17.190.241	thief	chests_caskets		Other Lid	6.985014	36.35382		20.47879						"Overall: H. 8 7/8 in. (22.3 cm)
               W. 15 3/16 in. (38.6 cm)
               D.  7 7/8 in. (20 cm)
Lid: H. 2 3/4 in. (7 cm)
       W. 14 5/16 in. "
met	17.190.241	thief	chests_caskets		Overall	22.301245	38.608078		20.00254						"Overall: H. 8 7/8 in. (22.3 cm)
               W. 15 3/16 in. (38.6 cm)
               D.  7 7/8 in. (20 cm)
Lid: H. 2 3/4 in. (7 cm)
       W. 14 5/16 in. "
met	17.190.241	thief	chests_caskets		Other Container	22.542545	38.57633		13.493777						"Overall: H. 8 7/8 in. (22.3 cm)
               W. 15 3/16 in. (38.6 cm)
               D.  7 7/8 in. (20 cm)
Lid: H. 2 3/4 in. (7 cm)
       W. 14 5/16 in. "
met	29.160.23	core	bindings_codices		Overall	29.8	22.2								"H. 11 3/4 in. (29.8 cm)
W. 8 3/4 in. (22.2 cm)"
met	42.63	core	bindings_codices		Overall	53.5	55.88								"H. 21 1/16 in. (53.5 cm)
W. 22 in. (55.9 cm)"
met	44.15	thief	ewers_plate		Overall	40				19.050037					"H. 15 3/4 in. (40 cm)
Diam. 7 1/2 in. (19.1 cm)"
met	47.100.90	thief	ewers_plate		Other to top of feline's head	48.5									"Max. H. 19 1/8 in. (48.5 cm)
Max. Diam. 8 1/4 in. (21.1 cm)"
met	47.100.90	thief	ewers_plate		Other of handle			29							"Max. H. 19 1/8 in. (48.5 cm)
Max. Diam. 8 1/4 in. (21.1 cm)"
met	47.100.90	thief	ewers_plate		Other including handle		25			21					"Max. H. 19 1/8 in. (48.5 cm)
Max. Diam. 8 1/4 in. (21.1 cm)"
met	47.100.90	thief	ewers_plate		Overall	48.5	25								"Max. H. 19 1/8 in. (48.5 cm)
Max. Diam. 8 1/4 in. (21.1 cm)"
met	1980.603	core	bindings_codices		Overall	15.9	10.8								"H. 6 1/4 in. (15.9 cm)
W. 4 1/4 in. (10.8 cm)"
met	2006.523a, b	core	writing_tools		Other	3.81	25.7176		4.7625						"H. 1 1/2 in. (3.8 cm)
W. 10 1/8 in. (25.7 cm)
D. 1 7/8 in. (4.8 cm)"
met	1975.1.1194	thief	ewers_plate		Other of rim					27.6					8 11/16 in.  (22.1 cm); diam. of rim 10 7/8 in. (27.6 cm)
met	1975.1.1194	thief	ewers_plate		Overall	22.1									8 11/16 in.  (22.1 cm); diam. of rim 10 7/8 in. (27.6 cm)
met	1975.1.1206	thief	cups_tankards		Overall	28.1									H. 11 1/16 in.  (28.1 cm)
met	1975.1.1398	core	writing_tools		Overall(str)						6.8	20.7	10.9		H. 6.8 cm, L. 20.7 cm, W. 10.9 cm.
met	1975.1.2021	core	book_furniture		Overall(str)						161.0	53.5			L. 161 cm, W. 53.5 cm
met	17.190.1406	thief	reliquaries_altar		Overall	59.1	48.3		8.7						23 1/4 in. × 19 in. × 3 7/16 in. (59.1 × 48.3 × 8.7 cm)
met	17.190.352a, b	thief	reliquaries_altar		Overall Reliquary	38.1	23.4		26.1						"Overall (Reliquary): 15 x 9 3/16 x 10 1/4 in. (38.1 x 23.4 x 26.1 cm)
Other (Wooden core): 14 7/16 x 8 7/8 x 9 13/16 in. (36.6 x 22.5 x 24.9 cm)"
met	17.190.352a, b	thief	reliquaries_altar		Other (b)wooden core	36.6	22.5		24.9						"Overall (Reliquary): 15 x 9 3/16 x 10 1/4 in. (38.1 x 23.4 x 26.1 cm)
Other (Wooden core): 14 7/16 x 8 7/8 x 9 13/16 in. (36.6 x 22.5 x 24.9 cm)"
met	17.190.38	core	treasure_covers		Overall	23.5	13.7								Overall: 9 1/4 x 5 3/8 x 3/8 in. (23.5 x 13.7 x 0.9 cm)
met	18.145.42	thief	seals_signets		Overall	1.4				2.4					"9/16 × 15/16 in., 0.882oz. (1.4 × 2.4 cm, 25g)
Bezel: 9/16 × 1/2 in. (1.4 × 1.3 cm)
Inside circumference: 2 1/4 in. (5.7 cm)"
met	18.145.42	thief	seals_signets		Other Bezel	1.4	1.3								"9/16 × 15/16 in., 0.882oz. (1.4 × 2.4 cm, 25g)
Bezel: 9/16 × 1/2 in. (1.4 × 1.3 cm)
Inside circumference: 2 1/4 in. (5.7 cm)"
met	18.145.42	thief	seals_signets		Other Inside circumference										"9/16 × 15/16 in., 0.882oz. (1.4 × 2.4 cm, 25g)
Bezel: 9/16 × 1/2 in. (1.4 × 1.3 cm)
Inside circumference: 2 1/4 in. (5.7 cm)"
met	18.70.28	core	book_furniture		Overall	70.5	61.5		40.6					93000.0	"27 3/4 × 24 3/16 × 16 in., 205 lb. (70.5 × 61.5 × 40.6 cm, 93 kg)
Other (pin embedded in eagle): 2 15/16 × 1 1/16 in. (7.5 × 2.7 cm)"
met	18.70.28	core	book_furniture		Other pin embedded in eagle			7.5		2.7					"27 3/4 × 24 3/16 × 16 in., 205 lb. (70.5 × 61.5 × 40.6 cm, 93 kg)
Other (pin embedded in eagle): 2 15/16 × 1 1/16 in. (7.5 × 2.7 cm)"
met	1985.209	thief	jewelry_crowns		Overall		7.6	13.6	2.4						5 3/8 in. × 3 in. × 15/16 in. (13.6 × 7.6 × 2.4 cm)
met	1993.163	thief	reliquaries_altar		Other Diameter of central medallion on back					6					"Overall: 23 7/16 x 16 15/16 x 7/8 in. (59.5 x 43 x 2.2 cm)
Diameter of central medallion on back: 2 3/8 in. (6 cm)
Diameter of central medallion on front: 2 5"
met	1993.163	thief	reliquaries_altar		Other diameter of Virgin medallion					4.9					"Overall: 23 7/16 x 16 15/16 x 7/8 in. (59.5 x 43 x 2.2 cm)
Diameter of central medallion on back: 2 3/8 in. (6 cm)
Diameter of central medallion on front: 2 5"
met	1993.163	thief	reliquaries_altar		Other width of arms near central medallion		4.1								"Overall: 23 7/16 x 16 15/16 x 7/8 in. (59.5 x 43 x 2.2 cm)
Diameter of central medallion on back: 2 3/8 in. (6 cm)
Diameter of central medallion on front: 2 5"
met	1993.163	thief	reliquaries_altar		Overall	59.5	43		2.2						"Overall: 23 7/16 x 16 15/16 x 7/8 in. (59.5 x 43 x 2.2 cm)
Diameter of central medallion on back: 2 3/8 in. (6 cm)
Diameter of central medallion on front: 2 5"
met	1993.163	thief	reliquaries_altar		Other diameter of Uriel medallion					5					"Overall: 23 7/16 x 16 15/16 x 7/8 in. (59.5 x 43 x 2.2 cm)
Diameter of central medallion on back: 2 3/8 in. (6 cm)
Diameter of central medallion on front: 2 5"
met	1993.163	thief	reliquaries_altar		Other diameter of Michael medallion					4.4					"Overall: 23 7/16 x 16 15/16 x 7/8 in. (59.5 x 43 x 2.2 cm)
Diameter of central medallion on back: 2 3/8 in. (6 cm)
Diameter of central medallion on front: 2 5"
met	1993.163	thief	reliquaries_altar		Other diameter of John Chrysostom medallion					4.5					"Overall: 23 7/16 x 16 15/16 x 7/8 in. (59.5 x 43 x 2.2 cm)
Diameter of central medallion on back: 2 3/8 in. (6 cm)
Diameter of central medallion on front: 2 5"
met	1993.163	thief	reliquaries_altar		Other diameter if Gabriel medallion					4.1					"Overall: 23 7/16 x 16 15/16 x 7/8 in. (59.5 x 43 x 2.2 cm)
Diameter of central medallion on back: 2 3/8 in. (6 cm)
Diameter of central medallion on front: 2 5"
met	1993.163	thief	reliquaries_altar		Other height of gilded area at base of cross	4.4									"Overall: 23 7/16 x 16 15/16 x 7/8 in. (59.5 x 43 x 2.2 cm)
Diameter of central medallion on back: 2 3/8 in. (6 cm)
Diameter of central medallion on front: 2 5"
met	1993.163	thief	reliquaries_altar		Other diameter of Raphael medallion					4.6					"Overall: 23 7/16 x 16 15/16 x 7/8 in. (59.5 x 43 x 2.2 cm)
Diameter of central medallion on back: 2 3/8 in. (6 cm)
Diameter of central medallion on front: 2 5"
met	1993.163	thief	reliquaries_altar		Mount plate		12.700026		12.700026						"Overall: 23 7/16 x 16 15/16 x 7/8 in. (59.5 x 43 x 2.2 cm)
Diameter of central medallion on back: 2 3/8 in. (6 cm)
Diameter of central medallion on front: 2 5"
met	1993.163	thief	reliquaries_altar		Other width of arms		13.2								"Overall: 23 7/16 x 16 15/16 x 7/8 in. (59.5 x 43 x 2.2 cm)
Diameter of central medallion on back: 2 3/8 in. (6 cm)
Diameter of central medallion on front: 2 5"
met	1993.163	thief	reliquaries_altar		Other Diameter of central medallion on front					5.9					"Overall: 23 7/16 x 16 15/16 x 7/8 in. (59.5 x 43 x 2.2 cm)
Diameter of central medallion on back: 2 3/8 in. (6 cm)
Diameter of central medallion on front: 2 5"
met	1993.163	thief	reliquaries_altar		Other diameter of John the Baptist medallion					4.1					"Overall: 23 7/16 x 16 15/16 x 7/8 in. (59.5 x 43 x 2.2 cm)
Diameter of central medallion on back: 2 3/8 in. (6 cm)
Diameter of central medallion on front: 2 5"
met	1993.163	thief	reliquaries_altar		Other diameter of Nicholas medallion					4.4					"Overall: 23 7/16 x 16 15/16 x 7/8 in. (59.5 x 43 x 2.2 cm)
Diameter of central medallion on back: 2 3/8 in. (6 cm)
Diameter of central medallion on front: 2 5"
met	41.100.168	core	treasure_covers		Overall	36.1951	26.6701								Overall: 14 1/4 x 10 1/2 in. (36.2 x 26.7 cm)
met	47.100.19	thief	jewelry_crowns		Overall		6.2	16.7	3.5						Overall: 6 9/16 x 2 7/16 x 1 3/8 in. (16.7 x 6.2 x 3.5 cm)
met	50.4	thief	reliquaries_altar		Other foot					7.4					"Overall: 7 11/16 x 7 1/16 x 6 in. (19.6 x 18 x 15.2 cm)
foot: 2 15/16 in. (7.4 cm)"
met	50.4	thief	reliquaries_altar		Overall	19.6	18		15.2						"Overall: 7 11/16 x 7 1/16 x 6 in. (19.6 x 18 x 15.2 cm)
foot: 2 15/16 in. (7.4 cm)"
met	81.10.189	thief	cups_tankards		Overall	18.7	10.8								Overall: 7 3/8 x 4 1/4in. (18.7 x 10.8cm)
met	1998.76	thief	jewelry_crowns		Overall		4.9	19.6	3.9						Overall: 7 11/16 x 1 15/16 x 1 9/16 in. (19.6 x 4.9 x 3.9 cm)
met	47.100.75a, b	thief	chests_caskets		Overall key		2.1	5.9	0.8						"Overall (coffer): 4 3/4 x 6 1/8 x 8 7/16 in. (12 x 15.6 x 21.5 cm)
Overall (key): 2 5/16 x 13/16 x 5/16 in. (5.9 x 2.1 x 0.8 cm)"
met	47.100.75a, b	thief	chests_caskets		Overall coffer	12	15.6		21.5						"Overall (coffer): 4 3/4 x 6 1/8 x 8 7/16 in. (12 x 15.6 x 21.5 cm)
Overall (key): 2 5/16 x 13/16 x 5/16 in. (5.9 x 2.1 x 0.8 cm)"
met	52.50	thief	cups_tankards		Overall	20				11.7					Overall: 7 7/8 x 4 5/8 in. (20 x 11.7 cm)
met	54.1.2	core	bindings_codices		Overall with binding	9.9	7.2		3.8						"single folio: 3 5/8 x 2 7/16 in. (9.2 x 6.2 cm)
Overall (with binding): 3 7/8 x 2 13/16 x 1 1/2 in. (9.9 x 7.2 x 3.8 cm)"
met	54.1.2	core	bindings_codices		Other single folio	9.2	6.2								"single folio: 3 5/8 x 2 7/16 in. (9.2 x 6.2 cm)
Overall (with binding): 3 7/8 x 2 13/16 x 1 1/2 in. (9.9 x 7.2 x 3.8 cm)"
met	62.96	thief	reliquaries_altar		Overall closed	25.400051	16.7		9.2						"open: 10 × 16 × 3 5/8 in. (25.4 × 40.6 × 9.2 cm)
closed: 10 × 6 9/16 × 3 5/8 in. (25.4 × 16.7 × 9.2 cm)"
met	62.96	thief	reliquaries_altar		Overall open	25.400051	40.64008		9.207519						"open: 10 × 16 × 3 5/8 in. (25.4 × 40.6 × 9.2 cm)
closed: 10 × 6 9/16 × 3 5/8 in. (25.4 × 16.7 × 9.2 cm)"
met	53.20.2	thief	ewers_plate		Overall	20.955042		63.500126						3200.0	25 × 8 1/4 in., 7.1 lb. (63.5 × 21 cm, 3.2 kg)
met	55.61.12	thief	locks_padlocks		Overall	17.145	22.86								Overall: 6 3/4 x 9 in. (17.1 x 22.9 cm)
met	47.101.26	thief	reliquaries_altar		Overall	20.3				17.5					Overall: 8 x 6 7/8 in. (20.3 x 17.5 cm)
met	89.2.157	core	plucked_strings		Overall	58.4	17.8								"Height: 23 in. (58.4 cm)
Width: 7 in. (17.8 cm)
Weight: Under 40 lbs"
met	89.4.54	core	plucked_strings		Overall(str)						94.8				L.: 94.8 cm (37-5/16 in.); W.: 31.5 cm (12-7/16 in.); D.: 5.8 cm (2-5/16 in.)
met	89.4.388a, b	core	bowed_strings		Overall(str)						69.0	21.0	6.5		"Rebab al-sha'ir: 69cm x 21cm x 6.5cm
Bow: 54cm x 4.5cm x 2cm"
met	89.4.407	core	bowed_strings		Overall	49.8	10			10					"Height: 19 5/8 in. (49.8 cm)
Width: 3 15/16 in. (10 cm)
Diameter: 3 15/16 in. (10 cm)"
met	89.4.926	core	harps_zithers		Overall	76	21								"Height: 29 15/16 in. (76 cm)
Width: 8 1/4 in. (21 cm)"
met	89.4.1002a, b	core	harps_zithers		Overall(str)						73.3	38.5	30.0		L. --long edge/short edge:  73.3/ 38.5 cm., Body width perpendicular to long edge  30.0 cm., Body depth including moldin  6.8 cm., Vibrating length of strings  
met	89.4.1097	core	winds		Overall	67.2				11.7					"Height (Perpendicular to bell): 26 7/16 in. (67.2 cm)
Diameter (Of bell): 4 5/8 in. (11.7 cm)"
met	89.4.1743	core	percussion		Overall	78	24		17.2						H. 30 11/16 × W. 9 7/16 × D. 6 3/4 in. (78 × 24 × 17.2 cm)
met	89.4.1778	core	wheel_and_keys		Overall	9.1	44.1		21.8						"Height: 3 9/16 in. (9.1 cm)
Width (parallel to keyboard): 17 3/8 in. (44.1 cm)
Depth (perpendicular to keyboard): 8 9/16 in. (21.8 cm)"
met	89.4.2929a–e	core	wheel_and_keys		Overall Galatea	88.9	144.8		119.4						"Harpsichord: 14 3/4 in. × 9 ft. 10 in. × 38 in. (37.5 × 299.7 × 96.5 cm)
Polyphemus: 50 × 60 × 52 in. (127 × 152.4 × 132.1 cm)
Galatea: 35 × 57 × 47 in. (88.9"
met	89.4.2929a–e	core	wheel_and_keys		Overall Polyphemus	127	152.4		132.1						"Harpsichord: 14 3/4 in. × 9 ft. 10 in. × 38 in. (37.5 × 299.7 × 96.5 cm)
Polyphemus: 50 × 60 × 52 in. (127 × 152.4 × 132.1 cm)
Galatea: 35 × 57 × 47 in. (88.9"
met	89.4.2929a–e	core	wheel_and_keys		Overall Harpsichord	37.5	299.7		96.5						"Harpsichord: 14 3/4 in. × 9 ft. 10 in. × 38 in. (37.5 × 299.7 × 96.5 cm)
Polyphemus: 50 × 60 × 52 in. (127 × 152.4 × 132.1 cm)
Galatea: 35 × 57 × 47 in. (88.9"
met	34.86.2a	core	bowed_strings		Overall Depth (at lower bout)	58.4	20.3		3						"Height: 23 in. (58.4 cm)
Width: 8 in. (20.3 cm)
Depth (at lower bout): 1 3/16 in. (3 cm)

Weight: under 40 lbs"
met	53.6a, b	core	wheel_and_keys		Overall Not including case	15.875031	139.70029		46.35509						Not including case: 6 1/4 × 55 × 18 1/4 in. (15.9 × 139.7 × 46.4 cm)
met	55.86a–c	core	bowed_strings		Overall	59	19.7								"Height: 23 1/4 in. (59 cm)
Width: 7 3/4 in. (19.7 cm)"
met	68.62.1	core	plucked_strings		Overall	88.90018	30.797562		29.210058						35 × 12 1/8 × 11 1/2 in. (88.9 × 30.8 × 29.2 cm)
met	1984.225	core	plucked_strings		Overall	90.7	24.1		9.4						"Height: 35 11/16 in. (90.7 cm)
Width (at greatest point): 9 1/2 in. (24.1 cm)
Depth (rib height at bottom): 3 11/16 in. (9.4 cm)"
met	1992.333	core	bowed_strings		Overall	59.05512	20.2		8.8900175						23 1/4 × 7 15/16 × 3 1/2 in. (59.1 × 20.2 × 8.9 cm)
met	1994.63	core	plucked_strings		Overall(str)						109.3				L. 109.3 cm. (43 in.); W. 26.3 cm. (10-3/8 in.); D. 26 cm. (10¼ in.)
met	1999.26	core	bowed_strings		Overall	57.4	20.2								"Height: 22 5/8 in. (57.4 cm)
Width: 7 15/16 in. (20.2 cm)"
met	1999.74	core	winds		Overall	127				12.1					L. 50 ×  Diam. Largest 4 3/4 -  smallest 1 1/2  in. (127 × 12.1 - 3.8 cm)
met	45.41a-c	core	wheel_and_keys		Overall Depth (With moldings)	24.8	231.2		81.5						"Instr. 244cm x 90cm x 31cm
front stand 82.5cm x 22cm x 78cm
back stand 21cm x 21cm x 78cm"
met	50.145.74	core	plucked_strings		Overall	94	25.3		2.9						"L. 37 × W. 9 15/16 × D. 1 1/8 in. (94 × 25.3 × 2.9 cm)
see measurements drawing"
met	53.56.11	core	winds		Overall	57.150116	6.032512		6.032512						22 1/2 × 2 3/8 × 2 3/8 in. (57.2 × 6 × 6 cm)
met	29.90	core	wheel_and_keys		Overall		182.24536		49.5						"Width: 71 3/4 in. (182.2 cm)
Depth: 19 1/2 in. (49.5 cm)"
met	14.25.1618	core	percussion		Overall	60.4			53.1						"Height: 23 3/4 in. (60.4 cm)
Depth: 20 7/8 in. (53.1 cm)"
met	44.157.8a–e	core	wheel_and_keys		Overall	93.6	93.3		241.7						"Height (without lid): 36 7/8 in. (93.6 cm)
Width (parallel to keyboard): 36 3/4 in. (93.3 cm)
Depth (perpendicular to keyboard): 95 3/16 in. (241.7 cm)"
met	69.29	core	plucked_strings		Overall Depth	91.4	27		9.8						H. 36 × W. 10 5/8 × D. 3 7/8 in. (91.4 × 27 × 9.8 cm)
met	52.96.1	core	winds		Overall	57.150116	3.1750064		3.1750064						"22 1/2 × 1 1/4 × 1 1/4 in. (57.2 × 3.2 × 3.2 cm)
Width (At widest curve, approx.): 2 3/4 in. (7 cm)"
met	52.96.1	core	winds		Width At widest curve, approx.		6.985014								"22 1/2 × 1 1/4 × 1 1/4 in. (57.2 × 3.2 × 3.2 cm)
Width (At widest curve, approx.): 2 3/4 in. (7 cm)"
met	1985.124	core	plucked_strings		Overall	63.182625	23.653797		5.08001						24 7/8 × 9 5/16 × 2 in. (63.2 × 23.7 × 5.1 cm)
met	1982.241.2	core	plucked_strings		Overall(str)						802.0				Total length: 802 mm
met	1978.369a–d	core	harps_zithers		Overall(str)						146.7	37.8	9.6		"Dulcimer:  longest side: 146.7 cm.; perpendicular to longest side: 37.8 cm.; D. 9.6 cm.
Case:  W. 159.5 cm; perpendicular 51.0 cm.; H. 73.7 cm."
met	2007.194a–f	core	harps_zithers		Overall	13	189.5		24.2						5 1/8 × 74 5/8 × 9 1/2 in. (13 × 189.5 × 24.2 cm)
met	2009.125a–e	core	winds		Width With bocal		19.367538								"39 × 3 × 3 in. (99.1 × 7.6 × 7.6 cm)
Height (With bocal): 40 1/4 in. (102.2 cm)
Width (With bocal): 7 5/8 in. (19.4 cm)"
met	2009.125a–e	core	winds		Height With bocal	102.23521									"39 × 3 × 3 in. (99.1 × 7.6 × 7.6 cm)
Height (With bocal): 40 1/4 in. (102.2 cm)
Width (With bocal): 7 5/8 in. (19.4 cm)"
met	2009.125a–e	core	winds		Overall	99.060196	7.620015		7.620015						"39 × 3 × 3 in. (99.1 × 7.6 × 7.6 cm)
Height (With bocal): 40 1/4 in. (102.2 cm)
Width (With bocal): 7 5/8 in. (19.4 cm)"
met	2010.172.1	core	percussion		Overall	20.955042	11.430023		11.430023						8 1/4 × 4 1/2 × 4 1/2 in. (21 × 11.4 × 11.4 cm)
met	2012.568a–c	core	winds		Overall	83.185165	12.065024		26.035051						32 3/4 × 4 3/4 × 10 1/4 in. (83.2 × 12.1 × 26 cm)
met	34.2.2	thief	jewelry_crowns		Overall	44.5	30.5		34.5						H. 44.5 × W. 30.5 × D. 34.5 cm (17 1/2 × 12 × 13 9/16 in.)
met	26.7.971	thief	reliquaries_altar		Overall	14.5									H. 14.5 cm (5 11/16 in.)
met	2014.198	armor	mail		Overall(str)						34.0			7520.6	L. 34 in. (86.4 cm); W. 57 in. (144.8 cm); Diam. (outside) of links 11/16 (17.0 mm); Diam. (inside) of links 7/16 in. (11.0 mm); Wt. 16 lb. 9 oz. (7520.6 g)
met	2016.408	thief	jewelry_crowns		Overall	30.48006	22.860046		21						"Overall: H. 12 in. (30.5 cm.); W. 9 in. (30.5 cm); D. 8 1/4 in. (21 cm)
Overall with mount: H. 18 1/2 (47 cm); W. 9 in. (30.5 cm); D. 8 1/2 in. (21.6 cm) 
Bas"
met	2016.408	thief	jewelry_crowns		Base mount foot		15.24003	15.24003	15.24003						"Overall: H. 12 in. (30.5 cm.); W. 9 in. (30.5 cm); D. 8 1/4 in. (21 cm)
Overall with mount: H. 18 1/2 (47 cm); W. 9 in. (30.5 cm); D. 8 1/2 in. (21.6 cm) 
Bas"
met	2016.408	thief	jewelry_crowns		Overall with mounting	46.990093	22.860046		21.590044						"Overall: H. 12 in. (30.5 cm.); W. 9 in. (30.5 cm); D. 8 1/4 in. (21 cm)
Overall with mount: H. 18 1/2 (47 cm); W. 9 in. (30.5 cm); D. 8 1/2 in. (21.6 cm) 
Bas"
met	2015.695	core	shields		Overall(str)						16.0	15.0	16.0	1344.0	Diam. 16 15/16 in. (43 cm); Wt. 2 lb. 15 oz. (1344  g)
met	2022.386	thief	chests_caskets		Overall	13				9.5					H. 5 1/8 in. (13 cm); Diam. 3 3/4 in. (9.5 cm)
met	2024.607.6	core	percussion		Overall(str)						18.0	3.0			18 in. Diameter x 3 in. Depth
met	22.120.1	light	hearth		Overall(str)						22.0	1.0	2.0		22 1/2 x 23 in. (57.2 x 58.4 cm)
met	23.80.14	light	hearth		Overall(str)						25.0	1.0	4.0		25 1/4 x 21 1/2 x 13 1/2 in. (64.1 x 54.6 x 34.3 cm)
met	23.80.15	light	hearth		Overall(str)						25.0	1.0	4.0		25 1/4 x 21 1/2 x 13 1/2 in. (64.1 x 54.6 x 34.3 cm)
met	30.120.83	light	hearth		Overall(str)						23.0	1.0	2.0		H. 23 1/2 in. (59.7 cm)
met	37.15.1	light	hearth		Overall(str)						30.0	3.0	4.0		30 3/4 x 28 in. (78.1 x 71.1 cm)
met	37.15.2	light	hearth		Overall(str)						30.0	3.0	4.0		30 3/4 x 28 in. (78.1 x 71.1 cm)
met	39.184.47	light	hearth		Overall(str)						25.0	1.0	2.0		25 1/2 x 22 1/4 x 13 1/2 in. (64.8 x 56.5 x 34.3 cm)
met	46.67.127	light	hearth		Overall(str)						23.0	1.0	4.0		23 1/4 x 23 1/2 in. (59.1 x 59.7 cm)
met	47.137.1	light	hearth		Overall(str)						21.0	15.0	3.0		21 x 15 3/4 in. (53.3 x 40 cm)
met	67.262.6	light	oil_lamps		Overall(str)						17.0	7.0	8.0		17 7/8 x 17 x 7 7/8 in. (45.4 x 43.2 x 20 cm)
met	68.111.1	light	oil_lamps		Overall(str)						21.0	1.0	2.0		21 1/2 x 9 3/4 in. (54.6 x 24.8 cm)
met	31.127.2	light	braziers		Overall(str)						6.0	1.0	4.0		6 1/4 x 16 1/2 in. (15.9 x 41.9 cm)
met	68.177.2	light	candlesticks_candelabra		Overall(str)						29.0				H. 29 in. (73.7 cm); Diam. 5 1/2 in. (14 cm)
met	68.177.3	light	candlesticks_candelabra		Overall(str)						29.0				H. 29 in. (73.7 cm); Diam. 5 1/2 in. (14 cm)
met	46.67.77a–k	light	candlesticks_candelabra		Overall(str)						28.0				H. 28 in. (71.1 cm)
met	46.67.78a–k	light	candlesticks_candelabra		Overall(str)						27.0				H. 27 in. (68.6 cm)
met	54.172.1	light	candlesticks_candelabra		Overall(str)						30.0	15.0	16.0		H. 30 15/16 in. (78.6 cm)
met	54.172.2	light	candlesticks_candelabra		Overall(str)						30.0	15.0	16.0		H. 30 15/16 in. (78.6 cm)
met	67.262.10	light	candlesticks_candelabra		Overall(str)						6.0	7.0	8.0		6 7/8 x 5 3/8 x 4 1/16 in. (17.5 x 13.7 x 10.3 cm)
met	24.109.38a–c	core			Overall(str)						5.0	1.0	16.0	556.5	"Overall: 5 1/16 x 9 5/8 x 4 3/4 in. (12.9 x 24.4 x 12.1 cm); 17 oz. 17 dwt. (556.5 g)
Stand with only attached parts (without bobeche): H. 4 3/4 in. (12.1 cm);"
met	10.125.434	light	candlesticks_candelabra		Overall(str)						7.0				H. 7 in. (17.8 cm)
met	66.10.33	light	candlesticks_candelabra		Overall(str)						6.0				H. 6 in. (15.2 cm); Diam. 3 5/8 in. (9.2 cm)
met	46.140.320	light	candlesticks_candelabra		Overall(str)						9.0	5.0	8.0		H. 9 5/8 in. (24.4 cm)
met	41.160.388	light	candlesticks_candelabra		Overall(str)						6.0	1.0	2.0		H. 6 1/2 in. (16.5 cm)
met	1971.180.69	light	candlesticks_candelabra		Overall(str)						8.0	1.0	2.0		H. 8 1/2 in. (21.6 cm); Diam. 6 1/8 in. (15.6 cm)
met	52.77.39a, b	light	candlesticks_candelabra		Overall(str)						9.0	5.0	16.0		9 5/16 × 4 11/16 × 4 11/16 in. (23.7 × 11.9 × 11.9 cm)
met	41.130.1	light	candlesticks_candelabra		Overall(str)						11.0	1.0	4.0		H. 11 1/4 in. (28.6 cm)
met	41.130.2	light	candlesticks_candelabra		Overall(str)						11.0	1.0	4.0		H. 11 1/4 in. (28.6 cm)
met	52.195.16a, b	light	candlesticks_candelabra		Overall(str)						18.0	3.0	4.0		H. 18 3/4 in. (47.6 cm)
met	41.99.1	light	candlesticks_candelabra		Overall(str)						8.0				H. 8 in. (20.3 cm)
met	64.36.3a–I	light	chandeliers		Overall(str)						63.0	1.0	2.0		63 1/2 x 29 7/8 in. (161.3 x 75.9 cm)
met	67.199a–h	light	chandeliers		Overall(str)						51.0				H. 51 in. (129.5 cm); Diam. 35 in. (88.9 cm)
met	44.126	light	hearth		Overall(str)						27.0	1.0	2.0		27 1/2 x 19 1/4 in. (69.9 x 48.9 cm)
met	47.103.15	light	hearth		Overall(str)						27.0	1.0	4.0		27 1/4 x 29 in. (69.2 x 73.7 cm)
met	36.32	light	hearth		Overall(str)						26.0	1.0	4.0		26 1/4 x 22 1/8 in. (66.7 x 56.2 cm)
met	35.95	light	hearth		Overall(str)						22.0	29.0			22 x 29 in. (55.9 x 73.7 cm)
met	16.145	light	hearth		Overall(str)						23.0	32.0			23 x 32 in. (58.4 x 81.3 cm)
met	68.143.5	light	chandeliers		Overall(str)						68.0				H. 68 in. (172.7 cm)
met	68.143.6	light	sconces_girandoles		Overall(str)										Dimensions unavailable
met	68.143.7	light	sconces_girandoles		Overall(str)										Dimensions unavailable
met	68.143.15	light	sconces_girandoles		Overall(str)										Dimensions unavailable
met	68.143.16	light	sconces_girandoles		Overall(str)										Dimensions unavailable
met	68.151.1	light	sconces_girandoles		Overall(str)						20.0	21.0	1.0		20 x 21 1/2 x 7 1/8 in. (50.8 x 54.6 x 18.1 cm)
met	1974.363.1	light	sconces_girandoles		Overall(str)						54.0				H. 54 in. (137.2 cm); Diam. 28 in. (71.1 cm)
met	1974.363.2	light	sconces_girandoles		Overall(str)						54.0				H. 54 in. (137.2 cm); Diam. 28 in. (71.1 cm)
met	1982.215.1	light	sconces_girandoles		Overall(str)						21.0	3.0	4.0		H. 21 3/4 in. (55.2 cm); Diam. 8 in. (20.3 cm)
met	1982.215.2	light	sconces_girandoles		Overall(str)						21.0	3.0	4.0		H. 21 3/4 in. (55.2 cm); Diam. 8 in. (20.3 cm)
met	66.108.3	light	sconces_girandoles		Overall(str)						38.0	22.0			38 x 22 in. (96.5 x 55.9 cm)
met	1983.97.1	light	sconces_girandoles		Overall(str)						14.0				H. 14 in. (35.6 cm)
met	1983.97.2	light	sconces_girandoles		Overall(str)						14.0				H. 14 in. (35.6 cm)
met	1983.97.3	light	sconces_girandoles		Overall(str)						14.0				H. 14 in. (35.6 cm)
met	1979.483	light	oil_lamps		Overall(str)						12.0	7.0	8.0		"Overall: H. 12 7/8 in. (32.7 cm)
Lamp: H. 10 1/2 in. (26.7 cm)"
met	1979.479	light	lanterns		Overall(str)						12.0	1.0	2.0		H. 12 1/2 in. (31.8 cm); Diam. 12 3/8 in. (31.4 cm)
met	42.197.11a, b	light	lanterns		Overall(str)						14.0	1.0	2.0		14 1/2 in. (36.8 cm)
met	34.75.2	light	sconces_girandoles		Overall(str)						32.0				H. 32 in. (81.3 cm)
met	34.75.3	light	sconces_girandoles		Overall(str)						32.0				H. 32 in. (81.3 cm)
met	58.74.2	light	sconces_girandoles		Overall(str)						16.0	1.0	8.0		16 1/8 x 9 1/8 in. (41 x 23.2 cm)
met	42.197.3a–e	light	sconces_girandoles		Overall(str)						7.0	3.0	4.0		7 3/4 x 17 5/8 in. (19.7 x 44.8 cm)
met	42.197.4a–e	light	sconces_girandoles		Overall(str)						7.0	3.0	4.0		7 3/4 x 17 5/8 in. (19.7 x 44.8 cm)
met	23.80.22	light	candlesticks_candelabra		Overall(str)						1.0	5.0	8.0	115.8	1 5/8 x 7 1/4 in. (4.1 x 18.4 cm); 3 oz. 14 dwt. (115.8 g)
met	23.80.21	light	candlesticks_candelabra		Overall(str)						8.0	3.0	16.0	532.6	8 3/16 x 5 1/8 x 5 1/8 in. (20.8 x 13 x 13 cm); 17 oz. 2 dwt. (532.6 g)
met	24.109.39	light	candlesticks_candelabra		Overall(str)						2.0	5.0	8.0	327.3	2 5/8 x 7 5/16 x 3 7/8 in. (6.7 x 18.6 x 9.8 cm); 10 oz. 10 dwt. (327.3 g)
met	52.77.37a, b	light	candlesticks_candelabra		Overall(str)						6.0	1.0	8.0		H. 6 1/8 in. (15.6 cm); Diam. 3 3/8 in. (8.6 cm)
met	1998.27	light	lanterns		Overall(str)						14.0	1.0	4.0		H. 14 1/4 in. (36.2 cm); Diam. 7 in. (17.8 cm)
met	2000.449	light	oil_lamps		Overall(str)						28.0				H. 28 in. (71.1 cm)
met	1992.257.2	light	braziers		Overall(str)						3.0	5.0	16.0		H. 3 5/16 in. (8.4 cm); W. 4 9/16 in. (11.6 cm); Diam. 4 3/4 in. (12.1 cm)
met	07.225.90	light	sconces_girandoles		Overall(str)						35.0	23.0			35 × 23 in. (88.9 × 58.4 cm)
met	07.225.195a	light	candlesticks_candelabra		Overall(str)						67.0				H. 67 in. (170.2 cm.)
met	07.225.494	light	candlesticks_candelabra		Overall(str)						23.0	1.0	2.0		23 1/2 × 25 5/8 in. (59.7 × 65.1 cm)
met	08.81.2	light	hearth		Overall(str)						28.0	18.0			28 × 18 in. (71.1 × 45.7 cm)
met	17.190.2059	light	sconces_girandoles		Overall(str)						16.0	3.0	4.0		Height: 16 3/4 in. (42.5 cm)
met	17.190.2060	light	sconces_girandoles		Overall(str)						16.0	1.0	4.0		Height: 16 1/4 in. (41.3 cm)
met	23.67.24	light	sconces_girandoles		Overall(str)						11.0	1.0	2.0		11 1/2 × 10 in. (29.2 × 25.4 cm)
met	24.132.2	light	candlesticks_candelabra		Overall(str)						7.0				Height: 7 in. (17.8 cm)
met	24.132.6	light	candlesticks_candelabra		Overall(str)						7.0	1.0	4.0		Height: 7 1/4 in. (18.4 cm)
met	24.132.7	light	candlesticks_candelabra		Overall(str)						6.0	1.0	4.0		Height: 6 1/4 in. (15.9 cm)
met	24.212.8	core	crossbows_archery		Overall(str)										Overall (confirmed): 14 1/2 × 5 5/8 × 5 1/8 in. (36.8 × 14.3 × 13 cm)
met	29.112.1	light	chandeliers		Overall(str)						64.0	41.0			64 × 41 in. (162.6 × 104.1 cm)
met	46.33.4	light	candlesticks_candelabra		Overall(str)						6.0	1.0	4.0		Length: 6 1/4 in. (15.9 cm)
met	46.33.5	light	candlesticks_candelabra		Overall(str)						6.0	1.0	8.0		Length: 6 1/8 in. (15.6 cm)
met	48.187.61	light	candlesticks_candelabra		Overall(str)						7.0	1.0	2.0		Length: 7 1/2 in. (19.1 cm)
met	61.69	core			Overall(str)						38.0	1.0	4.0		Overall: 38 1/4 × 22 1/2 × 9 1/2 in. (97.2 × 57.2 × 24.1 cm)
met	63.53.202	light	candlesticks_candelabra		Overall(str)						202.0	2.0	3.0		.202: 2 3/4 × 1 15/16 in. (7 × 4.9 cm)
met	64.101.359	light	sconces_girandoles		Overall(str)						17.0	1.0	2.0		17 1/2 × 15 1/2 in. (44.5 × 39.4 cm)
met	64.101.1032	light	chandeliers		Overall(str)										Overall (including hanging attachment): 17 × 18 1/2 in. (43.2 × 47 cm)
met	64.163.1a–d	light	candlesticks_candelabra		Overall(str)						102.0	16.0	7.0	90719.4	"Overall: 102 x 16 7/8 x 16 7/8in. (259.1 x 42.9 x 42.9cm);
Pedestal: 42 1/2 x 16 7/8 x 16 7/8 in., approx. 200lb. (108 x 42.9 x 42.9 cm, 90.7194kg);
Plinth: 1"
met	64.163.2a–d	light	candlesticks_candelabra		Overall(str)						8.0	6.0	16.0		Overall: 8 ft. 6 in. × 16 7/8 in. × 16 7/8 in. (259.1 × 42.9 × 42.9 cm)
met	65.221.2a, b	light	braziers		Overall(str)						16.0				"a) H. 16 in.  (40.6 cm), Gr. Diam. 28 1/4 in. (71.8 cm)
b) Diam. 18 9/16 in. (47.1 cm)"
met	68.31	light	hearth		Overall(str)						32.0	38.0	1.0		H. 32 x W. 38 x D. 1 in.  (81.3 x 96.5 x 2.5 cm)
met	68.32	light	hearth		Overall(str)						35.0	3.0	8.0		35 3/8 x 41 1/2 x 1 in.  (89.9 x 105.4 x 2.5 cm)
met	68.141.19	core			Overall(str)										Overall (confirmed): 17 3/8 × 6 × 5 1/4 in. (44.1 × 15.2 × 13.3 cm)
met	1970.266.3	light	candlesticks_candelabra		Overall(str)						5.0	1.0	4.0		Height: 5 1/4 in. (13.3 cm)
met	1971.206.27	core			Overall(str)						52.0	1.0	2.0		Overall: 52 1/2 × 24 1/2 × 15 1/2 in. (133.4 × 62.2 × 39.4 cm)
met	1972.284.8, .9	light	hearth		Overall(str)										(1972.284.8): 18 1/8 × 17 3/4 × 9 7/8 in. (46 × 45.1 × 25.1 cm); (1972.284.9): 17 1/8 in. × 20 in. × 9 1/2 in. (43.5 × 50.8 × 24.1 cm)
met	1973.315.16	light	hearth		Overall(str)						45.0	1.0	2.0		Height: 45 1/2 in. (115.6 cm)
met	1973.315.17	light	hearth		Overall(str)						44.0	1.0	4.0		Height: 44 1/4 in. (112.4 cm)
met	1974.356.133–.136	core			Overall(str)						22.0	1.0	2.0		22 1/2 × 16 × 7 1/2 in. (57.2 × 40.6 × 19.1 cm)
met	1977.102.5, .6	light	hearth		Overall(str)						5.0	16.0	24.0		".5) H. 16 x W. 24 1/4 x D. 7 5/8 in.  (40.6 x 61.6 x 19.4 cm);
.6) H. 15 1/2 x W. 24 1/4 x D. 7 5/8 in. (39.4 x 61.6 x 19.4 cm)"
met	1977.180.1, .2	light	hearth		Overall(str)						16.0	1.0	4.0		Each: 16 1/4 × 18 × 4 3/4 in. (41.3 × 45.7 × 12.1 cm)
met	1982.60.56	core			Overall(str)						34.0	1.0	2.0		34 1/2 x 55 x 22 3/4 in. (87.6 x 139.7 x 57.8cm)
met	1982.60.64	light	sconces_girandoles		Overall(str)						23.0				Height: 23 in. (58.4 cm)
met	1982.60.69, .70	light	hearth		Overall(str)										Height (each): 16 1/2 in. (41.9 cm)
met	1986.319.51	core			Overall(str)						4.0	5.0	16.0		confirmed: 4 5/16 × 6 1/4 × 7/8 in., 2.3 lb. (11 × 15.9 × 2.2 cm, 1029.5g)
met	1986.365.1, .2	light	hearth		Overall(str)						1.0	20.0	3.0		".1) H. 20 3/4 x W. 19 x D. 10 1/2 in.  (52.7 x 48.3 x 26.7 cm);
.2) H. 17 3/4 x W. 19 5/16 x D. 9 3/4 in. (45.1 x 49.1 x 24.8 cm)"
met	1995.134	light	hearth		Overall(str)						48.0	40.0	1.0		Overall: 48 × 40 1/2 in. (121.9 × 102.9 cm)
met	1995.141	light	chandeliers		Overall(str)						46.0	46.0			Overall: 46 × 46 in. (116.8 × 116.8 cm)
met	07.225.9	light	candlesticks_candelabra		Overall(str)						71.0				Height: 71 in. (180.3 cm)
met	42.197.11	light	lanterns		Overall(str)										Height (clock): 14 1/2 in. (36.8 cm); Height (weight): 7 in. (17.8 cm)
met	2005.364.6	light	candlesticks_candelabra		Overall(str)						1.0	8.0	1.0		Overall: H. 1 x W. 8 x D. 1 7/8 in. (2.5 x 20.3 x 4.8 cm)
met	2006.470.8a, b	light	candlesticks_candelabra		Overall(str)						2.0	5.0	8.0		Overall: 2 5/8 × 4 3/8 in. (6.7 × 11.1 cm)
met	2006.470.9a–c	light	candlesticks_candelabra		Overall(str)						2.0	1.0	4.0		Overall: 2 1/4 × 3 5/8 in. (5.7 × 9.2 cm)
met	2009.58	light	oil_lamps		Overall(str)										Overall (confirmed,wt including display block): H. 7 5/8 × W. 9 × D. 2 7/8 in., Wt. 4.4lb. (19.4 × 22.9 × 7.3 cm, 1995.827g)
met	1982.60.65	light	sconces_girandoles		Overall(str)						23.0				Height: 23 in. (58.4 cm)
met	07.225.195b	light	candlesticks_candelabra		Overall(str)									81193.9	"Overall (wt. confirmed): H. 67 in., Wt. 179lb. (170.2 cm, 81.1939kg);
Overall (integral base): W. 17 × D. 11 5/8 in. (43.2 × 29.5 cm)"
met	74.51.370	light	torches_cressets		Overall(str)						1.0	3.0	4.0		"H. 1 3/4 in. (4.4 cm)
diameter of saucer  5 7/8 in. (14.9 cm)"
met	74.51.371	light	torches_cressets		Overall(str)						2.0	15.0	16.0		"H. 2 15/16 in. (7.5 cm)
diameter of saucer  7 1/16 in. (18 cm)"
met	74.51.424	light	torches_cressets		Overall(str)						3.0	1.0	2.0		"H. 3 1/2 in. (8.9 cm)
diameter of saucer  5 3/4 in. (14.6 cm)"
met	74.51.5586	light	torches_cressets		Overall(str)						4.0	5.0	16.0		"4 5/16in. (11cm)
Other (diameter of mouth): 3 15/16in. (10cm)"
met	74.51.5595	light	torches_cressets		Overall(str)						3.0				"3in. (7.6cm)
Other (diameter of mouth): 2 15/16in. (7.5cm)"
met	89.2.2047	light	lanterns		Overall(str)						5.0	1.0	2.0		H.: 5 1/2 in. (14 cm)
met	96.9.375	light	torches_cressets		Overall(str)						10.0	13.0	16.0		Other: 10 13/16 in. (27.5 cm)
met	96.18.96	light	braziers		Overall(str)						4.0	7.0	8.0		H. 4 7/8 in. (12.4 cm); diameter 18 11/16 in. (47.5 cm)
met	98.11.32	light	oil_lamps		Overall(str)						3.0	7.0	16.0		Total height 3 7/16 in. (8.7 cm); L. without handle 4 7/16 in. (11.3 cm)
met	00.13.10	light	oil_lamps		Overall(str)						3.0	7.0	16.0		Total height 3 7/16 in. (8.7 cm); L. of lamp without handle 4 7/16 in. (11.8 cm)
met	01.17.1	light	oil_lamps		Overall(str)						2.0				H. without lid 2 in. (5.1 cm)
met	03.24.21	light	candlesticks_candelabra		Overall(str)						34.0	3.0	4.0		H.: 34 3/4 in. (88.3 cm)
met	08.258.15	light	candlesticks_candelabra		Overall(str)						51.0				H.: 51 in. (129.5 cm)
met	10.130.1349	light	oil_lamps		Overall(str)						2.0	15.0	16.0		H. 2 15/16 in. (7.5 cm); L. 4 3/4 in. (12.0 cm)
met	10.231.1	light	oil_lamps		Overall(str)						10.0	3.0	4.0	2900.0	Overall: 10 3/4 in., 2.9kg (27.3 cm, 6.4lb.)
met	19.192.53	light	braziers		Overall(str)						6.0				H. 6 in. (15.2 cm); diameter 17 in. (43.2 cm)
met	23.160.94	core			Overall(str)						2.0	11.0	16.0		Overall: 2 11/16 x 6 1/2in. (6.8 x 16.5cm)
met	1986.66	light	oil_lamps		Overall(str)						8.0	12.6	5.5		H. 8 cm; L. 12.6 cm; Diameter 5.5 cm
met	89.2.197	light	oil_lamps		Overall(str)						11.0	7.0	8.0		"H. 11 7/8 in. (30.1 cm)
Diam. of base: 7 1/4 in. (18.4 cm)
Diam. of rim: 4 in. (10.2 cm)"
met	91.1.138	light	lanterns		Overall(str)						9.0	1.0	8.0		9 1/8 × 5 3/4 × 5 1/4 in. (23.2 × 14.6 × 13.3 cm)
met	91.1.554a	light	oil_lamps		Overall(str)						18.0	5.0	8.0		H. 18 5/8 in. (47.3cm)
met	91.1.579	light	oil_lamps		Overall(str)						13.0	5.0	8.0		"gH. 13 5/8 in. (34.6 cm)
Base Diam. 7 1/8 in. (18.1 cm) 
Top Diam. 4 1/4 in. (10.8 cm)"
met	91.1.1530	light	mosque_lamps		Overall(str)						14.0	5.0	16.0		"H. 14 5/16 in. (36.4 cm)
Max Diam. 10 1/8 in. (25.7 cm)"
met	91.1.1535	light	mosque_lamps		Overall(str)						11.0	1.0	2.0		"H. 11 1/2 in. (29.2 cm)
Max. Diam. 7 7/8 in. (20 cm)"
met	91.1.1536	light	mosque_lamps		Overall(str)						10.0	11.0	16.0		"H. 10 11/16 in. (27.1 cm)
Max. Diam. 8 7/16 in. (21.4 cm)"
met	91.1.1539	light	mosque_lamps		Overall(str)						12.0	1.0	2.0		"H. 12 1/2 in. (31.8 cm)
Max. Diam. 8 13/16 in. (22.4 cm)
Diam. with handles: 9 1/8 in. (23.2 cm)"
met	17.190.986	light	mosque_lamps		Overall(str)						10.0				"H. 10 in. (25.4 cm)
Diam. of rim 6 3/4 in. (17.15 cm)"
met	17.190.992	light	mosque_lamps		Overall(str)						11.0	1.0	16.0		"H. 11 1/16 in. (28.1 cm)
Max. Dia. 7 5/16 (18.6 cm)"
met	29.53	light	oil_lamps		Overall(str)						13.0	1.0	4.0		"H. 13 1/4 in. (33.7 cm)
Diam. (base): 6 5/8 in. (16.8 cm)"
met	30.95.162	light	mosque_lamps		Overall(str)						10.0				"H. 10 in. (25.4 cm)
Diam. 10 3/8 in. (26.4 cm)"
met	33.96	light	oil_lamps		Overall(str)						7.0	1.0	4.0		H. 7 1/4 in. (18.41 cm)
met	38.40.133	light	oil_lamps		Overall(str)						2.0	1.0	2.0		"H. 2 1/2 in. (6.4 cm)
W. 6 in. (15.2 cm)
D. 2 9/16 in. (6.5 cm)"
met	39.40.87	light	lanterns		Overall(str)						9.0	5.0	8.0		"Overall:
            H. 9 5/8 in. (24.5 cm)
            Diam. 5 7/8 in. (15 cm)
Base: 
        Diam. 4 1/2 in. (11.5 cm)"
met	40.170.296	light	lanterns		Overall(str)						7.0	7.0	8.0		"H. 7 7/8 in. (20 cm)
Diam. 4 5/16 in. (11 cm)"
met	57.61.17	light	mosque_lamps		Overall(str)						8.0				"H. 8 in. (20.3 cm)
Diam. 6 3/8 in. (16.2 cm)"
met	14.40.731	light	mosque_lamps		Overall(str)						11.0	3.0	4.0		"H. 11 3/4 in. (29.8 cm)
Diam. 7 1/2 in. (19.1 cm)"
met	1975.1.1445	light	chandeliers		Overall(str)						99.0	40.5			H. 99 cm, L. of the long branches 40.5 cm
met	1975.1.1469	light	hearth		Overall(str)						68.0				H. 68 cm.
met	1975.1.1470	light	hearth		Overall(str)						67.5				H. 67.5 cm.
met	1975.1.1446	light	chandeliers		Overall(str)						102.0	40.0			H. 102 cm, L. of the long branches 40 cm
met	1975.1.2492	light	chandeliers		Overall(str)						109.5				H. 109.5 cm
met	1975.1.1477	light	hearth		Overall(str)						39.4				H. 39.4 cm
met	1975.1.1478	light	hearth		Overall(str)						41.3				H. 41.3 cm.
met	17.190.183	light	candlesticks_candelabra		Overall(str)						7.0	3.0	8.0		Overall: 7 3/8 x 3 15/16 in. (18.8 x 10 cm)
met	41.100.130	light	candlesticks_candelabra		Overall(str)						6.0	7.0	16.0		Overall: 6 7/16 x 4 15/16 x 4 3/16 in. (16.4 x 12.6 x 10.7 cm)
met	50.22.1	light	candlesticks_candelabra		Overall(str)						8.0	5.0	16.0		Overall: 8 5/16 x 4 1/2 x 4 1/16 in. (21.1 x 11.4 x 10.3 cm)
met	50.22.2	light	candlesticks_candelabra		Overall(str)						8.0	9.0	16.0		Overall: 8 9/16 x 4 1/4 x 4 5/8 in. (21.8 x 10.8 x 11.7 cm)
met	38.168.3	light	candlesticks_candelabra		Overall(str)						54.0				Overall: 54 in. (137.2 cm)
met	38.168.4	light	candlesticks_candelabra		Overall(str)						54.0				Overall: 54 in. (137.2 cm)
met	38.168.5	light	candlesticks_candelabra		Overall(str)						78.0				Overall: 78 in. (198.1 cm)
met	38.168.7	light	candlesticks_candelabra		Overall(str)						60.0				H. 60 in.
met	38.168.8	light	candlesticks_candelabra		Overall(str)						66.0				Overall: 66 in. (167.6 cm)
met	55.61.59	light	torches_cressets		Overall(str)						11.0	5.0	8.0		Overall: 11 5/8 x 4 1/4 x 3 1/2 in. (29.5 x 10.8 x 8.9 cm)
met	55.61.60	light	torches_cressets		Overall(str)						10.0	1.0	4.0		Overall: 10 1/4 x 2 1/4 x 2 5/8 in. (26 x 5.7 x 6.7 cm)
met	36.3.165	light	braziers		Overall(str)						22.5				H. 22.5 cm (8 7/8 in.); Greatest diam. 19 cm (7 1/2 in.)
met	1976.63.1	light	torches_cressets		Overall(str)						15.0	10.8			H. 15 × Diam. 10.8 cm (5 7/8 × 4 1/4 in.)
met	2015.428	light	candlesticks_candelabra		Overall(str)						33.0	12.6		5700.0	wt. confirmed: 33 in., 12.6 lb. (83.8 cm, 5.7 kg)
met	2019.283.82	light	hearth		Overall(str)						9.0	3.0	4.0		9 3/4 × 10 1/2 × 4 1/2 in. (24.8 × 26.7 × 11.4 cm)
met	2019.283.83	light	hearth		Overall(str)						9.0	3.0	4.0		9 3/4 × 10 1/2 × 4 1/2 in. (24.8 × 26.7 × 11.4 cm)
met	63.53.203	light	candlesticks_candelabra		Overall(str)						203.0	2.0	7.0		.203: 2 7/8 × 1 7/8 in. (7.3 × 4.8 cm)
met	2019.447.2	core			Overall(str)										Image (Vertical ōban): 23 1/2 × 11 3/4 in. (59.7 × 29.8 cm)
met	2020.253	light	sconces_girandoles		Overall(str)						20.0	11.0	16.0		wt. confirmed: 20 11/16 × 17 5/16 in., 5.8 lb. (52.5 × 44 cm, 2642g)
met	2023.302a–i	light	lanterns		Overall(str)						14.0	10.0	10.0		14 × 10 × 10 in. (35.6 × 25.4 × 25.4 cm)
met	36.25.2861	sorcery	finials_standards		Overall(str)						21.0	5.0	8.0	1483.0	L. 21 5/8 in. (54.9 cm), W. 7 in. (17.8 cm); Wt. 3 lb. 4 oz. (1483 g)
met	36.25.1961	core			Overall(str)						20.0	1.0	8.0	802.0	L. 20 1/8 in. (51.2 cm); W. 4 5/8 in. (11.7 cm); Wt. 1 lb. 12 oz. (802 g)
met	1997.18	armor	helmets_european		Overall(str)						8.0	1.0	4.0	1139.7	H. 8 1/4 in. (21 cm); W. 8 1/8 in. (20.6 cm); D. 9 3/4 in. (24.8 cm); Wt. 2 lb. 8.2 oz. (1139.7 g)
met	1997.242d	armor	horse_armor		Overall(str)						21.0			3095.8	H. 21 in. (53.3 cm); W. 20 1/4 in. (51.4 cm); Wt. 6 lb. 13.2 oz. (3095.8 g)
met	42.50.474	core			Overall(str)						12.0	1.0	2.0	881.7	H. 12 1/2 in. (31.8 cm); W. 6 1/4 in. (15.9 cm); Wt. 1 lb. 15.1 oz. (881.7 g)
met	1987.142.184	sorcery	scepters_ruyi		Overall(str)						16.0	1.0	16.0		H. 16 1/16 in. (40.8 cm)
met	1998.544.60	sorcery	scepters_ruyi		Overall(str)						7.0	1.0	2.0		7 1/2 in. (19 cm)
met	29.110.45	sorcery	scepters_ruyi		Overall(str)						17.0	1.0	2.0		L. 17 1/2 in. (44.5 cm)
met	02.18.367	thief	cups_tankards		Overall(str)						3.0	3.0	4.0		H. 3 3/4 in. (9.5 cm); W. 8 in. (20.3 cm); L. 5 9/16 in. (14.2 cm)
met	02.18.348a–c	sorcery	finials_standards		Overall(str)						7.0	1.0	8.0		H. 7 1/8 in. (18.1 cm); W. 4 1/4 in. (10.8 cm); L. 2 5/8 in. (6.7 cm)
met	21.175.62	sorcery	scepters_ruyi		Overall(str)						18.0				"L. 18 in. (45.7 cm); H. 4 3/4 in. (12.1 cm); W. 4 1/4 in. (10.8 cm); D. 3/16 in. (.4 cm)
Stand: H. 4 3/4 in. (12.1 cm); W. 14 1/2 in. (36.8 cm); D. 6 7/8 in. ("
met	65.86.157	sorcery	scepters_ruyi		Overall(str)						2.0	7.0	8.0		W. 2 7/8 in. (7.3 cm); L. 3 3/8 in. (8.6 cm); D. 1/2 in. (1.3 cm)
met	02.18.523	sorcery	scepters_ruyi		Overall(str)						10.0	9.0	16.0		H. 10 9/16 in. (26.8 cm); W. 3 3/4 in. (9.6 cm); L. 2 5/16 in. (5.9 cm)
met	02.18.685c	sorcery	scepters_ruyi		Overall(str)						11.0				L. 11 in. (27.9 cm)
met	02.18.734	sorcery	scepters_ruyi		Overall(str)						20.0				H. 20 in. (50.8 cm); W. 4 7/8 in. (12.4 cm)
met	02.18.822	sorcery	scepters_ruyi		Overall(str)						15.0				L. 15 in. (38.1 cm)
met	07.16	sorcery	croziers_staffs		Overall(str)						9.0	1.0	2.0		H. 9 1/2 in. (24.1 cm); W. 4 3/4 in. (12.1 cm)
met	29.100.322	sorcery	scepters_ruyi		Overall(str)						7.0	1.0	4.0		H. 7 1/4 in. (18.4 cm); Diam. 6 3/4 in. (17.1 cm)
met	14.40.89	core			Overall(str)						14.0	7.0	8.0		"H. 14 7/8 in. (37.8 cm); Diam. 9 1/2 in.(24.1 cm)
Diam. of rim: 4 1/4 in. (10.8 cm)
Diam. of foot: 6 1/8 in. (15.6 cm)"
met	02.18.784	sorcery	scepters_ruyi		Overall(str)						24.0	3.0	16.0		H. 24 3/16 in. (61.5 cm); W. 2 11/16 in. ( 6.9 cm)
met	13.220.52	sorcery	scepters_ruyi		Overall(str)						4.0	1.0	4.0		W. 4 1/4 in. (11.4 cm); L. 17 in. (43.2 cm)
met	1984.382	core			Overall(str)						2.0	1.0	8.0		H. 2 1/8 in. (5.4 cm); W. 3 1/8 in. (7.9 cm); L. 10 9/16 in. (26.8 cm)
met	1975.268.537	core			Overall(str)						2.0	1.0	2.0		H. 2 1/2 in. (6.4 cm); Diam. 8 7/8 in. (22.5 cm)
met	2003.82a, b	core			Overall(str)						3.0	1.0	2.0		H. 3 1/2  in. (8.9 cm);  W. 9 1/4  in. (23.5 cm); L. 11 5/8 in. (29.5 cm)
met	2012.248.5	core			Overall(str)						5.0	3.0	8.0		Image: 5 3/8 x 11 in. (13.7 x 27.9 cm)
met	08.166.3	sorcery	scepters_ruyi		Overall(str)										Overall (confirmed): 46 × 2 1/2 × 2 1/2 in. (116.8 × 6.4 × 6.4 cm)
met	17.190.636	sorcery	astral_instruments		Overall(str)										"wt. (without mechanism) confirmed: 10 3/4 × 8 × 7 1/2 in., 86.412oz. (27.3 × 20.3 × 19.1 cm, 2450g)
Diameter (globe): 5 1/2 in. (14 cm)
Clockwork mechanism on"
met	17.190.639	core			Overall(str)						16.0	6.0	1.0		Overall: 16 × 6 1/4 × 1 1/4 in. (40.6 × 15.9 × 3.2 cm)
met	17.190.2126	core			Overall(str)									171913.3	Overall (Wt. confirmed): 37 x 41 x 12 1/2 in., 379lb. (94 x 104.1 x 31.8 cm, 171.9133kg)
met	28.156	core			Overall(str)										Overall (confirmed): 10 1/4 × 9 3/8 × 5 1/4 in. (26 × 23.8 × 13.3 cm)
met	45.128.8	sorcery	astral_instruments		Overall(str)						26.0	1.0	2.0		H. 26-1/2 in. (67.3 cm); Diam. 19-1/2 in. (49.5 cm); Circumference 60-3/4 in. (154.3 cm)
met	62.171.17	core	decoration_donors		Overall(str)						101.0	18.0	9.0		Overall: 101 × 18 × 9 1/8 in. (256.5 × 45.7 × 23.2 cm)
met	67.4	sorcery	astral_instruments		Overall(str)						3.0	3.0	4.0		Overall: 3 3/4 × 20 3/4 in. (9.5 × 52.7 cm)
met	1990.84	sorcery	astral_instruments		Overall(str)						20.0	1.0	2.0		"Overall: 20 1/2 × 18 5/8 in. (52.1 × 47.3 cm);
Diameter (globe): 13 3/8 in. (34 cm)"
met	17.190.634a–d	home	tables_boards		Overall(str)						14.0	1.0	4.0		Overall: 14 1/4 × 8 1/2 × 5 3/4 in. (36.2 × 21.6 × 14.6 cm)
met	10.210.86	core			Overall(str)						2.0	3.0	4.0		D. 2 3/4 in.  (6.9 cm.)
met	28.57.23	core			Overall(str)						16.0	1.0	8.0		H. 16 1/8 in. (41 cm); diameter of mouth 17 7/8 in. (45.4 cm)
met	41.83	core			Overall(str)						14.0	1.0	4.0		Overall: 14 1/4 x 14in. (36.2 x 35.5cm)
met	1989.281.57	sorcery	croziers_staffs		Overall(str)						7.0	3.0	8.0		H. 7 3/8 in. (18.7 cm)
met	00.5.8	core			Overall(str)						28.0	1.0	2.0		H. 28 1/2 × W. 12 1/2 × D. 12 in. (72.4 × 31.8 × 30.5 cm)
met	64.228.698	sorcery	finials_standards		Overall(str)						1.0	3.0	4.0		H. 1 3/4 × Diam. 1 1/4 in. (4.4 × 3.2 cm)
met	1978.412.195	sorcery	scepters_ruyi		Overall(str)						13.0	5.0	8.0		H. 13 5/8 x  W. 7 1/2 x  D. 5/8 in. (34.6 x 19.1 x 1.6 cm)
met	1978.412.328	sorcery	finials_standards		Overall(str)						7.0	1.0	4.0		H. 7 1/4 × W. 3 1/4 × D. 3 7/8 in. (18.4 × 8.3 × 9.8 cm)
met	1979.206.775	sorcery	croziers_staffs		Overall(str)						4.0	7.0	8.0		H. 4 7/8 × W. 1 5/8 × D. 3 3/8 in. (12.4 × 4.1 × 8.6 cm)
met	1979.206.1031	sorcery	croziers_staffs		Overall(str)						68.0	1.0	8.0		H. 68 1/8 x W. 1 1/4 x D. 5/8 in. (173 x 3.2 x 1.6 cm)
met	1979.206.1429	core			Overall(str)						37.0	1.0	4.0		H. 37 1/4 × W. 8 1/2 × D. 6 1/2 in. (94.6 × 21.6 × 16.5 cm)
met	1979.206.1528	core			Overall(str)						4.0	13.0	16.0		H. 4 13/16 x W. 2 5/8 x D. 6 3/8 in. (12.3 x 6.6 x 16.2 cm)
met	1987.394.671	sorcery	wands_batons		Overall(str)						14.0	5.0	8.0		Length 14-5/8 in. (37 cm)
met	1991.17.117	sorcery	divination		Overall(str)						13.0	1.0	2.0		L. 13 1/2 in. (34.3 cm)
met	1991.17.119	sorcery	divination		Overall(str)						4.0	7.0	8.0		Height 4-7/8 in.
met	1991.17.127	sorcery	divination		Overall(str)						6.0	1.0	2.0		H. 6 1/2 × W. 4 1/2 × D. 4 5/8 in. (16.5 × 11.4 × 11.7 cm)
met	1991.162.8	sorcery	finials_standards		Overall(str)						13.0	1.0	2.0		H. 13 1/2 × W. 2 1/2 × D. 3 1/2 in. (34.3 × 6.4 × 8.9 cm)
met	1999.295.2	sorcery	croziers_staffs		Overall(str)						41.0	1.0	2.0		H. 41 1/2 × W. 2 × D. 2 3/8 in. (105.4 × 5.1 × 6 cm)
met	91.1.535a–h	sorcery	astral_instruments		Overall(str)										"Case (a): Max. W. 7 5/8 in. (19.4 cm)
                Diam. 6 1/8 in. (15.6 cm)
                D. 1/4 in. (0.6 cm)
Bar with attached nail (b):  Max. H. 1 7/"
met	91.1.749	sorcery	talismans_amulets		Overall(str)						27.0	1.0	2.0		"Overall helmet with chain: H. 27 1/2 in. (69.9 cm)
                                                Diam. 7 1/2 in. (19.1 cm)
Overall with mount: Ht. 33 1/4 in"
met	15.95.137	sorcery	talismans_amulets		Overall(str)						3.0	1.0	8.0		"L. 3 1/8 in. (8 cm)
W. 1 in. (2.5 cm)
D. 13/16 in. (2 cm)"
met	15.95.138	sorcery	talismans_amulets		Overall(str)						3.0	1.0	8.0		"L. 3 1/8 in. (8 cm)
W. 1 in. (2.5 cm)
D. 13/16 in. (2 cm)"
met	40.170.140	sorcery	talismans_amulets		Overall(str)						4.0	1.0	8.0		"H. 4 1/8 in. (10.4 cm)
W. 2 5/16 in. (5.8 cm)
D. 1/4 in. (0.7 cm)"
met	45.153.1	core			Overall(str)						2.0	7.0	8.0		"H. 2 7/8 in. (7.3 cm)
Diam. 13 3/8 in. (34 cm)"
met	63.166a–j	sorcery	astral_instruments		Overall(str)						8.0	1.0	2.0		"H. 8 1/2 in. (21.6  cm)
W. 6 3/4 in. (17.1 cm)
D. 2 1/4 in. (5.7 cm)"
met	67.146.2	core			Overall(str)						5.0	15.0	16.0		"H. 5 15/16 in. (15.08 cm)
Diam. 3 in. (7.6 cm)
Depth. 1/8 in. (0.3 cm)"
met	1976.158.1	core			Overall(str)						3.0	8.0			"D. 3/8 in. (0.9 cm)
Diam. 2 11/16 in. (6.8 cm)"
met	1978.348.2	core			Overall(str)						3.0	8.0			"W. 3/8 in. (1 cm)
Diam. 8 11/16 in. (22 cm)"
met	1978.546.32	sorcery	talismans_amulets		Overall(str)						9.0	1.0	16.0		"H. 9 1/16 in. (23 cm)
W. 3 5/16 in. (8.4 cm)"
met	1978.546.33	sorcery	talismans_amulets		Overall(str)						10.0	5.0	8.0		"Ht. 10 5/8 in. (25.5 cm)
W. 3 3/8 in. (8.6 cm)"
met	1978.546.34	sorcery	talismans_amulets		Overall(str)						9.0	13.0	16.0		"H. 9 13/16 in. (24.9 cm)
W. 3 1/8 in. (7.9 cm)"
met	1978.546.35	sorcery	talismans_amulets		Overall(str)						5.0	1.0	4.0		"H. 5 1/4 in. (13.3 cm)
W. 3 1/8 in. (7.9 cm)"
met	1978.546.36	sorcery	talismans_amulets		Overall(str)						10.0	7.0	8.0		"H. 10 7/8 in.  (27.61 cm)
W.  3 1/8 in.  (7.9 cm)"
met	1978.546.38	sorcery	talismans_amulets		Overall(str)						10.0	7.0	8.0		"H. 10 7/8 in. (27.6 cm)
W. 1 13/16 in. (4.6 cm)"
met	1978.546.39	sorcery	talismans_amulets		Overall(str)						11.0	1.0	8.0		"H. 11 1/8 in. (28.3 cm)
W. 3 in. (7.6 cm)"
met	1982.44	core			Overall(str)						7.0	1.0	2.0		"Overall:
           H. 7 1/2 in. (19 cm)
           W. 4 3/4 in. (12 cm)
With brackets:
            H. 7 1/2 in. (19 cm)
Without brackets:
            H. "
met	1982.75	core			Overall(str)										"H. (with brackets) 7 3/4 in. (19.7 cm)
H. (w/o brackets) 7 3/8 in. (18.7 cm)
Gr. W. 4 5/8 in. (11.8 cm)
W. (at bottom) 4 7/8 in. (12.4 cm)"
met	1998.199	sorcery	talismans_amulets		Overall(str)						25.0				"Textile: L. 25  in. (63.5 cm)
             W. 38 3/4 in. (98.4 cm)
Mount: L. 25 in. (63.5 cm)
             W. 38 3/4 in. (98.4 cm)"
met	1975.1.31	core			Overall(str)						18.0	1.0	4.0		Overall: 18 1/4 × 20 1/2 in. (46.4 × 52.1 cm)
met	1975.1.252	core			Overall(str)						9.0	7.0	16.0		9 7/16 x 7 1/2 in.  (23.9 x 19.1 cm)
met	08.23.22	sorcery	croziers_staffs		Overall(str)						46.0	1.0	2.0		Overall: 46 1/2 x 2 15/16 x 6 1/4in. (118.1 x 7.5 x 15.9cm)
met	13.46a	sorcery	finials_standards		Overall(str)						4.0	9.0	16.0		Overall: 4 9/16 x 2 7/16 in. (11.6 x 6.2 cm)
met	17.190.223	sorcery	croziers_staffs		Overall(str)						5.0	3.0	8.0		Overall: 5 3/8 x 4 9/16 x 15/16 in. (13.6 x 11.6 x 2.4 cm)
met	17.190.232	sorcery	croziers_staffs		Overall(str)						6.0	5.0	16.0		Overall: 6 5/16 x 5 5/16 x 7/8 in. (16 x 13.5 x 2.3 cm)
met	17.190.590	sorcery	croziers_staffs		Overall(str)						11.0	7.0	16.0		Overall: 11 7/16 x 6 1/16 x 1 1/4 in. (29 x 15.4 x 3.1 cm)
met	17.190.835a, b	sorcery	croziers_staffs		Overall(str)						12.0	5.0	8.0		Overall: 12 5/8 x 6 9/16 x 2 3/4 in. (32.1 x 16.7 x 7 cm)
met	18.145.4	core			Overall(str)						1.0	3.0	4.0		Overall: 1 3/4 x 3 1/2 x 3/16 in. (4.5 x 8.9 x 0.4 cm)
met	1990.217	core	leaves_illumination		Overall(str)						19.0	11.0	13.0		"Binding: 19 × 11 13/16 × 1 in. (48.2 × 30 × 2.5 cm)
Folio: 18 9/16 × 11 7/16 in. (47.2 × 29.1 cm)
Opening (approx.): 6 1/4 in. × 21 1/16 in. × 19 in. (15.9 × "
met	1981.1	sorcery	croziers_staffs		Overall(str)						11.0	5.0	16.0		Overall: 11 5/16 x 1 3/8 in. (28.7 x 3.5 cm)
met	1982.433.5	core			Overall(str)						8.0	3.0	4.0		8 3/4 in. (22.2 cm)
met	53.63.4	sorcery	croziers_staffs		Overall(str)						61.0	9.0	9.0		Overall: 61 x 9 9/16 x 2 7/16 in. (154.9 x 24.3 x 6.2 cm)
met	25.120.216	sorcery	croziers_staffs		Overall(str)						79.0	1.0	2.0		Overall: 79 1/2 in. (201.9 cm)
met	2011.358	sorcery	scepters_ruyi		Overall(str)						57.0	9.0	16.0		"Overall: 57 9/16 x 2 3/16 in. (146.2 x 5.6 cm)
Head of scepter: 4 15/16 x 2 3/16 in. (12.6 x 5.6 cm)
bottom knop: 5 11/16 x 1 5/16 in. (14.5 x 3.3 cm)
shaft "
met	08.200.19	sorcery	wands_batons		Overall(str)						33.8	3.8	15.8		L. 33.8 × W. 3.8 × H. 15.8 × Th. 0.6 cm (13 5/16 × 1 1/2 × 6 1/4 × 1/4 in.)
met	22.1.154a, b	sorcery	wands_batons		Overall(str)						26.9	4.9	9.6		a): L. 26.9 × W. 4.9 × H. 9.6 × Th. 1.1 cm (10 9/16 × 1 15/16 × 3 3/4 × 7/16 in.); b): L. 4.4 × W. 4 × Th. 0.7 cm (1 3/4 × 1 9/16 × 1/4 in.)
met	22.1.103	sorcery	wands_batons		Overall(str)						33.6	5.3	12.7		L. 33.6 × W. 5.3 × H. 12.7 × Th. 0.8 cm (13 1/4 × 2 1/16 × 5 × 5/16 in.)
met	22.1.153	sorcery	wands_batons		Overall(str)						34.3	6.6	14.4		L. 34.3 × W. 6.6 × H. 14.4 × Th. 1 cm (13 1/2 × 2 5/8 × 5 11/16 × 3/8 in.)
met	30.8.218	sorcery	wands_batons		Overall(str)						33.1	5.3	12.4		L. 33.1 × W. 5.3 × H. 12.4 × Th. 1 cm (13 1/16 × 2 1/16 × 4 7/8 × 3/8 in.)
met	65.269	core			Overall(str)						76.3				H. 76.3 cm (30 1/16 in.); W. 51 cm (20 1/16 in.)
met	48.105.1	sorcery	wands_batons		Overall(str)						14.4	4.5	5.5		L. 14.4 × W. 4.5 × H. 5.5 × Th. 0.6 cm (5 11/16 × 1 3/4 × 2 3/16 × 1/4 in.)
met	41.160.114	sorcery	croziers_staffs		Overall(str)						21.7				L. 21.7 cm (8 9/16 in.)
met	11.150.20a	sorcery	scepters_ruyi		Overall(str)						58.0				l. 58 cm (22 13/16 in.)
met	12.182.64	sorcery	scepters_ruyi		Overall(str)						165.0				L. 165 cm (64 15/16 in.)
met	12.182.65	sorcery	scepters_ruyi		Overall(str)						163.3				L. 163.3 cm (64 5/16 in.)
met	32.1.231	sorcery	wands_batons		Overall(str)						28.2	4.7	8.8		L. 28.2 × W. 4.7 × H. 8.8 × Th. 0.8 cm (11 1/8 × 1 7/8 × 3 7/16 × 5/16 in.)
met	36.3.153	sorcery	croziers_staffs		Overall(str)						77.0				L. 77 cm (30 5/16 in.); Diam. at butt 1.25 cm (1/2 in.); Diam. at forked end 0.75 cm (5/16 in.); W. at fork 3.6 cm (1 7/16 in.)
met	36.3.168	sorcery	croziers_staffs		Overall(str)						147.0				L. 147 cm (57 7/8 in); diam. 1.8 cm (11/16 in)
met	23.6.22	sorcery	scepters_ruyi		Overall(str)						11.0	1.2	0.9		L. 11 × W. 1.2 × Th. 0.9 cm (4 5/16 × 1/2 × 3/8 in.)
met	14.10.7	sorcery	croziers_staffs		Overall(str)						136.0				L. 136 cm (53 9/16 in.)
met	86.1.91	sorcery	wands_batons		Overall(str)						26.6	3.6	9.5		L. 26.6 × W. 3.6 × H. 9.5 × Th. 1.5 cm (10 1/2 × 1 7/16 × 3 3/4 × 9/16 in.)
met	19.2.18a, b	sorcery	wands_batons		Overall(str)						20.8	4.4	8.1		L. 20.8 × W. 4.4 × H. 8.1 × Th. 0.8 cm (8 3/16 × 1 3/4 × 3 3/16 × 5/16 in.)
met	31.3.33	sorcery	wands_batons		Overall(str)						26.0	3.3	10.1		L. 26 × W. 3.3 × H. 10.1 × Th. 0.9 cm (10 1/4 × 1 5/16 × 4 × 3/8 in.)
met	27.3.161	sorcery	scepters_ruyi		Overall(str)						94.0				L. 94 cm (37 in.)
met	32.8.5	sorcery	wands_batons		Overall(str)						9.2	4.6	4.9		L. 9.2 × W. 4.6 × H. 4.9 × Th. 0.6 cm (3 5/8 × 1 13/16 × 1 15/16 × 1/4 in.)
met	2015.500.1.110	sorcery	scepters_ruyi		Overall(str)						18.0	7.0	8.0		H. 18 7/8 in. (48 cm); W. 4 3/8 in. (11.1 cm)
met	2015.500.6.33	sorcery	scepters_ruyi		Overall(str)						3.0	8.0			W. 3/8 in. (1 cm); L. 13 7/8 in. (35.2 cm)
met	2015.500.6.40	sorcery	scepters_ruyi		Overall(str)						3.0	3.0	4.0		W. 3 3/4 in. (9.5 cm); L. 13 3/4 in. (34.9 cm)
met	2022.516.4	sorcery	finials_standards		Overall(str)						6.0	1.0	2.0		H. 6 1/2 × W. 1 15/16 × D. 2 1/2 in. (16.5 × 4.9 × 6.4 cm)
met	2025.347a–j	sorcery	astral_instruments		Overall(str)						5.0	5.0	16.0		5 5/16 × 4 1/2 × 15 3/4 in. (13.5 × 11.5 × 40 cm); 282.7 grams (9.971 ounces)
met	08.51.10	home	seating		Overall(str)						36.0	3.0	4.0		36 3/4 x 23 x 21 in. (93.3 x 58.4 x 53.3 cm)
met	43.160	home	seating		Overall(str)						38.0	1.0	4.0		38 1/4 x 22 1/4 x 20 3/4 in. (97.2 x 56.5 x 52.7 cm)
met	40.137.1	home	seating		Overall(str)						38.0	1.0	2.0		38 1/2 x 22 1/4 x 22 in. (97.8 x 56.5 x 55.9 cm)
met	40.137.2	home	seating		Overall(str)						38.0	1.0	2.0		38 1/2 x 22 1/4 x 22 in. (97.8 x 56.5 x 55.9 cm)
met	10.125.672	home	cradles_beds		Overall(str)						28.0	1.0	2.0		28 1/2 x 24 x 37 1/8 in. (72.4 x 61 x 94.3 cm)
met	24.143	home	cradles_beds		Overall(str)						30.0	1.0	2.0		30 1/2 x 27 1/2 x 46 in. (77.5 x 69.9 x 116.8 cm)
met	1971.217	home	cradles_beds		Overall(str)						38.0	24.0	45.0		38 x 24 x 45 in. (96.5 x 61 x 114.3 cm)
met	10.125.45	home	tables_boards		Overall(str)						48.0	1.0	2.0		48 1/2 x 37 1/4 x 18 in. (123.2 x 94.6 x 45.7 cm)
met	10.125.48	home	tables_boards		Overall(str)						58.0	49.0	3.0		58 x 49 3/4 x 23 in. (147.3 x 126.4 x 58.4 cm)
met	10.125.703	home	tables_boards		Overall(str)						56.0	1.0	2.0		56 1/2 x 49 1/2 x 21 in. (143.5 x 125.7 x 53.3 cm)
met	53.197.1	home	tables_boards		Overall(str)						57.0	3.0	4.0		57 3/4 x 44 1/4 x 21 3/4 in. (146.7 x 112.4 x 55.2 cm)
met	16.171.1	arch	portals_doorways		Overall(str)						120.0	69.0			120 x 69 in. (304.8 x 175.3 cm)
met	16.147	arch	portals_doorways		Overall(str)						132.0	3.0	4.0		132 3/4 x 96 1/8 in. (337.2 cm x 244.2 cm)
met	10.125.394	home	textile_tools		Overall(str)						37.0	1.0	4.0		37 1/4 in. × 23 in. × 33 in. (94.6 cm)
met	12.48.8	home	textile_tools		Overall(str)						7.0	3.0	8.0		H. 7 3/8 in. (18.7 cm)
met	10.125.701	home	tables_boards		Overall(str)						36.0	146.0	1.0		36 x 146 1/2 x 24 in. (91.4 x 372.1 x 61 cm)
met	34.100.13	home	tables_boards		Overall(str)						28.0	3.0	4.0		28 3/4 x 41 1/4 x 26 1/2 in. (73 x 104.8 x 67.3 cm)
met	34.100.15	home	tables_boards		Overall(str)						30.0	3.0	4.0		30 3/4 x 53 1/2 x 34 1/2 in. (78.1 x 135.9 x 87.6 cm)
met	52.77.59	home	tables_boards		Overall(str)						26.0	1.0	2.0		26 1/2 x 27 1/2 x 20 in. (67.3 x 69.9 x 50.8 cm)
met	25.97.4	core			Overall(str)						13.0	7.0	8.0		13 7/8 x 10 3/4 in. (35.2 x 27.3 cm)
met	1995.111	home	seating		Overall(str)						39.0	5.0	8.0		39 5/8 x 18 1/2 x 18 in. (100.6 x 47 x 45.7 cm)
met	2001.67	home	seating		Overall(str)						36.0	3.0	8.0		36 3/8 x 16 5/8 x 21 1/2 in. (92.4 x 42.2 x 54.6 cm)
met	1987.142.181	core			Overall(str)						10.0	5.0	16.0		H. 10 5/16 in. (26.2 cm)
met	1987.142.193	core			Overall(str)						7.0	5.0	16.0		Diam. 7 5/16 in. (18.6 cm)
met	25.215.34	home	kitchen_metal		Overall(str)						5.0				Diam. 5 in. (12.7 cm)
met	2015.500.2.16	home	tables_boards		Overall(str)						14.0	1.0	2.0		H. 14 1/2 in. (36.8 cm); W. 15 in. (38.1 cm); L. 15 in. (38.1 cm)
met	2019.107	home	kitchen_metal		Overall(str)						14.0	3.0	4.0		L. 14 3/4 in. (37.5 cm)
met	91.1.499	home	kitchen_metal		Overall(str)						6.0				"H. 6 in. (15.2 cm); Diam. 5 7/8 in. (14.9 cm)
With holder: H. 9 in. (22.9 cm)"
met	83.7.122	arch	screens_fonts		Overall(str)						9.0	1.0	4.0		9 1/4 × 4 3/8 in. (23.5 × 11.1 cm)
met	06.960	home	cradles_beds		Overall(str)						49.0	1.0	4.0		Overall: 49 1/4 × 36 1/2 × 26 in. (125.1 × 92.7 × 66 cm)
met	08.175.3	home	case_furniture		Overall(str)						36.0	35.0			36 × 35 in. (91.4 × 88.9 cm)
met	08.175.6	home	cradles_beds		Overall(str)						33.0	42.0			33 × 42 in. (83.8 × 106.7 cm)
met	12.142.8	home	cradles_beds		Overall(str)						3.0	1.0	2.0		3 1/2 × 5 1/2 in. (8.9 × 14 cm)
met	13.27.3	home	cradles_beds		Overall(str)						9.0	1.0	4.0		Length: 9 1/4 in. (23.5 cm)
met	13.33a, b	home	case_furniture		Overall(str)						82.0	1.0	4.0		82 1/4 × 75 × 24 in. (208.9 × 190.5 × 61 cm)
met	13.42.59a	arch	screens_fonts		Overall(str)						11.0				Height: 11 in. (27.9 cm)
met	13.42.59b	arch	screens_fonts		Overall(str)						11.0				Height: 11 in. (27.9 cm)
met	14.40.687	core			Overall(str)										Overall (confirmed): H. 23 x W. 16 7/8 x D. 11 1/4 in. (58.4 x 42.9 x 28.6 cm)
met	16.32.299	arch	screens_fonts		Overall(str)										Overall (confirmed): 35 1/4 x 8 1/4 x 7/8 in. (89.5 x 21 x 2.2 cm)
met	16.32.300	arch	screens_fonts		Overall(str)										Overall (confirmed): 35 1/4 x 8 3/16 x 7/8 in. (89.5 x 20.8 x 2.2 cm)
met	16.32.301	arch	screens_fonts		Overall(str)										Overall (confirmed): 35 x 8 1/8 x 7/8 in. (88.9 x 20.6 x 2.2 cm)
met	16.32.302	arch	screens_fonts		Overall(str)										Overall (confirmed): 34 7/8 x 8 1/4 x 7/8 in. (88.6 x 21 x 2.2 cm)
met	16.32.303	arch	screens_fonts		Overall(str)										Overall (confirmed): 35 1/4 x 8 1/4 x 7/8 in. (89.5 x 21 x 2.2 cm)
met	16.32.304	arch	screens_fonts		Overall(str)										Overall (confirmed): 35 3/8 x 8 1/4 x 7/8 in. (89.9 x 21 x 2.2 cm)
met	16.154.12	home	tables_boards		Overall(str)						38.0	7.0	8.0		Overall: 38 7/8 × 69 3/8 × 35 in. (98.7 × 176.2 × 88.9 cm)
met	17.190.319	core			Overall(str)						19.0	1.0	2.0		wt. confirmed: 19 1/2 × 3 1/8 × 8 1/2 in., 26.453oz. (49.5 × 7.9 × 21.6 cm, 750g)
met	25.142.2	core			Overall(str)										Overall (confirmed): 6 3/8 × 2 1/2 × 4 in. (16.2 × 6.4 × 10.2 cm)
met	26.260.10	home	case_furniture		Overall(str)						52.0	3.0	4.0		52 3/4 × 72 × 23 1/2 in. (134 × 182.9 × 59.7 cm)
met	27.14.2	arch	corbels_bosses		Overall(str)									79379.5	Overall (wt. confirmed): H. 32 x W. 26 1/2 in., 175lb. (81.3 x 67.3 cm, 79.3795kg)
met	30.93.2	home	seating		Overall(str)						58.0	16.0	3.0		H. 58 x W. 16-3/4 x D. 16-1/2 in.  (147.3 x 42.5 x 41.9 cm)
met	31.37.7	home	textile_tools		Overall(str)						2.0	2.0	1.0		2 × 2 × 1 1/4 in. (5.1 × 5.1 × 3.2 cm)
met	32.100.362	core			Overall(str)										Overall (confirmed): 12 7/8 × 23 1/2 × 23 1/2 in. (32.7 × 59.7 × 59.7 cm)
met	45.39	home	case_furniture		Overall(str)						45.0	1.0	2.0		H. 45-1/2 x W. 86 x D. 25 in.  (115.6 x 218.4 x 63.5 cm)
met	45.60.41a, b	home	seating		Overall(str)						36.0	1.0	2.0		h. 36 1/2 x w. 24 x d. 19 1/2 in. (92.7 x 61 x 49.5 cm)
met	48.187.273a, b	thief	chests_caskets		Overall(str)						2.0	1.0	2.0		Overall: 2 1/2 × 3 1/2 × 4 1/2 in. (6.3 × 8.9 × 11.4 cm)
met	50.145.59	home	kitchen_metal		Overall(str)						5.0	3.0	8.0		Overall: 5 3/8 × 7 1/2 in. (13.7 × 19.1 cm)
met	53.225.8	core			Overall(str)						12.0	18.0	4.0		12 ft. × 18 ft. 4 in. (365.8 × 558.8 cm)
met	56.234.1	arch	screens_fonts		Overall(str)						52.0	42.0			52 × 42 ft. (15.85 × 12.8)
met	59.108	home	case_furniture		Overall(str)						91.0	3.0	4.0		91-3/4 x 48 x 19 in.  (233.0 x 121.9 x 48.3 cm)
met	64.81	home	tables_boards		Overall(str)						96.0	83.0	35.0		"Overall: 96 x 83 x 35in. (243.8 x 210.8 x 88.9cm);
Field measurement: 95 3/4 x 73 (at mid section - cornice wider)  x 32 1/2 (at base - cornice wider)"
met	64.101.1134	home	tables_boards		Overall(str)						48.0	1.0	2.0		Overall: 48 1/2 × 54 × 19 in. (123.2 × 137.2 × 48.3 cm)
met	68.141.317	thief	ewers_plate		Overall(str)										Overall (confirmed): 16 1/8 × 11 3/8 × 6 in., 93 oz. 14 dwt. (41 × 28.9 × 15.2 cm, 2914.488g)
met	1982.60.111	home	kitchen_metal		Overall(str)						8.0	3.0	8.0		Height: 8 3/8 in. (21.3 cm)
met	1989.197	home	case_furniture		Overall(str)						93.0	3.0	4.0		93 3/4 x 59 1/2 x 23 5/8 in. (238.1 x 151.1 x 60 cm)
met	1991.113a–f	home	tables_boards		Overall(str)						18.0	1.0	2.0		Overall: 18 1/2 × 7 × 7 in. (47 × 17.8 × 17.8 cm)
met	1993.354	home	tables_boards		Overall(str)						47.0	1.0	2.0		47-1/2 x 140-1/2 x 32-3/4 in.  (120.7 x 356.9 x 83.2 cm)
met	1995.110	arch	screens_fonts		Overall(str)						23.0	3.0	4.0		Overall: 23 3/4 × 14 3/8 × 4 1/2 in. (60.3 × 36.5 × 11.4 cm)
met	1995.371a, b	home	case_furniture		Overall(str)						70.0	1.0	4.0		Overall: 70 1/4 × 53 7/8 × 22 7/16 in. (178.4 × 136.8 × 57 cm)
met	1974.28.80	home	tables_boards		Overall(str)						30.0	93.0	1.0		30 in. × 93 1/2 in. × 36 1/2 in. (76.2 × 237.5 × 92.7 cm)
met	53.225.9	core			Overall(str)						12.0	16.0	7.0		12 ft. × 16 ft. 7 in. (365.8 × 505.5 cm)
met	2004.195	arch	effigies_tombs		Overall(str)						17.0	1.0	2.0		Overall: 17 1/2 × 15 1/4 × 7 5/8 in. (44.5 × 38.7 × 19.4 cm)
met	2004.417	home	case_furniture		Overall(str)						16.0	18.0	13.0		16 × 18 × 13 1/2 in. (40.6 × 45.7 × 34.3 cm)
met	2010.452	home	case_furniture		Overall(str)										Overall (confirmed): 14 11/16 x 17 3/8 x 11 1/8 in. (37.3 x 44.1 x 28.3 cm)
met	68.141.316	thief	ewers_plate		Overall(str)										Overall (confirmed): 16 × 23 1/8 × 18 1/4 in., 150 oz. 15 dwt. (40.6 × 58.7 × 46.4 cm, 4688.999g)
met	2011.181	home	case_furniture		Overall(str)						27.0	9.0	16.0		Overall: 27 9/16 × 32 5/16 × 15 3/4 in. (70 × 82.1 × 40 cm)
met	74.51.5056	home	kitchen_metal		Overall(str)						3.0				H. 3 in. (7.6 cm); Diam. 5 5/8 in. (14.3 cm)
met	03.23.2	home	kitchen_metal		Overall(str)						12.0	1.0	2.0		H. 12 1/2 in. (31.8 cm) diameter 16 5/16 in. (41.5 cm)
met	03.23.6	home	kitchen_metal		Overall(str)						8.0	3.0	8.0		H. 8 3/8 in. (21.3 cm) diameter 14 15/16 in. (37.9 cm)
met	03.23.7	home	kitchen_metal		Overall(str)						11.0	1.0	8.0		"total H. 11 1/8 in. (28.3 cm)
diameter of mouth  6 1/4 in. (15.9 cm)"
met	17.230.119	arch	capitals_columns		Overall(str)						165.0				"H. with capital 165 in. (419.1 cm)
H. of column  144 in. (365.8 cm)
H. of capital  21 in. (53.3 cm)"
met	21.88.58	home	kitchen_metal		Overall(str)						11.0	5.0	16.0		"H.: 11 5/16 in. (28.7 cm)
Diam.: 15 5/8 in. (39.7 cm)"
met	23.160.24	home	kitchen_metal		Overall(str)						10.0	7.0	8.0		"10 7/8in. (27.6cm)
Other (diameter of shoulder): 14 1/4in. (36.2cm)
Other (diameter of rim): 9 7/16in. (24cm)"
met	26.59.1	arch	capitals_columns		Overall(str)						142.0	1.0	8.0		H. 142 1/8 in. (361 cm)
met	26.199.275	arch	capitals_columns		Overall(str)						11.0	7.0	8.0		Other: 11 7/8 in. (30.2 cm)
met	59.11.18	home	kitchen_metal		Overall(str)						9.0	11.0	16.0		H. 9 11/16 in. (24.6 cm)
met	35.64.1	home	kitchen_metal		Overall(str)						7.0				"H. 7 in. (17.78 cm)
Diam. 8 1/4 in. (21 cm)"
met	39.40.51	home	kitchen_metal		Overall(str)						15.0	16.0			"H. 15/16 in. (2.4 cm)
D. 5/16 in. (.8 cm)
Diam. 2 3/8 in. (6 cm)
L. (existing) 3 1/8 in. (8 cm)"
met	39.40.100	home	kitchen_metal		Overall(str)						1.0	1.0	16.0		"H. 1 1/16 in. (2.7 cm)
W. 3 5/16 in. (8.4 cm)
D. 5 5/16 in. (13.5 cm)"
met	1975.196	home	kitchen_metal		Overall(str)						15.0	3.0	8.0		H. 15 3/8 in. (39 cm)
met	10.175.15a	arch	arches_keystones		Overall(str)						10.0	5.0	8.0		"H. 10 5/8 in. (27 cm)
W. 7 7/8 in. (20 cm)
D. 5 1/8 (13 cm)"
met	1975.1.70A	core			Overall(str)						19.0	5.0			19 x 5 in. (48.3 x 12.7 cm)
met	1975.1.70B	core			Overall(str)						19.0	5.0			19 x 5 in. (48.3 x 12.7 cm)
met	1975.1.1912	core			Overall(str)						108.0	7.0	16.0		108 7/16 x 98 1/16 in.  (275.5 x 249.1 cm)
met	17.190.182	home	cradles_beds		Overall(str)						12.0	3.0	8.0		Overall: 12 3/8 x 5 1/16 x 3 3/8 in. (31.5 x 12.8 x 8.5 cm)
met	17.190.45	arch	screens_fonts		Overall(str)										"Overall (with handle up): 8 5/16 x 6 1/16 x 5 1/8 in. (21.1 x 15.4 x 13 cm)
Overall (with handle down): 6 3/16 x 6 1/16 x 5 1/8 in. (15.7 x 15.4 x 13 cm)
Over"
met	1981.57.2a, b	core			Overall(str)						33.0	21.0	1.0		Overall: 33 x 21 1/2 x 8 1/2in. (83.8 x 54.6 x 21.6cm)
met	1990.211	home	tapestries		Overall(str)						29.0	5.0	8.0		"29 5/8 × 34 1/4 in. (75.2 × 87 cm)
Wall Mount: 33 1/16 × 38 1/8 × 3 1/16 in. (84 × 96.8 × 7.8 cm)"
met	1991.232.13	core	leaves_illumination		Overall(str)										"Overall (folio): 17 1/2 x 11 13/16 in. (44.4 x 30 cm)
Mat: 22 x 16 in. (55.9 x 40.6 cm)"
met	21.123.2	arch	capitals_columns		Overall(str)						107.0	17.0	16.0		Overall: 107 x 17 x 16 1/4 in. (271.8 x 43.2 x 41.3 cm)
met	21.123.3	arch	capitals_columns		Overall(str)						105.0	1.0	2.0		Overall: 105 1/2 x 16 1/2 x 16 1/8 in. (268 x 41.9 x 41 cm)
met	28.99.1	arch	arches_keystones		Overall(str)						23.0	5.0	8.0		Overall: 23 5/8 x 21 3/8 x 27 1/2 in. (60 x 54.3 x 69.9 cm)
met	28.99.2	arch	arches_keystones		Overall(str)						20.0	33.0	21.0	324800.0	"20 in. × 33 in. × 21 3/16 in. (50.8 × 83.8 × 53.8 cm)
Other (weight): 716 lb. (324.8 kg)"
met	37.80.1	core			Overall(str)						145.0	124.0			Overall: 145 x 124in. (368.3 x 315cm)
met	37.80.2	core			Overall(str)						145.0	149.0			Overall: 145 x 149in. (368.3 x 378.5cm)
met	37.80.3	core			Overall(str)						145.0	168.0			Overall: 145 x 168in. (368.3 x 426.7cm)
met	37.80.4	core			Overall(str)						145.0	158.0			Overall: 145 x 158 in. (368.3 x 401.3cm)
met	37.80.6	core			Overall(str)						12.0	7.0	8.0		12 ft. 7/8 in. × 8 ft. 3 in. (368 × 251.5 cm)
met	38.180	core			Overall(str)						11.0	11.0	16.0	15000.0	"11 11/16 × 8 5/16 × 8 3/8 in. (29.7 × 21.1 × 21.3 cm)
Other (weight): 33 lb. (15 kg)"
met	38.51.1	core			Overall(str)						66.0	1.0	2.0		Overall: 66 1/2 x 25 1/2 in. (168.9 x 64.8 cm)
met	38.51.2	core			Overall(str)						78.0	25.0	1.0		Overall: 78 x 25 1/2 in. (198.1 x 64.8 cm)
met	41.100.132	arch	effigies_tombs		Overall(str)										Overall (without base): 12 1/4 x 12 3/4 x 6 3/16 in. (31.1 x 32.4 x 15.7 cm)
met	47.100.45a–g	arch	portals_doorways		Overall(str)						11.0	9.0	8.0		H. 11 ft.  9 in. x 8 ft. 4 in. (358.4 x 254.2 cm)
met	47.42	arch	effigies_tombs		Overall(str)						9.0	5.0	8.0		"Overall: 9 5/8 x 6 3/4 x 7 9/16 in. (24.5 x 17.2 x 19.2 cm)
Overall (with base): 16 1/4 x 5 11/16 x 7 9/16 in. (41.3 x 14.5 x 19.2 cm)"
met	49.69.4	arch	capitals_columns		Overall(str)						59.0	3.0	4.0		Overall: 59 3/4 x 12 3/4 x 7 3/4 in. (151.8 x 32.4 x 19.7 cm)
met	64.101.1492	core			Overall(str)						14.0	11.0	16.0	4153.0	"Overall: 14 11/16 x 12 7/8 x 5 5/8 in. (37.3 x 32.7 x 14.3 cm)
Weight PD: 146.5oz. (4153g)"
met	1990.119.3	home	tables_boards		Overall(str)						10.0	1.0	4.0		Overall: 10 1/4 x 8 7/8in. (26 x 22.5cm)
met	1982.204.5	arch	windows_tracery		Overall(str)						27.0	1.0	2.0		Overall: 27 1/2 x 18 1/4in. (69.8 x 46.4cm)
met	1982.204.3	arch	windows_tracery		Overall(str)						22.0	20.0	1.0		Overall: 22 x 20 1/4in. (55.9 x 51.4cm)
met	32.147	arch	portals_doorways		Overall(str)						15.0	5.0	12.0		"15 ft. 5 in. × 12 ft. 7 in. × 55 in. (469.9 × 383.5 × 139.7 cm)
Opening: 110 x 66 in. (379.4 x 167.6 cm)"
met	25.120.201	core			Overall(str)						13.0	33.0	1.0	543000.0	13 × 33 1/2 × 83 1/2 in., 1197 lb. (33 × 85.1 × 212.1 cm, 543 kg)
met	25.120.877	arch	portals_doorways		Overall(str)						146.0	108.0			Doorway - New Cloisters: 146 x 108 in. (370.8 x 274.3 cm)
met	25.120.878	arch	portals_doorways		Overall(str)						166.0	180.0			Overall: 166 x 180 in. (421.6 x 457.2 cm)
met	25.120.593	arch	arches_keystones		Overall(str)						16.0	21.0	7.0		Overall: 16 x 21 x 7 3/4 in. (40.6 x 53.3 x 19.7 cm)
met	25.120.599	arch	corbels_bosses		Overall(str)						6.0	1.0	2.0		Overall: 6 1/2 x 6 3/8 x 7 3/4 in. (16.5 x 16.2 x 19.7 cm)
met	25.120.600	arch	corbels_bosses		Overall(str)						6.0	3.0	8.0		Overall: 6 3/8 x 6 1/2 x 8 in. (16.2 x 16.5 x 20.3 cm)
met	25.120.601	arch	corbels_bosses		Overall(str)						6.0	3.0	4.0		Overall: 6 3/4 x 6 1/4 x 13 1/2 in. (17.1 x 15.9 x 34.3 cm)
met	25.120.602	arch	corbels_bosses		Overall(str)						6.0	1.0	4.0		Overall: 6 1/4 x 6 1/2 x 11 in. (15.9 x 16.5 x 27.9 cm)
met	30.77.2	arch	corbels_bosses		Overall(str)						23.0	13.0	1.0		Overall: 23 x 13 1/2 in. (58.4 x 34.3 cm)
met	30.77.3	arch	corbels_bosses		Overall(str)						23.0	1.0	2.0		Overall: 23 1/2 x 12 in. (59.7 x 30.5 cm)
met	34.21.3	arch	corbels_bosses		Overall(str)						28.0	1.0	8.0		Overall: 28 1/8 x 11 1/2 x 18 1/2 in. (71.4 x 29.2 x 47 cm)
met	34.21.4	arch	corbels_bosses		Overall(str)						28.0	1.0	8.0		Overall: 28 1/8 x 11 1/2 x 18 1/2 in. (71.4 x 29.2 x 47 cm)
met	34.21.9	arch	portals_doorways		Overall(str)						13.0	5.0			Overall: 13 x 5 in. (33 x 12.7 cm)
met	34.21.10a-d	arch	capitals_columns		Overall(str)										"Overall (base): 9 7/8 x 20 7/8 x 13 in. (25.1 x 53 x 33 cm)
Overall (shaft): 31 5/8 x 24 1/2 x 16 in. (80.3 x 62.2 x 40.6 cm)
Overall (capital): 17 1/8 x 24 1"
met	34.21.11a-c	arch	capitals_columns		Overall(str)										"Overall (base): 9 7/8 x 20 7/8 x 13 in. (25.1 x 53 x 33 cm)
Overall (shaft): 31 5/8 x 6 in. (80.3 x 15.2 cm)
Overall (capital): 16 3/8 x 24 x 15 7/8 in. (41.6"
met	35.35.1	arch	windows_tracery		Overall(str)						137.0	13.0	16.0		Overall: 137 13/16 x 108 11/16 in. (350 x 276.1 cm)
met	35.35.2	arch	windows_tracery		Overall(str)						139.0	3.0	4.0		Overall: 139 3/4 x 99 1/2 in. (355 x 252.7 cm)
met	35.35.5	core			Overall(str)										"(each) H. 6'10-11/16"",  W. (center to center) 36-1/4 in."
met	35.35.6	core			Overall(str)										"(each) H. 6'10-11/16"",  W. (center to center) 36-1/4 in."
met	35.35.7	core			Overall(str)										"(each) H. 6'10-11/16"",  W. (center to center) 36-1/4 in."
met	35.35.8	core			Overall(str)										"(each) H. 6'10-11/16"",  W. (center to center) 36-1/4 in."
met	35.35.9	core			Overall(str)										"(each) H. 6'10-11/16"",  W. (center to center) 36-1/4 in."
met	35.35.10	core			Overall(str)										"(each) H. 6'10-11/16"",  W. (center to center) 36-1/4 in."
met	35.35.11	core			Overall(str)										"(each) H. 6'10-11/16"",  W. (center to center) 36-1/4 in."
met	35.35.12	core			Overall(str)										"(each) H. 6'10-11/16"",  W. (center to center) 36-1/4 in."
met	35.35.13	core			Overall(str)										"(each) H. 6'10-11/16"",  W. (center to center) 36-1/4 in."
met	35.35.14	arch	portals_doorways		Overall(str)						216.0	1.0	2.0		Overall: 216 1/2 x 94 1/2 in. (549.9 x 240 cm)
met	47.101.21	arch	screens_fonts		Overall(str)						15.0	1.0	2.0	181400.0	15 1/2 x 51 in., 400lb. (39.4 x 129.5 cm, 181.4kg)
met	53.95	home	case_furniture		Overall(str)						58.0	125.0	25.0		Overall: 58 x 125 x 25 in. (147.3 x 317.5 x 63.5 cm)
met	53.137	arch	effigies_tombs		Overall(str)						87.0	35.0	1.0		Overall: 87 x 35 1/4 in. (221 x 89.5 cm)
met	67.155.9	home	tables_boards		Overall(str)						68.0	1.0	2.0		Overall: 68 1/2 x 68 1/2 x 27 in. (174 x 174 x 68.6 cm)
met	68.224.11	arch	windows_tracery		Overall(str)						10.0	3.0	4.0		Overall: 10 3/4 x 4 1/2 in. (27.3 x 11.4 cm)
met	68.224.10	arch	windows_tracery		Overall(str)						10.0	7.0	8.0		Overall: 10 7/8 x 4 1/2 in. (27.6 x 11.4 cm)
met	68.224.9	arch	windows_tracery		Overall(str)						8.0	5.0	8.0		Overall: 8 5/8 x 17 1/2 in. (21.9 x 44.5 cm)
met	68.224.8	arch	windows_tracery		Overall(str)						9.0	1.0	2.0		Overall: 9 1/2 x 10 1/4 in. (24.1 x 26 cm)
met	68.224.7	arch	windows_tracery		Overall(str)						10.0	1.0	4.0		Overall: 10 1/4 x 9 1/2 in. (26 x 24.1 cm)
met	68.224.6	arch	windows_tracery		Overall(str)						10.0	1.0	4.0		Overall: 10 1/4 x 10 1/4 in. (26 x 26 cm)
met	69.236.3	arch	windows_tracery		Overall(str)						23.0	1.0	4.0		Overall: 23 1/4 x 20 11/16 in. (59 x 52.6 cm)
met	69.236.4	arch	windows_tracery		Overall(str)						23.0	5.0	16.0		Overall: 23 5/16 x 21 3/4 in. (59.2 x 55.3 cm)
met	69.236.5	arch	windows_tracery		Overall(str)						23.0	3.0	8.0		Overall: 23 3/8 x 20 1/2 in. (59.4 x 52.1 cm)
met	69.236.6	arch	windows_tracery		Overall(str)						23.0	1.0	4.0		Overall: 23 1/4 x 20 1/2 in. (59 x 52.1 cm)
met	69.236.7	arch	windows_tracery		Overall(str)						21.0	3.0	4.0		Overall: 21 3/4 x 23 5/8 in. (55.2 x 60 cm)
met	69.236.8	arch	windows_tracery		Overall(str)						21.0	3.0	4.0		Overall: 21 3/4 x 23 7/16 in. (55.2 x 59.6 cm)
met	69.236.10	arch	windows_tracery		Overall(str)						22.0	5.0	8.0		Overall: 22 5/8 x 21 in. (57.5 x 53.3 cm)
met	62.189	arch	portals_doorways		Overall(str)						13.0	2.0	76.0		13 ft. 2 in. × 76 in. × 14 in. (401.3 × 193 × 35.6 cm)
met	64.96	arch	screens_fonts		Overall(str)						9.0	1.0	2.0		Overall: 9 1/2 x 4 1/2 x 15 in. (24.1 x 11.4 x 38.1 cm)
met	1975.129	arch	effigies_tombs		Overall(str)						15.0	3.0	8.0		15 3/8 x 33 7/8 x 15 1/4 in.  (39 x 86 x 38.7 cm)
met	25.120.381	arch	windows_tracery		Overall(str)						35.0				Overall: 35 in. (88.9 cm)
met	23.110.1–.100	arch	portals_doorways		Overall(str)						195.0	212.0			Overall: 195 x 212 in. (495.3 x 538.5 cm)
met	28.95a–xx	arch	effigies_tombs		Overall(str)						89.0	79.0	1.0		89 x 79 1/2 x 35 in. (226.1 x 201.9 x 88.9 cm)
met	47.101.11	core			Overall(str)						58.0	1.0	2.0		Overall: 58 1/2 x 18 1/2 x 14 1/2in. (148.6 x 47 x 36.8cm)
met	11.3.1	arch	portals_doorways		Overall(str)						14.0	9.0	89.0		14 ft. 9 in. × 89 1/2 in. × 15 3/4 in. (449.6 × 227.3 × 40 cm)
met	2011.93	core			Overall(str)						137.0	1.0	2.0		Overall: 137 1/2 × 145 1/2 in. (349.3 × 369.6 cm)
met	11.154.4	arch	capitals_columns		Overall(str)						90.0				H. 90 cm (35 7/16 in.); Diam. at base 66 cm (26 in.)
met	11.154.5	arch	capitals_columns		Overall(str)						90.0				H. 90 cm (35 7/16 in); Diam. at base 66 cm (26 in)
met	17.194.2408	arch	portals_doorways		Overall(str)						21.8	4.9	3.3		H. 21.8 × W. 4.9 × D. 3.3 cm (8 9/16 × 1 15/16 × 1 5/16 in.)
met	2014.67	home	case_furniture		Overall(str)									21800.0	Overall (wt. confirmed): 20 1/2 × 21 × 12 3/8 in., 48 lb. (52.1 × 53.3 × 31.4 cm, 21.8 kg)
met	2015.544	home	seating		Overall(str)										Overall (confirmed): 34 3/4 × 17 × 19 in. (88.3 × 43.2 × 48.3 cm)
met	2016.492	home	kitchen_metal		Overall(str)						4.0	15.0	16.0		diameter at rim, wt. confirmed: 4 15/16 × 6 1/2 in., 51.142oz. (12.5 × 16.5 cm, 1450g)
met	2017.11	home	kitchen_metal		Overall(str)										Overall (confirmed): 7 1/4 × 7 7/8 × 6 3/4 in. (18.4 × 20 × 17.1 cm)
met	2018.817	home	seating		Overall(str)						32.0	1.0	2.0		confirmed: 32 1/2 × 18 1/2 × 19 1/2 in. (82.6 × 47 × 49.5 cm)
met	2024.12a, b	home	kitchen_metal		Overall(str)						10.0	1.0	2.0		10 1/2 in. (26.7 cm)
met	2024.553.6a, b	home	kitchen_metal		Overall(str)						8.0				H. 8 in. (20.3 cm); Diam. 4 5/16 in. (11 cm)
met	1970.179.1a–q	core			Overall(str)						43.0	1.0	2.0	2920.0	L. of rifle 43 1/2 in. (110.5 cm); L. of barrel of rifle 27 5/8 in. (70.2 cm); Cal. of rifle .64 in. (16.3 mm); Wt. of rifle 6 lb. 7 oz. (2920 g); L. of each pi
met	10.100.174a, b	thief	locks_padlocks		Overall(str)						1.0				"Padlock: H. 1 in. (2.5 cm); W. 1 3/4 in. (4.4 cm); D. 5 in. (12.7 cm)
L. with key extended: 4 in. (10.2 cm)"
met	10.100.175a, b	thief	locks_padlocks		Overall(str)						1.0	1.0	8.0		"Padlock: H. 1 1/8 in. (2.9 cm); W. 2 7/8 in. (7.3 cm); D. 3/4 in. (2.9 × 7.3 × 1.9 cm)
L.with key extended: 6 5/8 in. (16.8 cm)"
met	10.100.176a, b	thief	locks_padlocks		Overall(str)						3.0	4.0			"Padlock: H. 3/4 in. (1.9 cm); W. 1 3/8 in. (3.5 cm); D.1/2 in. (1.3 cm)
L. with key extended: 3 5/8 in. (9.2 cm)"
met	10.100.177a, b	thief	locks_padlocks		Overall(str)						1.0				"Padlock: H. 1 in. (2.5 cm); W. 2 1/8 in. (5.4 cm); D.5/8 in. (1.6 cm)
Key: L. 2 1/8 in. (5.4 cm)"
met	10.100.179	thief	locks_padlocks		Overall(str)						2.0	5.0	8.0		"Padlock: H. 2 5/8 in. (6.7 cm); W. 1 in. (2.5 cm); D. 1 in. (2.5 cm)
L. with latch extended: 2 7/8 in. (7.3 cm)"
met	83.18.216a	thief	door_furniture		Overall(str)						13.0				Height: 13 in. (33 cm)
met	87.11.2	thief	door_furniture		Overall(str)						7.0	1.0	8.0		Overall: 7 1/8 × 3 7/8 in. (18.1 × 9.8 cm)
met	87.11.111a, b	thief	door_furniture		Overall(str)										"Diameter (bail .111a): 4 1/4 in. (10.8 cm);
Diameter (plate .111b): 2 3/4 in. (7 cm)"
met	87.11.363	thief	door_furniture		Overall(str)						9.0	3.0	4.0		Overall: 9 3/4 × 2 1/8 in. (24.8 × 5.4 cm)
met	87.11.538	thief	keys		Overall(str)						2.0	7.0	8.0		Length: 2 7/8 in. (7.3 cm)
met	87.11.636	thief	keys		Overall(str)						7.0	1.0	4.0		Length: 7 1/4 in. (18.4 cm)
met	87.11.637	thief	keys		Overall(str)						6.0	5.0	8.0		H. 6 5/8 in.  (16.8 cm)
met	87.11.639	thief	keys		Overall(str)						5.0	1.0	4.0		Length: 5 1/4 in. (13.3 cm)
met	87.11.702a, b	thief	door_furniture		Overall(str)										"Diameter (bail .702a): 5 3/4 in. (14.6 cm);
Diameter (plate .702b): 5 3/4 in. (14.6 cm)"
met	01.23.95a	thief	door_furniture		Overall(str)						15.0	1.0	2.0		Overall: 15 1/2 × 8 in. (39.4 × 20.3 cm)
met	01.23.154	thief	keys		Overall(str)						5.0	3.0	4.0		Length: 5 3/4 in. (14.6 cm)
met	67.55.125a, b	thief	locks_padlocks		Overall(str)										"Overall (padlock .125a): 1 7/16 × 7/8 in. (3.7 × 2.2 cm);
Overall (key .125b): 1 5/16 × 1/2 in. (3.3 × 1.3 cm)"
met	07.225.510.369	thief	keys		Overall(str)						2.0	1.0	2.0		Length: 2 1/2 in. (6.4 cm)
met	07.225.510.719	thief	keys		Overall(str)										Overall (confirmed): 5 × 2 1/8 × 3/8 in. (12.7 × 5.4 × 1 cm)
met	12.23.3	thief	keys		Overall(str)						6.0	1.0	4.0		Length: 6 1/4 in. (15.9 cm)
met	25.142.8	thief	door_furniture		Overall(str)						9.0	1.0	4.0		Overall: 9 1/4 × 7 1/2 in. (23.5 × 19.1 cm)
met	27.27.6–.10	core			Overall(str)										Length (each): 4 1/4 in. (10.8 cm)
met	30.107	thief	keys		Overall(str)						4.0	3.0	4.0		Length: 4 3/4 in. (12.1 cm)
met	32.75.60	thief	keys		Overall(str)						5.0	3.0	8.0		Length: 5 3/8 in. (13.7 cm)
met	40.14.6	thief	door_furniture		Overall(str)										Overall (confirmed): 14 1/4 × 11 3/8 × 3 7/8 in. (36.2 × 28.9 × 9.8 cm)
met	46.43.4	core			Overall(str)						168.0	108.0			L. 168 x W. 108 in. (426.7 x 274.3 cm)
met	49.57.2	thief	keys		Overall(str)						6.0				Length: 6 in. (15.2 cm)
met	49.60.11	thief	door_furniture		Overall(str)						13.0	1.0	4.0		Height: 13 1/4 in. (33.7 cm)
met	52.135	thief	door_furniture		Overall(str)						9.0	1.0	4.0		Overall: 9 1/4 × 5 1/4 in. (23.5 × 13.3 cm)
met	54.7.24	thief	keys		Overall(str)						4.0	3.0	4.0		Length: 4 3/4 in. (12.1 cm)
met	54.7.25	thief	keys		Overall(str)						3.0	7.0	8.0		Length: 3 7/8 in. (9.8 cm)
met	57.137.4a–c	thief	door_furniture		Overall(str)										"Overall (.4a): 14 3/8 × 5 1/2 in. (36.5 × 14 cm);
Height (each .4b and .4c): 8 5/16 in. (21.1 cm)"
met	57.137.23	thief	door_furniture		Overall(str)						11.0	10.0	1.0		Overall: 11 × 10 1/2 in. (27.9 × 26.7 cm)
met	57.137.27a, b	thief	door_furniture		Overall(str)						14.0	1.0	4.0		Overall: 14 1/4 × 5 7/8 in. (36.2 × 14.9 cm)
met	58.16.2	thief	keys		Overall(str)						3.0	5.0	8.0		Length: 3 5/8 in. (9.2 cm)
met	58.16.3	thief	keys		Overall(str)						5.0	9.0	16.0		Length: 5 9/16 in. (14.1 cm)
met	58.75.25	home	seating		Overall(str)						40.0	1.0	4.0		Overall: 40 1/4 × 29 1/2 × 30 5/8 in. (102.2 × 74.9 × 77.8 cm)
met	67.55.119a, b	thief	locks_padlocks		Overall(str)						119.0	3.0	1.0		.119a: 3 1/4 × 1 1/2 in. (8.3 × 3.8 cm)
met	67.55.124a, b	thief	locks_padlocks		Overall(str)										"Overall (padlock .124a): 1 13/16 × 15/16 in. (4.6 × 2.4 cm);
Overall (key .124b): 1 15/16 × 3/4 in. (4.9 × 1.9 cm)"
met	67.55.126a, b	thief	locks_padlocks		Overall(str)										"Overall (padlock .126a): 1 1/2 × 11/16 in. (3.8 × 1.7 cm);
Overall (key .126b): 15/16 × 7/16 in. (2.4 × 1.1 cm)"
met	1974.356.120a	core			Overall(str)						43.0	54.0	1.0		43 x 54 1/2 x 25 1/4 in. (109.2 x 138.4 x 64.1cm)
met	2004.83.1a, b	thief	door_furniture		Overall(str)						13.0	1.0	4.0		Overall: 13 1/4 × 12 1/8 × 3 1/8 in. (33.7 × 30.8 × 7.9 cm)
met	2005.364.4a, b	thief	keys		Overall(str)						5.0	1.0	8.0		Overall: H. 5 1/8 x W. 6 5/8 x D. 9 in. (13 x 16.8 x 22.9 cm)
met	2005.364.5a, b	thief	keys		Overall(str)						5.0	8.0	15.0		Overall: H. 5 x W. 8 15/16 x D. 6 11/16 in. (12.7 x 22.7 x 17 cm)
met	74.51.5347	thief	door_furniture		Overall(str)						3.0				Other: 3in. (7.6cm)
met	74.51.5359	thief	keys		Overall(str)						1.0	11.0	16.0		Other: 1 11/16in. (4.3cm)
met	74.51.5363	thief	keys		Overall(str)						1.0	11.0	16.0		Other: 1 11/16in. (4.3cm)
met	74.51.5536	thief	door_furniture		Overall(str)						4.0				Other: 4in. (10.2cm)
met	74.51.5538	thief	door_furniture		Overall(str)						4.0	1.0	16.0		Other: 4 1/16in. (10.3cm)
met	96.9.440	thief	keys		Overall(str)						5.0	11.0	16.0		Other: 5 11/16 in. (14.4 cm)
met	98.11.2	thief	keys		Overall(str)						1.0	3.0	4.0		Other: 1 3/4 in. (4.5 cm)
met	98.11.3	thief	keys		Overall(str)						1.0	1.0	16.0		Other: 1 1/16 in. (2.7 cm)
met	15.43.272	thief	keys		Overall(str)						1.0	5.0	8.0		H.: 1 5/8 in. (4.1 cm)
met	17.194.345	core			Overall(str)						1.0	4.0			"H.: 1/4 in. (0.6 cm)
Diam.: 3/4 in. (1.9 cm)"
met	17.194.346	core			Overall(str)						1.0	4.0			"H.: 1/4 in. (0.7 cm)
Diam.: 7/8 in. (2.3 cm)"
met	40.11.7–.18	core			Overall(str)										"Length (L. of necklace): 14 3/16 in. (36 cm)
Diameter (D. of disks): 2 3/8 in. (6.1 cm)
Length (L. of fibula): 1 15/16 in. (5 cm)
Length (L. of fibulae): 1 5"
met	1999.362	core			Overall(str)						1.0	4.0	1.0		Overall: 1/4 x 1 3/8 x 1in. (0.6 x 3.5 x 2.5cm)
met	39.40.134	thief	keys		Overall(str)						3.0	1.0	16.0		H. 3 1/16 (7.8 cm)
met	06.176.53	thief	keys		Overall(str)						2.0	3.0	8.0		Overall: 2 3/8 x 1 x 3/8 in. (6 x 2.5 x 1 cm)
met	06.176.55	thief	keys		Overall(str)						2.0	1.0	8.0		Overall: 2 1/8 x 1 x 1/4 in. (5.4 x 2.6 x 0.6 cm)
met	06.176.65	thief	keys		Overall(str)						3.0	3.0	8.0		Overall: 3 3/8 x 1 7/16 x 1 7/16 in. (8.5 x 3.6 x 3.7 cm)
met	06.176.84	thief	keys		Overall(str)						1.0	3.0	4.0		Overall: 1 3/4 x 1 1/16 x 1/4 in. (4.5 x 2.7 x 0.6 cm)
met	17.120.5	core			Overall(str)						39.0	1.0	4.0		Overall: 39 1/4 x 43 x 9 in. (99.7 x 109.2 x 22.9 cm)
met	17.190.685–87, .695, .710–.711	core			Overall(str)										"Overall (Chasse): 4 7/8 x 7 7/16 x 3 3/8 in. (12.4 x 18.9 x 8.5 cm)
Overall (Plaque): 2 3/4 x 7 7/16 x 1/16 in. (7 x 18.9 x 0.2 cm)"
met	1991.232.10	core	leaves_illumination		Overall(str)										"Overall (folio): 17 1/2 x 11 13/16 in. (44.5 x 30 cm)
Mat: 22 x 16 in. (55.9 x 40.6 cm)"
met	29.55.1	core			Overall(str)						28.0	1.0	4.0		Overall: 28 1/4 x 13 3/4 in. (71.8 x 34.9 cm)
met	29.55.2	core			Overall(str)						28.0	1.0	4.0		Overall: 28 1/4 x 13 3/4 in. (71.8 x 34.9 cm)
met	68.141.2	thief	keys		Overall(str)						3.0	9.0	16.0		Overall: 3 9/16 x 2 3/4 x 5/8 in. (9.1 x 7 x 1.6 cm)
met	87.11.10a, b	thief	door_furniture		Overall(str)										"Overall (as if installed): 1 9/16 x 1 5/16 x 3 9/16 in. (4 x 3.3 x 9 cm)
Bail-a: 1 7/8 x 1 5/16 x 1/4 in. (4.7 x 3.3 x 0.7 cm)
Plate-b: 1 1/16 x 3/16 in. (2.7"
met	87.11.106a, b	thief	door_furniture		Overall(str)										"Overall (as if installed): 4 9/16 x 4 1/8 x 11/16 in. (11.6 x 10.4 x 1.8 cm)
Bail-a: 3 3/4 x 3 3/16 x 11/16 in. (9.5 x 8.1 x 1.8 cm)
Plate-b: 4 1/8 x 4 1/8 x "
met	52.121.14	thief	door_furniture		Overall(str)						4.0	1.0	4.0		Diam, 4 1/4 in. ( 10.8cm), total L. 7 1/2 in. (19.1cm)
met	52.121.15	thief	door_furniture		Overall(str)						4.0	1.0	4.0		Diam. 4 1/4 in. ( 10.8cm), total L. 7 1/2 in. (19.1cm)
met	2003.131.2	core			Overall(str)						4.0	5.0	16.0		"Overall: 4 5/16 x 12 1/8 x 3/16 in. (11 x 30.8 x 0.5 cm)
 W: 29.0-30.8 cm; Depth: .2-.5 cm"
met	2012.346	core			Overall(str)						2.0	5.0	8.0		2 5/8 × 2 3/8 × 1 7/16 in. (6.7 × 6.1 × 3.6 cm)
met	2013.508	core	treasure_covers		Overall(str)						3.0	7.0	16.0		3 7/16 × 4 15/16 × 1/8 in. (8.7 × 12.5 × 0.3 cm)
met	97.4.71	thief	keys		Overall(str)						3.1				Diam. 3.1 cm (1 1/4 in.)
met	97.4.72	thief	keys		Overall(str)						2.4				Diam. 2.4 cm (15/16 in.)
met	12.181.284	thief	keys		Overall(str)						14.5	2.2	6.4		L. 14.5 × W. 2.2 × H. 6.4 cm (5 11/16 × 7/8 × 2 1/2 in.)
met	12.181.285	thief	keys		Overall(str)						12.3	2.3	4.4		L. 12.3 × W. 2.3 × H. 4.4 cm (4 13/16 × 7/8 × 1 3/4 in.)
met	12.181.286	thief	keys		Overall(str)						10.9	5.2	2.7		L. 10.9 × W. 5.2 × H. 2.7 cm (4 5/16 × 2 1/16 × 1 1/16 in.)
met	12.181.287	thief	keys		Overall(str)						13.4	1.3	1.2		L. 13.4 × W. 1.3 × Th. 1.2 cm (5 1/4 × 1/2 × 1/2 in.)
met	12.181.288	thief	keys		Overall(str)						12.3	1.0	1.3		L. 12.3 × W. 1 × Th. 1.3 cm (4 13/16 × 3/8 × 1/2 in.)
met	12.181.289	thief	keys		Overall(str)						11.0	0.6	1.1		L. 11 × W. 0.6 × Th. 1.1 cm (4 5/16 × 1/4 × 7/16 in.)
met	12.181.290	thief	keys		Overall(str)						12.5	1.1	2.2		L. 12.5 × W. 1.1 × Th. 2.2 cm (4 15/16 × 7/16 × 7/8 in.)
met	2017.371	core			Overall(str)						16.0	13.0	1.0		"Image: 16 × 13 1/4 in. (40.6 × 33.7 cm)
Framed: H. 20 1/4 in. (51.4 cm); W. 15 7/8 in. (40.3 cm); D. 2 in. (5.1 cm)"
met	2019.283.146	thief	keys		Overall(str)						7.0	1.0	4.0		7 1/4 in. (18.4 cm)
