french	english	category	definition	source_article
charpente	carpentry / timber frame	carpentry-member	[Charpente] Any combination and assembly of large-section timber for building. NOTE: Viollet's opening definition: 'toute combinaison et assemblage de bois de gros echantillon'.	Charpente
ferme	truss / roof truss	carpentry-member	[Charpente] The triangulated transverse frame of a roof. Viollet says the Greeks already knew it. NOTE: ferme-maîtresse = principal truss; ferme de croupe = hip truss.	Charpente; Maison
ferme-maîtresse	principal / main truss	carpentry-member	[Charpente] A fully armed truss with tie and king-post, as opposed to the chevrons between. NOTE: At Notre-Dame the hip fermes-maîtresses are 'accouplees' (doubled/paired).	Charpente
chevron	common rafter	carpentry-member	[Charpente] The repeated rafter between trusses. NOTE: French Gothic chevrons are individually framed - see chevron portant ferme. || [Maison] In the Vosges the middle pan de bois supports the upper ends of the rafters; in the Nivernais the projecting joists frame into the rafters.	Charpente; Maison
chevron portant ferme	rafter-couple framed as its own truss ('rafter carrying truss')	carpentry-member	[Charpente] A rafter pair armed almost like a ferme - collar, jambettes, contre-fiches - but with NO tie at its base and usually no king-post; it stands on patins/blochets assembled in the double wall-plates. NOTE: Names the whole 13th-c French system: 'charpentes à chevrons portant fermes'. This is the key French/English divergence.	Charpente
arbalétrier	principal rafter	carpentry-member	[Charpente] The main inclined member of a ferme. NOTE: In the French Gothic system its OUTER face lies in the same plane as the chevrons.	Charpente
sous-arbalétrier	under-principal	carpentry-member	[Charpente] A second inclined member set below and parallel to the arbalétrier, keeping the king-post in plane and stiffening the truss. NOTE: At Reims the sous-arbalétriers are moises (paired), one piece each, 14.50 m long, and are 'toute sa force'.	Charpente
entrait	tie-beam	carpentry-member	[Charpente] The bottom chord. Viollet's doctrine: its ONLY function is to stop the rafters spreading; it must carry NOTHING and must itself be suspended from the king-post at mid-span. NOTE: The whole polemic against English practice hangs on this. || [Maison] Received by the main beam where it passes through the Chateaudun front wall.	Charpente; Maison
entrait retrousse	raised tie / collar	carpentry-member	VERIFICATION CORRECTED. A tie set higher up the truss to stop the rafters bending. The reader's note 'Viollet places them at EQUAL intervals up the rafter - a buckling-length rule' is NOT a rule: 'a intervalles egaux' occurs once in the whole article and is scoped to one truss - 'La flexion des arbaletriers DE CETTE FERME est donc arretee a intervalles egaux par les trois entraits retrousses' (the Notre-Dame hip truss, fig. 9). At Reims the ferme's two collars sit 3.39 m and 6.09 m from the head of a 17.08 m rafter, leaving the lower 10.99 m with none: intervals 3.39 / 2.70 / 10.99 m. || SOURCE ENTRIES: [Charpente] A tie set higher up the truss, stopping the rafters bending. NOTE: Viollet places them at EQUAL intervals up the rafter - a buckling-length rule.	Charpente
faux entrait	false tie	carpentry-member	[Charpente] Two pieces crossed as a St-Andrew cross, halved together, used instead of a tie when a barrel vault crown blocks the tie line. NOTE: Viollet records these as a failure: the tenons tear out.	Charpente
poincon	king post; also the carved ridge terminal	carpentry-member	The central vertical hanging post; gathers the rafter heads and SUSPENDS the tie at mid-span. A faux poincon does not reach a tie. In the Norman/Norse tradition the word also means the carved terminal at each end of a ridge, the two joined over the roof by a crested board (Bayeux tapestry; surviving in the Eure). VERIFICATION NOTE on Auxerre: the text says only 'un octogone de 0,13 centimetres de diametre' (meaning 0 m 13 c = 0.13 m) - it does NOT distinguish across-flats from across-corners, so drop the reader's 'across flats'. || SOURCE ENTRIES: [Charpente] The central vertical hanging post; suspends the tie and gathers the rafter heads. NOTE: At Auxerre its visible length is an OCTAGON 0.13 m across with a small carved capital. || [Maison] In the Norman/Norse tradition the two ends of the ridge carry richly decorated poincons joined over the roof by a timber cut as a crest.	Charpente; Maison
faux poinçon	short king post / crown post	carpentry-member	[Charpente] A king-post that does not reach down to a tie. NOTE: Standard in the Anglo-Norman tie-less trusses (Ely, Westminster).	Charpente
poteau royal	king post (English usage)	carpentry-member	[Charpente] Viollet's French rendering of the ENGLISH term, used when describing 13th-c English trusses where the tie carries the post. NOTE: He cites the name only to condemn the practice.	Charpente
sablière	wall plate / wall-plate	carpentry-member	[Charpente] The longitudinal plate on the wall head. Normally DOUBLE and laid flat rather than square. NOTE: The double sablière is the French positioning member: the tie is dovetailed into both, and the blochet is notched over both. || [Maison] At Annonay the first-floor front is 'compose sur la face anterieure de trois sablieres superposees, jointives, sur lesquelles s'assemblent les montants'. NOTE: At Laval the jetty rests on three corbelled sablieres; at Nantua the sablieres under the roof are doubled.	Charpente; Maison
semelle	sole plate	carpentry-member	[Charpente] A plate laid under the sablière receiving the tie ends and pegged to it. NOTE: Saint-Ouen de Rouen, exceptional.	Charpente
blochet	sole-piece; (in English hall roofs) hammer-beam	carpentry-member	[Charpente] A short horizontal timber lying across the wall plates into which the rafter foot and the jambette are tenoned. NOTE: In the Anglo-Norman system it grows into a projecting cantilever carrying posts - i.e. the hammer-beam. Viollet uses the same word for both.	Charpente
patin	sole-piece (synonym of blochet)	carpentry-member	[Charpente] Viollet: 'D est le patin ou blochet'. NOTE: Treat as an exact synonym.	Charpente
jambette	ashlar-piece / short strut from blochet to rafter	carpentry-member	[Charpente] Short post, vertical or slightly raked, tenoned into the blochet and the tie and housed into the rafter. NOTE: RULE: 'plus les combles sont aigus, plus les jambettes se rapprochent de la verticale'; raked ones resist the rafter thrust better.	Charpente
jambette courbe	curved ashlar-piece	carpentry-member	[Charpente] The same piece cut on a curve so that it forms part of the visible boarded barrel. NOTE: Auxerre, Mauvesin, Châlons, Sully.	Charpente
lien	brace / tie-brace / brace, strut (timber) / curved brace	carpentry-member	[Charpente] An inclined brace; in the corrected truss it is footed in the KING POST and heads on the rafter, so it does not load the tie. NOTE: Contrast with jambette, which loads the tie. || [Escalier] 'Le limon est soulage dans sa partie par un gousset I et un lien K. Les grands liens sont surtout necessaires pour empecher le roulement et les poussees.' NOTE: 6 occurrences; also the short braces under the pivoting stair's treads. || [Maison] Eases the projecting ends of sablieres and purlins; at Reims the jambe-etriere receives two liens, carved with Samson and Saint Michael.	Charpente; Escalier; Maison
esselier / aisselier	angle brace, strut between a horizontal and an inclined member	carpentry-member	[Charpente] Short brace triangulating a corner. NOTE: Viollet spells it 'esselier' throughout this article.	Charpente
contre-fiche	strut / raking strut	carpentry-member	[Charpente] Compression strut running from a lower member up to the arbalétrier, often set PERPENDICULAR to it, and often carrying a purlin course. NOTE: Stopped from sliding by a renfort left in the solid of the rafter plus moises.	Charpente
jambe de force	principal foot-strut ('leg of force')	carpentry-member	[Charpente] The heavy raking strut at the base of the truss, footing the lower contre-fiche. NOTE: With the hanging moises it makes the base self-tightening under load.	Charpente
moise	clamping pair of side-pieces tightened by wooden keys	carpentry-member	Two timbers laid one each side of other members and tightened by wooden keys (clefs de bois) so several members act as one. THE characteristic French device. VERIFICATION NOTE: a moise is BY DEFINITION a pair, and Viollet counts cheeks individually ('Le second entrait retrousse I se compose de deux moises qui embrassent ces memes pieces'; 'deux paires de moises verticales N'). So the Reims sous-arbaletriers-moises are 2 PAIRS = 4 cheeks, and 'd'un seul morceau' in 'ces sous-arbaletriers-moises I qui sont d'un seul morceau et n'ont pas moins de 14 m ,50 de longueur' means each timber is UNSPLICED over its whole length - a timber-sourcing feat, compare his Westminster admission 'nous n'avons pu savoir s'ils sont d'un seul morceau' - not that the moise is one piece. Variants: moises pendantes (hanging, waisted between the keys because they work only in tension), sous-arbaletriers-moises, courbes moises, petites moises. || SOURCE ENTRIES: [Charpente] Two timbers laid one on each side of other members and tightened by wooden keys, so several members act as one. NOTE: The single most characteristic French device. Variants: moises pendantes (hanging), sous-arbalétriers-moises, courbes moises (curved clamps at Westminster), petites moises.	Charpente
moise pendante	hanging clamp / suspension pair	carpentry-member	[Charpente] A pair of moises hung from the rafter or king-post to suspend the tie at intermediate points. NOTE: Lightened (élégi) between the keys because they act only in tension.	Charpente
clef de bois	wooden key / wedge	vault-member	[Charpente] The key driven through a moise to tighten it. NOTE: Reims uses several keys per moise; the whole roof has no ironwork.	Charpente
chevillette de fer	small iron pin / spike	carpentry-member	[Charpente] Square-headed iron pin. NOTE: Saint-Ouen de Rouen - an early appearance of iron in a French roof.	Charpente
cheville	oak peg / treenail	carpentry-member	[Charpente] The peg through a tenon. NOTE: Rafters are held to ridge, purlins and plates 'par des chevilles de chêne'.	Charpente
panne	purlin	carpentry-member	[Charpente] Longitudinal member carrying the rafters. NOTE: THE regional test: in France it is either laid ON the rafter (early, wasteful of wall), or set UNDER it / into it (later); in the Anglo-Norman system it is locked between rafter and curved brace, forming a grillage with them.	Charpente
chantignolle	purlin cleat	carpentry-member	[Charpente] The cleat nailed/pegged on the principal rafter that stops a purlin laid on top from sliding. NOTE: Only needed in the antique system where pannes sit on top.	Charpente
faîtage	ridge piece / ridge / ridge covering	carpentry-member	[Charpente] A true ridge into which the rafter heads are tenoned. NOTE: Rare - Mauvesin has one; most 13th-14th c French roofs have none. || [Maison] Lead ridges at Bourges, formerly gilt and painted.	Charpente; Maison
sous-faîte	under-ridge / collar-purlin at the king-post heads	carpentry-member	[Charpente] A longitudinal piece at the head of the king-posts on which the rafter heads, halved together, rest. NOTE: Distinct from faîtage. Viollet notes the Notre-Dame choir roof has NEITHER faîtage NOR pannes.	Charpente
entretoise / entre-toise	longitudinal strut / spacer	carpentry-member	[Charpente] Horizontal piece running truss to truss, usually paired with St-Andrew crosses. NOTE: Also used for the axial pieces under an enrayure.	Charpente
croix de Saint-André	St Andrew's cross / X-brace / St Andrew's cross bracing	carpentry-member	[Charpente] Crossed diagonal bracing, halved together, in the LONGITUDINAL plane, keeping the trusses plumb and the sous-faîte level. NOTE: Also used in the plane of the rafters (Hargnies) and in the aprons of a pan-de-bois. || [Maison] In the alleges they 'empechaient le deversement des poteaux d'huisseries' - stop the jamb-posts leaning out. NOTE: Reims 26bis is a deliberate counter-example: no crosses at all in the whole height.	Charpente; Maison
écharpe	raking brace	carpentry-member	[Charpente] A long diagonal brace. At Sully the écharpes croisees are lapped à tiers-bois on the OUTSIDE of the rafters, in the plane of the roof slope. NOTE: Viollet says it is chiefly these that stop the roof 'rolling'.	Charpente
fourrure	packing piece / firring	carpentry-member	[Charpente] Pieces laid on the rafters to make up the step formed by the crossed écharpes before the boarding is laid. NOTE: Sully-sur-Loire.	Charpente
gousset	gusset / knee brace / gusset, bracket (timber); also the small corner squinch	carpentry-member	[Charpente] Brace assembled into the contre-fiche and into the purlin, stopping the purlin sagging between trusses. NOTE: Amiens, and the fig.15/15bis family. Also stops the hiement. || [Escalier] 11 occurrences. In timber: 'le gousset du limon de depart', 'un gousset embreve dans les montants'. In stone: 'ces trompes, ou ces goussets plutot, sont appareilles d'une seule pierre'. NOTE: Same word for the stone corner filler and the timber angle bracket.	Charpente; Escalier
hiement	racking of trusses and rafters under wind	failure-mode	[Charpente] Viollet's own footnote: 'On appelle hiement, en termes de charpenterie, le mouvement que l'effort du vent imprime aux fermes et chevrons.' NOTE: This is a direct, quotable definition of the wind-load failure mode - gold for a structural rule.	Charpente
roulement	rolling (longitudinal racking of the whole roof)	failure-mode	[Charpente] The whole frame leaning/travelling along its length. NOTE: Resisted by liens into the axial entretoises, by St-Andrew crosses, and above all by roof-plane écharpes.	Charpente
déversement / dévers	leaning out of plumb	failure-mode	[Charpente] A truss falling out of its vertical plane. NOTE: Resisted by liens, sous-arbalétriers, crosses, and by the boarding.	Charpente
enrayure	horizontal radiating frame of a hip or conical roof / horizontal framing ring / grillage of beams	carpentry-member	[Charpente] The ring of ties, angle-ties and trimmers at one level of a hip/cone; a conical roof has three or more, stacked. NOTE: The prolonged blochets of the rafters form the lowest one. || [Maison] At Annonay a thick fir enrayure sits on the masonry ground floor, its third course forming the floor and oversailing to carry the jetty.	Charpente; Maison
coyer	angle tie / dragon tie	carpentry-member	[Charpente] Diagonal member of an enrayure taking goussets like a tie. NOTE: Conical roofs, second enrayure.	Charpente
linçoir (printed 'linconoir'/'linçoir')	trimmer	carpentry-member	[Charpente] Piece tenoned between rafters to receive the heads of the faux chevrons. NOTE: Printed with a cedilla, 'linçoirs'; in the text 'les linçoirs I, détaillés en I′, I″ et I‴'. Its stated purpose is to make ERECTION possible.	Charpente
faux chevron	intermediate/short rafter	carpentry-member	[Charpente] A lighter rafter between the true chevrons in the lower zone of a cone, only to support the boarding. NOTE: Stops at the second enrayure, because the cone narrows.	Charpente
coyau	sprocket piece at the eaves	carpentry-member	[Charpente] Short piece extending the roof plane past the wall to throw water clear. NOTE: At Sully great coyaux roof the machicolated wall-walks; at Mauvesin the chevrons themselves do the coyau's job.	Charpente
chanlatte	tilting fillet / batten under the boarding	carpentry-member	[Charpente] Batten laid between rafters under the volige to stiffen it. NOTE: Hargnies.	Charpente
volige / voligeage	thin boarding under the tiles or slates	roofing	[Charpente] Sheathing boards. NOTE: At Notre-Dame the oak volige is what actually keeps the rafters in plane - remove it and you can move the trusses by hand. At Messine it is DOUBLE and laid crossways.	Charpente
bardeau / feuillet de chêne refendu	riven oak board or shingle	roofing	[Charpente] The thin riven oak boards nailed on the courbes to form the visible barrel ceiling; 0.01 m, sometimes 0.009 m thick. NOTE: Jointed 'a grain d'orge' to keep wind out; generally painted.	Charpente
couvre-joint	cover strip / batten over a board joint	roofing	[Charpente] Moulded strip hiding the bardeau joints, stiffening the courbes and serving as decoration. NOTE: Two sizes, gros and petits, at Hargnies.	Charpente
grain d'orge	'barley-corn' joint - a V-jointed board edge	carpentry-member	[Charpente] The edge profile used between bardeaux so that wind driven under the tiles cannot enter. NOTE: fig.22.	Charpente
lambris / lambrissé	boarded lining / wainscot ceiling / boarding, panelling / boarded	roofing	[Charpente] The visible boarded barrel under an apparent roof. NOTE: Sully, Auxerre, Palais de la Cite. || [Maison] The Provins hotel hall is 'recouverte par une charpente apparente lambrissee en berceau' - an exposed roof boarded as a barrel.	Charpente; Maison
courbe	curved / compass timber	carpentry-member	VERIFICATION CORRECTED on the span figure. A member cut or grown to a curve. The reader's note made 5.40 m 'the threshold above which two stacked courbes are needed'; the text states only that THIS truss has 5.40 m of span ('Cette ferme n'a que 5 m ,40 de portee') and that for greater spans one-piece courbes were hard to find ('lorsque les portees etaient plus grandes, il eut ete difficile de trouver des courbes d'un seul morceau'). No threshold is stated - treat 5.40 m as the span of the fig. 28 example. || SOURCE ENTRIES: [Charpente] A member cut or grown to a curve; in the ceiling barrels a run of them makes the arc, in the Anglo-Norman trusses one huge courbe replaces the tie's function. NOTE: Availability limits span: above about 5.40 m you cannot get a single courbe and must stack two.	Charpente
madrier	thick plank	carpentry-member	[Charpente] Planks rebated into rafter and curve to fill the spandrel and make the two act together. NOTE: Ely.	Charpente
claire-voie	open tracery infill / openwork, open screen / open-work, tracery screen	house-facade	[Charpente] Traceried panels filling every void between the main members. NOTE: Westminster - Viollet insists they are STRUCTURAL (vertical 'ordonnees' preventing the curves deforming). || [Escalier] 'des vis enfermees dans des cages en partie ou totalement a claire-voie'. NOTE: The type at Notre-Dame de Paris, Mainz, Laon, Reims.	Charpente; Escalier; Construction -- Voutes
prisonnier	concealed key / captive dowel	carpentry-member	[Charpente] A key sunk in the thickness of the timbers holding pieces together invisibly. NOTE: Malvern; paired with 'languettes' (tongues).	Charpente
queue d'aronde	dovetail	carpentry-member	[Charpente] The joint by which the tie ends grip the double wall-plates. NOTE: Resists the outward push of the rafters on the plates.	Charpente
embrevement / embrever	housed shouldered abutment / a shallow housing/rebate at a joint	joint	[Charpente] A housing cut so an inclined member's shoulder bears solidly, not just its tenon. NOTE: Jambettes are ALWAYS embrévés into the rafters. || [Escalier] 'sera legerement embrevee dans le limon en E'; 'un gousset embreve dans les montants'. NOTE: The joint that stops a tenoned member rotating.	Charpente; Escalier
renfort	boss / shoulder left standing in the solid / thickening, enlarged block on a post or limon / nib, reinforcement left in a springer	carpentry-member	[Charpente] Extra timber deliberately left on a rafter to give a housing more bearing 'sans affamer le bois'. NOTE: Also used to stop a purlin sliding. || [Escalier] Mortised to receive the balustrade posts, or to receive the poutrelle de buttee. NOTE: fig.26 H, fig.28 N. || [Construction -- Voutes] A projection left in a springer course behind the freed voussoirs to receive the web. NOTE: Named on fig. 49 bis.	Charpente; Escalier; Construction -- Voutes
affamer le bois	to starve (weaken) the timber	joint	[Charpente] To cut a housing so deep that the member loses its strength. NOTE: The stated reason for the renfort.	Charpente
à mi-bois	halved (half-lap) joint	joint	[Charpente] Two members each cut half away and lapped. NOTE: Rafter heads at the ridge, St-Andrew crosses, false ties.	Charpente
à tiers-bois	third-lapped joint	joint	[Charpente] Lapped at one third the depth. NOTE: The crossed écharpes at Sully, laid outside the rafters.	Charpente
élégi	lightened, reduced between the joints	joint	[Charpente] Section cut away where the member only works in tension, keeping full section at the joints. NOTE: Hanging moises; the false ties over the Burgundian barrels.	Charpente
équarrissage	squared section / scantling	joint	[Charpente] The squared cross-section of a timber. NOTE: Viollet's whole historical thesis is about équarrissage shrinking as combination improves.	Charpente
bois de brin	timber squared from a single whole tree	material	[Charpente] As opposed to bois de sciage (sawn from a larger log); hewn with the axe and cleared of sapwood. NOTE: Sully: 'tous ces bois sont des bois de brin et non de sciage, equarris a la hache' - the stated reason for 500 years' survival.	Charpente
aubier / flache / gerce / gauchir	sapwood / sapwood / wane / shake or check / to warp	material	[Charpente] Removed from the timber. NOTE: Durability rule. || [Escalier] The defects the conversion method avoids: sapwood and wane end up in the tail of the step; the saw cuts follow the direction of the shakes so the step cannot check or warp. NOTE: A materials rule, useful for texturing as well as for lore.	Charpente; Escalier
vive arête	sharp arris (fully squared)	vault-member	[Charpente] Timber squared to sharp edges with no waney edge. NOTE: Chartres, Reims - a quality marker.	Charpente
bahut	dwarf wall / wall head above the vaults	vault-geometry	[Charpente] The low masonry wall on the extrados of the wall ribs and window arches on which the roof plates sit; its thickness cannot exceed the diameter of the piers below. NOTE: Reduced to about 1 m - the constraint that forced the whole 13th-c French system.	Charpente
mur goutterot	eaves wall / gutter wall	house-facade	[Charpente] The side wall carrying the gutter and the roof plates. NOTE: Raised in Burgundy so a tie could pass over the barrel crowns. || [Maison] The wall under the eaves, as opposed to the gable wall. Alleys between houses forced the goutterots onto the alleys and the pignons onto the street.	Charpente; Maison
chéneau	gutter	roofing	[Charpente] The channel on the wall head. NOTE: Where absent, the eaves rely on coyaux (Mauvesin). || [Maison] Of stone in Burgundy and haute Champagne from the mid-13th c, sloped to two end gargoyles on projecting corbels; elsewhere hollowed in a beam or made of lead-covered boards.	Charpente; Maison
croupe	hip end	carpentry-member	[Charpente] The hipped end of a roof; here over the chevet. NOTE: Circular croupe = the basis of the conical tower roof.	Charpente
noue	valley	roofing	[Charpente] The internal angle between two roof slopes. NOTE: Mentioned for the spire base: 'suspendre au-dessus des fermes des noues'.	Charpente
bec de flûte	'flute-beak' splayed head cut	roofing	[Charpente] The rafter head cut to a long splay where rafters converge on the apex of a cone. NOTE: fig.36 quater.	Charpente
levage	raising / rearing the frame	tool-process	[Charpente] The erection operation; tenons must be enterable in the chosen order. NOTE: Explicit design constraint for conical roofs.	Charpente
art du trait	the carpenter's art of geometrical setting-out	tool-process	[Charpente] The layout/stereotomy tradition of the carpenters' corporation. NOTE: Viollet: the guild was 'instruite dans l'art du trait' and kept its traditions long after the Renaissance.	Charpente
poutre armée	trussed / armed beam	carpentry-member	[Charpente] A floor beam stiffened by a curved or straight auxiliary piece, tied to it with iron bolts and cotters. NOTE: Amiens organ loft ~15 m span; Blain; hotel de la Tremoille ~12 m.	Charpente
clavette	cotter / forelock key	carpentry-member	[Charpente] The key locking an iron bolt. NOTE: The only structural iron Viollet accepts as medieval French practice.	Charpente
lambourde	joist bearer / ledger	carpentry-member	[Charpente] The wider member of an armed beam, forming the seat for the joists. NOTE: Blain.	Charpente
solive / solivage	joist / joist / joisting	carpentry-member	[Charpente] Floor joist, usually left exposed. NOTE: Medieval floors: 'peu ou point d'enchevêtrures'.	Charpente; Maison
enchevêtrure	trimmed opening in a floor	carpentry-member	[Charpente] Framing round an opening. NOTE: Viollet says medieval floors have few or none - a strong simplicity rule for floor generators.	Charpente
pan-de-bois	timber-framed wall panel / half-timbered facade	carpentry-member	[Charpente] The framed wall of a timber house. NOTE: Bay module = one principal post per floor beam.	Charpente
poteau	post / post, newel post (timber)	carpentry-member	[Charpente] Vertical member; poteau principal over a beam, poteau (secondary) between. NOTE: Also the posts standing on the hammer-beams at Westminster. || [Escalier] The corner posts of a timber stair, 0,18 x 0,20 m, set on edge in the direction of the emmarchement, running from foundation to head on a stone parpaing. NOTE: Distinguish from montant (the post carrying one step in a joinery vis).	Charpente; Escalier
potelet	small post	carpentry-member	[Charpente] A short post relieving a plate or a brace. NOTE: Chartres house; Ely (carved as a shaft).	Charpente
chapeau	head plate / cap piece	carpentry-member	[Charpente] The plate over the secondary posts, tenoned into the principal posts. NOTE: Chartres house.	Charpente
allège	apron panel below a window / window apron / breast below the sill	carpentry-member	[Charpente] The panel between sill and floor, braced with St-Andrew crosses and filled with light masonry. NOTE: Chartres house. || [Maison] Where the St Andrew crosses go, and where the masonry hourdis later hides behind joinery panels. NOTE: In Burgundy a cellar entrance can be cut under the allege of a ground-floor window.	Charpente; Maison
poitrail	bressummer	carpentry-member	[Charpente] The heavy beam over a shopfront carrying the first-floor joists. NOTE: fig.38.	Charpente
ligneaux	the medieval name for jettied oversailing storeys	carpentry-member	[Charpente] Successive corbelled projections of each storey over the street, gaining one to three feet a floor. NOTE: 'ces encorbellements, que l'on appelait ligneaux' - a rare period term.	Charpente
corbelet	small corbel	carpentry-member	[Charpente] Little corbel built into the wall to take a brace foot. NOTE: Ely.	Charpente
souche de flèche	the base/stump of a spire	vault-geometry	[Charpente] The lower framed stage of a timber spire, carried above the valley trusses so as not to load the transverse arches. NOTE: Notre-Dame's, raised by about 1230, is Viollet's model of 13th-c skill.	Charpente
tuile romaine	Roman (flanged) tile	carpentry-member	[Charpente] Used in northern France until about the beginning of the 12th c, and only workable on a FLAT roof. NOTE: So: tile type dates and constrains pitch.	Charpente
grandes tuiles plates	large flat tiles	carpentry-member	[Charpente] Used where a Romanesque gable is too steep for Roman tile. NOTE: The exception that lets a steep Romanesque roof exist.	Charpente
tuile creuse	hollow tile / pantile	roofing	[Charpente] The present covering at Messina. NOTE: Viollet thinks the original was Roman tile.	Charpente
escalier	stair	stair-member	[Escalier] The generic modern term Viollet uses throughout. NOTE: Sauval states the word was NOT current in the Middle Ages: 'puisqu'en ce temps-la le nom d'escalier n'etait pas connu'. The medieval word for a spiral stair is vis; a flight is a degre or a rampe.	Escalier
degre	stair / flight of steps	stair-member	[Escalier] Given as the headword synonym: 'ESCALIER, s. m. Degre.' In palaces the great external stair was called le degre par excellence. NOTE: Also used for an individual step and for a whole stair; context decides.	Escalier
vis	newel stair, spiral stair (lit. screw)	stair-member	[Escalier] The helical stair turning about a central axis. The standard medieval term. Joinville: 'il tenoient leur parlement en une viz qui descendoit de l'une chambre en l'autre'. NOTE: 'la grande vis du Louvre' is how Sauval names the state stair. Use vis, not escalier, for medieval naming.	Escalier
escalier a vis / escalier en limacon	spiral stair / winding stair (lit. snail) / spiral stair (newel stair)	stair-member	[Escalier] Viollet's two names for the same thing: 'on eut donc recours a l'escalier a vis ou en limacon'. NOTE: limacon appears once, at the introduction of the type. || [Maison] In Burgundy it is planted in the street wall itself and serves as the ground-floor vestibule. NOTE: 'ajoure' at Chateaudun means open-work / pierced.	Escalier; Maison
escalier a rampes droites	straight-flight stair	stair-member	[Escalier] A stair made of straight flights, as opposed to one with winders. NOTE: One of the three axes of the opening taxonomy.	Escalier
escalier a girons	winder stair	stair-member	[Escalier] A stair whose steps are girons, i.e. wedge-shaped winders. NOTE: Paired with 'a vis' in the taxonomy.	Escalier
rampe	flight (of a stair); also the raking run	stair-member	[Escalier] The sloping run between landings. 'La rampe avait nom epuiement.' NOTE: 39 occurrences — the article's main word for a flight. Do not translate as handrail here.	Escalier
epuiement	flight (medieval term)	stair-member	[Escalier] The medieval name for the rampe of a great external stair, evidenced by a XIII c. verse quoted by Viollet: 'El pales vint, l'epuiement / De sanc le truva tut sanglant.' NOTE: From the Lai d'Ywenec, poesies de Marie de France. Rare and valuable naming datum.	Escalier
marche	step, tread	stair-member	[Escalier] The individual step. 141 occurrences. NOTE: In stone vis work a marche is normally ONE stone comprising tread + newel segment + wall bearing.	Escalier
gironner	to wind, to form winders / to wind (of a stair), to set out the treads	stair-member	[Escalier] Verb: the steps giron in a cylinder. 'comme si elles gironnaient dans un cylindre'; 'les deux rampes gironnant l'une au-dessus de l'autre'. NOTE: Precise generator verb: to lay treads radially about an axis. || [Maison] 'a gauche ou a droite, selon que gironne l'escalier, est la porte C' - the hand of the stair decides which side the door goes. NOTE: A real generator constraint: door side is a function of stair handedness.	Escalier; Maison
emmarchement	length of a step / clear width of a stair - but see the fig. 6 exception	stair-member	VERIFICATION CORRECTED. Normally the step's usable length, i.e. the stair's clear width: 'Ces sortes d'escaliers ne depassent guere 1 m ,00 c. d'emmarchement'; 'il en est dont les emmarchements n'ont que 0,50 c.; les plus grands n'ont pas plus de 2 m ,00'; 'les poteaux ... poses de champ dans le sens de l'emmarchement'. The 1.00 m figure is confirmed arithmetically by Viollet himself (1.90 m cage less at least 0.325 m of newel leaves 0.80 m max per step). BUT in the fig. 6 wedge-step passage it means the GOING at one end: 'deux marches eussent ensemble 0,30 c. de hauteur et chacune 0,30 c. d'emmarchement par un bout, ce qui permettait d'inscrire la rampe dans un angle de 45 degres' - and the plate proves it, because the 0,30 arrow lies along a-b and the companion drawing is lettered 'Elevat. sur a.b'. Do NOT feed a generator a single meaning. Also strike the reader's claim that all five occurrences carry a dimension: two do not. || SOURCE ENTRIES: [Escalier] The width of the going, i.e. the length of a step available to walk on. 'Ces sortes d'escaliers ne depassent guere 1m,00 c. d'emmarchement.' NOTE: 5 occurrences and every one carries a dimension — the single most useful parameter word in the article.	Escalier
noyau	newel, the central shaft of a spiral stair	stair-member	[Escalier] The core about which the winders turn. 51 occurrences. Can be (a) a stack of separate drums carrying a helical vault, (b) an assembly of segments each integral with a step, (c) coursed masonry with the steps housed in, (d) big stones set en delit, or (e) in timber, one shaft with mortises up the rake. NOTE: Sauval calls it a colonne ('vis tournante a double colonne (noyau)'); Viollet glosses this.	Escalier
arbre	shaft, trunk (of a newel)	stair-member	[Escalier] Used for a timber or monolithic newel: 'un arbre ou noyau a pivot'; 'les morceaux superposes de cet arbre de pierre'. NOTE: 3 occurrences; the pivoting stair's rotating shaft is the arbre O.	Escalier
cage	stair well, the enclosing shaft	house-plan	[Escalier] The enclosure the stair stands in: 'les cages cylindriques n'ayant que six pieds'; 'posee dans des cages comprises dans les constructions ou accolees a ces constructions'. NOTE: 15 occurrences. Cage is both the masonry cylinder and, in joinery, the timber prism formed by the montants.	Escalier
coquille	the enclosing cylindrical wall of a vis; also a cul-de-four cap over a round vis	stair-member	QUOTATION REPAIRED: the full text is 'avec DEUX ET DEMI DE giron pres de la coquille qui l'environnoit' (Sauval on the Louvre); the reader's shorter version was a paraphrase inside quotation marks. Second sense verbatim: 'La ronde est couverte d'une voute en cul-de-four ou coquille.' Flag both senses to a generator - coquille can be the wall or the conoidal cap. || SOURCE ENTRIES: [Escalier] Two senses in the article: Sauval's 'le giron pres de la coquille qui l'environnoit' (the shell that surrounded it) and 'couverte d'une voute en cul-de-four ou coquille'. NOTE: Flag both senses to a generator: coquille can be the wall or the conoidal cap.	Escalier
jour (a jour, ajoure)	openwork, pierced; also light, opening	stair-member	VERIFICATION CORRECTED. The reader's '30 occurrences, mostly in the sense of light' was a substring count polluted by toujours/aujourd'hui/journees/sejour. Word-boundary count in Escalier = 9, of which 5 are 'a jour' = OPENWORK ('une double arcature a jour', 'portique a jour', 'cloture a jour', 'panneau a jour', 'on les mit a jour') and 3 are prendre jour = to take light. Plus ajoure* five times. The dominant sense is OPENWORK. Viollet never uses jour for the open well of a newel-less vis - he says 'a la place du noyau etait un vide'. || SOURCE ENTRIES: [Escalier] 'ils s'eclairaient aisement'; 'a la place du noyau etait un vide'; 'ajoure(e)' = pierced/open; 'une double arcature a jour'; 'cages en partie ou totalement a claire-voie'. NOTE: 30 occurrences, mostly in the sense of light or of an openwork screen. Viollet does not use jour for the open well; he says 'un vide'.	Escalier
palier	landing	stair-member	[Escalier] The level platform at a floor or between flights. 25 occurrences. 'un palier d'entresol A'; 'le palier de premier etage B'. NOTE: Rule: 'les hauteurs des paliers pussent concorder avec les hauteurs des planchers'. || [Maison] In fig 3 the first landing carries a bench, the second is closed in front of the solid entrance door.	Escalier; Maison
marche paliere	landing tread, the step that forms part of the landing	stair-member	[Escalier] In timber stairs, the last step of a flight doubling as the landing member, halved into the post and part-borne on a poutrelle. 8 occurrences. NOTE: Key joint in fig.27/28; bolted through the gousset.	Escalier
limon	string, stringer (of a wooden stair)	stair-member	[Escalier] The raking beam carrying the steps, into which they are tenoned. 25 occurrences. Straight (limon droit) or helical (limon spirale). NOTE: In fig.32 a limon spirale assembled into the step abouts carries the rotating cylindrical partition.	Escalier
main-courante / main courante	handrail	stair-member	[Escalier] Worked in the solid of a stone or timber newel ('la main-courante prise dans la masse'), or framed into the posts in a timber stair ('leurs mains-courantes dans les poteaux'). NOTE: In the newel-less vis the handrail is the stack of boudins on the step ends instead.	Escalier
boudin	roll moulding; here the rolled inner end of a newel-less winder	stair-member	[Escalier] 'portaient chacune un boudin a leur extremite, pres du centre, pour offrir une main-courante'. NOTE: One occurrence but structurally decisive: the boudins stacked in a helix ARE the handrail.	Escalier; Construction -- Voutes
balustrade	balustrade, parapet of a flight	stair-member	[Escalier] 5 occurrences; can be pierced/turned (fig.16, 17, 27) or 'pleine' (solid, panelled) as at the Chambre des comptes. NOTE: Posts (poteaux de balustrades / montants) tenon into the limon, rails into the corner posts.	Escalier
perron	perron, external flight/platform giving access to a piano nobile / external stair and platform up to a raised door	stair-member	[Escalier] Explicitly NOT to be confused with an escalier exterieur: 'les escaliers exterieurs (qu'il ne faut pas confondre avec les perrons)'. NOTE: Great halls were reached 'par de larges perrons' (Paris, Poitiers) — a wide monumental external approach, not a stair serving storeys. || [Maison] 'ces escaliers exterieurs, ou grands perrons, jouent un role important dans les habitations des XIe et XIIe siecles.' NOTE: Cross-referenced to the article Perron.	Escalier; Maison
delarder / delarde	to dress off, to bevel away; a step whose underside is dressed to a smooth rake	stair-member	[Escalier] 6 occurrences. 'les marches delardees par dessous', 'toutes les marches sont par dessous delardees'. NOTE: Produces the plafond rampant. This is why a medieval vis has a smooth helical soffit rather than a stepped one.	Escalier
plafond rampant	raking soffit	stair-member	[Escalier] The sloping underside formed by the dressed step undersides: 'Ces marches seront delardees par-dessous et formeront plafond rampant.' NOTE: Generator: the soffit is a helicoid, not a staircase; two occurrences.	Escalier
chanfreiner	to chamfer	stair-member	VERIFICATION CORRECTED. The reader called it 'the cheaper alternative to delarder'; Viollet does not say cheaper. He says it eases headroom - 'Quelquefois, pour faciliter l'echappement, les marches sont chanfreinees par-dessous' - and elsewhere 'delardees ou SIMPLEMENT chanfreinees, ou meme laissees a angles vifs'. The three-state enum {delarde, chanfreine, angles vifs} IS textually grounded; the cost reading is the reader's inference. || SOURCE ENTRIES: [Escalier] The cheaper alternative to delarder: 'les marches sont chanfreinees par-dessous ainsi qu'on le voit en D' — done to improve the echappement. NOTE: Three states available to a generator: delarde (smooth), chanfreine (chamfered), or a angles vifs (left square).	Escalier
echappement	headroom, clearance overhead	stair-member	[Escalier] 'Quelquefois, pour faciliter l'echappement, les marches sont chanfreinees par-dessous.' NOTE: One occurrence, but it names the constraint that drives the underside treatment.	Escalier
debillarder / debillardement	to cut a twisted/warped shape out of the solid	stair-member	[Escalier] The shaping of a solid winder from a log or block: 'Ce debillardement des marches ne perd aucune des parties solides'; 'les marches debillardees, pleines'. NOTE: 3 occurrences. A specific stereotomy/joinery verb worth keeping.	Escalier
recouvrement	the overlap of one step over the next	stair-member	[Escalier] 'Les recouvrements sont indiques par lignes ponctuees'; 'Les espaces EF donnent le recouvrement des marches l'une sur l'autre'. NOTE: In fig.9 and fig.30 the overlap is drawn dotted — a drawing convention that also encodes the joint.	Escalier
etresillon	strut, brace	stair-member	[Escalier] 'il avait encore l'avantage de relier le noyau avec la cage par toutes ces marches qui formaient autant d'etresillons'. NOTE: One occurrence but a first-class structural claim: the treads brace the newel against the cage wall.	Escalier
berceau en spirale / voute rampante	helical barrel vault / raking vault	stair-member	[Escalier] The vault under the earliest medieval vis: 'un berceau en spirale bati en moellon, reposant sur le noyau et sur le parement circulaire interieur'. NOTE: Dropped from the beginning of the XIII c. Viollet notes the sommiers of a raking vault are slow to set out, waste much stone and need special care in setting.	Escalier
couchis	lagging, the boarding over the centring on which small rubble is laid / lagging, boarding over centering	tool-process	[Escalier] 'grossierement faites en petits moellons maconnes sur couchis'. NOTE: Two occurrences; the thing the XIII c. method eliminates, along with the cintres. || [Construction -- Voutes] The boards laid from centering to centering to carry the masonry. NOTE: Its ABSENCE is the point: 'l'on procede de suite a la construction des voutes sans couchis'.	Escalier; Construction -- Voutes
cintre / cintrage	centring, formwork arch / centering, formwork arch	tool-process	[Escalier] 'Ce procede evitait les cintres, les couchis, une main-d'oeuvre assez longue sur le tas.' NOTE: The economic argument for the self-supporting step. || [Construction -- Voutes] Timber arch supporting masonry until it closes. NOTE: 'les causes de depenses les plus importantes... ce sont les cintrages de bois'.	Escalier; Construction -- Voutes
sommier	springer (the lowest voussoir of an arch or vault)	vault-member	[Escalier] 'un petit epaulement H pour recevoir les sommiers du berceau'. NOTE: Bears on the newel epaulement one side, notched into the cage wall the other. || [Construction -- Voutes] The lowest stone(s) of an arch, at the springing. NOTE: In Gothic practice one stone contains the interpenetrating starts of several ribs.	Escalier; Construction -- Voutes
epaulement	shoulder, seating ledge	stair-member	[Escalier] The shoulder cut to receive a bearing — on a newel drum for the vault springer, or under a step mortise in a timber newel to relieve the bearing. NOTE: Same word does duty in stone and timber; a generator can treat it as one feature.	Escalier
tambour	drum (a course of a cylindrical newel)	stair-member	[Escalier] 'Les tambours du noyau portent un petit epaulement H'; 'Voici, fig. 8, comme sont tailles les tambours du noyau'. NOTE: The unit of the early newel.	Escalier
assises hautes	tall courses	stair-member	[Escalier] The Chateaudun newel 'est monte en assises hautes'. NOTE: A dating/quality signal for XV c. newels.	Escalier
en delit	set on edge, against the natural bed of the stone / set on edge / against the natural bed, cross-bedded	stair-member	[Escalier] 'on composa les noyaux de grandes pierres en delit comme on le fait pour les poteaux des vis en charpente'; the Reims chandelles are 'des morceaux de pierres en delit'. NOTE: 3 occurrences. Explicit analogy: a stone newel in delit imitates a timber post. || [Construction -- Voutes] A stone laid so its natural bed is vertical. NOTE: Used for monolithic shafts to get rigidity: 'comme des chandelles de charpente' (like timber props). Viollet treats it as a deliberate stiffening device.	Escalier; Construction -- Voutes
goujon	dowel, joggle	stair-member	[Escalier] 'relies entre eux au moyen de forts goujons de pierre dure' — the Tremoille newel's three superposed stones. NOTE: Hardstone dowels, not iron.	Escalier
bandeau	band, fillet — here the helical fillet on a newel receiving the step ends	house-facade	[Escalier] 'Ces noyaux porterent des mains-courantes prises dans la masse et des saillies en forme de bandeau spirale, pour recevoir les petits bouts des marches'; fig.20 label B. NOTE: Two helices at one pitch on the same newel: handrail above, bandeau below.	Escalier
incrustement	housing, the sinking into which a step end is set	stair-member	[Escalier] fig.20: 'le bandeau recevant les marches dont l'incrustement est indique dans notre dessin'. NOTE: Also 'encastrements' for the Tremoille newel.	Escalier
trompe	squinch, corner arch spanning across an angle	stair-member	[Escalier] The device that turns a square cage into an octagon or circle: 'Dans les angles du carre des trompes arrivent a une corniche spirale et soutiennent les marches d'angles'. NOTE: 5 occurrences. At Chateaudun they are appareillees as slightly inclined plates-bandes because the stair is large.	Escalier
trompillon	small squinch cut from a single stone	stair-member	[Escalier] 'les trois angles droits restant a l'interieur etaient, sous les marches, garnis de trompillons pris dans une seule pierre sculptee'. NOTE: 2 occurrences; fig.19. The small-stair version of a trompe.	Escalier
cul-de-lampe / culs-de-lampe	pendant corbel	stair-member	[Escalier] At Chateaudun, 'des culs-de-lampe poses aux angles de l'octogone portent la corniche spirale'. Also used for the little corbels carrying torches. NOTE: 3 occurrences.	Escalier
corniche spirale	spiral (helical) cornice	stair-member	[Escalier] The ring at the top of the trompes: 'la corniche spirale, dont la projection horizontale etant un cercle parfait soutient les bouts des marches'. NOTE: The load-transfer ring of the square-cage type. Its horizontal projection is a true circle.	Escalier
pan abattu	canted corner, splayed angle	stair-member	[Escalier] 'L'escalier de l'hotel de la Tremoille a Paris donnait en plan un carre avec un grand pan abattu'; also 'un pan abattu de facon a donner en projection horizontale un octogone a quatre grands cotes et a quatre plus petits'. NOTE: 2 occurrences. Gives the irregular octagon: four long sides, four short.	Escalier
hors-d'oeuvre	outside the main block, projecting clear of the ranges	town-rural	[Escalier] 'maitre Raimond le jeta entierement hors-d'oeuvre en dedans la cour'; 'en placant ainsi les grands escaliers hors-oeuvre, ils ne derangeaient pas les distributions interieures'. NOTE: The single most important planning term in the article.	Escalier
mur de refend	spine wall, internal dividing wall / internal cross wall / spine wall	house-facade	[Escalier] The wall separating the two flights of the Roman stair: 'deux rampes separees par un mur de refend'. NOTE: One occurrence, fig.1. || [Maison] Carries the joists and, in 12th-c houses, the corbelled front timber frame. NOTE: Viollet read the surviving refend wall-heads to prove the lost timber upper storeys.	Escalier; Maison
montant	upright, stile — the post carrying one step of a joinery vis	stair-member	[Escalier] 'Chaque marche possedait son montant dans lequel elle venait s'assembler. Ces montants, d'un seul morceau pour chaque etage, etaient assembles au pied dans un plateau en charpente, et au sommet dans un cercle.' NOTE: One per step, so the timber cage is a prism with as many faces as steps.	Escalier
poutrelle de buttee	thrust beam under a landing	stair-member	[Escalier] Tenoned onto the renfort, part-carrying the marche paliere. NOTE: fig.27/28 labels C, C-prime.	Escalier
potence	long bracket, gallows-brace / bracket, raking strut	carpentry-member	[Escalier] The long brackets relieving the first steps off the rotating newel: 'elle est puissamment soulagee ainsi que les trois suivantes par des potences I'. NOTE: 2 occurrences; replaced higher up by shorter liens 'afin de faciliter le degagement'. || [Maison] The Reims facade is corbelled 'sur cinq fortes potences'.	Escalier; Maison
tenon et mortaise	tenon and mortise	stair-member	[Escalier] 'assemblees dans le limon a tenons et mortaises' — the universal step-to-string joint in medieval timber stairs. NOTE: Steps are never simply housed and nailed.	Escalier
bille (de bois)	log, billet	stair-member	[Escalier] 'Ces marches etant pleines sont prises, habituellement, dans des billes de bois' — an oak log 0,50 m in diameter. NOTE: The raw stock unit for wooden steps.	Escalier
dosse	slab, outer waste board from a log	stair-member	[Escalier] 'il reste en M de belles dosses que l'on peut utiliser ailleurs'. NOTE: The by-product of the six-triangle conversion.	Escalier
plateau / cercle	base plate / head ring (of a joinery vis cage)	stair-member	[Escalier] The montants are framed at the foot into a plateau and at the head into a cercle, both in carpentry. NOTE: The two rings that make the timber cage rigid.	Escalier
brandi / brandir	secured in the mortise with obliquely driven pegs (provisional)	stair-member	TRANSLATION UNRESOLVED, and the flag must stay. 'Le boulon d'axe excepte, ces escaliers etaient brandis et maintenus assembles sans le secours de ferrures.' In French carpentry brandir a tenon means to secure it in its mortise with pegs or nails driven OBLIQUELY - a specific operation with a modelling consequence (angled peg holes through the tenon), not a vague 'racked together'. Viollet gives no BRANDIR article and the word does not occur in Charpente, Maison, Serrurerie or Voutes, so it cannot be settled from him. Do NOT let 'without ironwork' harden into 'without pegs': chevilles are not ferrures. || SOURCE ENTRIES: [Escalier] 'le boulon d'axe excepte, ces escaliers etaient brandis et maintenus assembles sans le secours de ferrures'. NOTE: Uncertain-translation flag: brandi here means the frame was drawn up and held by its own joints.	Escalier
degre circonvolutant	the circumvolving stair — the outer of two concentric vis	stair-member	[Escalier] 'La vis interieure devenait escalier de service, et le degre circonvolutant, escalier d'honneur.' NOTE: One occurrence. Names a status distinction a game can use: inner = service, outer = honour.	Escalier
double revolution	double helix (two interleaved flights in one cage)	stair-member	[Escalier] 'ces grandes vis de palais etaient a double revolution, de sorte que l'on pouvait descendre par l'une et remonter par l'autre sans se rencontrer et meme sans se voir'. NOTE: One occurrence in that exact form; the Bernardins and fig.29 are the examples.	Escalier
vis de Saint-Gille	Saint-Gilles screw	stair-member	[Escalier] Named in Sauval's description of Saint-Mederic (Saint-Merri), Paris: 'Il existait deux vis de Saint-Gille dans les deux tourelles'. NOTE: Viollet does NOT define the term in this article. Do not gloss it further from this source; conventionally it denotes a vis with a helical vault over it, after the example at Saint-Gilles-du-Gard, but that is not stated here.	Escalier
chandelle (de charpente)	stone prop / shore / prop, strut	stair-member	[Escalier] The slender stones relieving the outer step ends at Reims: 'Des chandelles de pierre B viennent soulager les portees A'; 'les pierres B ne sont qu'une suite d'etancons formant cloture a jour'. NOTE: One occurrence each. Structurally a screen, not a load path. || [Construction -- Voutes] A vertical timber strut, used by Viollet as the analogy for an en-delit shaft.	Escalier; Construction -- Voutes
liais	liais — a hard fine Paris limestone	stair-member	[Escalier] 'les carrieres de liais de Paris n'avaient pu fournir a la fois un nombre de morceaux de la dimension voulue'. NOTE: The stone whose block size limited step length at the Louvre.	Escalier
plate-bande / plate-bande rampante	flat lintel-arch, a straight arch of jointed stones / flat lintel course / raking flat course	house-facade	[Escalier] The Chateaudun trompes are 'des plates-bandes legerement inclinees vers l'angle'. NOTE: Spelled as plates-bandes in the plural in the text. || [Maison] The Vitteaux turret is carried on a well-coursed plate-bande rampante instead of on the tread ends.	Escalier; Maison
lanterne	lantern crowning a great vis	stair-member	QUOTATION REPAIRED. The reader's quote silently dropped a clause: the text reads 'les vis de Gaillon, de Blois, de Chambord et des Tuileries etaient terminees par des lanternes qui, COMME CELLE DU GRAND ESCALIER DU LOUVRE, couronnaient le faite et donnaient entree sur une terrasse' - and the removed clause is itself a datum (the Louvre stair had one too). At the Tuileries the lantern crowned a dome flanked by four lanternons in the form of echauguettes. || SOURCE ENTRIES: [Escalier] 'les vis de Gaillon, de Blois, de Chambord et des Tuileries etaient terminees par des lanternes qui couronnaient le faite et donnaient entree sur une terrasse'. NOTE: 2 occurrences. At the Tuileries the lantern crowned a dome flanked by four lanternons in the form of echauguettes.	Escalier
echiffre	(NOT PRESENT)	stair-member	[Escalier] The word does not occur anywhere in the article. Zero occurrences on a full-text search. NOTE: Report as a gap: if the factory needs echiffre (the raking wall/string of a stone stair) it must come from another source.	Escalier
contremarche	riser (NOT PRESENT)	stair-member	[Escalier] The word does not occur. Consistent with the fabric: medieval steps are solid blocks or solid timber, so there is no separate riser board. NOTE: Zero occurrences. Do not model a contremarche as a separate part in medieval work.	Escalier
quartier tournant	winding quarter (NOT PRESENT)	stair-member	[Escalier] The phrase does not occur in the article. NOTE: Zero occurrences; a later French stair term.	Escalier
maison (meson, hostel)	house	house-plan	[Maison] Viollet's opening gloss on the word; the medieval forms given are meson and hostel. NOTE: He insists on distinguishing maisons des villes from maisons des champs, and both from the manoir.	Maison
borde, bordel, abitacle	small house, hovel, dwelling-cell	town-rural	[Maison] The medieval words for a little house, given in the article's opening line. NOTE: 'bordier' later appears as one of the classes of country tenant.	Maison
masure (mansura, masura, masagium, mesagium, masnagium)	rural homestead / holding	house-plan	[Maison] In the North, Normandy and Picardy the masure is 'un clos avec maison habituellement construite en bois' - an enclosure with a house, usually of timber. NOTE: So the French word denotes the plot-plus-house unit, not a ruin. Directly useful as the rural generator's unit of allotment.	Maison
hotel	town house of a lord or a rich private person	house-plan	[Maison] 'les maisons de ville qui appartenaient a des seigneurs ou a de riches particuliers... mais qui n'affectaient pas les dispositions de defense des palais seigneuriaux, qui n'etaient point munies de tours et de murailles crenelees.' NOTE: Defined negatively against the palais: large, with courts and sometimes gardens, but not fortified.	Maison
manoir	manor house of a gentleman without rights of justice	house-plan	[Maison] 'l'habitation d'un gentilhomme, d'un chevalier, qui ne possede pas les droits seigneuriaux de haute et basse justice, mais qui est proprietaire terrien'. NOTE: Explicitly excluded from this article; cross-referenced to the article Manoir.	Maison
salle	the hall / principal common room	house-plan	[Maison] The room where one receives and eats; in the bourgeois house it recurs at every storey and often doubles as the master bedroom. NOTE: 'Toujours la salle a chaque etage avec escalier interieur.' It disappears in favour of chambres only in the 17th c.	Maison
arriere-salle	back room	house-plan	[Maison] The room behind the salle, serving as kitchen, or on ordinary days as dining room.	Maison
boutique	shop	house-plan	[Maison] The ground-floor room of a merchant's house, which displaces the salle to the first floor.	Maison
magasin	store / warehouse-shop	house-plan	[Maison] Used for the larger ground-floor commercial rooms of Saint-Antonin and of the Cordes hotel, some let to others.	Maison
galetas	garret, loft under the roof	house-plan	[Maison] Where the apprentices or servants slept and where provisions were kept. NOTE: At Saint-Antonin: 'sous le comble, est le galetas ou habitaient les gens, ou l'on mettait les provisions.'	Maison
rez-de-chaussee	ground floor	house-plan	[Maison]	Maison
entre-sol	mezzanine / entresol	house-plan	[Maison] At Laval the fall of the street lets the builder insert one for the left-hand household only. NOTE: Slope-driven, not stylistic.	Maison
allee	through-passage beside the shop	stair-member	[Maison] 'une allee contenant un degre droit flanque la boutique et donne entree directement de la rue dans la salle du premier etage.' NOTE: The functional French answer to the English screens passage: circulation, not ceremony.	Maison
degagement	service passage / circulation space	house-plan	[Maison] Used both of the small lobby B in fig 3 and of the concealed service links of the hotels.	Maison
degre droit	straight flight of stairs	stair-member	[Maison]	Maison
cage d'escalier	stair cage / stair shaft	house-plan	[Maison] At Montreal the cage is common to both dwellings while the flights are separate.	Maison
huis	door(way)	house-plan	[Maison] 'une petite ouverture pour reconnaitre les personnes qui frappent a l'huis' - a peephole beside the door.	Maison
cave / caves	cellar(s)	house-plan	[Maison] Generally spacious, well built, well vaulted, with central columns and arcs-doubleaux; sometimes two levels in wine country. NOTE: In Burgundy the cellar descent opens directly onto the public way.	Maison
arc-doubleau	transverse arch	vault-member	[Maison] Named as the vaulting member of the good cellars.	Maison
mur mitoyen	party wall	house-facade	[Maison] 'les maisons du XIIe siecle de la ville de Cluny sont mitoyennes, c'est-a-dire separees par des murs communs a deux proprietes'. NOTE: Usual in most French towns, but NOT at Montpazier, where each property has its own lateral walls.	Maison
mitoyennete	the party-wall condition	carpentry-member	[Maison] At Reims 26bis it is established on one side by a stone wall carrying the chimneys and on the other only by a simple pan de bois.	Maison
ruelle	narrow alley between houses	town-rural	[Maison] Sometimes only the width of a gutter (caniveau).	Maison
endronne	(Gascon) narrow alley between houses	town-rural	[Maison] 'Ces ruelles, qu'en langage gascon on appelle endronnes'. NOTE: Regional term - good flavour for a southern town.	Maison
pignon	gable	house-facade	[Maison] In the 14th-15th c the gable normally faces the street because plots are deeper than wide.	Maison
egout (a deux egouts)	eaves / roof drainage slope	roofing	[Maison] A roof 'a deux egouts' drains both ways; the twin house at Montreal has one roof with two egouts over two lateral alleys and a common gable.	Maison
comble	roof, roof structure, roof space	carpentry-member	[Maison] 'l'etage de comble' is the storey within the roof.	Maison
ferme de tete	end truss (gable truss)	carpentry-member	[Maison] At Laval it sits on the ends of the sablieres and shelters the jettied timber front.	Maison
ferme boiteuse	lame / one-sided half truss	carpentry-member	[Maison] At Vitteaux the architect set one forward of the wall to shelter the whole facade, using the stair projection and one corbel as its bearings. NOTE: Literally 'limping truss'. A very cheap way to roof over a projection.	Maison
filiere (filiere d'axe)	purlin (ridge purlin)	lock-ironwork	[Maison] At Chateaudun the projecting truss bears partly on the about of the ridge purlin, itself eased by a lien. || [Serrurerie] One of the three things Viollet says the Middle Ages did not have: 'on ne possedait ni cylindres, ni laminoirs, ni filieres'.	Maison; Serrurerie
about	the end / butt of a timber or of a course	carpentry-member	[Maison] 'la cage est posee sur l'about des marches formant encorbellement' - the stair cage rides on the projecting ends of the treads. NOTE: Key word for the Burgundian corbelled turret.	Maison
poteau cornier	corner post	carpentry-member	[Maison] At Annonay two of them hold the ends of the three sablieres; at Reims and Laval they only steady the frame, the party walls carrying the load.	Maison
jambe-etriere	masonry pier at the end of a timber frame	carpentry-member	[Maison] Gargoyles are set plumb with the jambes-etrieres; at Reims the stone jambe-etriere receives two liens. NOTE: Literally 'stirrup leg'.	Maison
pan de bois	timber-framed wall panel / timber-framed wall	carpentry-member	[Maison] Cross-referenced to the article Pan de bois. Can be a facade, a party wall, or an internal spine (pan de bois de refend). NOTE: Distinguished throughout from empilage.	Maison
pan de bois de refend	timber spine partition	carpentry-member	[Maison] At Laval one set on the axis of the facade divides the building into two dwellings from top to bottom.	Maison
hourder / hourdis	to nog / nogging infill	house-plan	[Maison] Panels are 'hourdes en mortier entre les bois', or in rubble and mortar, or in earth mixed with straw; the render then carries designs scratched with a point.	Maison
tournisse	short intermediate stud	carpentry-member	[Maison] 'les pans de bois... sont hourdes en maconnerie entre les poteaux, decharges et tournisses.'	Maison
decharge	raking relieving strut	carpentry-member	[Maison] 'le poids des pans de bois est reporte sur les poteaux corniers par des decharges a chaque etage.' NOTE: Explicit structural function given.	Maison
poteau d'huisserie	door or window jamb post	carpentry-member	[Maison]	Maison
plancher en bascule	cantilevered floor	carpentry-member	[Maison] Carries the second jettied storey at Annonay.	Maison
empilage	log-stacking construction	tool-process	[Maison] Squared trunks piled on one another and notched (embreves) at the returns; still practised in Switzerland and among Slav peoples in Viollet's day. NOTE: Stated technical reason for its distribution: straight resinous fir (Vosges, Jura, Alps) is easy to stack, whereas oak needs long and painful squaring.	Maison
embrever	to notch / joint (logs at the angles)	tool-process	[Maison] 'des troncs d'arbres equarris en les embrevant aux retours d'equerre'.	Maison
poutre maitresse	main beam / summer beam	house-plan	[Maison] At Chateaudun it bears on a corbel of the middle pier of the facade, on the central post and on the head of the refend stub, and at the first floor passes through the front wall to receive the roof tie-beams.	Maison
bardeaux	shingles	house-plan	[Maison] Roofing at Vitteaux (the stair turret), and the thick shingle covering of Norman houses through which the timber smoke flue passes.	Maison
laves	thin stone roofing slabs	roofing	[Maison] 'une lourde charpente couverte en plaquettes de pierres appelees laves dans le pays' - the Morvan word.	Maison
gargouille	gargoyle, water spout	roofing	[Maison] Set plumb with the jambes-etrieres; can be of wood, as at Vitteaux.	Maison
corbeau	corbel	house-facade	[Maison] Carries the stone cheneaux, and the timber chemin de ronde of the Cluny street wall.	Maison
encorbellement / en decharge	corbelling; jetty / corbelling / relieving, discharging	house-facade	[Maison] Used for stair turrets, chimney flues, whole timber facades, and the angles of houses over a pan coupe. NOTE: The article's single most productive word. || [Construction -- Voutes] Stepping masonry out over the course below; an arrangement that carries load off to one side. NOTE: Corbelled capitals track the thrust line down the pier.	Maison; Construction -- Voutes
breteche	projecting timber oriel / brattice-like jettied front	house-facade	[Maison] 'Ces facades devenaient ainsi de veritables breteches, larges'; the Reims front is a bretche 'puisqu'il prend un jour lateral' - because it takes a side light. NOTE: So the test for a bretche is a return window, not just projection.	Maison
arc de decharge	relieving arch	carpentry-member	[Maison] At Provins the window voids are 'bien soulages par ces arcs de decharge en pierre'; at Chateaudun two are sprung in the thickness of the front wall to allow very open stone window frames. NOTE: Always given a structural reason.	Maison
chassis en pierre	stone window frame / pierced stone panel	material	[Maison] 'sous ces arcs il a pose de veritables chassis en pierre tres-ajoures'.	Maison
trumeau	pier between two windows	house-facade	[Maison] At Reims five niches with musicians occupy the trumeaux; Viollet mocks modern practice for narrow trumeaux to big rooms and wide ones to closets.	Maison
arcature	continuous arcaded range of windows	house-facade	[Maison] At Saint-Antonin the arcatures continues form four windows inside, divided by narrow trumeaux.	Maison
banne	fabric awning	house-facade	[Maison] Hung from poles carried in iron ring-hooks sealed in the window jambs; the usage persisted in the Midi, Italy and Spain.	Maison
perche / perche-etai	pole / prop pole	house-facade	[Maison] The poles are jointed one into another by bay; prop poles lift the outer edge of the awning.	Maison
anneau-crochet	ring-and-hook	house-facade	[Maison] Sealed into the masonry at the springing level of the window jambs to carry the awning poles and cords.	Maison
lucarne	dormer	roofing	[Maison] At Beauvais a big gabled lucarne to the street and a second onto a small court light the roof storey; at Reims the Maison des Musiciens had mansardes now lost.	Maison
machicoulis	machicolation	roofing	[Maison] Imitated as a cornice at the base of the Rouen gable; real (six hopper-shaped ones) in the Cannet tower.	Maison
epi	roof finial	roofing	[Maison] Named among the crowning features of the Jacques Coeur roofs.	Maison
crete	cresting	roofing	[Maison] Carved timber crest joining the two ridge poincons in the Norman tradition; also the modern zinc openwork crests he despises.	Maison
atre	hearth	house-plan	[Maison] At Trier the atre is set against the street wall and the flue corbelled out over the facade.	Maison
contre-coeur	fireback	house-plan	[Maison] Named in the Vosges chimney: 'pieds-droits, contre-coeur, manteau et tuyau en maconnerie'.	Maison
manteau	chimney hood / mantel	house-plan	[Maison] At Bourges the manteau of the 6 m chimney was carved with a fortified town flanked by Adam and Eve and the tree of knowledge.	Maison
tuyau	flue	house-plan	[Maison] At Trier the flue is corbelled under the facade from the first floor up - in France a 12th- or early-13th-c disposition.	Maison
pied-droit	jamb / jamb, straight abutment	house-plan	[Maison] Of windows (where the awning rings are sealed) and of chimneys. || [Construction -- Voutes] The vertical support from which an arch springs.	Maison; Construction -- Voutes
fourneau potager	cooking range / stew-stove	house-plan	[Maison] In the small kitchen K' at Bourges, with an oven and chimney.	Maison
office	pantry / serving room	house-plan	[Maison] At Bourges dishes were passed from the office into the hall by a tour.	Maison
tour (a tour m)	serving turntable / hatch	house-plan	[Maison]	Maison
laverie	scullery	house-plan	[Maison] Vaulted and paved, with a gargoyle discharging to a puits perdu, under the oven at Bourges.	Maison
puits perdu	soakaway	house-plan	[Maison]	Maison
conciergerie	porter's lodge	house-plan	[Maison] Present in all three great hotels, always beside the street gate.	Maison
porterie	gatehouse	house-plan	[Maison] What a lord may put on the street instead of habitable rooms.	Maison
porte cochere	carriage gate	house-plan	[Maison] Always paired with a poterne beside it in the hotels.	Maison
poterne	postern, pedestrian side door	house-plan	[Maison]	Maison
montoir	mounting block	house-plan	[Maison] Beside door I at the hotel de La Tremoille.	Maison
estrade	dais	house-plan	[Maison] The great first-floor hall of Jacques Coeur 'possedait une estrade comme les grandes salles des chateaux'. NOTE: The clearest single point of contact with the English hall.	Maison
appentis	lean-to	house-plan	[Maison] Timber lean-tos of one storey ring the small courts at Montreal; open lean-tos shade the Languedoc farmhouse.	Maison
preau	yard, courtyard, covered yard	house-plan	[Maison] 'K est une salle ouverte, sorte de preau couvert sous la chapelle' at the hotel de Cluny.	Maison
portique / couvert	arcade, covered walk	house-plan	[Maison] Around the bastide square, 'tres-larges, bas'; suppressed in the 15th c because the posts were an encumbrance.	Maison
pan coupe	chamfered / canted corner	house-facade	[Maison] At the angles of the bastide square, letting carts enter diagonally; the storeys above are corbelled over them.	Maison
ilot	urban block	town-rural	[Maison] 'Un ilot des maisons de la ville de Montpazier fait voir avec quelle uniformite cellulaire ces habitations sont construites.'	Maison
bastide	planted new town of the 13th c	town-rural	[Maison] Built at one go on granted land following the indication of the ingenieurs, with wide franchises; regular plans drawn to the line, with squares, markets, churches, fountains and ramparts, and equal lotting. NOTE: Viollet lists roughly 30 by name, dated 1260-1330.	Maison
ingenieur	the layout engineer of a bastide	town-rural	[Maison] 'suivant l'indication des ingenieurs' - the term Viollet uses for the men who set out the plans.	Maison
lotissement egal	equal plot division	town-rural	[Maison] 'maisons avec ou sans allees couvertes, mais baties d'apres un lotissement egal.'	Maison
boel / longs boels	Norman rural plot, longer than wide	house-plan	[Maison] 'On assignait donc aux colons des boels, ordinairement plus longs que larges... A l'une des extremites du boel, chacun elevait sa chaumiere.' NOTE: Quoted from L. Delisle via du Cange; the ancestor of the village street.	Maison
chaumiere	cottage, thatched cottage	house-plan	[Maison]	Maison
gynecee	women's quarters	house-plan	[Maison] Still mentioned by Gregory of Tours; gone by the 12th c, when 'la famille se reunit autour du meme foyer'. NOTE: A dating rule for interior programme.	Maison
tenure a moitie / metayer	sharecropping tenure / sharecropper	town-rural	[Maison] Usual in Languedoc in the middle ages as still in Viollet's day; replaced in Normandy from the 13th c by the bail a terme (fixed-term lease). NOTE: Given as the economic cause of the differing quality and rate of change of rural houses.	Maison
maisons croisees	cross-marked houses	carpentry-member	[Maison] Built in cemeteries, free of all secular jurisdiction, refuges for pilgrims and the sick under the supervision of religious; 'Ces maisons se reconnaissaient a des croix de bois fichees sur leur comble.' NOTE: A discrete, instantly recognisable building type: put wooden crosses on the roof.	Maison
arc d'ogive / arc ogive	diagonal rib	vault-member	[Construction -- Voutes] The projecting stone rib on the diagonal of a vault cell. Viollet is emphatic that this, not the pointed arch, is the 'veritable nom' of the member. NOTE: CRITICAL FALSE FRIEND. In Viollet 'ogive' NEVER means 'pointed arch'; a pointed arch is 'tiers-point' or 'arc brise'. Mistranslating this wrecks every passage.	Construction -- Voutes
voute en arcs d'ogive	rib vault	vault-member	[Construction -- Voutes] A vault whose cells are carried by an independent armature of diagonal and transverse stone arches. NOTE: Viollet's technical term for the Gothic system proper, as opposed to a merely ribbed dome ('coupole nervee').	Construction -- Voutes
arc doubleau	transverse arch / transverse rib	vault-member	[Construction -- Voutes] The arch spanning across the bay, from pier to pier, at right angles to the axis.	Construction -- Voutes
arc doubleau de recoupement	intermediate transverse arch	vault-member	[Construction -- Voutes] The extra transverse arch that cuts a square (sexpartite) bay into two. NOTE: Its rise must equal the radius of the semicircular diagonal (fig. 55).	Construction -- Voutes
formeret	wall arch	vault-member	[Construction -- Voutes] The arch lying against the wall, bounding the cell on the wall side. NOTE: In the French method this is the member that COMMANDS the web course count.	Construction -- Voutes
nerf	nerve, projecting rib	vault-member	[Construction -- Voutes] Generic term for any rib standing proud of the vault surface. NOTE: Viollet uses it for Roman brick ribs buried in the mass as well as for Gothic ribs.	Construction -- Voutes
lierne	ridge rib	vault-member	[Construction -- Voutes] A rib run along the crown line of the vault, from the crown of one arch to the crown of another. NOTE: Viollet derives it functionally: it exists to receive and mask the overlapping ends of web courses.	Construction -- Voutes
tierceron	tierceron	vault-member	[Construction -- Voutes] An intermediate rib springing with the others but landing on a ridge rib rather than at the vault crown. NOTE: Viollet derives it functionally too: to stop near-flat web courses from sagging at mid-length.	Construction -- Voutes
remplissage	web, infill	vault-member	[Construction -- Voutes] The masonry filling a cell between the ribs. NOTE: In the Ile-de-France method it is thin rubble (moellon), 0.10-0.12 m thick.	Construction -- Voutes
voutain	cell, small vault	vault-member	[Construction -- Voutes] One triangular panel of web treated as an independent little vault. NOTE: Key to Viollet's doctrine: 'Chaque triangle de la voute francaise est une cellule independante se maintenant d'elle-meme.'	Construction -- Voutes
moellon (piquer, moellon pique)	rubble, roughly dressed small stone	material	[Construction -- Voutes] Small hand-laid stone; 'pique' = pick-dressed. NOTE: Web unit width 0.08-0.15 m; thickness 0.10-0.12 m.	Construction -- Voutes
claveau	voussoir	vault-member	[Construction -- Voutes] One of the wedge stones of an arch.	Construction -- Voutes
tas-de-charge	tas-de-charge, the bonded springing block	vault-member	[Construction -- Voutes] The stack of horizontally bedded courses at the springing, out of which the ribs progressively emerge. NOTE: 'c'est-a-dire presentassent de veritables assises a lits horizontaux, afin de resister a la pression'.	Construction -- Voutes
assise	course	tool-process	[Construction -- Voutes] A single horizontal layer of masonry.	Construction -- Voutes
banc (hauteur des bancs)	quarry bed / bed height	tool-process	[Construction -- Voutes] The natural bed thickness of the quarry stone, which fixes the course height. NOTE: 'Il s'agit de diviser la hauteur PQ en un certain nombre d'assises, suivant la hauteur des bancs.' - i.e. the material, not the design, sets the number of springer courses.	Construction -- Voutes
lit	bed, joint plane	vault-geometry	[Construction -- Voutes] The face on which a stone rests or which it presents. NOTE: 'lits horizontaux' = horizontal beds; 'lit inferieur/superieur' = lower/upper bed.	Construction -- Voutes
coupe normale a la courbe	joint normal to the curve, radial joint	vault-geometry	[Construction -- Voutes] A joint plane perpendicular to the arch curve, i.e. radial. NOTE: Used only ABOVE the tas-de-charge, once a rib has freed itself.	Construction -- Voutes
douelle	soffit face, intrados face of a voussoir or course	vault-geometry	[Construction -- Voutes] The concave visible face. NOTE: Each French web course has a lens-shaped douelle, wider at mid-length than at its ends.	Construction -- Voutes
intrados / extrados	intrados / extrados	vault-geometry	[Construction -- Voutes] Inner (concave) and outer (convex) surface of an arch or vault. NOTE: The web epure is set out on the EXTRADOS of the ribs, not the intrados.	Construction -- Voutes
clef	keystone; also the crown, the crown level	vault-member	[Construction -- Voutes] The stone at the crown; by extension the crown point and its level. NOTE: In this article 'clef' is used far more often as a LEVEL DATUM than as a structural member.	Construction -- Voutes
ligne des clefs / ligne faitiere	ridge line, crown line	vault-geometry	[Construction -- Voutes] The line joining the crowns of the arches bounding a cell.	Construction -- Voutes
clef pendante	pendant boss / pendant key	vault-member	[Construction -- Voutes] A keystone hanging below the ribs. NOTE: 16th-century; Viollet gives their setting-out by equal division of the lierne branches.	Construction -- Voutes
fleche	rise, versine	vault-geometry	[Construction -- Voutes] Height of an arch crown above its springing line; also the rise of a chord over an arc.	Construction -- Voutes
plein cintre	semicircular arch	vault-geometry	[Construction -- Voutes] An arch struck on a full semicircle.	Construction -- Voutes
tiers-point	two-centred pointed arch	vault-geometry	[Construction -- Voutes] An arch of two circular branches meeting in a point at the crown. NOTE: 'formes d'arcs de cercle brises a la clef'.	Construction -- Voutes
surbaisse	depressed, segmental	vault-geometry	[Construction -- Voutes] An arch flatter than a semicircle.	Construction -- Voutes
surhausse / surelever la naissance	stilted / to stilt the springing	vault-geometry	[Construction -- Voutes] To raise the springing of an arch on a vertical stretch before the curve begins. NOTE: The standard device for making unequal spans crown level.	Construction -- Voutes
rampant / voute rampante	ramping, sloping-crowned vault	vault-geometry	[Construction -- Voutes] A vault whose crown line is inclined rather than level. NOTE: Typical of aisle and gallery vaults where the outer arch is wider than the inner.	Construction -- Voutes
barlong	oblong, rectangular (bay)	vault-geometry	[Construction -- Voutes] A bay longer in one direction; here the rectangular bay that replaced the square bay around 1230.	Construction -- Voutes
travee	bay	vault-geometry	[Construction -- Voutes] One structural division of a building.	Construction -- Voutes
cerce	cerce, sliding curved template	tool-process	[Construction -- Voutes] Two grooved curved boards keyed together so they can be lengthened, hooked onto the ribs by iron squares, on which each web course is turned. NOTE: Boards about 0.04 m thick. THE tool that makes centreless web building possible.	Construction -- Voutes
cintre-planchette	light board template	tool-process	[Construction -- Voutes] A small board curve used instead of a proper centre.	Construction -- Voutes
decintrage	striking the centering	tool-process	[Construction -- Voutes] Removing the falsework.	Construction -- Voutes
epure	full-size setting-out drawing	tool-process	[Construction -- Voutes] The geometrical drawing from which templates are taken. NOTE: 'Cette epure ne se fait pas sur le chantier' - the web epure is a theoretical demonstration, not shop practice.	Construction -- Voutes
appareilleur	setter-out, stone-cutting draughtsman	tool-process	[Construction -- Voutes] The man who draws the epures and issues the templates.	Construction -- Voutes
appareil / appareille	coursed ashlar / built in dressed courses	tool-process	[Construction -- Voutes] Cut-stone masonry laid to courses.	Construction -- Voutes
epannele	roughed out, blocked out	tool-process	[Construction -- Voutes] A voussoir shaped to its bounding envelope but not yet moulded.	Construction -- Voutes
panneau	templet, pattern board	tool-process	[Construction -- Voutes] The template handed to the stonecutter. NOTE: Must allow for the distortion of the mouldings at each successive bed.	Construction -- Voutes
tailloir	abacus	vault-member	[Construction -- Voutes] The slab over a capital. NOTE: In Gothic practice its plan is DERIVED from the springer bed outline, not chosen; may be square-return or star-shaped.	Construction -- Voutes
corbeille	basket, bell of a capital	vault-member	[Construction -- Voutes] The body of the capital under the abacus. NOTE: The springer front is always set plumb with the upper square of the corbeille.	Construction -- Voutes
astragale	astragal	vault-member	[Construction -- Voutes] The ring moulding at the top of a shaft. NOTE: One astragal can carry three baskets on a bundled springing.	Construction -- Voutes
crossette	crossette, hooked/stepped voussoir	vault-member	[Construction -- Voutes] A voussoir with a stepped rebate. NOTE: Explicitly rejected: 'ne peuvent jamais etre bien posees et dont les lits ne sauraient etre exactement remplis de mortier'.	Construction -- Voutes
queue	tail (of a voussoir)	vault-member	[Construction -- Voutes] The embedded rear end of a voussoir. NOTE: 'ecornant, au besoin, les queues de ces arcs' - clipping the tails; 'affamer les queues' = to starve/undercut them.	Construction -- Voutes
gauche (surface gauche)	warped, skew surface	vault-geometry	[Construction -- Voutes] A doubly ruled non-developable surface. NOTE: Something Gothic setters-out worked hard to avoid; wedge-shaped abaci exist for this reason.	Construction -- Voutes
arc-boutant	flying buttress	vault-member	[Construction -- Voutes] The arch carrying thrust from the high vault out to an external buttress. NOTE: Viollet: 'il ne soutire pas cette action oblique' - it does not draw the thrust off, it only opposes its effects.	Construction -- Voutes
culee	abutment	vault-member	[Construction -- Voutes] The mass receiving the thrust of an arch or flyer.	Construction -- Voutes
contre-fort	buttress	vault-member	[Construction -- Voutes] The external pier reinforcing a wall.	Construction -- Voutes
pile / pilier	pier	vault-member	[Construction -- Voutes] Free-standing support.	Construction -- Voutes
colonne monocylindrique / monostyle	single cylindrical column	vault-member	[Construction -- Voutes] A plain round column, as opposed to a bundle of shafts. NOTE: Viollet claims naves on these deformed less than those on compound piers rising from the floor.	Construction -- Voutes
colonnette	shaft, small column	vault-member	[Construction -- Voutes]	Construction -- Voutes
courbe des pressions	line of pressures, thrust line	vault-geometry	[Construction -- Voutes] The locus of the points where the resultant crosses each bed. NOTE: Viollet's stated equilibrium condition: the curve must nowhere leave the intrados/extrados lines of the arch; its first element at the crown is horizontal for a semicircular arch.	Construction -- Voutes
poussee	thrust	vault-geometry	[Construction -- Voutes]	Construction -- Voutes
poussee au vide	thrust into a void	vault-geometry	[Construction -- Voutes] Thrust bearing where there is no abutment. NOTE: What the Chalons architect 'craignait' on a small-radius circular plan.	Construction -- Voutes
methode preventive	the preventive method	vault-geometry	[Construction -- Voutes] Viollet's own coinage: destroying thrust at its origin by opposing a weaker counter-thrust plus a vertical load, so the obliques resolve into a vertical. NOTE: Contrasted with the method of merely CONTAINING the effects.	Construction -- Voutes
tassement	settlement	vault-geometry	[Construction -- Voutes] Downward movement of masonry as mortar compresses. NOTE: Viollet builds an entire intentional reading of Chalons on anticipated settlement.	Construction -- Voutes
cale	wedge, packing piece	vault-member	[Construction -- Voutes] A stone wedge closing an angle between two members. NOTE: 'une simple cale a en pierre forme coin entre le tailloir et les claveaux'.	Construction -- Voutes
bague	annulet, banding ring	vault-member	[Construction -- Voutes] A ring tying an en-delit shaft back into the wall.	Construction -- Voutes
blocage	rubble filling, concrete infill	vault-member	[Construction -- Voutes] Light stone and mortar poured between ribs and cells. NOTE: The Roman method; also the Burgundian expedient.	Construction -- Voutes
carrelage	flat-brick shell	vault-member	[Construction -- Voutes] A thin vault of large flat bricks laid on sparse lagging, which becomes the permanent centering for the real vault. NOTE: The Roman economy trick, from the article Voute.	Construction -- Voutes
cul-de-four	semi-dome	vault-member	[Construction -- Voutes]	Construction -- Voutes
berceau	barrel vault	vault-member	[Construction -- Voutes] NOTE: 'berceau annulaire' = annular barrel over a curved ambulatory.	Construction -- Voutes
voute d'arete	groin vault	vault-member	[Construction -- Voutes] A vault of two intersecting barrels. NOTE: 'voute d'arete romaine' = the groin vault WITHOUT ribs, curved in all directions.	Construction -- Voutes
arete	groin, arris	vault-member	[Construction -- Voutes] The line where two vault surfaces meet. NOTE: 'arete creuse' / 'angle rentrant' = a hollow, re-entrant arris - the defect the ridge rib hides.	Construction -- Voutes
aretier	hip rib, arris shaft	vault-member	[Construction -- Voutes] The angle member of a polygonal chapel.	Construction -- Voutes
pendentif	pendentive	vault-member	[Construction -- Voutes]	Construction -- Voutes
coupole	dome	vault-member	[Construction -- Voutes] NOTE: Coursed in concentric rings; the ancestor of both the Aquitaine and the English web.	Construction -- Voutes
precinction	circuit, concentric ring of supports	vault-member	[Construction -- Voutes] One ring of the ambulatory. NOTE: 'les deux precinctions exterieures devaient alors comprendre un plus grand nombre de piles'.	Construction -- Voutes
collateral / bas-cote	aisle	vault-member	[Construction -- Voutes]	Construction -- Voutes
rond-point	hemicycle	vault-member	[Construction -- Voutes] The semicircular or polygonal end of an apse.	Construction -- Voutes
absidiole	apsidal chapel	vault-member	[Construction -- Voutes]	Construction -- Voutes
triforium	triforium	vault-member	[Construction -- Voutes]	Construction -- Voutes
dalle	slab, flagstone	vault-member	[Construction -- Voutes] NOTE: 16th-century vaults are slabs rebated onto rib voussoirs.	Construction -- Voutes
caisson	coffer	vault-member	[Construction -- Voutes]	Construction -- Voutes
feuillure	rebate	vault-member	[Construction -- Voutes] The groove in which a slab is seated.	Construction -- Voutes
hachette	mason's hatchet / axe	tool-process	[Construction -- Voutes] The only cutting tool the web mason needs, besides his cerce.	Construction -- Voutes
archivolte	archivolt, arcade arch	vault-member	[Construction -- Voutes] The moulded arch of an arcade.	Construction -- Voutes
tore	torus, roll moulding	vault-member	[Construction -- Voutes] NOTE: At Mouliherne the ogives are 'que des tores a section demi-circulaire'.	Construction -- Voutes
en fruit	battering, leaning inward	vault-geometry	[Construction -- Voutes] Out of plumb by design or by settlement.	Construction -- Voutes
pallatre / pallastre / palatre	lock back-plate	lock-ironwork	[Serrurerie] The beaten-iron or sheet backplate on which the lock mechanism is 'piquees, c'est-a-dire montees et rivees' (pricked, i.e. mounted and riveted). Viollet keeps the word MASCULINE against modern usage: 'Pallatre est aujourd'hui feminin, mais Jousse le fait masculin.' It is also the layer the red cloth sits on: 'Entre ces ornements de fer battu et le pallatre, est appose un morceau de drap rouge.'	Serrurerie
pele (= pene)	bolt	lock-ironwork	[Serrurerie] FALSE FRIEND: Viollet's spelling of pene = the sliding BOLT of a lock. Not 'peel' and not a plate. 'en d , le pele avec ses cramponnets et ses ressorts' (fig. 26). 'pele dormant' = dead bolt (fig. 30).	Serrurerie
gachette	the outside sliding bolt-slide worked by a knob	lock-ironwork	[Serrurerie] FALSE FRIEND: NOT a modern trigger and NOT a tumbler. It is the slide visible on the outside of the lock, moved by the bouton. Housed under a gaine or coque (fig. 25 section ab).	Serrurerie
gache	keeper, staple in the frame	lock-ironwork	[Serrurerie] The socket in the door frame that the bolt shoots into. Lettered G on fig. 23 and g on fig. 34.	Serrurerie
bosse	the hammered-up raised lock case	lock-ironwork	[Serrurerie] The domed/raised case over the mechanism, held to the pallatre by the estoquiaux. 'serrure a bosse et a pele dormant' (fig. 30).	Serrurerie
cramponnet	small hook that the key lowers to BLOCK the bolt	lock-ironwork	[Serrurerie] A stop, not a spring - distinguish it from the ressorts it works against. 'en d , le pele avec ses cramponnets et ses ressorts.'	Serrurerie
estoquiaux	rivets / stays fixing the bosse to the pallatre	lock-ironwork	[Serrurerie] 'en c , les estoquiaux qui servent a maintenir la bosse de la serrure sur le pallatre.'	Serrurerie
fouets	key-guide wards riveted to the plate	lock-ironwork	[Serrurerie] 'en b , l'entree du panneton avec ses fouets piques sur le pallatre.'	Serrurerie
panneton	key bit	lock-ironwork	[Serrurerie] The projecting web of the key that turns in the lock.	Serrurerie
loquet a fleau	swinging-beam latch	lock-ironwork	[Serrurerie] The latch of a serrure a clenche, pivoting on a tourillon: 'Le mecanisme que donne notre figure se compose d'un loquet a fleau A monte sur un tourillon a.' (fig. 27, Lalinde, late 14th c.)	Serrurerie
tourillon	pivot pin, gudgeon	lock-ironwork	[Serrurerie] The pin the fleau of a latch swings on.	Serrurerie
rateau	rake (the toothed bar the key drives)	lock-ironwork	[Serrurerie] Lettered h on fig. 27, pivoting on axis s; its tail bears on the latch at i.	Serrurerie
poucoir	thumb-piece	lock-ironwork	[Serrurerie] The external lever pressed with the thumb to lift a latch.	Serrurerie
mentonnet	latch catch	lock-ironwork	[Serrurerie] The hooked catch the latch drops into.	Serrurerie
clenche	latch	lock-ironwork	[Serrurerie] 'serrure a clenche ou loquet' - a latch-lock. Viollet: 'Des le XVe siecle, on trouve deja des serrures dites a clenche ou loquet', yet he dates fig. 27 to the end of the 14th c.	Serrurerie
treffiere	openable from ONE side only	lock-ironwork	[Serrurerie] A lock that can be worked from a single face of the door.	Serrurerie
benarde	having TWO keyholes (workable from both sides)	lock-ironwork	[Serrurerie] The Angers lock of fig. 26 is benarde: 'est a deux entrees'.	Serrurerie
embase	reinforced base / collar of a lock	lock-ironwork	[Serrurerie] 'Un morceau de drap rouge garnit egalement le fond sous le feuillage de l'embase de la serrure precedente (fig. 30).'	Serrurerie
decoupures	the pierced openwork cut-outs	lock-ironwork	[Serrurerie] The cut sheet ornament. Load-bearing detail for a generator: the SAME rivets that fix the cut-outs also retain the cloth ground - 'un morceau de drap rouge maintenu par les rivets qui retiennent les decoupures.'	Serrurerie
drap rouge	red woollen broadcloth ground	material	[Serrurerie] A separate LAYER sandwiched between the openwork sheet and the backplate on French lockwork and pull-rings, attested three times (figs 25, 30, 31). Assembly order: pallatre -> cloth -> pierced fer battu -> rivets through all three. NOTE: Viollet is SILENT on tinning - zero occurrences of etame/etamer/etamage/etain/fer-blanc/blanchi/argent in 135,681 characters - so he neither confirms nor contradicts Gardner's 'brightly tinned' finish.	Serrurerie
marouflage / maroufler	gluing of skin, cloth or felt onto a door leaf	lock-ironwork	[Serrurerie] 'Ces ferrures sont posees sur des peaux marouflees sur le bois et peintes en rouge vif' (Ebreuil, early 12th c) and '...ou une peau, ou un feutre maroufle sur le vantail. D'ailleurs il en etait de meme pour la plupart des pentures, et l'on trouve encore les traces de ces marouflages.' Viollet asserts SURVIVING PHYSICAL TRACES, so this is evidence, and he generalises it to MOST hinge straps - a stronger claim than Gardner's.	Serrurerie
fer battu	beaten (hammered) sheet iron	material	[Serrurerie] The medieval term, as against tole (modern rolled sheet), and Viollet flags tole as OUR anachronism: 'des fers battus employes comme ornements, et que nous appellerions aujourd'hui de la tole repoussee'.	Serrurerie
corroyage	faggoting / piling of the bloom by repeated welding	tool-process	[Serrurerie] How medieval bar and plate were actually made, in the absence of rolls: 'autrefois le fer n'arrivait que peu a peu, et par un corroyage repete, de l'etat de lopin a celui de barreau ou de plaque.'	Serrurerie
etampe / etamper	hardened-iron swage or sinking die / to swage	tool-process	[Serrurerie] CRITICAL FALSE FRIEND - etampe is NOT etamer (to tin). Viollet defines it himself: 'C'est une matrice de fer trempe, un coin auquel on a donne en creux la forme de l'objet a etamper.' Reading an etampe passage as a tinned finish converts a hot-forging operation into a surface coating.	Serrurerie
martinet	water-driven tilt hammer	tool-process	[Serrurerie] The hammer under which the bloom was worked: 'lopins de fonte a peine corroyee au martinet'.	Serrurerie
lopin	bloom (the raw iron mass)	material	[Serrurerie] The starting stock, worked up by corroyage.	Serrurerie
laminage / laminoir / laminer	rolling / rolling mill / to roll	tool-process	[Serrurerie] FALSE FRIEND: this is ROLLING, not English 'laminated' (plied/layered). Viollet uses these words ONLY of modern industry and only to DENY them to the Middle Ages, three separate times. Gardner agrees. Any rendering of medieval French ironwork as 'laminated sheet' inverts the technical sense - what is attested is corroyage plus bands built up from parallel bars soldered only at their ends.	Serrurerie
embrasse	strap staple (for a bolt or bar)	lock-ironwork	[Serrurerie] Lettered B B on fig. 23 and a on fig. 34.	Serrurerie
auberon / auberonniere	hasp staple / its slot	lock-ironwork	[Serrurerie] The staple a hasp drops over, and the slot in it.	Serrurerie
moraillon	hasp	lock-ironwork	[Serrurerie] The hinged plate that drops over the auberon. Lettered e on fig. 34.	Serrurerie
vertevelle	hasp staple / turning catch	lock-ironwork	[Serrurerie] Fig. 32.	Serrurerie
verrou a cremaillere	rack bolt	lock-ironwork	[Serrurerie] Geared bolt for great gate leaves 'd'une hauteur de 4 a 5 metres', worked by a levier a engrenage c on axe d (fig. 34).	Serrurerie
penture	hinge strap	lock-ironwork	[Serrurerie] The long decorated strap across a door leaf. Built up from parallel bars: 'la bande ou le corps de la penture se compose, pour le collet, de quatre barres ; pour le premier membre, de trois barres... Ces barres, paralleles et jointives, ne sont soudees entre elles qu'a leurs extremites' (figs 12-13).	Serrurerie
brindille	applied twig-shaped rod	lock-ironwork	[Serrurerie] A slender applied rod imitating a twig in beaten-iron foliage.	Serrurerie
rouge sombre / rouge cerise / rouge blanc	dull red / cherry red / white heat	tool-process	[Serrurerie] Viollet's forging-temperature scale. 'chauffer au rouge blanc' = heat to WHITE HEAT for fire-welding - it does NOT describe a white or tinned surface.	Serrurerie
penture	strap-hinge (the door-leaf half)	hinge part	Viollet's own definition: "des bandes de fer clouees et boulonnees aux vantaux des portes, munies d'un oeil entrant dans un gond, destinees a suspendre ces vantaux et a permettre de les faire pivoter facilement sur ces gonds" - iron bands nailed and bolted to the door leaves, fitted with an EYE that goes over a PINTLE, to hang the leaf and let it pivot. NOTE: the penture is the whole strap including its eye; it is NOT the pintle.	Serrurerie
gond	pintle / hook-pin fixed in the jamb	pivot hardware	The male pivot sealed into stone or wood of the jamb. Its projecting nose is the mamelon; behind that a square renfort (shoulder) carries the load; f in fig. 1 is the scellement (the bedding/leading-in of the gond into the masonry).	Serrurerie
mamelon du gond	the nose/nipple of the pintle	pivot hardware	Jousse: "le bout qui sort dehors la pierre ou bois" - the end that projects out of the stone or wood; the penture's eye is rolled to this diameter.	Serrurerie
oeil	eye (rolled knuckle at the strap's inner end)	hinge part	b in fig. 1. Made by rolling the end of the flat bar round, to the diameter of the gond's mamelon, then welding the roll shut: "se replie en rond, de la grosseur du mamelon du gond ... qui sera soude si on veut, et arrondi en facon que le gond tourne aisement dedans".	Serrurerie
collet	collar / neck - the thickened root of the strap next to the eye	hinge part	c in fig. 1. The heaviest, most difficult part to forge; at Notre-Dame it is built up of FOUR parallel bars. Branches and the securing crampon attach at or behind its renflement (swelling).	Serrurerie
crampon d'attache	staple/clamp fixing	fixing	d in fig. 1; d' in section B. A staple passing OVER the collet behind its swelling, through the whole thickness of the door, riveted on the far side (double rivure at e). This is the primary structural fixing, not the nails.	Serrurerie
fausse penture	false penture / dummy strap (a decorative-structural band that carries no pivot)	hinge part	A band independent of the hinge proper, without eye or gond, whose job is to tie all the door's boards together: "une bande independante de la penture, et appelee fausse penture, rend toutes les frises du vantail solidaires".	Serrurerie
frises	the vertical boards/planks of the door leaf	carpentry	The planks the ironwork clamps together. Straps 'give the nose' (donner du nez) i.e. sag, under the weight of the frises if unbraced.	Serrurerie
donner du nez	to 'give the nose' - to droop/sag at the free end	failure mode	Viollet's own gloss: "c'est-a-dire de flechir sous le poids des frises" - to bend under the weight of the boards. The multiplied branches exist to prevent this.	Serrurerie
bande flamande	Flemish band - a strap that wraps BOTH faces of the door	hinge type	Jousse: two bars welded together, rolled as one to form the eye, then opened apart by the door's thickness and bent square so they grip both faces, "principallement du coste de dehors". Jousse rates them better than plain straps because they take both sides of the door.	Serrurerie
vantail / vantaux	door leaf / leaves	carpentry	The swinging panel.	Serrurerie
feuillure du jambage	rebate of the jamb	masonry	Line ops in fig. 1. The leaf's edge is often notched (entaille) to reach the back of the rebate, which forces the eye of the penture to be offset (detourne, m in detail C).	Serrurerie
affamer le bois / affame le fer	to starve the wood / to starve the iron	failure mode	To weaken by removing too much material. The offset eye is made narrower than the strap "pour ne pas trop affamer le bois"; and holes in bands "affame le fer et provoque souvent des brisures" - starve the iron and often cause fractures. This is why nail-eyes are made as scrolled volutes rather than drilled holes.	Serrurerie
rondelle	washer	pivot hardware	g in fig. 1: a washer interposed between the gond's square shoulder (renfort carre h) and the eye - i.e. the bearing/wear surface.	Serrurerie
doublure / nerf	lining plate / rib (stiffener welded to the main band)	structure	A second bar laid on the band and welded only AT INTERVALS via embrasses, leaving the two irons free between - deliberately, to keep elasticity and gain stiffness without weight.	Serrurerie
embrasse / embrassure	clasp band, collar-strap (welded-on ring or wrap over a joint)	structure	The strap-clasp that both joins bundled bars and hides the weld beneath. Structural AND ornamental.	Serrurerie
etampe	swage/die (a hardened iron matrix)	tool	Viollet defines it: "une matrice de fer trempe, un coin auquel on a donne en creux la forme de l'objet a estamper" - a hardened iron matrix, a wedge sunk with the intaglio form of the object. All the folioles and buttons of a bouquet were struck in etampes. NOTE false friend: etamper = to swage/stamp; etamer = to tin.	Serrurerie
brindille	twig (the smallest forged sprig)	ornament unit	Unit of the vegetal hierarchy: brindille -> bouquet -> branche secondaire -> branche principale -> bande.	Serrurerie
bouquet	bunch/spray (a welded cluster of brindilles)	ornament unit	Assembled off the work, then welded to a branch.	Serrurerie
foliole	leaflet	ornament unit	Struck in an etampe; welded over a joint; its weld boss is then swaged into a rosette (O) or an embase (P).	Serrurerie
embase	base/socket collar	ornament unit	A collar at the springing of a branch, widened to make the weld easier.	Serrurerie
renfort	reinforcement, upset thickening	structure	Obtained by refouler (upsetting) the iron - driving it back on itself to gather mass - then splitting and shaping it.	Serrurerie
refouler le fer	to upset the iron (drive it back on itself to gather metal)	technique	The manoeuvre that creates a renfort or the two souches of branches out of the parent bar: "il faut refouler le fer de maniere a en faire sortir les deux souches des branches".	Serrurerie
souche	stump/stub (the root a branch springs from)	structure	Raised out of the parent bar by upsetting, so the branch is welded stub-to-stub rather than onto a flat.	Serrurerie
refendre	to slit/split hot along the edge	technique	Slitting languettes (tongues) along the edges of a flat bar hot, then curling each into a volute - an ornament made WITHOUT any weld.	Serrurerie
languette	tongue (a slit-out strip)	technique	a in fig. 5, slit along the bar's edges then galbe'd into volutes a'.	Serrurerie
galber	to give a swelling profile / to curve to a contour	technique	Shaping the slit tongues into volutes.	Serrurerie
burin	cold chisel / graver	tool	Used INSTEAD of the file, which Viollet says did not exist for this work: angles were "eleges au burin, sans le secours de la lime, qui n'etait pas employee a cette epoque". Chisel cuts struck as the iron cooled to dark red both consolidate the weld and disguise hammer irregularities - they read as engraving.	Serrurerie
eleger	to lighten / cut away surplus	technique	Chisel-cutting away the metal that spread sideways under the hammer.	Serrurerie
greifier	greifier - the guild trade that made door furniture (pentures)	guild	Per Etienne Boileau's regulations: greifiers = "faiseurs de fermetures de portes (pentures)", distinct from grossiers (taillandiers, edge-tool makers) and serruriers (lock makers). No trade body existed for grosse serrurerie of building.	Serrurerie
rouge cerise / rouge blanc / rouge sombre	cherry red / white heat / dark red	technique	The differential-heat rule for welding one piece onto another: lower piece at cherry red, upper piece at white heat; hammer light blows first, harder as it cools. If both are at white heat "on risquerait, au premier coup de marteau, de ne plus rien trouver sur l'enclume" - one risks finding nothing left on the anvil.	Serrurerie
carton	full-size cartoon/pattern drawing	workshop method	First operation: draw the penture full size, "grandeur d'execution", as pattern for forging and swaging. Traced on a stone or a plaster slab; the work is laid back onto the pattern after every weld to check curves and lengths.	Serrurerie
jarreter	to break the line of a curve (a curve that 'kinks')	quality criterion	The defect to avoid when joining branches: obtaining "des courbes qui se suivent regulierement sans jarreter".	Serrurerie
martinet	water-powered tilt hammer	industry	"Un martinet mu par un cours d'eau composait tout le materiel d'une usine" - a water-driven tilt hammer was the whole plant of a works.	Serrurerie
lopin	bloom/billet of iron	material	Iron came as forged lopins of middling weight; smiths converted them by arm-power into bars, sheet, and small stock.	Serrurerie
corroyage	repeated working/fagoting of the iron	material	Viollet's claim for medieval iron quality: it reached bar only by repeated corroyage, not by one pass through rolls.	Serrurerie
pallâtre	lock face plate	lock-ironwork	The plate carrying the lock; the keyhole (entrée) is pierced in it above the bolt. Filets riveted on it both reinforce it and guide the key in the dark.	Serrurerie
pêle / pesle	lock bolt	lock-ironwork	The sliding bolt. Fig 24 distinguishes the pêle intérieur p from the pêle extérieur P′, joined by two strong rivets running in a coulisse through the pallâtre.	Serrurerie
gâchette	sliding latch / outer bolt	lock-ironwork	The externally visible sliding member; can be left free to work like a verrou when the cramponnet is raised.	Serrurerie
cramponnet	locking catch / dog	lock-ironwork	The catch that a turn of the key lowers to block the bolt, or raises to free it. The actual locking element in a serrure à bosse.	Serrurerie
gâche	strike / keeper	lock-ironwork	Receives the end of the bolt when the door shuts.	Serrurerie
entrée	keyhole	lock-ironwork	Pierced in the pallâtre above the bolt; these locks generally have only one.	Serrurerie
serrure à bosse	boss lock	lock-ironwork	The earliest known type, not before the 12th c: box raised with the hammer, bevelled edges, set on a pallâtre, boss outside the leaf and bolt inside.	Serrurerie
embrasse	strap / staple	lock-ironwork	Riveted retainer holding the bolt to the plate; fig 23 has two.	Serrurerie
torsade	twisted-rope moulding	lock-ironwork	Baguette used to reinforce the edges of a pallâtre.	Serrurerie
langue-de-carpe	carp-tongue	joint	Lateral tongue used to hold small beaten leaves to a loop.	Serrurerie
grain d'orge	barley-grain	joint	The seating in which a langue-de-carpe is taken.	Serrurerie
soudure au marteau	fire welding / hammer weld	tool-process	The dominant joint in pentures, with scarfed ends; Viollet's astonishment is that iron behaved 'like wax or lead' under the heat.	Serrurerie
doublure	doubling plate	carpentry-member	A second bar laid on the hinge band; Viollet's lamination is STRUCTURAL, in the band, welded only at intervals and left free between for stiffness plus elasticity plus lightness.	Serrurerie
giron	going / tread width of a step	stair-member	CORRECTED. Viollet's own article Giron: «Est la largeur d'une marche d'escalier. Le giron est dit DROIT lorsque la marche est d'une égale largeur dans toute sa longueur; TRIANGULAIRE lorsque la marche est renfermée dans une cage circulaire. Alors ON MESURE LE GIRON DE LA MARCHE AU MILIEU DE SA LONGUEUR.» So a winder's giron is measured at the MIDDLE of the step's length, i.e. essentially the modern walking line - NOT at the wide/outer end. Supersedes the cycle-17 gloss.	Giron
giron droit	straight going	stair-member	A step of equal width along its whole length (straight flight).	Giron
giron triangulaire	triangular going / winder	stair-member	A step enclosed in a circular cage; its giron is measured at mid-length.	Giron
noyau	newel	stair-member	Viollet's own article: «Cylindre de pierre ou de bois montant de fond, formant l'axe d'un escalier à vis. Les noyaux sont PLEINS OU ÉVIDÉS, TENANT AUX MARCHES OU INDÉPENDANTS, et dans ce dernier cas portant celles-ci au moyen d'un EMBRÈVEMENT ou d'un REPOS.» A 2x2 parameter matrix plus two named bearing methods.	Noyau
embrèvement	housing / rebate	joint	One of the two ways an independent newel carries its steps.	Noyau
repos	rest / ledge	joint	The other way an independent newel carries its steps.	Noyau
limon	string (timber)	stair-member	Viollet's own article: a raking TIMBER piece carrying the steps at the end opposite the wall. HARD NEGATIVE RULE: «Les limons de pierre n'étaient PAS employés dans l'architecture du moyen âge» - stone strings were not used; instead the step revolutions in square or oblong-plan stairs were carried ON ARCHES, «beaucoup plus solide que le système de limons appareillés».	Limon
mur d'échiffre	echiffre wall	stair-member	Viollet's own article: the wall on which the steps bear, when that wall does not rise above the stepped levels of the flight.	Échiffre
boudin	roll moulding used as handrail	stair-member	In the newel-less vis the steps each carry a boudin at their INNER end to serve as a main-courante - the handrail is the step's own moulded end.	Escalier
délardée (marche)	backed off / dressed to a helical soffit	tool-process	One of three soffit treatments for vis steps.	Escalier
chandelle de pierre	stone prop / candle	stair-member	At Reims the B stones relieving the step bearings; Viollet states they are only «une suite d'étançons formant clôture à jour» - props forming an open screen, not structure.	Escalier
en délit	set on edge / against the bed	tool-process	Stones bedded against their natural bed, used at Reims to relieve the outer step ends.	Escalier
enceinte	enceinte, defensive circuit	enceinte	The continuous ring of wall and towers round a town or castle. Carcassonne has two concentric ones, with the lices between.	Architecture militaire
courtine	curtain wall	enceinte	The stretch of wall between two towers. Averages 2-3 m thick before gunpowder; its walk is at most 2 m wide.	Architecture militaire
chemin de ronde	wall walk, rampart walk	enceinte	The walk along the head of a curtain or round a tower, behind the parapet. Deliberately interrupted at towers so a captured stretch does not give the rest.	Tour
coursiere	timber back-walk behind a stone machicolation parapet	enceinte	Boarded gangway built behind the machicolation wall so men can move and be resupplied without crowding the shooters.	Architecture militaire
parapet	parapet	enceinte	Wall on the outer edge of the walk; 0.50-0.70 m thick, pierced with closely set archeres.	Architecture militaire
creneau	crenel, embrasure	crenellation	The gap in a crenellated parapet. Fitted with hinged timber shutters (portieres) raised on a ratchet.	Architecture militaire
merlon	merlon	crenellation	The solid block between crenels. Shattered dangerously by iron round shot, which is one reason the crenellated stone crown was abandoned.	Architecture militaire
crenelage	crenellation, the crenellated crown as a whole	crenellation	Collective term for the crenel-and-merlon system of a tower or curtain.	Tour
portiere	crenel shutter	crenellation	Timber shutter on a horizontal axle closing a crenel, raised by a cremaillere (ratchet) to whatever angle the shooter wants.	Architecture militaire
mantelet	mantlet	crenellation	Shutter or portable shield; at Carcassonne the Visigothic crenels have corbels cut to take mantlet pivots.	Tour
archere	arrow loop	loophole	Shooting slit. External slit about 0.10 m, internal embrasure 1-1.50 m.	Architecture militaire
arbalestriere	crossbow loop	loophole	Loop shaped for a crossbow; used interchangeably with archere in this work.	Architecture militaire
meurtriere	loophole, murder-hole slit	loophole	General term for a defensive slit. Viollet judges them better for observation, light and air than for real defence, because the angle out is too acute.	Architecture militaire
hourd	hoarding, brattice	timber defence	Timber gallery corbelled out from the wall head in wartime only, with a floor slotted for vertical dropping. Left the stone parapet standing behind it.	Architecture militaire
hourdage	hoarding work, the timber system as built	timber defence	The assembled hoarding, posts, floor and roof; at the Narbonnaise a double hourdage was set in front of the main machicolation.	Porte
bretache	bretache, timber projecting box-gallery	timber defence	Small timber machicolated box thrown out over a threatened point. Glossed by Du Cange as castella lignea.	Architecture militaire
machicoulis	machicolation	stone defence	Stone gallery on corbels with vertical drop-slots. Replaced hourds once incendiary attack made timber untenable.	Architecture militaire
corbeau	corbel	stone defence	Stone bracket; stacked in courses to carry a machicolation, spaced 0.70-1.20 m axis to axis.	Architecture militaire
assommoir	murder-hole over a gate passage	gate defence	Opening in the vault of a gate passage for dropping stones and fire on anyone trapped below.	Porte
echauguette	bartizan, corner turret	tower	Small corbelled angle turret; at Saint-Nazaire the echauguettes flank the hourds and are themselves flanked by the hourds' side loops.	Tour
guette	watch turret, lookout	tower	Look-out turret rising above the roof; at Pierrefonds its open-newel stair doubles as a speaking tube down to the wall walk.	Tour
tour	tower	tower	Work projecting from the curtain, square or round, giving flanking fire. Round after the 12th century because rams break the angles of square ones.	Tour
tour du coin	corner tower	tower	Angle tower; built on a larger circle than the others because a salient is the easiest point to attack.	Architecture militaire
bec / eperon	spur, beak on a round tower	tower	Pointed spur added to a round tower at the tangent point, forcing the attacker off the dead line and killing the ram's purchase.	Porte
gorge	gorge, rear opening of a work	tower	The rear of a tower or outwork. 'Ouvert a la gorge' means open behind, so it cannot be held against the place if captured.	Tour
talus	batter, sloping base	tower	The splayed base of a wall or tower. Towers solid through the height of the talus cannot be mined, and dropped stones ricochet off it into the attackers.	Tour
fruit	batter, inward inclination of a face	masonry	Built with an inward lean; the Vincennes towers are 'baties en fruit par assises de gres dur'.	Tour
bossage	boss, rusticated face	masonry	Rough-left projecting face on ashlar; used at Vincennes low down and near the top.	Tour
appareil	coursed ashlar, the stone-cutting	masonry	The dressed stonework. Pierrefonds keeps a uniform 0.33 m (one pied) course throughout.	Donjon
assise	course	masonry	Horizontal layer of masonry; a strong dating and quality signal in this work.	Donjon
blocage	rubble core, concreted fill	masonry	Flint or rubble set in mortar between two dressed facings; the Roman method, kept at Arques.	Donjon
fosse	ditch, moat	outwork	Dry or wet ditch; 15 m by 7 m at Salses, about 20 m wide at Cadillac, 12 m at Villeneuve-sur-Yonne.	Tour
escarpe	scarp, inner face of the ditch	outwork	The defender's side of the ditch.	Tour
contrescarpe	counterscarp, outer face of the ditch	outwork	The attacker's side of the ditch; the breaching batteries are pushed as close to it as possible.	Porte
glacis	glacis	outwork	The open swept slope beyond the counterscarp; the outer tower loops are set to graze it.	Tour
lices	lists, the ward between two enceintes	outwork	The road between outer and inner enceinte. Palisaded off in sections so it cannot be run along; only the night patrols pass the barriers.	Porte
barbacane	barbican	outwork	Advanced work covering a gate, allowing sorties and covered retreats. Timber and earth until the 13th century, then masonry, always open at the gorge.	Porte
boulevard	boulevard, low artillery outwork	outwork	Late-medieval broad low work, usually before a gate, built to carry and to resist guns.	Porte
chatelet	gatehouse fort, chatelet	outwork	Detached fortified block covering a gate, as at the porte Saint-Lazare of Avignon.	Porte
bastille	bastille, detached fort astride a road	outwork	A gate or bridge work turned into an independent fort; also the besieger's field fort.	Architecture militaire
braie / fausse braie	braie, fausse braie	outwork	Low outer wall in front of the main rampart, later flanked and used for grazing fire; the artillery-age replacement of the lices.	Architecture militaire
caponniere	caponier	outwork	Covered passage across or along a ditch, loopholed for musketry; used at Salses to link the detached flanking towers to the curtain casemates.	Tour
moineau	moineau, low ditch work	outwork	Small low salient work in the ditch bottom for arquebusiers or crossbowmen.	Tour
cavalier	cavalier	outwork	Raised gun platform behind a curtain or on a bastion, giving a second tier of fire.	Architecture militaire
orillon	orillon	outwork	Rounded shoulder masking a bastion flank.	Architecture militaire
ravelin	ravelin	outwork	Detached triangular work before a curtain.	Architecture militaire
tenaille	tenaille	outwork	Low work in the ditch before a curtain.	Architecture militaire
gabion	gabion	field work	Earth-filled wicker cylinder used to raise emergency parapets.	Architecture militaire
clayonnage	wattling	field work	Woven brushwood layered with earth to build a field rampart.	Architecture militaire
palis / palissade	palisade	field work	Stake fence; doubled rows a pike-length apart with the ditch spoil packed between.	Architecture militaire
motte	motte, artificial mound	site	Natural or made mound carrying an isolated tower; Viollet traces the type back to late Roman frontier posts.	Tour
chemise	chemise, mantle wall round a donjon	donjon	Low wall enclosing the base of a donjon, with its own ditch; at Coucy the gap is 8 m wide and paved.	Donjon
mur de refend	spine wall, internal cross wall	donjon	Internal dividing wall in a rectangular donjon, common in the Norman type.	Donjon
porte	gate, doorway	gate	Any opening at ground level. The article splits fortified gates, donjon and postern doors, abbey, church and house doors.	Porte
poterne	postern	gate	Small secondary door, usually raised above outside ground and reached by ladder or a single-arm drawbridge.	Porte
poterne de ravitaillement	supply postern	gate	Raised postern served by an inclined plane and cable winch so the place can be provisioned without opening the main gate.	Porte
herse	portcullis	gate gear	Grille dropping in a slot; usually doubled, with the two winches deliberately separated to make treachery harder.	Porte
coulisse	portcullis slot, groove	gate gear	The vertical channel a portcullis runs in.	Porte
treuil	winch, windlass	gate gear	Drum with cranks working the portcullis or drawbridge chains against counterweights.	Porte
contre-poids	counterweight	gate gear	Weight balancing a portcullis or bridge so two men can work it.	Porte
vantail (pl. vantaux)	leaf of a door	gate gear	Timber door leaf; usually ironbound and barred, and usually doubled behind the portcullis.	Porte
feuillure	rebate	gate gear	The rebate in the jamb that a leaf or a raised bridge deck closes into.	Porte
pont-levis	drawbridge (arm and chain type)	gate gear	Deck pivoting on trunnions, raised by chains from two counterweighted arms that swing back into grooves in the face.	Porte
pont a bascule	tilting bridge, turning bridge	gate gear	Bridge pivoting about a mid axle, the tail dropping into a pit; used at the Coucy donjon door with a hinged ladder flap in the deck.	Porte
pont volant	flying bridge, removable bridge	gate gear	Light bridge that can be lifted away entirely.	Porte
tablier	bridge deck	gate gear	The planked deck of a bridge.	Porte
longrine	bearer, longitudinal beam	gate gear	Timber carrying the fixed deck, seated on stone corbels so it can be struck away.	Porte
chevalet	trestle	gate gear	Raking timber trestle carrying a fixed bridge span; dropped by knocking out its keys.	Porte
rainure	groove, chase	gate gear	The recess in the wall face that a drawbridge arm swings into.	Porte
barriere	barrier, gated fence	gate	Timber barrier across an approach or across the lices.	Architecture militaire
tape-cul	tape-cul, counterweighted swing barrier	gate	Pivoting counterweighted pole barrier.	Architecture militaire
sape	sapping, undermining by hand	attack	Working away the wall foot under cover; the main pre-gunpowder breaching method, answered by the talus and by solid tower bases.	Architecture militaire
mine	mine, gallery under a wall	attack	Tunnel driven under a tower, the roof shored with timber and then fired to collapse it.	Porte
beffroi	belfry, siege tower	attack	Rolling timber tower built taller than the wall; useless until the defenders' hourds are burnt or broken.	Architecture militaire
chat / gate	cat, covered ram-gallery	attack	Timber gallery hide-covered, pushed to the wall foot to protect the ram and the sappers.	Architecture militaire
mouton / bosson	ram	attack	The battering ram; still in evidence in French manuscripts through the 15th century.	Architecture militaire
engin	engine, counterweight artillery	attack	Trebuchet-class machine; accurate and terrible to 150-200 m by his account.	Tour
perriere / mangonneau	petrary, mangonel	attack	Stone-throwing engines mounted on the tower platforms.	Porte
bouche a feu	gun, piece of ordnance	attack	Gunpowder artillery; from the mid 14th century it slowly overturns the whole system.	Architecture militaire
bombarde	bombard	attack	Large gun throwing a stone ball on a high trajectory; poor at breaching thick, well-built masonry.	Porte
veuglaire / coulevrine / basilic	veuglaire, culverin, basilisk	attack	Late 14th and 15th century pieces, mounted on outworks rather than on the old towers.	Tour
carreau / vireton / sagette	quarrel, bolt, arrow	attack	Missiles shot through the archeres and from the hoardings.	Architecture militaire
contre-vallation	contravallation	attack	Besieger's line facing the place; also used by the defenders as an outer stockaded line.	Architecture militaire
boyau de tranchee	sap, approach trench	attack	Zig-zag trench pushing the batteries towards the counterscarp; Viollet credits the Bureau brothers with the first judicious use.	Architecture militaire
